[2025-02-05 16:06:54] production.ERROR: SQLSTATE[42S22]: Column not found: 1054 Unknown column 'pictures.image' in 'field list' (SQL: select `outdoors`.`id`, `outdoors`.`estado`, `outdoors`.`comentario`, `outdoors`.`evidence`, `pictures`.`image` as `imagen`, `challenges`.`name`, `challenges`.`description` as `descrip` from `outdoors` inner join `challenges` on `outdoors`.`id_challenge` = `challenges`.`id` where `outdoors`.`id` = 989) {"userId":671,"exception":"[object] (Illuminate\\Database\\QueryException(code: 42S22): SQLSTATE[42S22]: Column not found: 1054 Unknown column 'pictures.image' in 'field list' (SQL: select `outdoors`.`id`, `outdoors`.`estado`, `outdoors`.`comentario`, `outdoors`.`evidence`, `pictures`.`image` as `imagen`, `challenges`.`name`, `challenges`.`description` as `descrip` from `outdoors` inner join `challenges` on `outdoors`.`id_challenge` = `challenges`.`id` where `outdoors`.`id` = 989) at C:\\xampp\\htdocs\\evolucion2024\\vendor\\laravel\\framework\\src\\Illuminate\\Database\\Connection.php:760)
[stacktrace]
#0 C:\\xampp\\htdocs\\evolucion2024\\vendor\\laravel\\framework\\src\\Illuminate\\Database\\Connection.php(720): Illuminate\\Database\\Connection->runQueryCallback('select `outdoor...', Array, Object(Closure))
#1 C:\\xampp\\htdocs\\evolucion2024\\vendor\\laravel\\framework\\src\\Illuminate\\Database\\Connection.php(422): Illuminate\\Database\\Connection->run('select `outdoor...', Array, Object(Closure))
#2 C:\\xampp\\htdocs\\evolucion2024\\vendor\\laravel\\framework\\src\\Illuminate\\Database\\Query\\Builder.php(2706): Illuminate\\Database\\Connection->select('select `outdoor...', Array, true)
#3 C:\\xampp\\htdocs\\evolucion2024\\vendor\\laravel\\framework\\src\\Illuminate\\Database\\Query\\Builder.php(2694): Illuminate\\Database\\Query\\Builder->runSelect()
#4 C:\\xampp\\htdocs\\evolucion2024\\vendor\\laravel\\framework\\src\\Illuminate\\Database\\Query\\Builder.php(3230): Illuminate\\Database\\Query\\Builder->Illuminate\\Database\\Query\\{closure}()
#5 C:\\xampp\\htdocs\\evolucion2024\\vendor\\laravel\\framework\\src\\Illuminate\\Database\\Query\\Builder.php(2695): Illuminate\\Database\\Query\\Builder->onceWithColumns(Array, Object(Closure))
#6 C:\\xampp\\htdocs\\evolucion2024\\app\\Http\\Controllers\\ReportcompletosController.php(814): Illuminate\\Database\\Query\\Builder->get()
#7 C:\\xampp\\htdocs\\evolucion2024\\vendor\\laravel\\framework\\src\\Illuminate\\Routing\\Controller.php(54): App\\Http\\Controllers\\ReportcompletosController->notivideos(Object(Illuminate\\Http\\Request))
#8 C:\\xampp\\htdocs\\evolucion2024\\vendor\\laravel\\framework\\src\\Illuminate\\Routing\\ControllerDispatcher.php(43): Illuminate\\Routing\\Controller->callAction('notivideos', Array)
#9 C:\\xampp\\htdocs\\evolucion2024\\vendor\\laravel\\framework\\src\\Illuminate\\Routing\\Route.php(260): Illuminate\\Routing\\ControllerDispatcher->dispatch(Object(Illuminate\\Routing\\Route), Object(App\\Http\\Controllers\\ReportcompletosController), 'notivideos')
#10 C:\\xampp\\htdocs\\evolucion2024\\vendor\\laravel\\framework\\src\\Illuminate\\Routing\\Route.php(205): Illuminate\\Routing\\Route->runController()
#11 C:\\xampp\\htdocs\\evolucion2024\\vendor\\laravel\\framework\\src\\Illuminate\\Routing\\Router.php(798): Illuminate\\Routing\\Route->run()
#12 C:\\xampp\\htdocs\\evolucion2024\\vendor\\laravel\\framework\\src\\Illuminate\\Pipeline\\Pipeline.php(141): Illuminate\\Routing\\Router->Illuminate\\Routing\\{closure}(Object(Illuminate\\Http\\Request))
#13 C:\\xampp\\htdocs\\evolucion2024\\app\\Http\\Middleware\\RedirectIfSessionExpired.php(25): Illuminate\\Pipeline\\Pipeline->Illuminate\\Pipeline\\{closure}(Object(Illuminate\\Http\\Request))
#14 C:\\xampp\\htdocs\\evolucion2024\\vendor\\laravel\\framework\\src\\Illuminate\\Pipeline\\Pipeline.php(180): App\\Http\\Middleware\\RedirectIfSessionExpired->handle(Object(Illuminate\\Http\\Request), Object(Closure))
#15 C:\\xampp\\htdocs\\evolucion2024\\vendor\\laravel\\framework\\src\\Illuminate\\Routing\\Middleware\\SubstituteBindings.php(50): Illuminate\\Pipeline\\Pipeline->Illuminate\\Pipeline\\{closure}(Object(Illuminate\\Http\\Request))
#16 C:\\xampp\\htdocs\\evolucion2024\\vendor\\laravel\\framework\\src\\Illuminate\\Pipeline\\Pipeline.php(180): Illuminate\\Routing\\Middleware\\SubstituteBindings->handle(Object(Illuminate\\Http\\Request), Object(Closure))
#17 C:\\xampp\\htdocs\\evolucion2024\\vendor\\laravel\\framework\\src\\Illuminate\\Foundation\\Http\\Middleware\\VerifyCsrfToken.php(78): Illuminate\\Pipeline\\Pipeline->Illuminate\\Pipeline\\{closure}(Object(Illuminate\\Http\\Request))
#18 C:\\xampp\\htdocs\\evolucion2024\\vendor\\laravel\\framework\\src\\Illuminate\\Pipeline\\Pipeline.php(180): Illuminate\\Foundation\\Http\\Middleware\\VerifyCsrfToken->handle(Object(Illuminate\\Http\\Request), Object(Closure))
#19 C:\\xampp\\htdocs\\evolucion2024\\vendor\\laravel\\framework\\src\\Illuminate\\View\\Middleware\\ShareErrorsFromSession.php(49): Illuminate\\Pipeline\\Pipeline->Illuminate\\Pipeline\\{closure}(Object(Illuminate\\Http\\Request))
#20 C:\\xampp\\htdocs\\evolucion2024\\vendor\\laravel\\framework\\src\\Illuminate\\Pipeline\\Pipeline.php(180): Illuminate\\View\\Middleware\\ShareErrorsFromSession->handle(Object(Illuminate\\Http\\Request), Object(Closure))
#21 C:\\xampp\\htdocs\\evolucion2024\\vendor\\laravel\\framework\\src\\Illuminate\\Session\\Middleware\\StartSession.php(121): Illuminate\\Pipeline\\Pipeline->Illuminate\\Pipeline\\{closure}(Object(Illuminate\\Http\\Request))
#22 C:\\xampp\\htdocs\\evolucion2024\\vendor\\laravel\\framework\\src\\Illuminate\\Session\\Middleware\\StartSession.php(64): Illuminate\\Session\\Middleware\\StartSession->handleStatefulRequest(Object(Illuminate\\Http\\Request), Object(Illuminate\\Session\\Store), Object(Closure))
#23 C:\\xampp\\htdocs\\evolucion2024\\vendor\\laravel\\framework\\src\\Illuminate\\Pipeline\\Pipeline.php(180): Illuminate\\Session\\Middleware\\StartSession->handle(Object(Illuminate\\Http\\Request), Object(Closure))
#24 C:\\xampp\\htdocs\\evolucion2024\\vendor\\laravel\\framework\\src\\Illuminate\\Cookie\\Middleware\\AddQueuedCookiesToResponse.php(37): Illuminate\\Pipeline\\Pipeline->Illuminate\\Pipeline\\{closure}(Object(Illuminate\\Http\\Request))
#25 C:\\xampp\\htdocs\\evolucion2024\\vendor\\laravel\\framework\\src\\Illuminate\\Pipeline\\Pipeline.php(180): Illuminate\\Cookie\\Middleware\\AddQueuedCookiesToResponse->handle(Object(Illuminate\\Http\\Request), Object(Closure))
#26 C:\\xampp\\htdocs\\evolucion2024\\vendor\\laravel\\framework\\src\\Illuminate\\Cookie\\Middleware\\EncryptCookies.php(67): Illuminate\\Pipeline\\Pipeline->Illuminate\\Pipeline\\{closure}(Object(Illuminate\\Http\\Request))
#27 C:\\xampp\\htdocs\\evolucion2024\\vendor\\laravel\\framework\\src\\Illuminate\\Pipeline\\Pipeline.php(180): Illuminate\\Cookie\\Middleware\\EncryptCookies->handle(Object(Illuminate\\Http\\Request), Object(Closure))
#28 C:\\xampp\\htdocs\\evolucion2024\\vendor\\laravel\\framework\\src\\Illuminate\\Pipeline\\Pipeline.php(116): Illuminate\\Pipeline\\Pipeline->Illuminate\\Pipeline\\{closure}(Object(Illuminate\\Http\\Request))
#29 C:\\xampp\\htdocs\\evolucion2024\\vendor\\laravel\\framework\\src\\Illuminate\\Routing\\Router.php(799): Illuminate\\Pipeline\\Pipeline->then(Object(Closure))
#30 C:\\xampp\\htdocs\\evolucion2024\\vendor\\laravel\\framework\\src\\Illuminate\\Routing\\Router.php(776): Illuminate\\Routing\\Router->runRouteWithinStack(Object(Illuminate\\Routing\\Route), Object(Illuminate\\Http\\Request))
#31 C:\\xampp\\htdocs\\evolucion2024\\vendor\\laravel\\framework\\src\\Illuminate\\Routing\\Router.php(740): Illuminate\\Routing\\Router->runRoute(Object(Illuminate\\Http\\Request), Object(Illuminate\\Routing\\Route))
#32 C:\\xampp\\htdocs\\evolucion2024\\vendor\\laravel\\framework\\src\\Illuminate\\Routing\\Router.php(729): Illuminate\\Routing\\Router->dispatchToRoute(Object(Illuminate\\Http\\Request))
#33 C:\\xampp\\htdocs\\evolucion2024\\vendor\\laravel\\framework\\src\\Illuminate\\Foundation\\Http\\Kernel.php(190): Illuminate\\Routing\\Router->dispatch(Object(Illuminate\\Http\\Request))
#34 C:\\xampp\\htdocs\\evolucion2024\\vendor\\laravel\\framework\\src\\Illuminate\\Pipeline\\Pipeline.php(141): Illuminate\\Foundation\\Http\\Kernel->Illuminate\\Foundation\\Http\\{closure}(Object(Illuminate\\Http\\Request))
#35 C:\\xampp\\htdocs\\evolucion2024\\vendor\\laravel\\framework\\src\\Illuminate\\Http\\Middleware\\TrustProxies.php(39): Illuminate\\Pipeline\\Pipeline->Illuminate\\Pipeline\\{closure}(Object(Illuminate\\Http\\Request))
#36 C:\\xampp\\htdocs\\evolucion2024\\vendor\\laravel\\framework\\src\\Illuminate\\Pipeline\\Pipeline.php(180): Illuminate\\Http\\Middleware\\TrustProxies->handle(Object(Illuminate\\Http\\Request), Object(Closure))
#37 C:\\xampp\\htdocs\\evolucion2024\\vendor\\laravel\\framework\\src\\Illuminate\\Foundation\\Http\\Middleware\\TransformsRequest.php(21): Illuminate\\Pipeline\\Pipeline->Illuminate\\Pipeline\\{closure}(Object(Illuminate\\Http\\Request))
#38 C:\\xampp\\htdocs\\evolucion2024\\vendor\\laravel\\framework\\src\\Illuminate\\Foundation\\Http\\Middleware\\ConvertEmptyStringsToNull.php(31): Illuminate\\Foundation\\Http\\Middleware\\TransformsRequest->handle(Object(Illuminate\\Http\\Request), Object(Closure))
#39 C:\\xampp\\htdocs\\evolucion2024\\vendor\\laravel\\framework\\src\\Illuminate\\Pipeline\\Pipeline.php(180): Illuminate\\Foundation\\Http\\Middleware\\ConvertEmptyStringsToNull->handle(Object(Illuminate\\Http\\Request), Object(Closure))
#40 C:\\xampp\\htdocs\\evolucion2024\\vendor\\laravel\\framework\\src\\Illuminate\\Foundation\\Http\\Middleware\\TransformsRequest.php(21): Illuminate\\Pipeline\\Pipeline->Illuminate\\Pipeline\\{closure}(Object(Illuminate\\Http\\Request))
#41 C:\\xampp\\htdocs\\evolucion2024\\vendor\\laravel\\framework\\src\\Illuminate\\Foundation\\Http\\Middleware\\TrimStrings.php(40): Illuminate\\Foundation\\Http\\Middleware\\TransformsRequest->handle(Object(Illuminate\\Http\\Request), Object(Closure))
#42 C:\\xampp\\htdocs\\evolucion2024\\vendor\\laravel\\framework\\src\\Illuminate\\Pipeline\\Pipeline.php(180): Illuminate\\Foundation\\Http\\Middleware\\TrimStrings->handle(Object(Illuminate\\Http\\Request), Object(Closure))
#43 C:\\xampp\\htdocs\\evolucion2024\\vendor\\laravel\\framework\\src\\Illuminate\\Foundation\\Http\\Middleware\\ValidatePostSize.php(27): Illuminate\\Pipeline\\Pipeline->Illuminate\\Pipeline\\{closure}(Object(Illuminate\\Http\\Request))
#44 C:\\xampp\\htdocs\\evolucion2024\\vendor\\laravel\\framework\\src\\Illuminate\\Pipeline\\Pipeline.php(180): Illuminate\\Foundation\\Http\\Middleware\\ValidatePostSize->handle(Object(Illuminate\\Http\\Request), Object(Closure))
#45 C:\\xampp\\htdocs\\evolucion2024\\vendor\\laravel\\framework\\src\\Illuminate\\Foundation\\Http\\Middleware\\PreventRequestsDuringMaintenance.php(86): Illuminate\\Pipeline\\Pipeline->Illuminate\\Pipeline\\{closure}(Object(Illuminate\\Http\\Request))
#46 C:\\xampp\\htdocs\\evolucion2024\\vendor\\laravel\\framework\\src\\Illuminate\\Pipeline\\Pipeline.php(180): Illuminate\\Foundation\\Http\\Middleware\\PreventRequestsDuringMaintenance->handle(Object(Illuminate\\Http\\Request), Object(Closure))
#47 C:\\xampp\\htdocs\\evolucion2024\\vendor\\laravel\\framework\\src\\Illuminate\\Pipeline\\Pipeline.php(116): Illuminate\\Pipeline\\Pipeline->Illuminate\\Pipeline\\{closure}(Object(Illuminate\\Http\\Request))
#48 C:\\xampp\\htdocs\\evolucion2024\\vendor\\laravel\\framework\\src\\Illuminate\\Foundation\\Http\\Kernel.php(165): Illuminate\\Pipeline\\Pipeline->then(Object(Closure))
#49 C:\\xampp\\htdocs\\evolucion2024\\vendor\\laravel\\framework\\src\\Illuminate\\Foundation\\Http\\Kernel.php(134): Illuminate\\Foundation\\Http\\Kernel->sendRequestThroughRouter(Object(Illuminate\\Http\\Request))
#50 C:\\xampp\\htdocs\\evolucion2024\\public\\index.php(55): Illuminate\\Foundation\\Http\\Kernel->handle(Object(Illuminate\\Http\\Request))
#51 C:\\xampp\\htdocs\\evolucion2024\\server.php(21): require_once('C:\\\\xampp\\\\htdocs...')
#52 {main}

[previous exception] [object] (PDOException(code: 42S22): SQLSTATE[42S22]: Column not found: 1054 Unknown column 'pictures.image' in 'field list' at C:\\xampp\\htdocs\\evolucion2024\\vendor\\laravel\\framework\\src\\Illuminate\\Database\\Connection.php:414)
[stacktrace]
#0 C:\\xampp\\htdocs\\evolucion2024\\vendor\\laravel\\framework\\src\\Illuminate\\Database\\Connection.php(414): PDO->prepare('select `outdoor...')
#1 C:\\xampp\\htdocs\\evolucion2024\\vendor\\laravel\\framework\\src\\Illuminate\\Database\\Connection.php(753): Illuminate\\Database\\Connection->Illuminate\\Database\\{closure}('select `outdoor...', Array)
#2 C:\\xampp\\htdocs\\evolucion2024\\vendor\\laravel\\framework\\src\\Illuminate\\Database\\Connection.php(720): Illuminate\\Database\\Connection->runQueryCallback('select `outdoor...', Array, Object(Closure))
#3 C:\\xampp\\htdocs\\evolucion2024\\vendor\\laravel\\framework\\src\\Illuminate\\Database\\Connection.php(422): Illuminate\\Database\\Connection->run('select `outdoor...', Array, Object(Closure))
#4 C:\\xampp\\htdocs\\evolucion2024\\vendor\\laravel\\framework\\src\\Illuminate\\Database\\Query\\Builder.php(2706): Illuminate\\Database\\Connection->select('select `outdoor...', Array, true)
#5 C:\\xampp\\htdocs\\evolucion2024\\vendor\\laravel\\framework\\src\\Illuminate\\Database\\Query\\Builder.php(2694): Illuminate\\Database\\Query\\Builder->runSelect()
#6 C:\\xampp\\htdocs\\evolucion2024\\vendor\\laravel\\framework\\src\\Illuminate\\Database\\Query\\Builder.php(3230): Illuminate\\Database\\Query\\Builder->Illuminate\\Database\\Query\\{closure}()
#7 C:\\xampp\\htdocs\\evolucion2024\\vendor\\laravel\\framework\\src\\Illuminate\\Database\\Query\\Builder.php(2695): Illuminate\\Database\\Query\\Builder->onceWithColumns(Array, Object(Closure))
#8 C:\\xampp\\htdocs\\evolucion2024\\app\\Http\\Controllers\\ReportcompletosController.php(814): Illuminate\\Database\\Query\\Builder->get()
#9 C:\\xampp\\htdocs\\evolucion2024\\vendor\\laravel\\framework\\src\\Illuminate\\Routing\\Controller.php(54): App\\Http\\Controllers\\ReportcompletosController->notivideos(Object(Illuminate\\Http\\Request))
#10 C:\\xampp\\htdocs\\evolucion2024\\vendor\\laravel\\framework\\src\\Illuminate\\Routing\\ControllerDispatcher.php(43): Illuminate\\Routing\\Controller->callAction('notivideos', Array)
#11 C:\\xampp\\htdocs\\evolucion2024\\vendor\\laravel\\framework\\src\\Illuminate\\Routing\\Route.php(260): Illuminate\\Routing\\ControllerDispatcher->dispatch(Object(Illuminate\\Routing\\Route), Object(App\\Http\\Controllers\\ReportcompletosController), 'notivideos')
#12 C:\\xampp\\htdocs\\evolucion2024\\vendor\\laravel\\framework\\src\\Illuminate\\Routing\\Route.php(205): Illuminate\\Routing\\Route->runController()
#13 C:\\xampp\\htdocs\\evolucion2024\\vendor\\laravel\\framework\\src\\Illuminate\\Routing\\Router.php(798): Illuminate\\Routing\\Route->run()
#14 C:\\xampp\\htdocs\\evolucion2024\\vendor\\laravel\\framework\\src\\Illuminate\\Pipeline\\Pipeline.php(141): Illuminate\\Routing\\Router->Illuminate\\Routing\\{closure}(Object(Illuminate\\Http\\Request))
#15 C:\\xampp\\htdocs\\evolucion2024\\app\\Http\\Middleware\\RedirectIfSessionExpired.php(25): Illuminate\\Pipeline\\Pipeline->Illuminate\\Pipeline\\{closure}(Object(Illuminate\\Http\\Request))
#16 C:\\xampp\\htdocs\\evolucion2024\\vendor\\laravel\\framework\\src\\Illuminate\\Pipeline\\Pipeline.php(180): App\\Http\\Middleware\\RedirectIfSessionExpired->handle(Object(Illuminate\\Http\\Request), Object(Closure))
#17 C:\\xampp\\htdocs\\evolucion2024\\vendor\\laravel\\framework\\src\\Illuminate\\Routing\\Middleware\\SubstituteBindings.php(50): Illuminate\\Pipeline\\Pipeline->Illuminate\\Pipeline\\{closure}(Object(Illuminate\\Http\\Request))
#18 C:\\xampp\\htdocs\\evolucion2024\\vendor\\laravel\\framework\\src\\Illuminate\\Pipeline\\Pipeline.php(180): Illuminate\\Routing\\Middleware\\SubstituteBindings->handle(Object(Illuminate\\Http\\Request), Object(Closure))
#19 C:\\xampp\\htdocs\\evolucion2024\\vendor\\laravel\\framework\\src\\Illuminate\\Foundation\\Http\\Middleware\\VerifyCsrfToken.php(78): Illuminate\\Pipeline\\Pipeline->Illuminate\\Pipeline\\{closure}(Object(Illuminate\\Http\\Request))
#20 C:\\xampp\\htdocs\\evolucion2024\\vendor\\laravel\\framework\\src\\Illuminate\\Pipeline\\Pipeline.php(180): Illuminate\\Foundation\\Http\\Middleware\\VerifyCsrfToken->handle(Object(Illuminate\\Http\\Request), Object(Closure))
#21 C:\\xampp\\htdocs\\evolucion2024\\vendor\\laravel\\framework\\src\\Illuminate\\View\\Middleware\\ShareErrorsFromSession.php(49): Illuminate\\Pipeline\\Pipeline->Illuminate\\Pipeline\\{closure}(Object(Illuminate\\Http\\Request))
#22 C:\\xampp\\htdocs\\evolucion2024\\vendor\\laravel\\framework\\src\\Illuminate\\Pipeline\\Pipeline.php(180): Illuminate\\View\\Middleware\\ShareErrorsFromSession->handle(Object(Illuminate\\Http\\Request), Object(Closure))
#23 C:\\xampp\\htdocs\\evolucion2024\\vendor\\laravel\\framework\\src\\Illuminate\\Session\\Middleware\\StartSession.php(121): Illuminate\\Pipeline\\Pipeline->Illuminate\\Pipeline\\{closure}(Object(Illuminate\\Http\\Request))
#24 C:\\xampp\\htdocs\\evolucion2024\\vendor\\laravel\\framework\\src\\Illuminate\\Session\\Middleware\\StartSession.php(64): Illuminate\\Session\\Middleware\\StartSession->handleStatefulRequest(Object(Illuminate\\Http\\Request), Object(Illuminate\\Session\\Store), Object(Closure))
#25 C:\\xampp\\htdocs\\evolucion2024\\vendor\\laravel\\framework\\src\\Illuminate\\Pipeline\\Pipeline.php(180): Illuminate\\Session\\Middleware\\StartSession->handle(Object(Illuminate\\Http\\Request), Object(Closure))
#26 C:\\xampp\\htdocs\\evolucion2024\\vendor\\laravel\\framework\\src\\Illuminate\\Cookie\\Middleware\\AddQueuedCookiesToResponse.php(37): Illuminate\\Pipeline\\Pipeline->Illuminate\\Pipeline\\{closure}(Object(Illuminate\\Http\\Request))
#27 C:\\xampp\\htdocs\\evolucion2024\\vendor\\laravel\\framework\\src\\Illuminate\\Pipeline\\Pipeline.php(180): Illuminate\\Cookie\\Middleware\\AddQueuedCookiesToResponse->handle(Object(Illuminate\\Http\\Request), Object(Closure))
#28 C:\\xampp\\htdocs\\evolucion2024\\vendor\\laravel\\framework\\src\\Illuminate\\Cookie\\Middleware\\EncryptCookies.php(67): Illuminate\\Pipeline\\Pipeline->Illuminate\\Pipeline\\{closure}(Object(Illuminate\\Http\\Request))
#29 C:\\xampp\\htdocs\\evolucion2024\\vendor\\laravel\\framework\\src\\Illuminate\\Pipeline\\Pipeline.php(180): Illuminate\\Cookie\\Middleware\\EncryptCookies->handle(Object(Illuminate\\Http\\Request), Object(Closure))
#30 C:\\xampp\\htdocs\\evolucion2024\\vendor\\laravel\\framework\\src\\Illuminate\\Pipeline\\Pipeline.php(116): Illuminate\\Pipeline\\Pipeline->Illuminate\\Pipeline\\{closure}(Object(Illuminate\\Http\\Request))
#31 C:\\xampp\\htdocs\\evolucion2024\\vendor\\laravel\\framework\\src\\Illuminate\\Routing\\Router.php(799): Illuminate\\Pipeline\\Pipeline->then(Object(Closure))
#32 C:\\xampp\\htdocs\\evolucion2024\\vendor\\laravel\\framework\\src\\Illuminate\\Routing\\Router.php(776): Illuminate\\Routing\\Router->runRouteWithinStack(Object(Illuminate\\Routing\\Route), Object(Illuminate\\Http\\Request))
#33 C:\\xampp\\htdocs\\evolucion2024\\vendor\\laravel\\framework\\src\\Illuminate\\Routing\\Router.php(740): Illuminate\\Routing\\Router->runRoute(Object(Illuminate\\Http\\Request), Object(Illuminate\\Routing\\Route))
#34 C:\\xampp\\htdocs\\evolucion2024\\vendor\\laravel\\framework\\src\\Illuminate\\Routing\\Router.php(729): Illuminate\\Routing\\Router->dispatchToRoute(Object(Illuminate\\Http\\Request))
#35 C:\\xampp\\htdocs\\evolucion2024\\vendor\\laravel\\framework\\src\\Illuminate\\Foundation\\Http\\Kernel.php(190): Illuminate\\Routing\\Router->dispatch(Object(Illuminate\\Http\\Request))
#36 C:\\xampp\\htdocs\\evolucion2024\\vendor\\laravel\\framework\\src\\Illuminate\\Pipeline\\Pipeline.php(141): Illuminate\\Foundation\\Http\\Kernel->Illuminate\\Foundation\\Http\\{closure}(Object(Illuminate\\Http\\Request))
#37 C:\\xampp\\htdocs\\evolucion2024\\vendor\\laravel\\framework\\src\\Illuminate\\Http\\Middleware\\TrustProxies.php(39): Illuminate\\Pipeline\\Pipeline->Illuminate\\Pipeline\\{closure}(Object(Illuminate\\Http\\Request))
#38 C:\\xampp\\htdocs\\evolucion2024\\vendor\\laravel\\framework\\src\\Illuminate\\Pipeline\\Pipeline.php(180): Illuminate\\Http\\Middleware\\TrustProxies->handle(Object(Illuminate\\Http\\Request), Object(Closure))
#39 C:\\xampp\\htdocs\\evolucion2024\\vendor\\laravel\\framework\\src\\Illuminate\\Foundation\\Http\\Middleware\\TransformsRequest.php(21): Illuminate\\Pipeline\\Pipeline->Illuminate\\Pipeline\\{closure}(Object(Illuminate\\Http\\Request))
#40 C:\\xampp\\htdocs\\evolucion2024\\vendor\\laravel\\framework\\src\\Illuminate\\Foundation\\Http\\Middleware\\ConvertEmptyStringsToNull.php(31): Illuminate\\Foundation\\Http\\Middleware\\TransformsRequest->handle(Object(Illuminate\\Http\\Request), Object(Closure))
#41 C:\\xampp\\htdocs\\evolucion2024\\vendor\\laravel\\framework\\src\\Illuminate\\Pipeline\\Pipeline.php(180): Illuminate\\Foundation\\Http\\Middleware\\ConvertEmptyStringsToNull->handle(Object(Illuminate\\Http\\Request), Object(Closure))
#42 C:\\xampp\\htdocs\\evolucion2024\\vendor\\laravel\\framework\\src\\Illuminate\\Foundation\\Http\\Middleware\\TransformsRequest.php(21): Illuminate\\Pipeline\\Pipeline->Illuminate\\Pipeline\\{closure}(Object(Illuminate\\Http\\Request))
#43 C:\\xampp\\htdocs\\evolucion2024\\vendor\\laravel\\framework\\src\\Illuminate\\Foundation\\Http\\Middleware\\TrimStrings.php(40): Illuminate\\Foundation\\Http\\Middleware\\TransformsRequest->handle(Object(Illuminate\\Http\\Request), Object(Closure))
#44 C:\\xampp\\htdocs\\evolucion2024\\vendor\\laravel\\framework\\src\\Illuminate\\Pipeline\\Pipeline.php(180): Illuminate\\Foundation\\Http\\Middleware\\TrimStrings->handle(Object(Illuminate\\Http\\Request), Object(Closure))
#45 C:\\xampp\\htdocs\\evolucion2024\\vendor\\laravel\\framework\\src\\Illuminate\\Foundation\\Http\\Middleware\\ValidatePostSize.php(27): Illuminate\\Pipeline\\Pipeline->Illuminate\\Pipeline\\{closure}(Object(Illuminate\\Http\\Request))
#46 C:\\xampp\\htdocs\\evolucion2024\\vendor\\laravel\\framework\\src\\Illuminate\\Pipeline\\Pipeline.php(180): Illuminate\\Foundation\\Http\\Middleware\\ValidatePostSize->handle(Object(Illuminate\\Http\\Request), Object(Closure))
#47 C:\\xampp\\htdocs\\evolucion2024\\vendor\\laravel\\framework\\src\\Illuminate\\Foundation\\Http\\Middleware\\PreventRequestsDuringMaintenance.php(86): Illuminate\\Pipeline\\Pipeline->Illuminate\\Pipeline\\{closure}(Object(Illuminate\\Http\\Request))
#48 C:\\xampp\\htdocs\\evolucion2024\\vendor\\laravel\\framework\\src\\Illuminate\\Pipeline\\Pipeline.php(180): Illuminate\\Foundation\\Http\\Middleware\\PreventRequestsDuringMaintenance->handle(Object(Illuminate\\Http\\Request), Object(Closure))
#49 C:\\xampp\\htdocs\\evolucion2024\\vendor\\laravel\\framework\\src\\Illuminate\\Pipeline\\Pipeline.php(116): Illuminate\\Pipeline\\Pipeline->Illuminate\\Pipeline\\{closure}(Object(Illuminate\\Http\\Request))
#50 C:\\xampp\\htdocs\\evolucion2024\\vendor\\laravel\\framework\\src\\Illuminate\\Foundation\\Http\\Kernel.php(165): Illuminate\\Pipeline\\Pipeline->then(Object(Closure))
#51 C:\\xampp\\htdocs\\evolucion2024\\vendor\\laravel\\framework\\src\\Illuminate\\Foundation\\Http\\Kernel.php(134): Illuminate\\Foundation\\Http\\Kernel->sendRequestThroughRouter(Object(Illuminate\\Http\\Request))
#52 C:\\xampp\\htdocs\\evolucion2024\\public\\index.php(55): Illuminate\\Foundation\\Http\\Kernel->handle(Object(Illuminate\\Http\\Request))
#53 C:\\xampp\\htdocs\\evolucion2024\\server.php(21): require_once('C:\\\\xampp\\\\htdocs...')
#54 {main}
"} 
[2025-02-05 16:13:59] production.ERROR: Property [imagen] does not exist on this collection instance. {"view":{"view":"C:\\xampp\\htdocs\\evolucion2024\\resources\\views\\retroalimentacion\\onecomentario.blade.php","data":{"errors":"<pre class=sf-dump id=sf-dump-491825214 data-indent-pad=\"  \"><span class=sf-dump-note>Illuminate\\Support\\ViewErrorBag</span> {<a class=sf-dump-ref>#1611</a><samp data-depth=1 class=sf-dump-expanded>
  #<span class=sf-dump-protected title=\"Protected property\">bags</span>: []
</samp>}
</pre><script>Sfdump(\"sf-dump-491825214\", {\"maxDepth\":3,\"maxStringLength\":160})</script>
","info":"<pre class=sf-dump id=sf-dump-1638749938 data-indent-pad=\"  \"><span class=sf-dump-note>Illuminate\\Support\\Collection</span> {<a class=sf-dump-ref>#1630</a><samp data-depth=1 class=sf-dump-expanded>
  #<span class=sf-dump-protected title=\"Protected property\">items</span>: <span class=sf-dump-note>array:1</span> [<samp data-depth=2 class=sf-dump-compact>
    <span class=sf-dump-index>0</span> => {<a class=sf-dump-ref>#1641</a><samp data-depth=3 class=sf-dump-compact>
      +\"<span class=sf-dump-public title=\"Runtime added dynamic property\">id</span>\": <span class=sf-dump-num>989</span>
      +\"<span class=sf-dump-public title=\"Runtime added dynamic property\">estado</span>\": <span class=sf-dump-num>1</span>
      +\"<span class=sf-dump-public title=\"Runtime added dynamic property\">comentario</span>\": \"\"
      +\"<span class=sf-dump-public title=\"Runtime added dynamic property\">evidence</span>\": \"<span class=sf-dump-str title=\"184 characters\">Ha llegado el momento en que pienses en tu compromiso hacia este proceso formativo. Por favor escribe en este espacio a que te comprometes, que vas a dar de t&#237; a este proceso formativo</span>\"
      +\"<span class=sf-dump-public title=\"Runtime added dynamic property\">imagen</span>\": \"<span class=sf-dump-str title=\"21 characters\">outdoor1738771503.png</span>\"
      +\"<span class=sf-dump-public title=\"Runtime added dynamic property\">name</span>\": \"<span class=sf-dump-str title=\"19 characters\">0.2.3 Tu compromiso</span>\"
      +\"<span class=sf-dump-public title=\"Runtime added dynamic property\">descrip</span>\": \"\"\"
        <span class=sf-dump-str title=\"354 characters\">Ha llegado el momento en que pienses en tu compromiso hacia este proceso formativo. Por favor escribe en este espacio a que te comprometes, que vas a dar de t&#237; a este proceso formativo y al final piensa que consideras que deber&#237;a pasar para sentir que vali&#243; la pena todo este esfuerzo. <span class=\"sf-dump-default sf-dump-ns\">\\r\\n</span></span>
        <span class=sf-dump-str title=\"354 characters\">Puedes subir una imagen que represente para t&#237; lo que es un l&#237;der.</span>
        \"\"\"
    </samp>}
  </samp>]
  #<span class=sf-dump-protected title=\"Protected property\">escapeWhenCastingToString</span>: <span class=sf-dump-const>false</span>
</samp>}
</pre><script>Sfdump(\"sf-dump-1638749938\", {\"maxDepth\":3,\"maxStringLength\":160})</script>
"}},"userId":671,"exception":"[object] (Spatie\\LaravelIgnition\\Exceptions\\ViewException(code: 0): Property [imagen] does not exist on this collection instance. at C:\\xampp\\htdocs\\evolucion2024\\vendor\\laravel\\framework\\src\\Illuminate\\Collections\\Traits\\EnumeratesValues.php:939)
[stacktrace]
#0 C:\\xampp\\htdocs\\evolucion2024\\resources\\views\\retroalimentacion\\onecomentario.blade.php(51): Illuminate\\Support\\Collection->__get('imagen')
#1 C:\\xampp\\htdocs\\evolucion2024\\vendor\\laravel\\framework\\src\\Illuminate\\Filesystem\\Filesystem.php(109): require('C:\\\\xampp\\\\htdocs...')
#2 C:\\xampp\\htdocs\\evolucion2024\\vendor\\laravel\\framework\\src\\Illuminate\\Filesystem\\Filesystem.php(110): Illuminate\\Filesystem\\Filesystem::Illuminate\\Filesystem\\{closure}()
#3 C:\\xampp\\htdocs\\evolucion2024\\vendor\\laravel\\framework\\src\\Illuminate\\View\\Engines\\PhpEngine.php(58): Illuminate\\Filesystem\\Filesystem->getRequire('C:\\\\xampp\\\\htdocs...', Array)
#4 C:\\xampp\\htdocs\\evolucion2024\\vendor\\laravel\\framework\\src\\Illuminate\\View\\Engines\\CompilerEngine.php(70): Illuminate\\View\\Engines\\PhpEngine->evaluatePath('C:\\\\xampp\\\\htdocs...', Array)
#5 C:\\xampp\\htdocs\\evolucion2024\\vendor\\laravel\\framework\\src\\Illuminate\\View\\View.php(195): Illuminate\\View\\Engines\\CompilerEngine->get('C:\\\\xampp\\\\htdocs...', Array)
#6 C:\\xampp\\htdocs\\evolucion2024\\vendor\\laravel\\framework\\src\\Illuminate\\View\\View.php(178): Illuminate\\View\\View->getContents()
#7 C:\\xampp\\htdocs\\evolucion2024\\vendor\\laravel\\framework\\src\\Illuminate\\View\\View.php(147): Illuminate\\View\\View->renderContents()
#8 C:\\xampp\\htdocs\\evolucion2024\\vendor\\laravel\\framework\\src\\Illuminate\\Http\\Response.php(69): Illuminate\\View\\View->render()
#9 C:\\xampp\\htdocs\\evolucion2024\\vendor\\laravel\\framework\\src\\Illuminate\\Http\\Response.php(35): Illuminate\\Http\\Response->setContent(Object(Illuminate\\View\\View))
#10 C:\\xampp\\htdocs\\evolucion2024\\vendor\\laravel\\framework\\src\\Illuminate\\Routing\\Router.php(906): Illuminate\\Http\\Response->__construct(Object(Illuminate\\View\\View), 200, Array)
#11 C:\\xampp\\htdocs\\evolucion2024\\vendor\\laravel\\framework\\src\\Illuminate\\Routing\\Router.php(875): Illuminate\\Routing\\Router::toResponse(Object(Illuminate\\Http\\Request), Object(Illuminate\\View\\View))
#12 C:\\xampp\\htdocs\\evolucion2024\\vendor\\laravel\\framework\\src\\Illuminate\\Routing\\Router.php(798): Illuminate\\Routing\\Router->prepareResponse(Object(Illuminate\\Http\\Request), Object(Illuminate\\View\\View))
#13 C:\\xampp\\htdocs\\evolucion2024\\vendor\\laravel\\framework\\src\\Illuminate\\Pipeline\\Pipeline.php(141): Illuminate\\Routing\\Router->Illuminate\\Routing\\{closure}(Object(Illuminate\\Http\\Request))
#14 C:\\xampp\\htdocs\\evolucion2024\\app\\Http\\Middleware\\RedirectIfSessionExpired.php(25): Illuminate\\Pipeline\\Pipeline->Illuminate\\Pipeline\\{closure}(Object(Illuminate\\Http\\Request))
#15 C:\\xampp\\htdocs\\evolucion2024\\vendor\\laravel\\framework\\src\\Illuminate\\Pipeline\\Pipeline.php(180): App\\Http\\Middleware\\RedirectIfSessionExpired->handle(Object(Illuminate\\Http\\Request), Object(Closure))
#16 C:\\xampp\\htdocs\\evolucion2024\\vendor\\laravel\\framework\\src\\Illuminate\\Routing\\Middleware\\SubstituteBindings.php(50): Illuminate\\Pipeline\\Pipeline->Illuminate\\Pipeline\\{closure}(Object(Illuminate\\Http\\Request))
#17 C:\\xampp\\htdocs\\evolucion2024\\vendor\\laravel\\framework\\src\\Illuminate\\Pipeline\\Pipeline.php(180): Illuminate\\Routing\\Middleware\\SubstituteBindings->handle(Object(Illuminate\\Http\\Request), Object(Closure))
#18 C:\\xampp\\htdocs\\evolucion2024\\vendor\\laravel\\framework\\src\\Illuminate\\Foundation\\Http\\Middleware\\VerifyCsrfToken.php(78): Illuminate\\Pipeline\\Pipeline->Illuminate\\Pipeline\\{closure}(Object(Illuminate\\Http\\Request))
#19 C:\\xampp\\htdocs\\evolucion2024\\vendor\\laravel\\framework\\src\\Illuminate\\Pipeline\\Pipeline.php(180): Illuminate\\Foundation\\Http\\Middleware\\VerifyCsrfToken->handle(Object(Illuminate\\Http\\Request), Object(Closure))
#20 C:\\xampp\\htdocs\\evolucion2024\\vendor\\laravel\\framework\\src\\Illuminate\\View\\Middleware\\ShareErrorsFromSession.php(49): Illuminate\\Pipeline\\Pipeline->Illuminate\\Pipeline\\{closure}(Object(Illuminate\\Http\\Request))
#21 C:\\xampp\\htdocs\\evolucion2024\\vendor\\laravel\\framework\\src\\Illuminate\\Pipeline\\Pipeline.php(180): Illuminate\\View\\Middleware\\ShareErrorsFromSession->handle(Object(Illuminate\\Http\\Request), Object(Closure))
#22 C:\\xampp\\htdocs\\evolucion2024\\vendor\\laravel\\framework\\src\\Illuminate\\Session\\Middleware\\StartSession.php(121): Illuminate\\Pipeline\\Pipeline->Illuminate\\Pipeline\\{closure}(Object(Illuminate\\Http\\Request))
#23 C:\\xampp\\htdocs\\evolucion2024\\vendor\\laravel\\framework\\src\\Illuminate\\Session\\Middleware\\StartSession.php(64): Illuminate\\Session\\Middleware\\StartSession->handleStatefulRequest(Object(Illuminate\\Http\\Request), Object(Illuminate\\Session\\Store), Object(Closure))
#24 C:\\xampp\\htdocs\\evolucion2024\\vendor\\laravel\\framework\\src\\Illuminate\\Pipeline\\Pipeline.php(180): Illuminate\\Session\\Middleware\\StartSession->handle(Object(Illuminate\\Http\\Request), Object(Closure))
#25 C:\\xampp\\htdocs\\evolucion2024\\vendor\\laravel\\framework\\src\\Illuminate\\Cookie\\Middleware\\AddQueuedCookiesToResponse.php(37): Illuminate\\Pipeline\\Pipeline->Illuminate\\Pipeline\\{closure}(Object(Illuminate\\Http\\Request))
#26 C:\\xampp\\htdocs\\evolucion2024\\vendor\\laravel\\framework\\src\\Illuminate\\Pipeline\\Pipeline.php(180): Illuminate\\Cookie\\Middleware\\AddQueuedCookiesToResponse->handle(Object(Illuminate\\Http\\Request), Object(Closure))
#27 C:\\xampp\\htdocs\\evolucion2024\\vendor\\laravel\\framework\\src\\Illuminate\\Cookie\\Middleware\\EncryptCookies.php(67): Illuminate\\Pipeline\\Pipeline->Illuminate\\Pipeline\\{closure}(Object(Illuminate\\Http\\Request))
#28 C:\\xampp\\htdocs\\evolucion2024\\vendor\\laravel\\framework\\src\\Illuminate\\Pipeline\\Pipeline.php(180): Illuminate\\Cookie\\Middleware\\EncryptCookies->handle(Object(Illuminate\\Http\\Request), Object(Closure))
#29 C:\\xampp\\htdocs\\evolucion2024\\vendor\\laravel\\framework\\src\\Illuminate\\Pipeline\\Pipeline.php(116): Illuminate\\Pipeline\\Pipeline->Illuminate\\Pipeline\\{closure}(Object(Illuminate\\Http\\Request))
#30 C:\\xampp\\htdocs\\evolucion2024\\vendor\\laravel\\framework\\src\\Illuminate\\Routing\\Router.php(799): Illuminate\\Pipeline\\Pipeline->then(Object(Closure))
#31 C:\\xampp\\htdocs\\evolucion2024\\vendor\\laravel\\framework\\src\\Illuminate\\Routing\\Router.php(776): Illuminate\\Routing\\Router->runRouteWithinStack(Object(Illuminate\\Routing\\Route), Object(Illuminate\\Http\\Request))
#32 C:\\xampp\\htdocs\\evolucion2024\\vendor\\laravel\\framework\\src\\Illuminate\\Routing\\Router.php(740): Illuminate\\Routing\\Router->runRoute(Object(Illuminate\\Http\\Request), Object(Illuminate\\Routing\\Route))
#33 C:\\xampp\\htdocs\\evolucion2024\\vendor\\laravel\\framework\\src\\Illuminate\\Routing\\Router.php(729): Illuminate\\Routing\\Router->dispatchToRoute(Object(Illuminate\\Http\\Request))
#34 C:\\xampp\\htdocs\\evolucion2024\\vendor\\laravel\\framework\\src\\Illuminate\\Foundation\\Http\\Kernel.php(190): Illuminate\\Routing\\Router->dispatch(Object(Illuminate\\Http\\Request))
#35 C:\\xampp\\htdocs\\evolucion2024\\vendor\\laravel\\framework\\src\\Illuminate\\Pipeline\\Pipeline.php(141): Illuminate\\Foundation\\Http\\Kernel->Illuminate\\Foundation\\Http\\{closure}(Object(Illuminate\\Http\\Request))
#36 C:\\xampp\\htdocs\\evolucion2024\\vendor\\laravel\\framework\\src\\Illuminate\\Http\\Middleware\\TrustProxies.php(39): Illuminate\\Pipeline\\Pipeline->Illuminate\\Pipeline\\{closure}(Object(Illuminate\\Http\\Request))
#37 C:\\xampp\\htdocs\\evolucion2024\\vendor\\laravel\\framework\\src\\Illuminate\\Pipeline\\Pipeline.php(180): Illuminate\\Http\\Middleware\\TrustProxies->handle(Object(Illuminate\\Http\\Request), Object(Closure))
#38 C:\\xampp\\htdocs\\evolucion2024\\vendor\\laravel\\framework\\src\\Illuminate\\Foundation\\Http\\Middleware\\TransformsRequest.php(21): Illuminate\\Pipeline\\Pipeline->Illuminate\\Pipeline\\{closure}(Object(Illuminate\\Http\\Request))
#39 C:\\xampp\\htdocs\\evolucion2024\\vendor\\laravel\\framework\\src\\Illuminate\\Foundation\\Http\\Middleware\\ConvertEmptyStringsToNull.php(31): Illuminate\\Foundation\\Http\\Middleware\\TransformsRequest->handle(Object(Illuminate\\Http\\Request), Object(Closure))
#40 C:\\xampp\\htdocs\\evolucion2024\\vendor\\laravel\\framework\\src\\Illuminate\\Pipeline\\Pipeline.php(180): Illuminate\\Foundation\\Http\\Middleware\\ConvertEmptyStringsToNull->handle(Object(Illuminate\\Http\\Request), Object(Closure))
#41 C:\\xampp\\htdocs\\evolucion2024\\vendor\\laravel\\framework\\src\\Illuminate\\Foundation\\Http\\Middleware\\TransformsRequest.php(21): Illuminate\\Pipeline\\Pipeline->Illuminate\\Pipeline\\{closure}(Object(Illuminate\\Http\\Request))
#42 C:\\xampp\\htdocs\\evolucion2024\\vendor\\laravel\\framework\\src\\Illuminate\\Foundation\\Http\\Middleware\\TrimStrings.php(40): Illuminate\\Foundation\\Http\\Middleware\\TransformsRequest->handle(Object(Illuminate\\Http\\Request), Object(Closure))
#43 C:\\xampp\\htdocs\\evolucion2024\\vendor\\laravel\\framework\\src\\Illuminate\\Pipeline\\Pipeline.php(180): Illuminate\\Foundation\\Http\\Middleware\\TrimStrings->handle(Object(Illuminate\\Http\\Request), Object(Closure))
#44 C:\\xampp\\htdocs\\evolucion2024\\vendor\\laravel\\framework\\src\\Illuminate\\Foundation\\Http\\Middleware\\ValidatePostSize.php(27): Illuminate\\Pipeline\\Pipeline->Illuminate\\Pipeline\\{closure}(Object(Illuminate\\Http\\Request))
#45 C:\\xampp\\htdocs\\evolucion2024\\vendor\\laravel\\framework\\src\\Illuminate\\Pipeline\\Pipeline.php(180): Illuminate\\Foundation\\Http\\Middleware\\ValidatePostSize->handle(Object(Illuminate\\Http\\Request), Object(Closure))
#46 C:\\xampp\\htdocs\\evolucion2024\\vendor\\laravel\\framework\\src\\Illuminate\\Foundation\\Http\\Middleware\\PreventRequestsDuringMaintenance.php(86): Illuminate\\Pipeline\\Pipeline->Illuminate\\Pipeline\\{closure}(Object(Illuminate\\Http\\Request))
#47 C:\\xampp\\htdocs\\evolucion2024\\vendor\\laravel\\framework\\src\\Illuminate\\Pipeline\\Pipeline.php(180): Illuminate\\Foundation\\Http\\Middleware\\PreventRequestsDuringMaintenance->handle(Object(Illuminate\\Http\\Request), Object(Closure))
#48 C:\\xampp\\htdocs\\evolucion2024\\vendor\\laravel\\framework\\src\\Illuminate\\Pipeline\\Pipeline.php(116): Illuminate\\Pipeline\\Pipeline->Illuminate\\Pipeline\\{closure}(Object(Illuminate\\Http\\Request))
#49 C:\\xampp\\htdocs\\evolucion2024\\vendor\\laravel\\framework\\src\\Illuminate\\Foundation\\Http\\Kernel.php(165): Illuminate\\Pipeline\\Pipeline->then(Object(Closure))
#50 C:\\xampp\\htdocs\\evolucion2024\\vendor\\laravel\\framework\\src\\Illuminate\\Foundation\\Http\\Kernel.php(134): Illuminate\\Foundation\\Http\\Kernel->sendRequestThroughRouter(Object(Illuminate\\Http\\Request))
#51 C:\\xampp\\htdocs\\evolucion2024\\public\\index.php(55): Illuminate\\Foundation\\Http\\Kernel->handle(Object(Illuminate\\Http\\Request))
#52 C:\\xampp\\htdocs\\evolucion2024\\server.php(21): require_once('C:\\\\xampp\\\\htdocs...')
#53 {main}

[previous exception] [object] (Exception(code: 0): Property [imagen] does not exist on this collection instance. at C:\\xampp\\htdocs\\evolucion2024\\vendor\\laravel\\framework\\src\\Illuminate\\Collections\\Traits\\EnumeratesValues.php:939)
[stacktrace]
#0 C:\\xampp\\htdocs\\evolucion2024\\storage\\framework\\views\\2fb35d16697767e9fd1b1729478486aa1e127b5b.php(51): Illuminate\\Support\\Collection->__get('imagen')
#1 C:\\xampp\\htdocs\\evolucion2024\\vendor\\laravel\\framework\\src\\Illuminate\\Filesystem\\Filesystem.php(109): require('C:\\\\xampp\\\\htdocs...')
#2 C:\\xampp\\htdocs\\evolucion2024\\vendor\\laravel\\framework\\src\\Illuminate\\Filesystem\\Filesystem.php(110): Illuminate\\Filesystem\\Filesystem::Illuminate\\Filesystem\\{closure}()
#3 C:\\xampp\\htdocs\\evolucion2024\\vendor\\laravel\\framework\\src\\Illuminate\\View\\Engines\\PhpEngine.php(58): Illuminate\\Filesystem\\Filesystem->getRequire('C:\\\\xampp\\\\htdocs...', Array)
#4 C:\\xampp\\htdocs\\evolucion2024\\vendor\\laravel\\framework\\src\\Illuminate\\View\\Engines\\CompilerEngine.php(70): Illuminate\\View\\Engines\\PhpEngine->evaluatePath('C:\\\\xampp\\\\htdocs...', Array)
#5 C:\\xampp\\htdocs\\evolucion2024\\vendor\\laravel\\framework\\src\\Illuminate\\View\\View.php(195): Illuminate\\View\\Engines\\CompilerEngine->get('C:\\\\xampp\\\\htdocs...', Array)
#6 C:\\xampp\\htdocs\\evolucion2024\\vendor\\laravel\\framework\\src\\Illuminate\\View\\View.php(178): Illuminate\\View\\View->getContents()
#7 C:\\xampp\\htdocs\\evolucion2024\\vendor\\laravel\\framework\\src\\Illuminate\\View\\View.php(147): Illuminate\\View\\View->renderContents()
#8 C:\\xampp\\htdocs\\evolucion2024\\vendor\\laravel\\framework\\src\\Illuminate\\Http\\Response.php(69): Illuminate\\View\\View->render()
#9 C:\\xampp\\htdocs\\evolucion2024\\vendor\\laravel\\framework\\src\\Illuminate\\Http\\Response.php(35): Illuminate\\Http\\Response->setContent(Object(Illuminate\\View\\View))
#10 C:\\xampp\\htdocs\\evolucion2024\\vendor\\laravel\\framework\\src\\Illuminate\\Routing\\Router.php(906): Illuminate\\Http\\Response->__construct(Object(Illuminate\\View\\View), 200, Array)
#11 C:\\xampp\\htdocs\\evolucion2024\\vendor\\laravel\\framework\\src\\Illuminate\\Routing\\Router.php(875): Illuminate\\Routing\\Router::toResponse(Object(Illuminate\\Http\\Request), Object(Illuminate\\View\\View))
#12 C:\\xampp\\htdocs\\evolucion2024\\vendor\\laravel\\framework\\src\\Illuminate\\Routing\\Router.php(798): Illuminate\\Routing\\Router->prepareResponse(Object(Illuminate\\Http\\Request), Object(Illuminate\\View\\View))
#13 C:\\xampp\\htdocs\\evolucion2024\\vendor\\laravel\\framework\\src\\Illuminate\\Pipeline\\Pipeline.php(141): Illuminate\\Routing\\Router->Illuminate\\Routing\\{closure}(Object(Illuminate\\Http\\Request))
#14 C:\\xampp\\htdocs\\evolucion2024\\app\\Http\\Middleware\\RedirectIfSessionExpired.php(25): Illuminate\\Pipeline\\Pipeline->Illuminate\\Pipeline\\{closure}(Object(Illuminate\\Http\\Request))
#15 C:\\xampp\\htdocs\\evolucion2024\\vendor\\laravel\\framework\\src\\Illuminate\\Pipeline\\Pipeline.php(180): App\\Http\\Middleware\\RedirectIfSessionExpired->handle(Object(Illuminate\\Http\\Request), Object(Closure))
#16 C:\\xampp\\htdocs\\evolucion2024\\vendor\\laravel\\framework\\src\\Illuminate\\Routing\\Middleware\\SubstituteBindings.php(50): Illuminate\\Pipeline\\Pipeline->Illuminate\\Pipeline\\{closure}(Object(Illuminate\\Http\\Request))
#17 C:\\xampp\\htdocs\\evolucion2024\\vendor\\laravel\\framework\\src\\Illuminate\\Pipeline\\Pipeline.php(180): Illuminate\\Routing\\Middleware\\SubstituteBindings->handle(Object(Illuminate\\Http\\Request), Object(Closure))
#18 C:\\xampp\\htdocs\\evolucion2024\\vendor\\laravel\\framework\\src\\Illuminate\\Foundation\\Http\\Middleware\\VerifyCsrfToken.php(78): Illuminate\\Pipeline\\Pipeline->Illuminate\\Pipeline\\{closure}(Object(Illuminate\\Http\\Request))
#19 C:\\xampp\\htdocs\\evolucion2024\\vendor\\laravel\\framework\\src\\Illuminate\\Pipeline\\Pipeline.php(180): Illuminate\\Foundation\\Http\\Middleware\\VerifyCsrfToken->handle(Object(Illuminate\\Http\\Request), Object(Closure))
#20 C:\\xampp\\htdocs\\evolucion2024\\vendor\\laravel\\framework\\src\\Illuminate\\View\\Middleware\\ShareErrorsFromSession.php(49): Illuminate\\Pipeline\\Pipeline->Illuminate\\Pipeline\\{closure}(Object(Illuminate\\Http\\Request))
#21 C:\\xampp\\htdocs\\evolucion2024\\vendor\\laravel\\framework\\src\\Illuminate\\Pipeline\\Pipeline.php(180): Illuminate\\View\\Middleware\\ShareErrorsFromSession->handle(Object(Illuminate\\Http\\Request), Object(Closure))
#22 C:\\xampp\\htdocs\\evolucion2024\\vendor\\laravel\\framework\\src\\Illuminate\\Session\\Middleware\\StartSession.php(121): Illuminate\\Pipeline\\Pipeline->Illuminate\\Pipeline\\{closure}(Object(Illuminate\\Http\\Request))
#23 C:\\xampp\\htdocs\\evolucion2024\\vendor\\laravel\\framework\\src\\Illuminate\\Session\\Middleware\\StartSession.php(64): Illuminate\\Session\\Middleware\\StartSession->handleStatefulRequest(Object(Illuminate\\Http\\Request), Object(Illuminate\\Session\\Store), Object(Closure))
#24 C:\\xampp\\htdocs\\evolucion2024\\vendor\\laravel\\framework\\src\\Illuminate\\Pipeline\\Pipeline.php(180): Illuminate\\Session\\Middleware\\StartSession->handle(Object(Illuminate\\Http\\Request), Object(Closure))
#25 C:\\xampp\\htdocs\\evolucion2024\\vendor\\laravel\\framework\\src\\Illuminate\\Cookie\\Middleware\\AddQueuedCookiesToResponse.php(37): Illuminate\\Pipeline\\Pipeline->Illuminate\\Pipeline\\{closure}(Object(Illuminate\\Http\\Request))
#26 C:\\xampp\\htdocs\\evolucion2024\\vendor\\laravel\\framework\\src\\Illuminate\\Pipeline\\Pipeline.php(180): Illuminate\\Cookie\\Middleware\\AddQueuedCookiesToResponse->handle(Object(Illuminate\\Http\\Request), Object(Closure))
#27 C:\\xampp\\htdocs\\evolucion2024\\vendor\\laravel\\framework\\src\\Illuminate\\Cookie\\Middleware\\EncryptCookies.php(67): Illuminate\\Pipeline\\Pipeline->Illuminate\\Pipeline\\{closure}(Object(Illuminate\\Http\\Request))
#28 C:\\xampp\\htdocs\\evolucion2024\\vendor\\laravel\\framework\\src\\Illuminate\\Pipeline\\Pipeline.php(180): Illuminate\\Cookie\\Middleware\\EncryptCookies->handle(Object(Illuminate\\Http\\Request), Object(Closure))
#29 C:\\xampp\\htdocs\\evolucion2024\\vendor\\laravel\\framework\\src\\Illuminate\\Pipeline\\Pipeline.php(116): Illuminate\\Pipeline\\Pipeline->Illuminate\\Pipeline\\{closure}(Object(Illuminate\\Http\\Request))
#30 C:\\xampp\\htdocs\\evolucion2024\\vendor\\laravel\\framework\\src\\Illuminate\\Routing\\Router.php(799): Illuminate\\Pipeline\\Pipeline->then(Object(Closure))
#31 C:\\xampp\\htdocs\\evolucion2024\\vendor\\laravel\\framework\\src\\Illuminate\\Routing\\Router.php(776): Illuminate\\Routing\\Router->runRouteWithinStack(Object(Illuminate\\Routing\\Route), Object(Illuminate\\Http\\Request))
#32 C:\\xampp\\htdocs\\evolucion2024\\vendor\\laravel\\framework\\src\\Illuminate\\Routing\\Router.php(740): Illuminate\\Routing\\Router->runRoute(Object(Illuminate\\Http\\Request), Object(Illuminate\\Routing\\Route))
#33 C:\\xampp\\htdocs\\evolucion2024\\vendor\\laravel\\framework\\src\\Illuminate\\Routing\\Router.php(729): Illuminate\\Routing\\Router->dispatchToRoute(Object(Illuminate\\Http\\Request))
#34 C:\\xampp\\htdocs\\evolucion2024\\vendor\\laravel\\framework\\src\\Illuminate\\Foundation\\Http\\Kernel.php(190): Illuminate\\Routing\\Router->dispatch(Object(Illuminate\\Http\\Request))
#35 C:\\xampp\\htdocs\\evolucion2024\\vendor\\laravel\\framework\\src\\Illuminate\\Pipeline\\Pipeline.php(141): Illuminate\\Foundation\\Http\\Kernel->Illuminate\\Foundation\\Http\\{closure}(Object(Illuminate\\Http\\Request))
#36 C:\\xampp\\htdocs\\evolucion2024\\vendor\\laravel\\framework\\src\\Illuminate\\Http\\Middleware\\TrustProxies.php(39): Illuminate\\Pipeline\\Pipeline->Illuminate\\Pipeline\\{closure}(Object(Illuminate\\Http\\Request))
#37 C:\\xampp\\htdocs\\evolucion2024\\vendor\\laravel\\framework\\src\\Illuminate\\Pipeline\\Pipeline.php(180): Illuminate\\Http\\Middleware\\TrustProxies->handle(Object(Illuminate\\Http\\Request), Object(Closure))
#38 C:\\xampp\\htdocs\\evolucion2024\\vendor\\laravel\\framework\\src\\Illuminate\\Foundation\\Http\\Middleware\\TransformsRequest.php(21): Illuminate\\Pipeline\\Pipeline->Illuminate\\Pipeline\\{closure}(Object(Illuminate\\Http\\Request))
#39 C:\\xampp\\htdocs\\evolucion2024\\vendor\\laravel\\framework\\src\\Illuminate\\Foundation\\Http\\Middleware\\ConvertEmptyStringsToNull.php(31): Illuminate\\Foundation\\Http\\Middleware\\TransformsRequest->handle(Object(Illuminate\\Http\\Request), Object(Closure))
#40 C:\\xampp\\htdocs\\evolucion2024\\vendor\\laravel\\framework\\src\\Illuminate\\Pipeline\\Pipeline.php(180): Illuminate\\Foundation\\Http\\Middleware\\ConvertEmptyStringsToNull->handle(Object(Illuminate\\Http\\Request), Object(Closure))
#41 C:\\xampp\\htdocs\\evolucion2024\\vendor\\laravel\\framework\\src\\Illuminate\\Foundation\\Http\\Middleware\\TransformsRequest.php(21): Illuminate\\Pipeline\\Pipeline->Illuminate\\Pipeline\\{closure}(Object(Illuminate\\Http\\Request))
#42 C:\\xampp\\htdocs\\evolucion2024\\vendor\\laravel\\framework\\src\\Illuminate\\Foundation\\Http\\Middleware\\TrimStrings.php(40): Illuminate\\Foundation\\Http\\Middleware\\TransformsRequest->handle(Object(Illuminate\\Http\\Request), Object(Closure))
#43 C:\\xampp\\htdocs\\evolucion2024\\vendor\\laravel\\framework\\src\\Illuminate\\Pipeline\\Pipeline.php(180): Illuminate\\Foundation\\Http\\Middleware\\TrimStrings->handle(Object(Illuminate\\Http\\Request), Object(Closure))
#44 C:\\xampp\\htdocs\\evolucion2024\\vendor\\laravel\\framework\\src\\Illuminate\\Foundation\\Http\\Middleware\\ValidatePostSize.php(27): Illuminate\\Pipeline\\Pipeline->Illuminate\\Pipeline\\{closure}(Object(Illuminate\\Http\\Request))
#45 C:\\xampp\\htdocs\\evolucion2024\\vendor\\laravel\\framework\\src\\Illuminate\\Pipeline\\Pipeline.php(180): Illuminate\\Foundation\\Http\\Middleware\\ValidatePostSize->handle(Object(Illuminate\\Http\\Request), Object(Closure))
#46 C:\\xampp\\htdocs\\evolucion2024\\vendor\\laravel\\framework\\src\\Illuminate\\Foundation\\Http\\Middleware\\PreventRequestsDuringMaintenance.php(86): Illuminate\\Pipeline\\Pipeline->Illuminate\\Pipeline\\{closure}(Object(Illuminate\\Http\\Request))
#47 C:\\xampp\\htdocs\\evolucion2024\\vendor\\laravel\\framework\\src\\Illuminate\\Pipeline\\Pipeline.php(180): Illuminate\\Foundation\\Http\\Middleware\\PreventRequestsDuringMaintenance->handle(Object(Illuminate\\Http\\Request), Object(Closure))
#48 C:\\xampp\\htdocs\\evolucion2024\\vendor\\laravel\\framework\\src\\Illuminate\\Pipeline\\Pipeline.php(116): Illuminate\\Pipeline\\Pipeline->Illuminate\\Pipeline\\{closure}(Object(Illuminate\\Http\\Request))
#49 C:\\xampp\\htdocs\\evolucion2024\\vendor\\laravel\\framework\\src\\Illuminate\\Foundation\\Http\\Kernel.php(165): Illuminate\\Pipeline\\Pipeline->then(Object(Closure))
#50 C:\\xampp\\htdocs\\evolucion2024\\vendor\\laravel\\framework\\src\\Illuminate\\Foundation\\Http\\Kernel.php(134): Illuminate\\Foundation\\Http\\Kernel->sendRequestThroughRouter(Object(Illuminate\\Http\\Request))
#51 C:\\xampp\\htdocs\\evolucion2024\\public\\index.php(55): Illuminate\\Foundation\\Http\\Kernel->handle(Object(Illuminate\\Http\\Request))
#52 C:\\xampp\\htdocs\\evolucion2024\\server.php(21): require_once('C:\\\\xampp\\\\htdocs...')
#53 {main}
"} 
[2025-02-05 17:03:15] production.ERROR: Undefined property: stdClass::$estado {"view":{"view":"C:\\xampp\\htdocs\\evolucion2024\\resources\\views\\retroalimentacion\\comentarios.blade.php","data":{"errors":"<pre class=sf-dump id=sf-dump-1025792937 data-indent-pad=\"  \"><span class=sf-dump-note>Illuminate\\Support\\ViewErrorBag</span> {<a class=sf-dump-ref>#1717</a><samp data-depth=1 class=sf-dump-expanded>
  #<span class=sf-dump-protected title=\"Protected property\">bags</span>: []
</samp>}
</pre><script>Sfdump(\"sf-dump-1025792937\", {\"maxDepth\":3,\"maxStringLength\":160})</script>
","retos":"<pre class=sf-dump id=sf-dump-479334824 data-indent-pad=\"  \"><span class=sf-dump-note>array:1</span> [<samp data-depth=1 class=sf-dump-expanded>
  <span class=sf-dump-key>1</span> => <span class=sf-dump-note>array:7</span> [<samp data-depth=2 class=sf-dump-compact>
    <span class=sf-dump-index>0</span> => {<a class=sf-dump-ref>#1745</a><samp data-depth=3 class=sf-dump-compact>
      +\"<span class=sf-dump-public title=\"Runtime added dynamic property\">challenge_id</span>\": <span class=sf-dump-num>1</span>
      +\"<span class=sf-dump-public title=\"Runtime added dynamic property\">name</span>\": \"<span class=sf-dump-str title=\"30 characters\">0.1.1 &#191;De qu&#233; trata todo esto?</span>\"
      +\"<span class=sf-dump-public title=\"Runtime added dynamic property\">respuesta</span>\": <span class=sf-dump-const>null</span>
      +\"<span class=sf-dump-public title=\"Runtime added dynamic property\">des</span>\": \"\"\"
        <span class=sf-dump-str title=\"195 characters\">En este reto te dar&#225;s cuenta de las generalidades de G-Learning. <span class=\"sf-dump-default sf-dump-ns\">\\r\\n</span></span>
        <span class=sf-dump-str title=\"195 characters\">Por favor, al finalizar el video deberas dar respuesta a la siguiente pregunta: &#191;Porqu&#233; consideras importante crecer como l&#237;der?</span>
        \"\"\"
      +\"<span class=sf-dump-public title=\"Runtime added dynamic property\">tipo</span>\": \"<span class=sf-dump-str title=\"9 characters\">Ver Video</span>\"
      +\"<span class=sf-dump-public title=\"Runtime added dynamic property\">idtipo</span>\": <span class=sf-dump-num>5</span>
      +\"<span class=sf-dump-public title=\"Runtime added dynamic property\">capitulo</span>\": \"<span class=sf-dump-str title=\"10 characters\">Cap&#237;tulo 1</span>\"
      +\"<span class=sf-dump-public title=\"Runtime added dynamic property\">cap</span>\": <span class=sf-dump-num>1</span>
      +\"<span class=sf-dump-public title=\"Runtime added dynamic property\">comentario</span>\": <span class=sf-dump-const>null</span>
      +\"<span class=sf-dump-public title=\"Runtime added dynamic property\">material</span>\": \"\"
      +\"<span class=sf-dump-public title=\"Runtime added dynamic property\">urlvideo</span>\": \"<span class=sf-dump-str title=\"18 characters\">Tutorial_0_1_1.mp4</span>\"
    </samp>}
    <span class=sf-dump-index>1</span> => {<a class=sf-dump-ref>#1754</a><samp data-depth=3 class=sf-dump-compact>
      +\"<span class=sf-dump-public title=\"Runtime added dynamic property\">challenge_id</span>\": <span class=sf-dump-num>2</span>
      +\"<span class=sf-dump-public title=\"Runtime added dynamic property\">name</span>\": \"<span class=sf-dump-str title=\"20 characters\">0.1.2 Tipos de retos</span>\"
      +\"<span class=sf-dump-public title=\"Runtime added dynamic property\">respuesta</span>\": <span class=sf-dump-const>null</span>
      +\"<span class=sf-dump-public title=\"Runtime added dynamic property\">des</span>\": \"<span class=sf-dump-str title=\"180 characters\">En este reto conocer&#225;s los tipos de retos a los cuales te enfrentaras en esta historia. Por favor, al finalizar el video deberas explicar brevemente los tipos de retos que existen.</span>\"
      +\"<span class=sf-dump-public title=\"Runtime added dynamic property\">tipo</span>\": \"<span class=sf-dump-str title=\"9 characters\">Ver Video</span>\"
      +\"<span class=sf-dump-public title=\"Runtime added dynamic property\">idtipo</span>\": <span class=sf-dump-num>5</span>
      +\"<span class=sf-dump-public title=\"Runtime added dynamic property\">capitulo</span>\": \"<span class=sf-dump-str title=\"10 characters\">Cap&#237;tulo 1</span>\"
      +\"<span class=sf-dump-public title=\"Runtime added dynamic property\">cap</span>\": <span class=sf-dump-num>1</span>
      +\"<span class=sf-dump-public title=\"Runtime added dynamic property\">comentario</span>\": <span class=sf-dump-const>null</span>
      +\"<span class=sf-dump-public title=\"Runtime added dynamic property\">material</span>\": \"\"
      +\"<span class=sf-dump-public title=\"Runtime added dynamic property\">urlvideo</span>\": \"<span class=sf-dump-str title=\"18 characters\">tutorial_0_1_2.mp4</span>\"
    </samp>}
    <span class=sf-dump-index>2</span> => {<a class=sf-dump-ref>#1755</a><samp data-depth=3 class=sf-dump-compact>
      +\"<span class=sf-dump-public title=\"Runtime added dynamic property\">challenge_id</span>\": <span class=sf-dump-num>3</span>
      +\"<span class=sf-dump-public title=\"Runtime added dynamic property\">name</span>\": \"<span class=sf-dump-str title=\"30 characters\">0.1.3 &#191;Qu&#233; es una competencia?</span>\"
      +\"<span class=sf-dump-public title=\"Runtime added dynamic property\">respuesta</span>\": <span class=sf-dump-const>null</span>
      +\"<span class=sf-dump-public title=\"Runtime added dynamic property\">des</span>\": \"\"\"
        <span class=sf-dump-str title=\"389 characters\">Para este reto, deber&#225;s ver el video del reto  y al finalizar deberas responder en este espacio la siguiente actividad:<span class=\"sf-dump-default sf-dump-ns\">\\r\\n</span></span>
        <span class=sf-dump-str title=\"389 characters\"><span class=\"sf-dump-default sf-dump-ns\">\\r\\n</span></span>
        <span class=sf-dump-str title=\"389 characters\">Piensa en c&#243;mo te encuentras en las competencias de Auto Liderazgo, Administraci&#243;n del Tiempo y Retroalimentaci&#243;n a las personas. A cada una de estas 3 competencias  las vas a calificar como MUY BIEN, REGULAR o EN DESARROLLO  y cu&#233;ntanos el motivo de cada respuesta.</span>
        \"\"\"
      +\"<span class=sf-dump-public title=\"Runtime added dynamic property\">tipo</span>\": \"<span class=sf-dump-str title=\"9 characters\">Ver Video</span>\"
      +\"<span class=sf-dump-public title=\"Runtime added dynamic property\">idtipo</span>\": <span class=sf-dump-num>5</span>
      +\"<span class=sf-dump-public title=\"Runtime added dynamic property\">capitulo</span>\": \"<span class=sf-dump-str title=\"10 characters\">Cap&#237;tulo 1</span>\"
      +\"<span class=sf-dump-public title=\"Runtime added dynamic property\">cap</span>\": <span class=sf-dump-num>1</span>
      +\"<span class=sf-dump-public title=\"Runtime added dynamic property\">comentario</span>\": <span class=sf-dump-const>null</span>
      +\"<span class=sf-dump-public title=\"Runtime added dynamic property\">material</span>\": \"\"
      +\"<span class=sf-dump-public title=\"Runtime added dynamic property\">urlvideo</span>\": \"<span class=sf-dump-str title=\"18 characters\">tutorial_0_1_3.mp4</span>\"
    </samp>}
    <span class=sf-dump-index>3</span> => {<a class=sf-dump-ref>#1753</a><samp data-depth=3 class=sf-dump-compact>
      +\"<span class=sf-dump-public title=\"Runtime added dynamic property\">challenge_id</span>\": <span class=sf-dump-num>11</span>
      +\"<span class=sf-dump-public title=\"Runtime added dynamic property\">name</span>\": \"<span class=sf-dump-str title=\"17 characters\">0.1.4 Quiz Tema 1</span>\"
      +\"<span class=sf-dump-public title=\"Runtime added dynamic property\">respuesta</span>\": <span class=sf-dump-const>null</span>
      +\"<span class=sf-dump-public title=\"Runtime added dynamic property\">des</span>\": \"<span class=sf-dump-str title=\"46 characters\">&#161; Es hora de validar que tanto has aprendido !</span>\"
      +\"<span class=sf-dump-public title=\"Runtime added dynamic property\">tipo</span>\": \"<span class=sf-dump-str title=\"6 characters\">Q&#252;ices</span>\"
      +\"<span class=sf-dump-public title=\"Runtime added dynamic property\">idtipo</span>\": <span class=sf-dump-num>1</span>
      +\"<span class=sf-dump-public title=\"Runtime added dynamic property\">capitulo</span>\": \"<span class=sf-dump-str title=\"10 characters\">Cap&#237;tulo 1</span>\"
      +\"<span class=sf-dump-public title=\"Runtime added dynamic property\">cap</span>\": <span class=sf-dump-num>1</span>
      +\"<span class=sf-dump-public title=\"Runtime added dynamic property\">comentario</span>\": <span class=sf-dump-const>null</span>
      +\"<span class=sf-dump-public title=\"Runtime added dynamic property\">material</span>\": \"\"
      +\"<span class=sf-dump-public title=\"Runtime added dynamic property\">urlvideo</span>\": <span class=sf-dump-const>null</span>
    </samp>}
    <span class=sf-dump-index>4</span> => {<a class=sf-dump-ref>#1756</a><samp data-depth=3 class=sf-dump-compact>
      +\"<span class=sf-dump-public title=\"Runtime added dynamic property\">challenge_id</span>\": <span class=sf-dump-num>5</span>
      +\"<span class=sf-dump-public title=\"Runtime added dynamic property\">name</span>\": \"<span class=sf-dump-str title=\"21 characters\">0.2.1 Ver la historia</span>\"
      +\"<span class=sf-dump-public title=\"Runtime added dynamic property\">respuesta</span>\": <span class=sf-dump-const>null</span>
      +\"<span class=sf-dump-public title=\"Runtime added dynamic property\">des</span>\": \"<span class=sf-dump-str title=\"325 characters\">A continuaci&#243;n deberas ver el video con el inicio de la historia de G-Learning, ten a mano cuaderno y lapicero porque deberas al finalizar contestar las siguientes preguntas: &#191;Qu&#233; le sucedi&#243; a la tierra? &#191;En qu&#233; y porqu&#233; se convirtieron las personas que decidieron salir al espacio? &#191;Qu&#233; se espera de este equipo de viajeros?</span>\"
      +\"<span class=sf-dump-public title=\"Runtime added dynamic property\">tipo</span>\": \"<span class=sf-dump-str title=\"9 characters\">Ver Video</span>\"
      +\"<span class=sf-dump-public title=\"Runtime added dynamic property\">idtipo</span>\": <span class=sf-dump-num>5</span>
      +\"<span class=sf-dump-public title=\"Runtime added dynamic property\">capitulo</span>\": \"<span class=sf-dump-str title=\"10 characters\">Cap&#237;tulo 1</span>\"
      +\"<span class=sf-dump-public title=\"Runtime added dynamic property\">cap</span>\": <span class=sf-dump-num>1</span>
      +\"<span class=sf-dump-public title=\"Runtime added dynamic property\">comentario</span>\": <span class=sf-dump-const>null</span>
      +\"<span class=sf-dump-public title=\"Runtime added dynamic property\">material</span>\": \"\"
      +\"<span class=sf-dump-public title=\"Runtime added dynamic property\">urlvideo</span>\": \"<span class=sf-dump-str title=\"22 characters\">historia_evolucion.mp4</span>\"
    </samp>}
    <span class=sf-dump-index>5</span> => {<a class=sf-dump-ref>#1757</a><samp data-depth=3 class=sf-dump-compact>
      +\"<span class=sf-dump-public title=\"Runtime added dynamic property\">challenge_id</span>\": <span class=sf-dump-num>6</span>
      +\"<span class=sf-dump-public title=\"Runtime added dynamic property\">name</span>\": \"<span class=sf-dump-str title=\"16 characters\">0.2.2 Personajes</span>\"
      +\"<span class=sf-dump-public title=\"Runtime added dynamic property\">respuesta</span>\": \"<span class=sf-dump-str title=\"37 characters\">[&quot;MEMOREX&quot;,&quot;SABIUS&quot;,&quot;MAKER&quot;,&quot;LINGUO&quot;]</span>\"
      +\"<span class=sf-dump-public title=\"Runtime added dynamic property\">des</span>\": \"<span class=sf-dump-str title=\"41 characters\">Encuentra los 4 personajes de la historia</span>\"
      +\"<span class=sf-dump-public title=\"Runtime added dynamic property\">tipo</span>\": \"<span class=sf-dump-str title=\"14 characters\">Sopa de Letras</span>\"
      +\"<span class=sf-dump-public title=\"Runtime added dynamic property\">idtipo</span>\": <span class=sf-dump-num>3</span>
      +\"<span class=sf-dump-public title=\"Runtime added dynamic property\">capitulo</span>\": \"<span class=sf-dump-str title=\"10 characters\">Cap&#237;tulo 1</span>\"
      +\"<span class=sf-dump-public title=\"Runtime added dynamic property\">cap</span>\": <span class=sf-dump-num>1</span>
      +\"<span class=sf-dump-public title=\"Runtime added dynamic property\">comentario</span>\": <span class=sf-dump-const>null</span>
      +\"<span class=sf-dump-public title=\"Runtime added dynamic property\">material</span>\": \"\"
      +\"<span class=sf-dump-public title=\"Runtime added dynamic property\">urlvideo</span>\": <span class=sf-dump-const>null</span>
    </samp>}
    <span class=sf-dump-index>6</span> => {<a class=sf-dump-ref>#1758</a><samp data-depth=3 class=sf-dump-compact>
      +\"<span class=sf-dump-public title=\"Runtime added dynamic property\">challenge_id</span>\": <span class=sf-dump-num>7</span>
      +\"<span class=sf-dump-public title=\"Runtime added dynamic property\">name</span>\": \"<span class=sf-dump-str title=\"19 characters\">0.2.3 Tu compromiso</span>\"
      +\"<span class=sf-dump-public title=\"Runtime added dynamic property\">respuesta</span>\": <span class=sf-dump-const>null</span>
      +\"<span class=sf-dump-public title=\"Runtime added dynamic property\">des</span>\": \"\"\"
        <span class=sf-dump-str title=\"354 characters\">Ha llegado el momento en que pienses en tu compromiso hacia este proceso formativo. Por favor escribe en este espacio a que te comprometes, que vas a dar de t&#237; a este proceso formativo y al final piensa que consideras que deber&#237;a pasar para sentir que vali&#243; la pena todo este esfuerzo. <span class=\"sf-dump-default sf-dump-ns\">\\r\\n</span></span>
        <span class=sf-dump-str title=\"354 characters\">Puedes subir una imagen que represente para t&#237; lo que es un l&#237;der.</span>
        \"\"\"
      +\"<span class=sf-dump-public title=\"Runtime added dynamic property\">tipo</span>\": \"<span class=sf-dump-str title=\"13 characters\">Salir a Hacer</span>\"
      +\"<span class=sf-dump-public title=\"Runtime added dynamic property\">idtipo</span>\": <span class=sf-dump-num>8</span>
      +\"<span class=sf-dump-public title=\"Runtime added dynamic property\">capitulo</span>\": \"<span class=sf-dump-str title=\"10 characters\">Cap&#237;tulo 1</span>\"
      +\"<span class=sf-dump-public title=\"Runtime added dynamic property\">cap</span>\": <span class=sf-dump-num>1</span>
      +\"<span class=sf-dump-public title=\"Runtime added dynamic property\">comentario</span>\": <span class=sf-dump-const>null</span>
      +\"<span class=sf-dump-public title=\"Runtime added dynamic property\">material</span>\": \"\"
      +\"<span class=sf-dump-public title=\"Runtime added dynamic property\">urlvideo</span>\": <span class=sf-dump-const>null</span>
    </samp>}
  </samp>]
</samp>]
</pre><script>Sfdump(\"sf-dump-479334824\", {\"maxDepth\":3,\"maxStringLength\":160})</script>
","lecturas":"<pre class=sf-dump id=sf-dump-2127720965 data-indent-pad=\"  \"><span class=sf-dump-note>Illuminate\\Support\\Collection</span> {<a class=sf-dump-ref>#1747</a><samp data-depth=1 class=sf-dump-expanded>
  #<span class=sf-dump-protected title=\"Protected property\">items</span>: []
  #<span class=sf-dump-protected title=\"Protected property\">escapeWhenCastingToString</span>: <span class=sf-dump-const>false</span>
</samp>}
</pre><script>Sfdump(\"sf-dump-2127720965\", {\"maxDepth\":3,\"maxStringLength\":160})</script>
","videos":"<pre class=sf-dump id=sf-dump-1425383462 data-indent-pad=\"  \"><span class=sf-dump-note>Illuminate\\Support\\Collection</span> {<a class=sf-dump-ref>#1737</a><samp data-depth=1 class=sf-dump-expanded>
  #<span class=sf-dump-protected title=\"Protected property\">items</span>: <span class=sf-dump-note>array:4</span> [<samp data-depth=2 class=sf-dump-compact>
    <span class=sf-dump-index>0</span> => {<a class=sf-dump-ref>#1743</a><samp data-depth=3 class=sf-dump-compact>
      +\"<span class=sf-dump-public title=\"Runtime added dynamic property\">id_challenge</span>\": <span class=sf-dump-num>1</span>
      +\"<span class=sf-dump-public title=\"Runtime added dynamic property\">id_user</span>\": <span class=sf-dump-num>671</span>
      +\"<span class=sf-dump-public title=\"Runtime added dynamic property\">respuesta</span>\": \"<span class=sf-dump-str title=\"193 characters\">En este reto te dar&#225;s cuenta de las generalidades de G-Learning. Por favor, al finalizar el video deberas dar respuesta a la siguiente pregunta: &#191;Porqu&#233; consideras importante crecer como l&#237;der?</span>\"
      +\"<span class=sf-dump-public title=\"Runtime added dynamic property\">idvideo</span>\": <span class=sf-dump-num>4139</span>
      +\"<span class=sf-dump-public title=\"Runtime added dynamic property\">comentario</span>\": \"\"
      +\"<span class=sf-dump-public title=\"Runtime added dynamic property\">des</span>\": \"\"\"
        <span class=sf-dump-str title=\"195 characters\">En este reto te dar&#225;s cuenta de las generalidades de G-Learning. <span class=\"sf-dump-default sf-dump-ns\">\\r\\n</span></span>
        <span class=sf-dump-str title=\"195 characters\">Por favor, al finalizar el video deberas dar respuesta a la siguiente pregunta: &#191;Porqu&#233; consideras importante crecer como l&#237;der?</span>
        \"\"\"
      +\"<span class=sf-dump-public title=\"Runtime added dynamic property\">estado</span>\": <span class=sf-dump-num>0</span>
    </samp>}
    <span class=sf-dump-index>1</span> => {<a class=sf-dump-ref>#1766</a><samp data-depth=3 class=sf-dump-compact>
      +\"<span class=sf-dump-public title=\"Runtime added dynamic property\">id_challenge</span>\": <span class=sf-dump-num>2</span>
      +\"<span class=sf-dump-public title=\"Runtime added dynamic property\">id_user</span>\": <span class=sf-dump-num>671</span>
      +\"<span class=sf-dump-public title=\"Runtime added dynamic property\">respuesta</span>\": \"<span class=sf-dump-str title=\"193 characters\">En este reto te dar&#225;s cuenta de las generalidades de G-Learning. Por favor, al finalizar el video deberas dar respuesta a la siguiente pregunta: &#191;Porqu&#233; consideras importante crecer como l&#237;der?</span>\"
      +\"<span class=sf-dump-public title=\"Runtime added dynamic property\">idvideo</span>\": <span class=sf-dump-num>4140</span>
      +\"<span class=sf-dump-public title=\"Runtime added dynamic property\">comentario</span>\": \"\"
      +\"<span class=sf-dump-public title=\"Runtime added dynamic property\">des</span>\": \"<span class=sf-dump-str title=\"180 characters\">En este reto conocer&#225;s los tipos de retos a los cuales te enfrentaras en esta historia. Por favor, al finalizar el video deberas explicar brevemente los tipos de retos que existen.</span>\"
      +\"<span class=sf-dump-public title=\"Runtime added dynamic property\">estado</span>\": <span class=sf-dump-num>0</span>
    </samp>}
    <span class=sf-dump-index>2</span> => {<a class=sf-dump-ref>#1764</a><samp data-depth=3 class=sf-dump-compact>
      +\"<span class=sf-dump-public title=\"Runtime added dynamic property\">id_challenge</span>\": <span class=sf-dump-num>3</span>
      +\"<span class=sf-dump-public title=\"Runtime added dynamic property\">id_user</span>\": <span class=sf-dump-num>671</span>
      +\"<span class=sf-dump-public title=\"Runtime added dynamic property\">respuesta</span>\": \"<span class=sf-dump-str title=\"193 characters\">En este reto te dar&#225;s cuenta de las generalidades de G-Learning. Por favor, al finalizar el video deberas dar respuesta a la siguiente pregunta: &#191;Porqu&#233; consideras importante crecer como l&#237;der?</span>\"
      +\"<span class=sf-dump-public title=\"Runtime added dynamic property\">idvideo</span>\": <span class=sf-dump-num>4141</span>
      +\"<span class=sf-dump-public title=\"Runtime added dynamic property\">comentario</span>\": \"\"
      +\"<span class=sf-dump-public title=\"Runtime added dynamic property\">des</span>\": \"\"\"
        <span class=sf-dump-str title=\"389 characters\">Para este reto, deber&#225;s ver el video del reto  y al finalizar deberas responder en este espacio la siguiente actividad:<span class=\"sf-dump-default sf-dump-ns\">\\r\\n</span></span>
        <span class=sf-dump-str title=\"389 characters\"><span class=\"sf-dump-default sf-dump-ns\">\\r\\n</span></span>
        <span class=sf-dump-str title=\"389 characters\">Piensa en c&#243;mo te encuentras en las competencias de Auto Liderazgo, Administraci&#243;n del Tiempo y Retroalimentaci&#243;n a las personas. A cada una de estas 3 competencias  las vas a calificar como MUY BIEN, REGULAR o EN DESARROLLO  y cu&#233;ntanos el motivo de cada respuesta.</span>
        \"\"\"
      +\"<span class=sf-dump-public title=\"Runtime added dynamic property\">estado</span>\": <span class=sf-dump-num>0</span>
    </samp>}
    <span class=sf-dump-index>3</span> => {<a class=sf-dump-ref>#1760</a><samp data-depth=3 class=sf-dump-compact>
      +\"<span class=sf-dump-public title=\"Runtime added dynamic property\">id_challenge</span>\": <span class=sf-dump-num>5</span>
      +\"<span class=sf-dump-public title=\"Runtime added dynamic property\">id_user</span>\": <span class=sf-dump-num>671</span>
      +\"<span class=sf-dump-public title=\"Runtime added dynamic property\">respuesta</span>\": \"<span class=sf-dump-str title=\"325 characters\">A continuaci&#243;n deberas ver el video con el inicio de la historia de G-Learning, ten a mano cuaderno y lapicero porque deberas al finalizar contestar las siguientes preguntas: &#191;Qu&#233; le sucedi&#243; a la tierra? &#191;En qu&#233; y porqu&#233; se convirtieron las personas que decidieron salir al espacio? &#191;Qu&#233; se espera de este equipo de viajeros?</span>\"
      +\"<span class=sf-dump-public title=\"Runtime added dynamic property\">idvideo</span>\": <span class=sf-dump-num>4142</span>
      +\"<span class=sf-dump-public title=\"Runtime added dynamic property\">comentario</span>\": \"\"
      +\"<span class=sf-dump-public title=\"Runtime added dynamic property\">des</span>\": \"<span class=sf-dump-str title=\"325 characters\">A continuaci&#243;n deberas ver el video con el inicio de la historia de G-Learning, ten a mano cuaderno y lapicero porque deberas al finalizar contestar las siguientes preguntas: &#191;Qu&#233; le sucedi&#243; a la tierra? &#191;En qu&#233; y porqu&#233; se convirtieron las personas que decidieron salir al espacio? &#191;Qu&#233; se espera de este equipo de viajeros?</span>\"
      +\"<span class=sf-dump-public title=\"Runtime added dynamic property\">estado</span>\": <span class=sf-dump-num>1</span>
    </samp>}
  </samp>]
  #<span class=sf-dump-protected title=\"Protected property\">escapeWhenCastingToString</span>: <span class=sf-dump-const>false</span>
</samp>}
</pre><script>Sfdump(\"sf-dump-1425383462\", {\"maxDepth\":3,\"maxStringLength\":160})</script>
","pictures":"<pre class=sf-dump id=sf-dump-875876691 data-indent-pad=\"  \"><span class=sf-dump-note>Illuminate\\Support\\Collection</span> {<a class=sf-dump-ref>#1736</a><samp data-depth=1 class=sf-dump-expanded>
  #<span class=sf-dump-protected title=\"Protected property\">items</span>: []
  #<span class=sf-dump-protected title=\"Protected property\">escapeWhenCastingToString</span>: <span class=sf-dump-const>false</span>
</samp>}
</pre><script>Sfdump(\"sf-dump-875876691\", {\"maxDepth\":3,\"maxStringLength\":160})</script>
","comcat":"<pre class=sf-dump id=sf-dump-1200972567 data-indent-pad=\"  \"><span class=sf-dump-note>Illuminate\\Database\\Eloquent\\Collection</span> {<a class=sf-dump-ref>#1752</a><samp data-depth=1 class=sf-dump-expanded>
  #<span class=sf-dump-protected title=\"Protected property\">items</span>: []
  #<span class=sf-dump-protected title=\"Protected property\">escapeWhenCastingToString</span>: <span class=sf-dump-const>false</span>
</samp>}
</pre><script>Sfdump(\"sf-dump-1200972567\", {\"maxDepth\":3,\"maxStringLength\":160})</script>
","salidas":"<pre class=sf-dump id=sf-dump-636523494 data-indent-pad=\"  \"><span class=sf-dump-note>Illuminate\\Support\\Collection</span> {<a class=sf-dump-ref>#1763</a><samp data-depth=1 class=sf-dump-expanded>
  #<span class=sf-dump-protected title=\"Protected property\">items</span>: <span class=sf-dump-note>array:1</span> [<samp data-depth=2 class=sf-dump-compact>
    <span class=sf-dump-index>0</span> => {<a class=sf-dump-ref>#1768</a><samp data-depth=3 class=sf-dump-compact>
      +\"<span class=sf-dump-public title=\"Runtime added dynamic property\">id_challenge</span>\": <span class=sf-dump-num>7</span>
      +\"<span class=sf-dump-public title=\"Runtime added dynamic property\">id_user</span>\": <span class=sf-dump-num>671</span>
      +\"<span class=sf-dump-public title=\"Runtime added dynamic property\">respuesta</span>\": \"<span class=sf-dump-str title=\"184 characters\">Ha llegado el momento en que pienses en tu compromiso hacia este proceso formativo. Por favor escribe en este espacio a que te comprometes, que vas a dar de t&#237; a este proceso formativo</span>\"
      +\"<span class=sf-dump-public title=\"Runtime added dynamic property\">img</span>\": \"<span class=sf-dump-str title=\"21 characters\">outdoor1738771503.png</span>\"
      +\"<span class=sf-dump-public title=\"Runtime added dynamic property\">video</span>\": <span class=sf-dump-const>null</span>
      +\"<span class=sf-dump-public title=\"Runtime added dynamic property\">idout</span>\": <span class=sf-dump-num>989</span>
      +\"<span class=sf-dump-public title=\"Runtime added dynamic property\">comentario</span>\": \"\"
      +\"<span class=sf-dump-public title=\"Runtime added dynamic property\">des</span>\": \"\"\"
        <span class=sf-dump-str title=\"354 characters\">Ha llegado el momento en que pienses en tu compromiso hacia este proceso formativo. Por favor escribe en este espacio a que te comprometes, que vas a dar de t&#237; a este proceso formativo y al final piensa que consideras que deber&#237;a pasar para sentir que vali&#243; la pena todo este esfuerzo. <span class=\"sf-dump-default sf-dump-ns\">\\r\\n</span></span>
        <span class=sf-dump-str title=\"354 characters\">Puedes subir una imagen que represente para t&#237; lo que es un l&#237;der.</span>
        \"\"\"
      +\"<span class=sf-dump-public title=\"Runtime added dynamic property\">estado</span>\": <span class=sf-dump-num>1</span>
    </samp>}
  </samp>]
  #<span class=sf-dump-protected title=\"Protected property\">escapeWhenCastingToString</span>: <span class=sf-dump-const>false</span>
</samp>}
</pre><script>Sfdump(\"sf-dump-636523494\", {\"maxDepth\":3,\"maxStringLength\":160})</script>
"}},"userId":671,"exception":"[object] (Spatie\\LaravelIgnition\\Exceptions\\ViewException(code: 0): Undefined property: stdClass::$estado at C:\\xampp\\htdocs\\evolucion2024\\resources\\views\\retroalimentacion\\comentarios.blade.php:143)
[stacktrace]
#0 C:\\xampp\\htdocs\\evolucion2024\\vendor\\laravel\\framework\\src\\Illuminate\\Foundation\\Bootstrap\\HandleExceptions.php(270): Illuminate\\Foundation\\Bootstrap\\HandleExceptions->handleError(2, 'Undefined prope...', 'C:\\\\xampp\\\\htdocs...', 143)
#1 C:\\xampp\\htdocs\\evolucion2024\\resources\\views\\retroalimentacion\\comentarios.blade.php(143): Illuminate\\Foundation\\Bootstrap\\HandleExceptions->Illuminate\\Foundation\\Bootstrap\\{closure}(2, 'Undefined prope...', 'C:\\\\xampp\\\\htdocs...', 143)
#2 C:\\xampp\\htdocs\\evolucion2024\\vendor\\laravel\\framework\\src\\Illuminate\\Filesystem\\Filesystem.php(109): require('C:\\\\xampp\\\\htdocs...')
#3 C:\\xampp\\htdocs\\evolucion2024\\vendor\\laravel\\framework\\src\\Illuminate\\Filesystem\\Filesystem.php(110): Illuminate\\Filesystem\\Filesystem::Illuminate\\Filesystem\\{closure}()
#4 C:\\xampp\\htdocs\\evolucion2024\\vendor\\laravel\\framework\\src\\Illuminate\\View\\Engines\\PhpEngine.php(58): Illuminate\\Filesystem\\Filesystem->getRequire('C:\\\\xampp\\\\htdocs...', Array)
#5 C:\\xampp\\htdocs\\evolucion2024\\vendor\\laravel\\framework\\src\\Illuminate\\View\\Engines\\CompilerEngine.php(70): Illuminate\\View\\Engines\\PhpEngine->evaluatePath('C:\\\\xampp\\\\htdocs...', Array)
#6 C:\\xampp\\htdocs\\evolucion2024\\vendor\\laravel\\framework\\src\\Illuminate\\View\\View.php(195): Illuminate\\View\\Engines\\CompilerEngine->get('C:\\\\xampp\\\\htdocs...', Array)
#7 C:\\xampp\\htdocs\\evolucion2024\\vendor\\laravel\\framework\\src\\Illuminate\\View\\View.php(178): Illuminate\\View\\View->getContents()
#8 C:\\xampp\\htdocs\\evolucion2024\\vendor\\laravel\\framework\\src\\Illuminate\\View\\View.php(147): Illuminate\\View\\View->renderContents()
#9 C:\\xampp\\htdocs\\evolucion2024\\vendor\\laravel\\framework\\src\\Illuminate\\Http\\Response.php(69): Illuminate\\View\\View->render()
#10 C:\\xampp\\htdocs\\evolucion2024\\vendor\\laravel\\framework\\src\\Illuminate\\Http\\Response.php(35): Illuminate\\Http\\Response->setContent(Object(Illuminate\\View\\View))
#11 C:\\xampp\\htdocs\\evolucion2024\\vendor\\laravel\\framework\\src\\Illuminate\\Routing\\Router.php(906): Illuminate\\Http\\Response->__construct(Object(Illuminate\\View\\View), 200, Array)
#12 C:\\xampp\\htdocs\\evolucion2024\\vendor\\laravel\\framework\\src\\Illuminate\\Routing\\Router.php(875): Illuminate\\Routing\\Router::toResponse(Object(Illuminate\\Http\\Request), Object(Illuminate\\View\\View))
#13 C:\\xampp\\htdocs\\evolucion2024\\vendor\\laravel\\framework\\src\\Illuminate\\Routing\\Router.php(798): Illuminate\\Routing\\Router->prepareResponse(Object(Illuminate\\Http\\Request), Object(Illuminate\\View\\View))
#14 C:\\xampp\\htdocs\\evolucion2024\\vendor\\laravel\\framework\\src\\Illuminate\\Pipeline\\Pipeline.php(141): Illuminate\\Routing\\Router->Illuminate\\Routing\\{closure}(Object(Illuminate\\Http\\Request))
#15 C:\\xampp\\htdocs\\evolucion2024\\app\\Http\\Middleware\\RedirectIfSessionExpired.php(25): Illuminate\\Pipeline\\Pipeline->Illuminate\\Pipeline\\{closure}(Object(Illuminate\\Http\\Request))
#16 C:\\xampp\\htdocs\\evolucion2024\\vendor\\laravel\\framework\\src\\Illuminate\\Pipeline\\Pipeline.php(180): App\\Http\\Middleware\\RedirectIfSessionExpired->handle(Object(Illuminate\\Http\\Request), Object(Closure))
#17 C:\\xampp\\htdocs\\evolucion2024\\vendor\\laravel\\framework\\src\\Illuminate\\Routing\\Middleware\\SubstituteBindings.php(50): Illuminate\\Pipeline\\Pipeline->Illuminate\\Pipeline\\{closure}(Object(Illuminate\\Http\\Request))
#18 C:\\xampp\\htdocs\\evolucion2024\\vendor\\laravel\\framework\\src\\Illuminate\\Pipeline\\Pipeline.php(180): Illuminate\\Routing\\Middleware\\SubstituteBindings->handle(Object(Illuminate\\Http\\Request), Object(Closure))
#19 C:\\xampp\\htdocs\\evolucion2024\\vendor\\laravel\\framework\\src\\Illuminate\\Foundation\\Http\\Middleware\\VerifyCsrfToken.php(78): Illuminate\\Pipeline\\Pipeline->Illuminate\\Pipeline\\{closure}(Object(Illuminate\\Http\\Request))
#20 C:\\xampp\\htdocs\\evolucion2024\\vendor\\laravel\\framework\\src\\Illuminate\\Pipeline\\Pipeline.php(180): Illuminate\\Foundation\\Http\\Middleware\\VerifyCsrfToken->handle(Object(Illuminate\\Http\\Request), Object(Closure))
#21 C:\\xampp\\htdocs\\evolucion2024\\vendor\\laravel\\framework\\src\\Illuminate\\View\\Middleware\\ShareErrorsFromSession.php(49): Illuminate\\Pipeline\\Pipeline->Illuminate\\Pipeline\\{closure}(Object(Illuminate\\Http\\Request))
#22 C:\\xampp\\htdocs\\evolucion2024\\vendor\\laravel\\framework\\src\\Illuminate\\Pipeline\\Pipeline.php(180): Illuminate\\View\\Middleware\\ShareErrorsFromSession->handle(Object(Illuminate\\Http\\Request), Object(Closure))
#23 C:\\xampp\\htdocs\\evolucion2024\\vendor\\laravel\\framework\\src\\Illuminate\\Session\\Middleware\\StartSession.php(121): Illuminate\\Pipeline\\Pipeline->Illuminate\\Pipeline\\{closure}(Object(Illuminate\\Http\\Request))
#24 C:\\xampp\\htdocs\\evolucion2024\\vendor\\laravel\\framework\\src\\Illuminate\\Session\\Middleware\\StartSession.php(64): Illuminate\\Session\\Middleware\\StartSession->handleStatefulRequest(Object(Illuminate\\Http\\Request), Object(Illuminate\\Session\\Store), Object(Closure))
#25 C:\\xampp\\htdocs\\evolucion2024\\vendor\\laravel\\framework\\src\\Illuminate\\Pipeline\\Pipeline.php(180): Illuminate\\Session\\Middleware\\StartSession->handle(Object(Illuminate\\Http\\Request), Object(Closure))
#26 C:\\xampp\\htdocs\\evolucion2024\\vendor\\laravel\\framework\\src\\Illuminate\\Cookie\\Middleware\\AddQueuedCookiesToResponse.php(37): Illuminate\\Pipeline\\Pipeline->Illuminate\\Pipeline\\{closure}(Object(Illuminate\\Http\\Request))
#27 C:\\xampp\\htdocs\\evolucion2024\\vendor\\laravel\\framework\\src\\Illuminate\\Pipeline\\Pipeline.php(180): Illuminate\\Cookie\\Middleware\\AddQueuedCookiesToResponse->handle(Object(Illuminate\\Http\\Request), Object(Closure))
#28 C:\\xampp\\htdocs\\evolucion2024\\vendor\\laravel\\framework\\src\\Illuminate\\Cookie\\Middleware\\EncryptCookies.php(67): Illuminate\\Pipeline\\Pipeline->Illuminate\\Pipeline\\{closure}(Object(Illuminate\\Http\\Request))
#29 C:\\xampp\\htdocs\\evolucion2024\\vendor\\laravel\\framework\\src\\Illuminate\\Pipeline\\Pipeline.php(180): Illuminate\\Cookie\\Middleware\\EncryptCookies->handle(Object(Illuminate\\Http\\Request), Object(Closure))
#30 C:\\xampp\\htdocs\\evolucion2024\\vendor\\laravel\\framework\\src\\Illuminate\\Pipeline\\Pipeline.php(116): Illuminate\\Pipeline\\Pipeline->Illuminate\\Pipeline\\{closure}(Object(Illuminate\\Http\\Request))
#31 C:\\xampp\\htdocs\\evolucion2024\\vendor\\laravel\\framework\\src\\Illuminate\\Routing\\Router.php(799): Illuminate\\Pipeline\\Pipeline->then(Object(Closure))
#32 C:\\xampp\\htdocs\\evolucion2024\\vendor\\laravel\\framework\\src\\Illuminate\\Routing\\Router.php(776): Illuminate\\Routing\\Router->runRouteWithinStack(Object(Illuminate\\Routing\\Route), Object(Illuminate\\Http\\Request))
#33 C:\\xampp\\htdocs\\evolucion2024\\vendor\\laravel\\framework\\src\\Illuminate\\Routing\\Router.php(740): Illuminate\\Routing\\Router->runRoute(Object(Illuminate\\Http\\Request), Object(Illuminate\\Routing\\Route))
#34 C:\\xampp\\htdocs\\evolucion2024\\vendor\\laravel\\framework\\src\\Illuminate\\Routing\\Router.php(729): Illuminate\\Routing\\Router->dispatchToRoute(Object(Illuminate\\Http\\Request))
#35 C:\\xampp\\htdocs\\evolucion2024\\vendor\\laravel\\framework\\src\\Illuminate\\Foundation\\Http\\Kernel.php(190): Illuminate\\Routing\\Router->dispatch(Object(Illuminate\\Http\\Request))
#36 C:\\xampp\\htdocs\\evolucion2024\\vendor\\laravel\\framework\\src\\Illuminate\\Pipeline\\Pipeline.php(141): Illuminate\\Foundation\\Http\\Kernel->Illuminate\\Foundation\\Http\\{closure}(Object(Illuminate\\Http\\Request))
#37 C:\\xampp\\htdocs\\evolucion2024\\vendor\\laravel\\framework\\src\\Illuminate\\Http\\Middleware\\TrustProxies.php(39): Illuminate\\Pipeline\\Pipeline->Illuminate\\Pipeline\\{closure}(Object(Illuminate\\Http\\Request))
#38 C:\\xampp\\htdocs\\evolucion2024\\vendor\\laravel\\framework\\src\\Illuminate\\Pipeline\\Pipeline.php(180): Illuminate\\Http\\Middleware\\TrustProxies->handle(Object(Illuminate\\Http\\Request), Object(Closure))
#39 C:\\xampp\\htdocs\\evolucion2024\\vendor\\laravel\\framework\\src\\Illuminate\\Foundation\\Http\\Middleware\\TransformsRequest.php(21): Illuminate\\Pipeline\\Pipeline->Illuminate\\Pipeline\\{closure}(Object(Illuminate\\Http\\Request))
#40 C:\\xampp\\htdocs\\evolucion2024\\vendor\\laravel\\framework\\src\\Illuminate\\Foundation\\Http\\Middleware\\ConvertEmptyStringsToNull.php(31): Illuminate\\Foundation\\Http\\Middleware\\TransformsRequest->handle(Object(Illuminate\\Http\\Request), Object(Closure))
#41 C:\\xampp\\htdocs\\evolucion2024\\vendor\\laravel\\framework\\src\\Illuminate\\Pipeline\\Pipeline.php(180): Illuminate\\Foundation\\Http\\Middleware\\ConvertEmptyStringsToNull->handle(Object(Illuminate\\Http\\Request), Object(Closure))
#42 C:\\xampp\\htdocs\\evolucion2024\\vendor\\laravel\\framework\\src\\Illuminate\\Foundation\\Http\\Middleware\\TransformsRequest.php(21): Illuminate\\Pipeline\\Pipeline->Illuminate\\Pipeline\\{closure}(Object(Illuminate\\Http\\Request))
#43 C:\\xampp\\htdocs\\evolucion2024\\vendor\\laravel\\framework\\src\\Illuminate\\Foundation\\Http\\Middleware\\TrimStrings.php(40): Illuminate\\Foundation\\Http\\Middleware\\TransformsRequest->handle(Object(Illuminate\\Http\\Request), Object(Closure))
#44 C:\\xampp\\htdocs\\evolucion2024\\vendor\\laravel\\framework\\src\\Illuminate\\Pipeline\\Pipeline.php(180): Illuminate\\Foundation\\Http\\Middleware\\TrimStrings->handle(Object(Illuminate\\Http\\Request), Object(Closure))
#45 C:\\xampp\\htdocs\\evolucion2024\\vendor\\laravel\\framework\\src\\Illuminate\\Foundation\\Http\\Middleware\\ValidatePostSize.php(27): Illuminate\\Pipeline\\Pipeline->Illuminate\\Pipeline\\{closure}(Object(Illuminate\\Http\\Request))
#46 C:\\xampp\\htdocs\\evolucion2024\\vendor\\laravel\\framework\\src\\Illuminate\\Pipeline\\Pipeline.php(180): Illuminate\\Foundation\\Http\\Middleware\\ValidatePostSize->handle(Object(Illuminate\\Http\\Request), Object(Closure))
#47 C:\\xampp\\htdocs\\evolucion2024\\vendor\\laravel\\framework\\src\\Illuminate\\Foundation\\Http\\Middleware\\PreventRequestsDuringMaintenance.php(86): Illuminate\\Pipeline\\Pipeline->Illuminate\\Pipeline\\{closure}(Object(Illuminate\\Http\\Request))
#48 C:\\xampp\\htdocs\\evolucion2024\\vendor\\laravel\\framework\\src\\Illuminate\\Pipeline\\Pipeline.php(180): Illuminate\\Foundation\\Http\\Middleware\\PreventRequestsDuringMaintenance->handle(Object(Illuminate\\Http\\Request), Object(Closure))
#49 C:\\xampp\\htdocs\\evolucion2024\\vendor\\laravel\\framework\\src\\Illuminate\\Pipeline\\Pipeline.php(116): Illuminate\\Pipeline\\Pipeline->Illuminate\\Pipeline\\{closure}(Object(Illuminate\\Http\\Request))
#50 C:\\xampp\\htdocs\\evolucion2024\\vendor\\laravel\\framework\\src\\Illuminate\\Foundation\\Http\\Kernel.php(165): Illuminate\\Pipeline\\Pipeline->then(Object(Closure))
#51 C:\\xampp\\htdocs\\evolucion2024\\vendor\\laravel\\framework\\src\\Illuminate\\Foundation\\Http\\Kernel.php(134): Illuminate\\Foundation\\Http\\Kernel->sendRequestThroughRouter(Object(Illuminate\\Http\\Request))
#52 C:\\xampp\\htdocs\\evolucion2024\\public\\index.php(55): Illuminate\\Foundation\\Http\\Kernel->handle(Object(Illuminate\\Http\\Request))
#53 C:\\xampp\\htdocs\\evolucion2024\\server.php(21): require_once('C:\\\\xampp\\\\htdocs...')
#54 {main}

[previous exception] [object] (ErrorException(code: 0): Undefined property: stdClass::$estado at C:\\xampp\\htdocs\\evolucion2024\\storage\\framework\\views\\33c632f7790d0827fa158ba77b0915e483f9a260.php:143)
[stacktrace]
#0 C:\\xampp\\htdocs\\evolucion2024\\vendor\\laravel\\framework\\src\\Illuminate\\Foundation\\Bootstrap\\HandleExceptions.php(270): Illuminate\\Foundation\\Bootstrap\\HandleExceptions->handleError(2, 'Undefined prope...', 'C:\\\\xampp\\\\htdocs...', 143)
#1 C:\\xampp\\htdocs\\evolucion2024\\storage\\framework\\views\\33c632f7790d0827fa158ba77b0915e483f9a260.php(143): Illuminate\\Foundation\\Bootstrap\\HandleExceptions->Illuminate\\Foundation\\Bootstrap\\{closure}(2, 'Undefined prope...', 'C:\\\\xampp\\\\htdocs...', 143)
#2 C:\\xampp\\htdocs\\evolucion2024\\vendor\\laravel\\framework\\src\\Illuminate\\Filesystem\\Filesystem.php(109): require('C:\\\\xampp\\\\htdocs...')
#3 C:\\xampp\\htdocs\\evolucion2024\\vendor\\laravel\\framework\\src\\Illuminate\\Filesystem\\Filesystem.php(110): Illuminate\\Filesystem\\Filesystem::Illuminate\\Filesystem\\{closure}()
#4 C:\\xampp\\htdocs\\evolucion2024\\vendor\\laravel\\framework\\src\\Illuminate\\View\\Engines\\PhpEngine.php(58): Illuminate\\Filesystem\\Filesystem->getRequire('C:\\\\xampp\\\\htdocs...', Array)
#5 C:\\xampp\\htdocs\\evolucion2024\\vendor\\laravel\\framework\\src\\Illuminate\\View\\Engines\\CompilerEngine.php(70): Illuminate\\View\\Engines\\PhpEngine->evaluatePath('C:\\\\xampp\\\\htdocs...', Array)
#6 C:\\xampp\\htdocs\\evolucion2024\\vendor\\laravel\\framework\\src\\Illuminate\\View\\View.php(195): Illuminate\\View\\Engines\\CompilerEngine->get('C:\\\\xampp\\\\htdocs...', Array)
#7 C:\\xampp\\htdocs\\evolucion2024\\vendor\\laravel\\framework\\src\\Illuminate\\View\\View.php(178): Illuminate\\View\\View->getContents()
#8 C:\\xampp\\htdocs\\evolucion2024\\vendor\\laravel\\framework\\src\\Illuminate\\View\\View.php(147): Illuminate\\View\\View->renderContents()
#9 C:\\xampp\\htdocs\\evolucion2024\\vendor\\laravel\\framework\\src\\Illuminate\\Http\\Response.php(69): Illuminate\\View\\View->render()
#10 C:\\xampp\\htdocs\\evolucion2024\\vendor\\laravel\\framework\\src\\Illuminate\\Http\\Response.php(35): Illuminate\\Http\\Response->setContent(Object(Illuminate\\View\\View))
#11 C:\\xampp\\htdocs\\evolucion2024\\vendor\\laravel\\framework\\src\\Illuminate\\Routing\\Router.php(906): Illuminate\\Http\\Response->__construct(Object(Illuminate\\View\\View), 200, Array)
#12 C:\\xampp\\htdocs\\evolucion2024\\vendor\\laravel\\framework\\src\\Illuminate\\Routing\\Router.php(875): Illuminate\\Routing\\Router::toResponse(Object(Illuminate\\Http\\Request), Object(Illuminate\\View\\View))
#13 C:\\xampp\\htdocs\\evolucion2024\\vendor\\laravel\\framework\\src\\Illuminate\\Routing\\Router.php(798): Illuminate\\Routing\\Router->prepareResponse(Object(Illuminate\\Http\\Request), Object(Illuminate\\View\\View))
#14 C:\\xampp\\htdocs\\evolucion2024\\vendor\\laravel\\framework\\src\\Illuminate\\Pipeline\\Pipeline.php(141): Illuminate\\Routing\\Router->Illuminate\\Routing\\{closure}(Object(Illuminate\\Http\\Request))
#15 C:\\xampp\\htdocs\\evolucion2024\\app\\Http\\Middleware\\RedirectIfSessionExpired.php(25): Illuminate\\Pipeline\\Pipeline->Illuminate\\Pipeline\\{closure}(Object(Illuminate\\Http\\Request))
#16 C:\\xampp\\htdocs\\evolucion2024\\vendor\\laravel\\framework\\src\\Illuminate\\Pipeline\\Pipeline.php(180): App\\Http\\Middleware\\RedirectIfSessionExpired->handle(Object(Illuminate\\Http\\Request), Object(Closure))
#17 C:\\xampp\\htdocs\\evolucion2024\\vendor\\laravel\\framework\\src\\Illuminate\\Routing\\Middleware\\SubstituteBindings.php(50): Illuminate\\Pipeline\\Pipeline->Illuminate\\Pipeline\\{closure}(Object(Illuminate\\Http\\Request))
#18 C:\\xampp\\htdocs\\evolucion2024\\vendor\\laravel\\framework\\src\\Illuminate\\Pipeline\\Pipeline.php(180): Illuminate\\Routing\\Middleware\\SubstituteBindings->handle(Object(Illuminate\\Http\\Request), Object(Closure))
#19 C:\\xampp\\htdocs\\evolucion2024\\vendor\\laravel\\framework\\src\\Illuminate\\Foundation\\Http\\Middleware\\VerifyCsrfToken.php(78): Illuminate\\Pipeline\\Pipeline->Illuminate\\Pipeline\\{closure}(Object(Illuminate\\Http\\Request))
#20 C:\\xampp\\htdocs\\evolucion2024\\vendor\\laravel\\framework\\src\\Illuminate\\Pipeline\\Pipeline.php(180): Illuminate\\Foundation\\Http\\Middleware\\VerifyCsrfToken->handle(Object(Illuminate\\Http\\Request), Object(Closure))
#21 C:\\xampp\\htdocs\\evolucion2024\\vendor\\laravel\\framework\\src\\Illuminate\\View\\Middleware\\ShareErrorsFromSession.php(49): Illuminate\\Pipeline\\Pipeline->Illuminate\\Pipeline\\{closure}(Object(Illuminate\\Http\\Request))
#22 C:\\xampp\\htdocs\\evolucion2024\\vendor\\laravel\\framework\\src\\Illuminate\\Pipeline\\Pipeline.php(180): Illuminate\\View\\Middleware\\ShareErrorsFromSession->handle(Object(Illuminate\\Http\\Request), Object(Closure))
#23 C:\\xampp\\htdocs\\evolucion2024\\vendor\\laravel\\framework\\src\\Illuminate\\Session\\Middleware\\StartSession.php(121): Illuminate\\Pipeline\\Pipeline->Illuminate\\Pipeline\\{closure}(Object(Illuminate\\Http\\Request))
#24 C:\\xampp\\htdocs\\evolucion2024\\vendor\\laravel\\framework\\src\\Illuminate\\Session\\Middleware\\StartSession.php(64): Illuminate\\Session\\Middleware\\StartSession->handleStatefulRequest(Object(Illuminate\\Http\\Request), Object(Illuminate\\Session\\Store), Object(Closure))
#25 C:\\xampp\\htdocs\\evolucion2024\\vendor\\laravel\\framework\\src\\Illuminate\\Pipeline\\Pipeline.php(180): Illuminate\\Session\\Middleware\\StartSession->handle(Object(Illuminate\\Http\\Request), Object(Closure))
#26 C:\\xampp\\htdocs\\evolucion2024\\vendor\\laravel\\framework\\src\\Illuminate\\Cookie\\Middleware\\AddQueuedCookiesToResponse.php(37): Illuminate\\Pipeline\\Pipeline->Illuminate\\Pipeline\\{closure}(Object(Illuminate\\Http\\Request))
#27 C:\\xampp\\htdocs\\evolucion2024\\vendor\\laravel\\framework\\src\\Illuminate\\Pipeline\\Pipeline.php(180): Illuminate\\Cookie\\Middleware\\AddQueuedCookiesToResponse->handle(Object(Illuminate\\Http\\Request), Object(Closure))
#28 C:\\xampp\\htdocs\\evolucion2024\\vendor\\laravel\\framework\\src\\Illuminate\\Cookie\\Middleware\\EncryptCookies.php(67): Illuminate\\Pipeline\\Pipeline->Illuminate\\Pipeline\\{closure}(Object(Illuminate\\Http\\Request))
#29 C:\\xampp\\htdocs\\evolucion2024\\vendor\\laravel\\framework\\src\\Illuminate\\Pipeline\\Pipeline.php(180): Illuminate\\Cookie\\Middleware\\EncryptCookies->handle(Object(Illuminate\\Http\\Request), Object(Closure))
#30 C:\\xampp\\htdocs\\evolucion2024\\vendor\\laravel\\framework\\src\\Illuminate\\Pipeline\\Pipeline.php(116): Illuminate\\Pipeline\\Pipeline->Illuminate\\Pipeline\\{closure}(Object(Illuminate\\Http\\Request))
#31 C:\\xampp\\htdocs\\evolucion2024\\vendor\\laravel\\framework\\src\\Illuminate\\Routing\\Router.php(799): Illuminate\\Pipeline\\Pipeline->then(Object(Closure))
#32 C:\\xampp\\htdocs\\evolucion2024\\vendor\\laravel\\framework\\src\\Illuminate\\Routing\\Router.php(776): Illuminate\\Routing\\Router->runRouteWithinStack(Object(Illuminate\\Routing\\Route), Object(Illuminate\\Http\\Request))
#33 C:\\xampp\\htdocs\\evolucion2024\\vendor\\laravel\\framework\\src\\Illuminate\\Routing\\Router.php(740): Illuminate\\Routing\\Router->runRoute(Object(Illuminate\\Http\\Request), Object(Illuminate\\Routing\\Route))
#34 C:\\xampp\\htdocs\\evolucion2024\\vendor\\laravel\\framework\\src\\Illuminate\\Routing\\Router.php(729): Illuminate\\Routing\\Router->dispatchToRoute(Object(Illuminate\\Http\\Request))
#35 C:\\xampp\\htdocs\\evolucion2024\\vendor\\laravel\\framework\\src\\Illuminate\\Foundation\\Http\\Kernel.php(190): Illuminate\\Routing\\Router->dispatch(Object(Illuminate\\Http\\Request))
#36 C:\\xampp\\htdocs\\evolucion2024\\vendor\\laravel\\framework\\src\\Illuminate\\Pipeline\\Pipeline.php(141): Illuminate\\Foundation\\Http\\Kernel->Illuminate\\Foundation\\Http\\{closure}(Object(Illuminate\\Http\\Request))
#37 C:\\xampp\\htdocs\\evolucion2024\\vendor\\laravel\\framework\\src\\Illuminate\\Http\\Middleware\\TrustProxies.php(39): Illuminate\\Pipeline\\Pipeline->Illuminate\\Pipeline\\{closure}(Object(Illuminate\\Http\\Request))
#38 C:\\xampp\\htdocs\\evolucion2024\\vendor\\laravel\\framework\\src\\Illuminate\\Pipeline\\Pipeline.php(180): Illuminate\\Http\\Middleware\\TrustProxies->handle(Object(Illuminate\\Http\\Request), Object(Closure))
#39 C:\\xampp\\htdocs\\evolucion2024\\vendor\\laravel\\framework\\src\\Illuminate\\Foundation\\Http\\Middleware\\TransformsRequest.php(21): Illuminate\\Pipeline\\Pipeline->Illuminate\\Pipeline\\{closure}(Object(Illuminate\\Http\\Request))
#40 C:\\xampp\\htdocs\\evolucion2024\\vendor\\laravel\\framework\\src\\Illuminate\\Foundation\\Http\\Middleware\\ConvertEmptyStringsToNull.php(31): Illuminate\\Foundation\\Http\\Middleware\\TransformsRequest->handle(Object(Illuminate\\Http\\Request), Object(Closure))
#41 C:\\xampp\\htdocs\\evolucion2024\\vendor\\laravel\\framework\\src\\Illuminate\\Pipeline\\Pipeline.php(180): Illuminate\\Foundation\\Http\\Middleware\\ConvertEmptyStringsToNull->handle(Object(Illuminate\\Http\\Request), Object(Closure))
#42 C:\\xampp\\htdocs\\evolucion2024\\vendor\\laravel\\framework\\src\\Illuminate\\Foundation\\Http\\Middleware\\TransformsRequest.php(21): Illuminate\\Pipeline\\Pipeline->Illuminate\\Pipeline\\{closure}(Object(Illuminate\\Http\\Request))
#43 C:\\xampp\\htdocs\\evolucion2024\\vendor\\laravel\\framework\\src\\Illuminate\\Foundation\\Http\\Middleware\\TrimStrings.php(40): Illuminate\\Foundation\\Http\\Middleware\\TransformsRequest->handle(Object(Illuminate\\Http\\Request), Object(Closure))
#44 C:\\xampp\\htdocs\\evolucion2024\\vendor\\laravel\\framework\\src\\Illuminate\\Pipeline\\Pipeline.php(180): Illuminate\\Foundation\\Http\\Middleware\\TrimStrings->handle(Object(Illuminate\\Http\\Request), Object(Closure))
#45 C:\\xampp\\htdocs\\evolucion2024\\vendor\\laravel\\framework\\src\\Illuminate\\Foundation\\Http\\Middleware\\ValidatePostSize.php(27): Illuminate\\Pipeline\\Pipeline->Illuminate\\Pipeline\\{closure}(Object(Illuminate\\Http\\Request))
#46 C:\\xampp\\htdocs\\evolucion2024\\vendor\\laravel\\framework\\src\\Illuminate\\Pipeline\\Pipeline.php(180): Illuminate\\Foundation\\Http\\Middleware\\ValidatePostSize->handle(Object(Illuminate\\Http\\Request), Object(Closure))
#47 C:\\xampp\\htdocs\\evolucion2024\\vendor\\laravel\\framework\\src\\Illuminate\\Foundation\\Http\\Middleware\\PreventRequestsDuringMaintenance.php(86): Illuminate\\Pipeline\\Pipeline->Illuminate\\Pipeline\\{closure}(Object(Illuminate\\Http\\Request))
#48 C:\\xampp\\htdocs\\evolucion2024\\vendor\\laravel\\framework\\src\\Illuminate\\Pipeline\\Pipeline.php(180): Illuminate\\Foundation\\Http\\Middleware\\PreventRequestsDuringMaintenance->handle(Object(Illuminate\\Http\\Request), Object(Closure))
#49 C:\\xampp\\htdocs\\evolucion2024\\vendor\\laravel\\framework\\src\\Illuminate\\Pipeline\\Pipeline.php(116): Illuminate\\Pipeline\\Pipeline->Illuminate\\Pipeline\\{closure}(Object(Illuminate\\Http\\Request))
#50 C:\\xampp\\htdocs\\evolucion2024\\vendor\\laravel\\framework\\src\\Illuminate\\Foundation\\Http\\Kernel.php(165): Illuminate\\Pipeline\\Pipeline->then(Object(Closure))
#51 C:\\xampp\\htdocs\\evolucion2024\\vendor\\laravel\\framework\\src\\Illuminate\\Foundation\\Http\\Kernel.php(134): Illuminate\\Foundation\\Http\\Kernel->sendRequestThroughRouter(Object(Illuminate\\Http\\Request))
#52 C:\\xampp\\htdocs\\evolucion2024\\public\\index.php(55): Illuminate\\Foundation\\Http\\Kernel->handle(Object(Illuminate\\Http\\Request))
#53 C:\\xampp\\htdocs\\evolucion2024\\server.php(21): require_once('C:\\\\xampp\\\\htdocs...')
#54 {main}
"} 
[2025-02-05 19:00:02] production.ERROR: syntax error, unexpected single-quoted string "); ?>; color: <?php echo e($vi...", expecting ")" {"view":{"view":"C:\\xampp\\htdocs\\evolucion2024\\resources\\views\\retroalimentacion\\comentarios.blade.php","data":{"errors":"<pre class=sf-dump id=sf-dump-1841935574 data-indent-pad=\"  \"><span class=sf-dump-note>Illuminate\\Support\\ViewErrorBag</span> {<a class=sf-dump-ref>#1717</a><samp data-depth=1 class=sf-dump-expanded>
  #<span class=sf-dump-protected title=\"Protected property\">bags</span>: []
</samp>}
</pre><script>Sfdump(\"sf-dump-1841935574\", {\"maxDepth\":3,\"maxStringLength\":160})</script>
","retos":"<pre class=sf-dump id=sf-dump-687987371 data-indent-pad=\"  \"><span class=sf-dump-note>array:1</span> [<samp data-depth=1 class=sf-dump-expanded>
  <span class=sf-dump-key>1</span> => <span class=sf-dump-note>array:7</span> [<samp data-depth=2 class=sf-dump-compact>
    <span class=sf-dump-index>0</span> => {<a class=sf-dump-ref>#1745</a><samp data-depth=3 class=sf-dump-compact>
      +\"<span class=sf-dump-public title=\"Runtime added dynamic property\">challenge_id</span>\": <span class=sf-dump-num>1</span>
      +\"<span class=sf-dump-public title=\"Runtime added dynamic property\">name</span>\": \"<span class=sf-dump-str title=\"30 characters\">0.1.1 &#191;De qu&#233; trata todo esto?</span>\"
      +\"<span class=sf-dump-public title=\"Runtime added dynamic property\">respuesta</span>\": <span class=sf-dump-const>null</span>
      +\"<span class=sf-dump-public title=\"Runtime added dynamic property\">des</span>\": \"\"\"
        <span class=sf-dump-str title=\"195 characters\">En este reto te dar&#225;s cuenta de las generalidades de G-Learning. <span class=\"sf-dump-default sf-dump-ns\">\\r\\n</span></span>
        <span class=sf-dump-str title=\"195 characters\">Por favor, al finalizar el video deberas dar respuesta a la siguiente pregunta: &#191;Porqu&#233; consideras importante crecer como l&#237;der?</span>
        \"\"\"
      +\"<span class=sf-dump-public title=\"Runtime added dynamic property\">tipo</span>\": \"<span class=sf-dump-str title=\"9 characters\">Ver Video</span>\"
      +\"<span class=sf-dump-public title=\"Runtime added dynamic property\">idtipo</span>\": <span class=sf-dump-num>5</span>
      +\"<span class=sf-dump-public title=\"Runtime added dynamic property\">capitulo</span>\": \"<span class=sf-dump-str title=\"10 characters\">Cap&#237;tulo 1</span>\"
      +\"<span class=sf-dump-public title=\"Runtime added dynamic property\">cap</span>\": <span class=sf-dump-num>1</span>
      +\"<span class=sf-dump-public title=\"Runtime added dynamic property\">comentario</span>\": <span class=sf-dump-const>null</span>
      +\"<span class=sf-dump-public title=\"Runtime added dynamic property\">material</span>\": \"\"
      +\"<span class=sf-dump-public title=\"Runtime added dynamic property\">urlvideo</span>\": \"<span class=sf-dump-str title=\"18 characters\">Tutorial_0_1_1.mp4</span>\"
    </samp>}
    <span class=sf-dump-index>1</span> => {<a class=sf-dump-ref>#1754</a><samp data-depth=3 class=sf-dump-compact>
      +\"<span class=sf-dump-public title=\"Runtime added dynamic property\">challenge_id</span>\": <span class=sf-dump-num>2</span>
      +\"<span class=sf-dump-public title=\"Runtime added dynamic property\">name</span>\": \"<span class=sf-dump-str title=\"20 characters\">0.1.2 Tipos de retos</span>\"
      +\"<span class=sf-dump-public title=\"Runtime added dynamic property\">respuesta</span>\": <span class=sf-dump-const>null</span>
      +\"<span class=sf-dump-public title=\"Runtime added dynamic property\">des</span>\": \"<span class=sf-dump-str title=\"180 characters\">En este reto conocer&#225;s los tipos de retos a los cuales te enfrentaras en esta historia. Por favor, al finalizar el video deberas explicar brevemente los tipos de retos que existen.</span>\"
      +\"<span class=sf-dump-public title=\"Runtime added dynamic property\">tipo</span>\": \"<span class=sf-dump-str title=\"9 characters\">Ver Video</span>\"
      +\"<span class=sf-dump-public title=\"Runtime added dynamic property\">idtipo</span>\": <span class=sf-dump-num>5</span>
      +\"<span class=sf-dump-public title=\"Runtime added dynamic property\">capitulo</span>\": \"<span class=sf-dump-str title=\"10 characters\">Cap&#237;tulo 1</span>\"
      +\"<span class=sf-dump-public title=\"Runtime added dynamic property\">cap</span>\": <span class=sf-dump-num>1</span>
      +\"<span class=sf-dump-public title=\"Runtime added dynamic property\">comentario</span>\": <span class=sf-dump-const>null</span>
      +\"<span class=sf-dump-public title=\"Runtime added dynamic property\">material</span>\": \"\"
      +\"<span class=sf-dump-public title=\"Runtime added dynamic property\">urlvideo</span>\": \"<span class=sf-dump-str title=\"18 characters\">tutorial_0_1_2.mp4</span>\"
    </samp>}
    <span class=sf-dump-index>2</span> => {<a class=sf-dump-ref>#1755</a><samp data-depth=3 class=sf-dump-compact>
      +\"<span class=sf-dump-public title=\"Runtime added dynamic property\">challenge_id</span>\": <span class=sf-dump-num>3</span>
      +\"<span class=sf-dump-public title=\"Runtime added dynamic property\">name</span>\": \"<span class=sf-dump-str title=\"30 characters\">0.1.3 &#191;Qu&#233; es una competencia?</span>\"
      +\"<span class=sf-dump-public title=\"Runtime added dynamic property\">respuesta</span>\": <span class=sf-dump-const>null</span>
      +\"<span class=sf-dump-public title=\"Runtime added dynamic property\">des</span>\": \"\"\"
        <span class=sf-dump-str title=\"389 characters\">Para este reto, deber&#225;s ver el video del reto  y al finalizar deberas responder en este espacio la siguiente actividad:<span class=\"sf-dump-default sf-dump-ns\">\\r\\n</span></span>
        <span class=sf-dump-str title=\"389 characters\"><span class=\"sf-dump-default sf-dump-ns\">\\r\\n</span></span>
        <span class=sf-dump-str title=\"389 characters\">Piensa en c&#243;mo te encuentras en las competencias de Auto Liderazgo, Administraci&#243;n del Tiempo y Retroalimentaci&#243;n a las personas. A cada una de estas 3 competencias  las vas a calificar como MUY BIEN, REGULAR o EN DESARROLLO  y cu&#233;ntanos el motivo de cada respuesta.</span>
        \"\"\"
      +\"<span class=sf-dump-public title=\"Runtime added dynamic property\">tipo</span>\": \"<span class=sf-dump-str title=\"9 characters\">Ver Video</span>\"
      +\"<span class=sf-dump-public title=\"Runtime added dynamic property\">idtipo</span>\": <span class=sf-dump-num>5</span>
      +\"<span class=sf-dump-public title=\"Runtime added dynamic property\">capitulo</span>\": \"<span class=sf-dump-str title=\"10 characters\">Cap&#237;tulo 1</span>\"
      +\"<span class=sf-dump-public title=\"Runtime added dynamic property\">cap</span>\": <span class=sf-dump-num>1</span>
      +\"<span class=sf-dump-public title=\"Runtime added dynamic property\">comentario</span>\": <span class=sf-dump-const>null</span>
      +\"<span class=sf-dump-public title=\"Runtime added dynamic property\">material</span>\": \"\"
      +\"<span class=sf-dump-public title=\"Runtime added dynamic property\">urlvideo</span>\": \"<span class=sf-dump-str title=\"18 characters\">tutorial_0_1_3.mp4</span>\"
    </samp>}
    <span class=sf-dump-index>3</span> => {<a class=sf-dump-ref>#1753</a><samp data-depth=3 class=sf-dump-compact>
      +\"<span class=sf-dump-public title=\"Runtime added dynamic property\">challenge_id</span>\": <span class=sf-dump-num>11</span>
      +\"<span class=sf-dump-public title=\"Runtime added dynamic property\">name</span>\": \"<span class=sf-dump-str title=\"17 characters\">0.1.4 Quiz Tema 1</span>\"
      +\"<span class=sf-dump-public title=\"Runtime added dynamic property\">respuesta</span>\": <span class=sf-dump-const>null</span>
      +\"<span class=sf-dump-public title=\"Runtime added dynamic property\">des</span>\": \"<span class=sf-dump-str title=\"46 characters\">&#161; Es hora de validar que tanto has aprendido !</span>\"
      +\"<span class=sf-dump-public title=\"Runtime added dynamic property\">tipo</span>\": \"<span class=sf-dump-str title=\"6 characters\">Q&#252;ices</span>\"
      +\"<span class=sf-dump-public title=\"Runtime added dynamic property\">idtipo</span>\": <span class=sf-dump-num>1</span>
      +\"<span class=sf-dump-public title=\"Runtime added dynamic property\">capitulo</span>\": \"<span class=sf-dump-str title=\"10 characters\">Cap&#237;tulo 1</span>\"
      +\"<span class=sf-dump-public title=\"Runtime added dynamic property\">cap</span>\": <span class=sf-dump-num>1</span>
      +\"<span class=sf-dump-public title=\"Runtime added dynamic property\">comentario</span>\": <span class=sf-dump-const>null</span>
      +\"<span class=sf-dump-public title=\"Runtime added dynamic property\">material</span>\": \"\"
      +\"<span class=sf-dump-public title=\"Runtime added dynamic property\">urlvideo</span>\": <span class=sf-dump-const>null</span>
    </samp>}
    <span class=sf-dump-index>4</span> => {<a class=sf-dump-ref>#1756</a><samp data-depth=3 class=sf-dump-compact>
      +\"<span class=sf-dump-public title=\"Runtime added dynamic property\">challenge_id</span>\": <span class=sf-dump-num>5</span>
      +\"<span class=sf-dump-public title=\"Runtime added dynamic property\">name</span>\": \"<span class=sf-dump-str title=\"21 characters\">0.2.1 Ver la historia</span>\"
      +\"<span class=sf-dump-public title=\"Runtime added dynamic property\">respuesta</span>\": <span class=sf-dump-const>null</span>
      +\"<span class=sf-dump-public title=\"Runtime added dynamic property\">des</span>\": \"<span class=sf-dump-str title=\"325 characters\">A continuaci&#243;n deberas ver el video con el inicio de la historia de G-Learning, ten a mano cuaderno y lapicero porque deberas al finalizar contestar las siguientes preguntas: &#191;Qu&#233; le sucedi&#243; a la tierra? &#191;En qu&#233; y porqu&#233; se convirtieron las personas que decidieron salir al espacio? &#191;Qu&#233; se espera de este equipo de viajeros?</span>\"
      +\"<span class=sf-dump-public title=\"Runtime added dynamic property\">tipo</span>\": \"<span class=sf-dump-str title=\"9 characters\">Ver Video</span>\"
      +\"<span class=sf-dump-public title=\"Runtime added dynamic property\">idtipo</span>\": <span class=sf-dump-num>5</span>
      +\"<span class=sf-dump-public title=\"Runtime added dynamic property\">capitulo</span>\": \"<span class=sf-dump-str title=\"10 characters\">Cap&#237;tulo 1</span>\"
      +\"<span class=sf-dump-public title=\"Runtime added dynamic property\">cap</span>\": <span class=sf-dump-num>1</span>
      +\"<span class=sf-dump-public title=\"Runtime added dynamic property\">comentario</span>\": <span class=sf-dump-const>null</span>
      +\"<span class=sf-dump-public title=\"Runtime added dynamic property\">material</span>\": \"\"
      +\"<span class=sf-dump-public title=\"Runtime added dynamic property\">urlvideo</span>\": \"<span class=sf-dump-str title=\"22 characters\">historia_evolucion.mp4</span>\"
    </samp>}
    <span class=sf-dump-index>5</span> => {<a class=sf-dump-ref>#1757</a><samp data-depth=3 class=sf-dump-compact>
      +\"<span class=sf-dump-public title=\"Runtime added dynamic property\">challenge_id</span>\": <span class=sf-dump-num>6</span>
      +\"<span class=sf-dump-public title=\"Runtime added dynamic property\">name</span>\": \"<span class=sf-dump-str title=\"16 characters\">0.2.2 Personajes</span>\"
      +\"<span class=sf-dump-public title=\"Runtime added dynamic property\">respuesta</span>\": \"<span class=sf-dump-str title=\"37 characters\">[&quot;MEMOREX&quot;,&quot;SABIUS&quot;,&quot;MAKER&quot;,&quot;LINGUO&quot;]</span>\"
      +\"<span class=sf-dump-public title=\"Runtime added dynamic property\">des</span>\": \"<span class=sf-dump-str title=\"41 characters\">Encuentra los 4 personajes de la historia</span>\"
      +\"<span class=sf-dump-public title=\"Runtime added dynamic property\">tipo</span>\": \"<span class=sf-dump-str title=\"14 characters\">Sopa de Letras</span>\"
      +\"<span class=sf-dump-public title=\"Runtime added dynamic property\">idtipo</span>\": <span class=sf-dump-num>3</span>
      +\"<span class=sf-dump-public title=\"Runtime added dynamic property\">capitulo</span>\": \"<span class=sf-dump-str title=\"10 characters\">Cap&#237;tulo 1</span>\"
      +\"<span class=sf-dump-public title=\"Runtime added dynamic property\">cap</span>\": <span class=sf-dump-num>1</span>
      +\"<span class=sf-dump-public title=\"Runtime added dynamic property\">comentario</span>\": <span class=sf-dump-const>null</span>
      +\"<span class=sf-dump-public title=\"Runtime added dynamic property\">material</span>\": \"\"
      +\"<span class=sf-dump-public title=\"Runtime added dynamic property\">urlvideo</span>\": <span class=sf-dump-const>null</span>
    </samp>}
    <span class=sf-dump-index>6</span> => {<a class=sf-dump-ref>#1758</a><samp data-depth=3 class=sf-dump-compact>
      +\"<span class=sf-dump-public title=\"Runtime added dynamic property\">challenge_id</span>\": <span class=sf-dump-num>7</span>
      +\"<span class=sf-dump-public title=\"Runtime added dynamic property\">name</span>\": \"<span class=sf-dump-str title=\"19 characters\">0.2.3 Tu compromiso</span>\"
      +\"<span class=sf-dump-public title=\"Runtime added dynamic property\">respuesta</span>\": <span class=sf-dump-const>null</span>
      +\"<span class=sf-dump-public title=\"Runtime added dynamic property\">des</span>\": \"\"\"
        <span class=sf-dump-str title=\"354 characters\">Ha llegado el momento en que pienses en tu compromiso hacia este proceso formativo. Por favor escribe en este espacio a que te comprometes, que vas a dar de t&#237; a este proceso formativo y al final piensa que consideras que deber&#237;a pasar para sentir que vali&#243; la pena todo este esfuerzo. <span class=\"sf-dump-default sf-dump-ns\">\\r\\n</span></span>
        <span class=sf-dump-str title=\"354 characters\">Puedes subir una imagen que represente para t&#237; lo que es un l&#237;der.</span>
        \"\"\"
      +\"<span class=sf-dump-public title=\"Runtime added dynamic property\">tipo</span>\": \"<span class=sf-dump-str title=\"13 characters\">Salir a Hacer</span>\"
      +\"<span class=sf-dump-public title=\"Runtime added dynamic property\">idtipo</span>\": <span class=sf-dump-num>8</span>
      +\"<span class=sf-dump-public title=\"Runtime added dynamic property\">capitulo</span>\": \"<span class=sf-dump-str title=\"10 characters\">Cap&#237;tulo 1</span>\"
      +\"<span class=sf-dump-public title=\"Runtime added dynamic property\">cap</span>\": <span class=sf-dump-num>1</span>
      +\"<span class=sf-dump-public title=\"Runtime added dynamic property\">comentario</span>\": <span class=sf-dump-const>null</span>
      +\"<span class=sf-dump-public title=\"Runtime added dynamic property\">material</span>\": \"\"
      +\"<span class=sf-dump-public title=\"Runtime added dynamic property\">urlvideo</span>\": <span class=sf-dump-const>null</span>
    </samp>}
  </samp>]
</samp>]
</pre><script>Sfdump(\"sf-dump-687987371\", {\"maxDepth\":3,\"maxStringLength\":160})</script>
","lecturas":"<pre class=sf-dump id=sf-dump-1573515658 data-indent-pad=\"  \"><span class=sf-dump-note>Illuminate\\Support\\Collection</span> {<a class=sf-dump-ref>#1747</a><samp data-depth=1 class=sf-dump-expanded>
  #<span class=sf-dump-protected title=\"Protected property\">items</span>: []
  #<span class=sf-dump-protected title=\"Protected property\">escapeWhenCastingToString</span>: <span class=sf-dump-const>false</span>
</samp>}
</pre><script>Sfdump(\"sf-dump-1573515658\", {\"maxDepth\":3,\"maxStringLength\":160})</script>
","videos":"<pre class=sf-dump id=sf-dump-1856344037 data-indent-pad=\"  \"><span class=sf-dump-note>Illuminate\\Support\\Collection</span> {<a class=sf-dump-ref>#1737</a><samp data-depth=1 class=sf-dump-expanded>
  #<span class=sf-dump-protected title=\"Protected property\">items</span>: <span class=sf-dump-note>array:4</span> [<samp data-depth=2 class=sf-dump-compact>
    <span class=sf-dump-index>0</span> => {<a class=sf-dump-ref>#1743</a><samp data-depth=3 class=sf-dump-compact>
      +\"<span class=sf-dump-public title=\"Runtime added dynamic property\">id_challenge</span>\": <span class=sf-dump-num>1</span>
      +\"<span class=sf-dump-public title=\"Runtime added dynamic property\">id_user</span>\": <span class=sf-dump-num>671</span>
      +\"<span class=sf-dump-public title=\"Runtime added dynamic property\">respuesta</span>\": \"<span class=sf-dump-str title=\"193 characters\">En este reto te dar&#225;s cuenta de las generalidades de G-Learning. Por favor, al finalizar el video deberas dar respuesta a la siguiente pregunta: &#191;Porqu&#233; consideras importante crecer como l&#237;der?</span>\"
      +\"<span class=sf-dump-public title=\"Runtime added dynamic property\">idvideo</span>\": <span class=sf-dump-num>4139</span>
      +\"<span class=sf-dump-public title=\"Runtime added dynamic property\">comentario</span>\": \"\"
      +\"<span class=sf-dump-public title=\"Runtime added dynamic property\">des</span>\": \"\"\"
        <span class=sf-dump-str title=\"195 characters\">En este reto te dar&#225;s cuenta de las generalidades de G-Learning. <span class=\"sf-dump-default sf-dump-ns\">\\r\\n</span></span>
        <span class=sf-dump-str title=\"195 characters\">Por favor, al finalizar el video deberas dar respuesta a la siguiente pregunta: &#191;Porqu&#233; consideras importante crecer como l&#237;der?</span>
        \"\"\"
      +\"<span class=sf-dump-public title=\"Runtime added dynamic property\">estado</span>\": <span class=sf-dump-num>0</span>
    </samp>}
    <span class=sf-dump-index>1</span> => {<a class=sf-dump-ref>#1766</a><samp data-depth=3 class=sf-dump-compact>
      +\"<span class=sf-dump-public title=\"Runtime added dynamic property\">id_challenge</span>\": <span class=sf-dump-num>2</span>
      +\"<span class=sf-dump-public title=\"Runtime added dynamic property\">id_user</span>\": <span class=sf-dump-num>671</span>
      +\"<span class=sf-dump-public title=\"Runtime added dynamic property\">respuesta</span>\": \"<span class=sf-dump-str title=\"193 characters\">En este reto te dar&#225;s cuenta de las generalidades de G-Learning. Por favor, al finalizar el video deberas dar respuesta a la siguiente pregunta: &#191;Porqu&#233; consideras importante crecer como l&#237;der?</span>\"
      +\"<span class=sf-dump-public title=\"Runtime added dynamic property\">idvideo</span>\": <span class=sf-dump-num>4140</span>
      +\"<span class=sf-dump-public title=\"Runtime added dynamic property\">comentario</span>\": \"\"
      +\"<span class=sf-dump-public title=\"Runtime added dynamic property\">des</span>\": \"<span class=sf-dump-str title=\"180 characters\">En este reto conocer&#225;s los tipos de retos a los cuales te enfrentaras en esta historia. Por favor, al finalizar el video deberas explicar brevemente los tipos de retos que existen.</span>\"
      +\"<span class=sf-dump-public title=\"Runtime added dynamic property\">estado</span>\": <span class=sf-dump-num>0</span>
    </samp>}
    <span class=sf-dump-index>2</span> => {<a class=sf-dump-ref>#1764</a><samp data-depth=3 class=sf-dump-compact>
      +\"<span class=sf-dump-public title=\"Runtime added dynamic property\">id_challenge</span>\": <span class=sf-dump-num>3</span>
      +\"<span class=sf-dump-public title=\"Runtime added dynamic property\">id_user</span>\": <span class=sf-dump-num>671</span>
      +\"<span class=sf-dump-public title=\"Runtime added dynamic property\">respuesta</span>\": \"<span class=sf-dump-str title=\"193 characters\">En este reto te dar&#225;s cuenta de las generalidades de G-Learning. Por favor, al finalizar el video deberas dar respuesta a la siguiente pregunta: &#191;Porqu&#233; consideras importante crecer como l&#237;der?</span>\"
      +\"<span class=sf-dump-public title=\"Runtime added dynamic property\">idvideo</span>\": <span class=sf-dump-num>4141</span>
      +\"<span class=sf-dump-public title=\"Runtime added dynamic property\">comentario</span>\": \"\"
      +\"<span class=sf-dump-public title=\"Runtime added dynamic property\">des</span>\": \"\"\"
        <span class=sf-dump-str title=\"389 characters\">Para este reto, deber&#225;s ver el video del reto  y al finalizar deberas responder en este espacio la siguiente actividad:<span class=\"sf-dump-default sf-dump-ns\">\\r\\n</span></span>
        <span class=sf-dump-str title=\"389 characters\"><span class=\"sf-dump-default sf-dump-ns\">\\r\\n</span></span>
        <span class=sf-dump-str title=\"389 characters\">Piensa en c&#243;mo te encuentras en las competencias de Auto Liderazgo, Administraci&#243;n del Tiempo y Retroalimentaci&#243;n a las personas. A cada una de estas 3 competencias  las vas a calificar como MUY BIEN, REGULAR o EN DESARROLLO  y cu&#233;ntanos el motivo de cada respuesta.</span>
        \"\"\"
      +\"<span class=sf-dump-public title=\"Runtime added dynamic property\">estado</span>\": <span class=sf-dump-num>0</span>
    </samp>}
    <span class=sf-dump-index>3</span> => {<a class=sf-dump-ref>#1760</a><samp data-depth=3 class=sf-dump-compact>
      +\"<span class=sf-dump-public title=\"Runtime added dynamic property\">id_challenge</span>\": <span class=sf-dump-num>5</span>
      +\"<span class=sf-dump-public title=\"Runtime added dynamic property\">id_user</span>\": <span class=sf-dump-num>671</span>
      +\"<span class=sf-dump-public title=\"Runtime added dynamic property\">respuesta</span>\": \"<span class=sf-dump-str title=\"325 characters\">A continuaci&#243;n deberas ver el video con el inicio de la historia de G-Learning, ten a mano cuaderno y lapicero porque deberas al finalizar contestar las siguientes preguntas: &#191;Qu&#233; le sucedi&#243; a la tierra? &#191;En qu&#233; y porqu&#233; se convirtieron las personas que decidieron salir al espacio? &#191;Qu&#233; se espera de este equipo de viajeros?</span>\"
      +\"<span class=sf-dump-public title=\"Runtime added dynamic property\">idvideo</span>\": <span class=sf-dump-num>4142</span>
      +\"<span class=sf-dump-public title=\"Runtime added dynamic property\">comentario</span>\": \"\"
      +\"<span class=sf-dump-public title=\"Runtime added dynamic property\">des</span>\": \"<span class=sf-dump-str title=\"325 characters\">A continuaci&#243;n deberas ver el video con el inicio de la historia de G-Learning, ten a mano cuaderno y lapicero porque deberas al finalizar contestar las siguientes preguntas: &#191;Qu&#233; le sucedi&#243; a la tierra? &#191;En qu&#233; y porqu&#233; se convirtieron las personas que decidieron salir al espacio? &#191;Qu&#233; se espera de este equipo de viajeros?</span>\"
      +\"<span class=sf-dump-public title=\"Runtime added dynamic property\">estado</span>\": <span class=sf-dump-num>1</span>
    </samp>}
  </samp>]
  #<span class=sf-dump-protected title=\"Protected property\">escapeWhenCastingToString</span>: <span class=sf-dump-const>false</span>
</samp>}
</pre><script>Sfdump(\"sf-dump-1856344037\", {\"maxDepth\":3,\"maxStringLength\":160})</script>
","pictures":"<pre class=sf-dump id=sf-dump-95888141 data-indent-pad=\"  \"><span class=sf-dump-note>Illuminate\\Support\\Collection</span> {<a class=sf-dump-ref>#1736</a><samp data-depth=1 class=sf-dump-expanded>
  #<span class=sf-dump-protected title=\"Protected property\">items</span>: []
  #<span class=sf-dump-protected title=\"Protected property\">escapeWhenCastingToString</span>: <span class=sf-dump-const>false</span>
</samp>}
</pre><script>Sfdump(\"sf-dump-95888141\", {\"maxDepth\":3,\"maxStringLength\":160})</script>
","comcat":"<pre class=sf-dump id=sf-dump-1288442411 data-indent-pad=\"  \"><span class=sf-dump-note>Illuminate\\Database\\Eloquent\\Collection</span> {<a class=sf-dump-ref>#1752</a><samp data-depth=1 class=sf-dump-expanded>
  #<span class=sf-dump-protected title=\"Protected property\">items</span>: []
  #<span class=sf-dump-protected title=\"Protected property\">escapeWhenCastingToString</span>: <span class=sf-dump-const>false</span>
</samp>}
</pre><script>Sfdump(\"sf-dump-1288442411\", {\"maxDepth\":3,\"maxStringLength\":160})</script>
","salidas":"<pre class=sf-dump id=sf-dump-1565467971 data-indent-pad=\"  \"><span class=sf-dump-note>Illuminate\\Support\\Collection</span> {<a class=sf-dump-ref>#1763</a><samp data-depth=1 class=sf-dump-expanded>
  #<span class=sf-dump-protected title=\"Protected property\">items</span>: <span class=sf-dump-note>array:1</span> [<samp data-depth=2 class=sf-dump-compact>
    <span class=sf-dump-index>0</span> => {<a class=sf-dump-ref>#1768</a><samp data-depth=3 class=sf-dump-compact>
      +\"<span class=sf-dump-public title=\"Runtime added dynamic property\">id_challenge</span>\": <span class=sf-dump-num>7</span>
      +\"<span class=sf-dump-public title=\"Runtime added dynamic property\">id_user</span>\": <span class=sf-dump-num>671</span>
      +\"<span class=sf-dump-public title=\"Runtime added dynamic property\">respuesta</span>\": \"<span class=sf-dump-str title=\"184 characters\">Ha llegado el momento en que pienses en tu compromiso hacia este proceso formativo. Por favor escribe en este espacio a que te comprometes, que vas a dar de t&#237; a este proceso formativo</span>\"
      +\"<span class=sf-dump-public title=\"Runtime added dynamic property\">img</span>\": \"<span class=sf-dump-str title=\"21 characters\">outdoor1738771503.png</span>\"
      +\"<span class=sf-dump-public title=\"Runtime added dynamic property\">video</span>\": <span class=sf-dump-const>null</span>
      +\"<span class=sf-dump-public title=\"Runtime added dynamic property\">idout</span>\": <span class=sf-dump-num>989</span>
      +\"<span class=sf-dump-public title=\"Runtime added dynamic property\">comentario</span>\": \"\"
      +\"<span class=sf-dump-public title=\"Runtime added dynamic property\">des</span>\": \"\"\"
        <span class=sf-dump-str title=\"354 characters\">Ha llegado el momento en que pienses en tu compromiso hacia este proceso formativo. Por favor escribe en este espacio a que te comprometes, que vas a dar de t&#237; a este proceso formativo y al final piensa que consideras que deber&#237;a pasar para sentir que vali&#243; la pena todo este esfuerzo. <span class=\"sf-dump-default sf-dump-ns\">\\r\\n</span></span>
        <span class=sf-dump-str title=\"354 characters\">Puedes subir una imagen que represente para t&#237; lo que es un l&#237;der.</span>
        \"\"\"
      +\"<span class=sf-dump-public title=\"Runtime added dynamic property\">estado</span>\": <span class=sf-dump-num>1</span>
    </samp>}
  </samp>]
  #<span class=sf-dump-protected title=\"Protected property\">escapeWhenCastingToString</span>: <span class=sf-dump-const>false</span>
</samp>}
</pre><script>Sfdump(\"sf-dump-1565467971\", {\"maxDepth\":3,\"maxStringLength\":160})</script>
"}},"userId":671,"exception":"[object] (Spatie\\LaravelIgnition\\Exceptions\\ViewException(code: 0): syntax error, unexpected single-quoted string \"); ?>; color: <?php echo e($vi...\", expecting \")\" at C:\\xampp\\htdocs\\evolucion2024\\resources\\views\\retroalimentacion\\comentarios.blade.php:145)
[stacktrace]
#0 C:\\xampp\\htdocs\\evolucion2024\\vendor\\laravel\\framework\\src\\Illuminate\\Filesystem\\Filesystem.php(110): Illuminate\\Filesystem\\Filesystem::Illuminate\\Filesystem\\{closure}()
#1 C:\\xampp\\htdocs\\evolucion2024\\vendor\\laravel\\framework\\src\\Illuminate\\View\\Engines\\PhpEngine.php(58): Illuminate\\Filesystem\\Filesystem->getRequire('C:\\\\xampp\\\\htdocs...', Array)
#2 C:\\xampp\\htdocs\\evolucion2024\\vendor\\laravel\\framework\\src\\Illuminate\\View\\Engines\\CompilerEngine.php(70): Illuminate\\View\\Engines\\PhpEngine->evaluatePath('C:\\\\xampp\\\\htdocs...', Array)
#3 C:\\xampp\\htdocs\\evolucion2024\\vendor\\laravel\\framework\\src\\Illuminate\\View\\View.php(195): Illuminate\\View\\Engines\\CompilerEngine->get('C:\\\\xampp\\\\htdocs...', Array)
#4 C:\\xampp\\htdocs\\evolucion2024\\vendor\\laravel\\framework\\src\\Illuminate\\View\\View.php(178): Illuminate\\View\\View->getContents()
#5 C:\\xampp\\htdocs\\evolucion2024\\vendor\\laravel\\framework\\src\\Illuminate\\View\\View.php(147): Illuminate\\View\\View->renderContents()
#6 C:\\xampp\\htdocs\\evolucion2024\\vendor\\laravel\\framework\\src\\Illuminate\\Http\\Response.php(69): Illuminate\\View\\View->render()
#7 C:\\xampp\\htdocs\\evolucion2024\\vendor\\laravel\\framework\\src\\Illuminate\\Http\\Response.php(35): Illuminate\\Http\\Response->setContent(Object(Illuminate\\View\\View))
#8 C:\\xampp\\htdocs\\evolucion2024\\vendor\\laravel\\framework\\src\\Illuminate\\Routing\\Router.php(906): Illuminate\\Http\\Response->__construct(Object(Illuminate\\View\\View), 200, Array)
#9 C:\\xampp\\htdocs\\evolucion2024\\vendor\\laravel\\framework\\src\\Illuminate\\Routing\\Router.php(875): Illuminate\\Routing\\Router::toResponse(Object(Illuminate\\Http\\Request), Object(Illuminate\\View\\View))
#10 C:\\xampp\\htdocs\\evolucion2024\\vendor\\laravel\\framework\\src\\Illuminate\\Routing\\Router.php(798): Illuminate\\Routing\\Router->prepareResponse(Object(Illuminate\\Http\\Request), Object(Illuminate\\View\\View))
#11 C:\\xampp\\htdocs\\evolucion2024\\vendor\\laravel\\framework\\src\\Illuminate\\Pipeline\\Pipeline.php(141): Illuminate\\Routing\\Router->Illuminate\\Routing\\{closure}(Object(Illuminate\\Http\\Request))
#12 C:\\xampp\\htdocs\\evolucion2024\\app\\Http\\Middleware\\RedirectIfSessionExpired.php(25): Illuminate\\Pipeline\\Pipeline->Illuminate\\Pipeline\\{closure}(Object(Illuminate\\Http\\Request))
#13 C:\\xampp\\htdocs\\evolucion2024\\vendor\\laravel\\framework\\src\\Illuminate\\Pipeline\\Pipeline.php(180): App\\Http\\Middleware\\RedirectIfSessionExpired->handle(Object(Illuminate\\Http\\Request), Object(Closure))
#14 C:\\xampp\\htdocs\\evolucion2024\\vendor\\laravel\\framework\\src\\Illuminate\\Routing\\Middleware\\SubstituteBindings.php(50): Illuminate\\Pipeline\\Pipeline->Illuminate\\Pipeline\\{closure}(Object(Illuminate\\Http\\Request))
#15 C:\\xampp\\htdocs\\evolucion2024\\vendor\\laravel\\framework\\src\\Illuminate\\Pipeline\\Pipeline.php(180): Illuminate\\Routing\\Middleware\\SubstituteBindings->handle(Object(Illuminate\\Http\\Request), Object(Closure))
#16 C:\\xampp\\htdocs\\evolucion2024\\vendor\\laravel\\framework\\src\\Illuminate\\Foundation\\Http\\Middleware\\VerifyCsrfToken.php(78): Illuminate\\Pipeline\\Pipeline->Illuminate\\Pipeline\\{closure}(Object(Illuminate\\Http\\Request))
#17 C:\\xampp\\htdocs\\evolucion2024\\vendor\\laravel\\framework\\src\\Illuminate\\Pipeline\\Pipeline.php(180): Illuminate\\Foundation\\Http\\Middleware\\VerifyCsrfToken->handle(Object(Illuminate\\Http\\Request), Object(Closure))
#18 C:\\xampp\\htdocs\\evolucion2024\\vendor\\laravel\\framework\\src\\Illuminate\\View\\Middleware\\ShareErrorsFromSession.php(49): Illuminate\\Pipeline\\Pipeline->Illuminate\\Pipeline\\{closure}(Object(Illuminate\\Http\\Request))
#19 C:\\xampp\\htdocs\\evolucion2024\\vendor\\laravel\\framework\\src\\Illuminate\\Pipeline\\Pipeline.php(180): Illuminate\\View\\Middleware\\ShareErrorsFromSession->handle(Object(Illuminate\\Http\\Request), Object(Closure))
#20 C:\\xampp\\htdocs\\evolucion2024\\vendor\\laravel\\framework\\src\\Illuminate\\Session\\Middleware\\StartSession.php(121): Illuminate\\Pipeline\\Pipeline->Illuminate\\Pipeline\\{closure}(Object(Illuminate\\Http\\Request))
#21 C:\\xampp\\htdocs\\evolucion2024\\vendor\\laravel\\framework\\src\\Illuminate\\Session\\Middleware\\StartSession.php(64): Illuminate\\Session\\Middleware\\StartSession->handleStatefulRequest(Object(Illuminate\\Http\\Request), Object(Illuminate\\Session\\Store), Object(Closure))
#22 C:\\xampp\\htdocs\\evolucion2024\\vendor\\laravel\\framework\\src\\Illuminate\\Pipeline\\Pipeline.php(180): Illuminate\\Session\\Middleware\\StartSession->handle(Object(Illuminate\\Http\\Request), Object(Closure))
#23 C:\\xampp\\htdocs\\evolucion2024\\vendor\\laravel\\framework\\src\\Illuminate\\Cookie\\Middleware\\AddQueuedCookiesToResponse.php(37): Illuminate\\Pipeline\\Pipeline->Illuminate\\Pipeline\\{closure}(Object(Illuminate\\Http\\Request))
#24 C:\\xampp\\htdocs\\evolucion2024\\vendor\\laravel\\framework\\src\\Illuminate\\Pipeline\\Pipeline.php(180): Illuminate\\Cookie\\Middleware\\AddQueuedCookiesToResponse->handle(Object(Illuminate\\Http\\Request), Object(Closure))
#25 C:\\xampp\\htdocs\\evolucion2024\\vendor\\laravel\\framework\\src\\Illuminate\\Cookie\\Middleware\\EncryptCookies.php(67): Illuminate\\Pipeline\\Pipeline->Illuminate\\Pipeline\\{closure}(Object(Illuminate\\Http\\Request))
#26 C:\\xampp\\htdocs\\evolucion2024\\vendor\\laravel\\framework\\src\\Illuminate\\Pipeline\\Pipeline.php(180): Illuminate\\Cookie\\Middleware\\EncryptCookies->handle(Object(Illuminate\\Http\\Request), Object(Closure))
#27 C:\\xampp\\htdocs\\evolucion2024\\vendor\\laravel\\framework\\src\\Illuminate\\Pipeline\\Pipeline.php(116): Illuminate\\Pipeline\\Pipeline->Illuminate\\Pipeline\\{closure}(Object(Illuminate\\Http\\Request))
#28 C:\\xampp\\htdocs\\evolucion2024\\vendor\\laravel\\framework\\src\\Illuminate\\Routing\\Router.php(799): Illuminate\\Pipeline\\Pipeline->then(Object(Closure))
#29 C:\\xampp\\htdocs\\evolucion2024\\vendor\\laravel\\framework\\src\\Illuminate\\Routing\\Router.php(776): Illuminate\\Routing\\Router->runRouteWithinStack(Object(Illuminate\\Routing\\Route), Object(Illuminate\\Http\\Request))
#30 C:\\xampp\\htdocs\\evolucion2024\\vendor\\laravel\\framework\\src\\Illuminate\\Routing\\Router.php(740): Illuminate\\Routing\\Router->runRoute(Object(Illuminate\\Http\\Request), Object(Illuminate\\Routing\\Route))
#31 C:\\xampp\\htdocs\\evolucion2024\\vendor\\laravel\\framework\\src\\Illuminate\\Routing\\Router.php(729): Illuminate\\Routing\\Router->dispatchToRoute(Object(Illuminate\\Http\\Request))
#32 C:\\xampp\\htdocs\\evolucion2024\\vendor\\laravel\\framework\\src\\Illuminate\\Foundation\\Http\\Kernel.php(190): Illuminate\\Routing\\Router->dispatch(Object(Illuminate\\Http\\Request))
#33 C:\\xampp\\htdocs\\evolucion2024\\vendor\\laravel\\framework\\src\\Illuminate\\Pipeline\\Pipeline.php(141): Illuminate\\Foundation\\Http\\Kernel->Illuminate\\Foundation\\Http\\{closure}(Object(Illuminate\\Http\\Request))
#34 C:\\xampp\\htdocs\\evolucion2024\\vendor\\laravel\\framework\\src\\Illuminate\\Http\\Middleware\\TrustProxies.php(39): Illuminate\\Pipeline\\Pipeline->Illuminate\\Pipeline\\{closure}(Object(Illuminate\\Http\\Request))
#35 C:\\xampp\\htdocs\\evolucion2024\\vendor\\laravel\\framework\\src\\Illuminate\\Pipeline\\Pipeline.php(180): Illuminate\\Http\\Middleware\\TrustProxies->handle(Object(Illuminate\\Http\\Request), Object(Closure))
#36 C:\\xampp\\htdocs\\evolucion2024\\vendor\\laravel\\framework\\src\\Illuminate\\Foundation\\Http\\Middleware\\TransformsRequest.php(21): Illuminate\\Pipeline\\Pipeline->Illuminate\\Pipeline\\{closure}(Object(Illuminate\\Http\\Request))
#37 C:\\xampp\\htdocs\\evolucion2024\\vendor\\laravel\\framework\\src\\Illuminate\\Foundation\\Http\\Middleware\\ConvertEmptyStringsToNull.php(31): Illuminate\\Foundation\\Http\\Middleware\\TransformsRequest->handle(Object(Illuminate\\Http\\Request), Object(Closure))
#38 C:\\xampp\\htdocs\\evolucion2024\\vendor\\laravel\\framework\\src\\Illuminate\\Pipeline\\Pipeline.php(180): Illuminate\\Foundation\\Http\\Middleware\\ConvertEmptyStringsToNull->handle(Object(Illuminate\\Http\\Request), Object(Closure))
#39 C:\\xampp\\htdocs\\evolucion2024\\vendor\\laravel\\framework\\src\\Illuminate\\Foundation\\Http\\Middleware\\TransformsRequest.php(21): Illuminate\\Pipeline\\Pipeline->Illuminate\\Pipeline\\{closure}(Object(Illuminate\\Http\\Request))
#40 C:\\xampp\\htdocs\\evolucion2024\\vendor\\laravel\\framework\\src\\Illuminate\\Foundation\\Http\\Middleware\\TrimStrings.php(40): Illuminate\\Foundation\\Http\\Middleware\\TransformsRequest->handle(Object(Illuminate\\Http\\Request), Object(Closure))
#41 C:\\xampp\\htdocs\\evolucion2024\\vendor\\laravel\\framework\\src\\Illuminate\\Pipeline\\Pipeline.php(180): Illuminate\\Foundation\\Http\\Middleware\\TrimStrings->handle(Object(Illuminate\\Http\\Request), Object(Closure))
#42 C:\\xampp\\htdocs\\evolucion2024\\vendor\\laravel\\framework\\src\\Illuminate\\Foundation\\Http\\Middleware\\ValidatePostSize.php(27): Illuminate\\Pipeline\\Pipeline->Illuminate\\Pipeline\\{closure}(Object(Illuminate\\Http\\Request))
#43 C:\\xampp\\htdocs\\evolucion2024\\vendor\\laravel\\framework\\src\\Illuminate\\Pipeline\\Pipeline.php(180): Illuminate\\Foundation\\Http\\Middleware\\ValidatePostSize->handle(Object(Illuminate\\Http\\Request), Object(Closure))
#44 C:\\xampp\\htdocs\\evolucion2024\\vendor\\laravel\\framework\\src\\Illuminate\\Foundation\\Http\\Middleware\\PreventRequestsDuringMaintenance.php(86): Illuminate\\Pipeline\\Pipeline->Illuminate\\Pipeline\\{closure}(Object(Illuminate\\Http\\Request))
#45 C:\\xampp\\htdocs\\evolucion2024\\vendor\\laravel\\framework\\src\\Illuminate\\Pipeline\\Pipeline.php(180): Illuminate\\Foundation\\Http\\Middleware\\PreventRequestsDuringMaintenance->handle(Object(Illuminate\\Http\\Request), Object(Closure))
#46 C:\\xampp\\htdocs\\evolucion2024\\vendor\\laravel\\framework\\src\\Illuminate\\Pipeline\\Pipeline.php(116): Illuminate\\Pipeline\\Pipeline->Illuminate\\Pipeline\\{closure}(Object(Illuminate\\Http\\Request))
#47 C:\\xampp\\htdocs\\evolucion2024\\vendor\\laravel\\framework\\src\\Illuminate\\Foundation\\Http\\Kernel.php(165): Illuminate\\Pipeline\\Pipeline->then(Object(Closure))
#48 C:\\xampp\\htdocs\\evolucion2024\\vendor\\laravel\\framework\\src\\Illuminate\\Foundation\\Http\\Kernel.php(134): Illuminate\\Foundation\\Http\\Kernel->sendRequestThroughRouter(Object(Illuminate\\Http\\Request))
#49 C:\\xampp\\htdocs\\evolucion2024\\public\\index.php(55): Illuminate\\Foundation\\Http\\Kernel->handle(Object(Illuminate\\Http\\Request))
#50 C:\\xampp\\htdocs\\evolucion2024\\server.php(21): require_once('C:\\\\xampp\\\\htdocs...')
#51 {main}

[previous exception] [object] (ParseError(code: 0): syntax error, unexpected single-quoted string \"); ?>; color: <?php echo e($vi...\", expecting \")\" at C:\\xampp\\htdocs\\evolucion2024\\storage\\framework\\views\\33c632f7790d0827fa158ba77b0915e483f9a260.php:145)
[stacktrace]
#0 C:\\xampp\\htdocs\\evolucion2024\\vendor\\laravel\\framework\\src\\Illuminate\\Filesystem\\Filesystem.php(110): Illuminate\\Filesystem\\Filesystem::Illuminate\\Filesystem\\{closure}()
#1 C:\\xampp\\htdocs\\evolucion2024\\vendor\\laravel\\framework\\src\\Illuminate\\View\\Engines\\PhpEngine.php(58): Illuminate\\Filesystem\\Filesystem->getRequire('C:\\\\xampp\\\\htdocs...', Array)
#2 C:\\xampp\\htdocs\\evolucion2024\\vendor\\laravel\\framework\\src\\Illuminate\\View\\Engines\\CompilerEngine.php(70): Illuminate\\View\\Engines\\PhpEngine->evaluatePath('C:\\\\xampp\\\\htdocs...', Array)
#3 C:\\xampp\\htdocs\\evolucion2024\\vendor\\laravel\\framework\\src\\Illuminate\\View\\View.php(195): Illuminate\\View\\Engines\\CompilerEngine->get('C:\\\\xampp\\\\htdocs...', Array)
#4 C:\\xampp\\htdocs\\evolucion2024\\vendor\\laravel\\framework\\src\\Illuminate\\View\\View.php(178): Illuminate\\View\\View->getContents()
#5 C:\\xampp\\htdocs\\evolucion2024\\vendor\\laravel\\framework\\src\\Illuminate\\View\\View.php(147): Illuminate\\View\\View->renderContents()
#6 C:\\xampp\\htdocs\\evolucion2024\\vendor\\laravel\\framework\\src\\Illuminate\\Http\\Response.php(69): Illuminate\\View\\View->render()
#7 C:\\xampp\\htdocs\\evolucion2024\\vendor\\laravel\\framework\\src\\Illuminate\\Http\\Response.php(35): Illuminate\\Http\\Response->setContent(Object(Illuminate\\View\\View))
#8 C:\\xampp\\htdocs\\evolucion2024\\vendor\\laravel\\framework\\src\\Illuminate\\Routing\\Router.php(906): Illuminate\\Http\\Response->__construct(Object(Illuminate\\View\\View), 200, Array)
#9 C:\\xampp\\htdocs\\evolucion2024\\vendor\\laravel\\framework\\src\\Illuminate\\Routing\\Router.php(875): Illuminate\\Routing\\Router::toResponse(Object(Illuminate\\Http\\Request), Object(Illuminate\\View\\View))
#10 C:\\xampp\\htdocs\\evolucion2024\\vendor\\laravel\\framework\\src\\Illuminate\\Routing\\Router.php(798): Illuminate\\Routing\\Router->prepareResponse(Object(Illuminate\\Http\\Request), Object(Illuminate\\View\\View))
#11 C:\\xampp\\htdocs\\evolucion2024\\vendor\\laravel\\framework\\src\\Illuminate\\Pipeline\\Pipeline.php(141): Illuminate\\Routing\\Router->Illuminate\\Routing\\{closure}(Object(Illuminate\\Http\\Request))
#12 C:\\xampp\\htdocs\\evolucion2024\\app\\Http\\Middleware\\RedirectIfSessionExpired.php(25): Illuminate\\Pipeline\\Pipeline->Illuminate\\Pipeline\\{closure}(Object(Illuminate\\Http\\Request))
#13 C:\\xampp\\htdocs\\evolucion2024\\vendor\\laravel\\framework\\src\\Illuminate\\Pipeline\\Pipeline.php(180): App\\Http\\Middleware\\RedirectIfSessionExpired->handle(Object(Illuminate\\Http\\Request), Object(Closure))
#14 C:\\xampp\\htdocs\\evolucion2024\\vendor\\laravel\\framework\\src\\Illuminate\\Routing\\Middleware\\SubstituteBindings.php(50): Illuminate\\Pipeline\\Pipeline->Illuminate\\Pipeline\\{closure}(Object(Illuminate\\Http\\Request))
#15 C:\\xampp\\htdocs\\evolucion2024\\vendor\\laravel\\framework\\src\\Illuminate\\Pipeline\\Pipeline.php(180): Illuminate\\Routing\\Middleware\\SubstituteBindings->handle(Object(Illuminate\\Http\\Request), Object(Closure))
#16 C:\\xampp\\htdocs\\evolucion2024\\vendor\\laravel\\framework\\src\\Illuminate\\Foundation\\Http\\Middleware\\VerifyCsrfToken.php(78): Illuminate\\Pipeline\\Pipeline->Illuminate\\Pipeline\\{closure}(Object(Illuminate\\Http\\Request))
#17 C:\\xampp\\htdocs\\evolucion2024\\vendor\\laravel\\framework\\src\\Illuminate\\Pipeline\\Pipeline.php(180): Illuminate\\Foundation\\Http\\Middleware\\VerifyCsrfToken->handle(Object(Illuminate\\Http\\Request), Object(Closure))
#18 C:\\xampp\\htdocs\\evolucion2024\\vendor\\laravel\\framework\\src\\Illuminate\\View\\Middleware\\ShareErrorsFromSession.php(49): Illuminate\\Pipeline\\Pipeline->Illuminate\\Pipeline\\{closure}(Object(Illuminate\\Http\\Request))
#19 C:\\xampp\\htdocs\\evolucion2024\\vendor\\laravel\\framework\\src\\Illuminate\\Pipeline\\Pipeline.php(180): Illuminate\\View\\Middleware\\ShareErrorsFromSession->handle(Object(Illuminate\\Http\\Request), Object(Closure))
#20 C:\\xampp\\htdocs\\evolucion2024\\vendor\\laravel\\framework\\src\\Illuminate\\Session\\Middleware\\StartSession.php(121): Illuminate\\Pipeline\\Pipeline->Illuminate\\Pipeline\\{closure}(Object(Illuminate\\Http\\Request))
#21 C:\\xampp\\htdocs\\evolucion2024\\vendor\\laravel\\framework\\src\\Illuminate\\Session\\Middleware\\StartSession.php(64): Illuminate\\Session\\Middleware\\StartSession->handleStatefulRequest(Object(Illuminate\\Http\\Request), Object(Illuminate\\Session\\Store), Object(Closure))
#22 C:\\xampp\\htdocs\\evolucion2024\\vendor\\laravel\\framework\\src\\Illuminate\\Pipeline\\Pipeline.php(180): Illuminate\\Session\\Middleware\\StartSession->handle(Object(Illuminate\\Http\\Request), Object(Closure))
#23 C:\\xampp\\htdocs\\evolucion2024\\vendor\\laravel\\framework\\src\\Illuminate\\Cookie\\Middleware\\AddQueuedCookiesToResponse.php(37): Illuminate\\Pipeline\\Pipeline->Illuminate\\Pipeline\\{closure}(Object(Illuminate\\Http\\Request))
#24 C:\\xampp\\htdocs\\evolucion2024\\vendor\\laravel\\framework\\src\\Illuminate\\Pipeline\\Pipeline.php(180): Illuminate\\Cookie\\Middleware\\AddQueuedCookiesToResponse->handle(Object(Illuminate\\Http\\Request), Object(Closure))
#25 C:\\xampp\\htdocs\\evolucion2024\\vendor\\laravel\\framework\\src\\Illuminate\\Cookie\\Middleware\\EncryptCookies.php(67): Illuminate\\Pipeline\\Pipeline->Illuminate\\Pipeline\\{closure}(Object(Illuminate\\Http\\Request))
#26 C:\\xampp\\htdocs\\evolucion2024\\vendor\\laravel\\framework\\src\\Illuminate\\Pipeline\\Pipeline.php(180): Illuminate\\Cookie\\Middleware\\EncryptCookies->handle(Object(Illuminate\\Http\\Request), Object(Closure))
#27 C:\\xampp\\htdocs\\evolucion2024\\vendor\\laravel\\framework\\src\\Illuminate\\Pipeline\\Pipeline.php(116): Illuminate\\Pipeline\\Pipeline->Illuminate\\Pipeline\\{closure}(Object(Illuminate\\Http\\Request))
#28 C:\\xampp\\htdocs\\evolucion2024\\vendor\\laravel\\framework\\src\\Illuminate\\Routing\\Router.php(799): Illuminate\\Pipeline\\Pipeline->then(Object(Closure))
#29 C:\\xampp\\htdocs\\evolucion2024\\vendor\\laravel\\framework\\src\\Illuminate\\Routing\\Router.php(776): Illuminate\\Routing\\Router->runRouteWithinStack(Object(Illuminate\\Routing\\Route), Object(Illuminate\\Http\\Request))
#30 C:\\xampp\\htdocs\\evolucion2024\\vendor\\laravel\\framework\\src\\Illuminate\\Routing\\Router.php(740): Illuminate\\Routing\\Router->runRoute(Object(Illuminate\\Http\\Request), Object(Illuminate\\Routing\\Route))
#31 C:\\xampp\\htdocs\\evolucion2024\\vendor\\laravel\\framework\\src\\Illuminate\\Routing\\Router.php(729): Illuminate\\Routing\\Router->dispatchToRoute(Object(Illuminate\\Http\\Request))
#32 C:\\xampp\\htdocs\\evolucion2024\\vendor\\laravel\\framework\\src\\Illuminate\\Foundation\\Http\\Kernel.php(190): Illuminate\\Routing\\Router->dispatch(Object(Illuminate\\Http\\Request))
#33 C:\\xampp\\htdocs\\evolucion2024\\vendor\\laravel\\framework\\src\\Illuminate\\Pipeline\\Pipeline.php(141): Illuminate\\Foundation\\Http\\Kernel->Illuminate\\Foundation\\Http\\{closure}(Object(Illuminate\\Http\\Request))
#34 C:\\xampp\\htdocs\\evolucion2024\\vendor\\laravel\\framework\\src\\Illuminate\\Http\\Middleware\\TrustProxies.php(39): Illuminate\\Pipeline\\Pipeline->Illuminate\\Pipeline\\{closure}(Object(Illuminate\\Http\\Request))
#35 C:\\xampp\\htdocs\\evolucion2024\\vendor\\laravel\\framework\\src\\Illuminate\\Pipeline\\Pipeline.php(180): Illuminate\\Http\\Middleware\\TrustProxies->handle(Object(Illuminate\\Http\\Request), Object(Closure))
#36 C:\\xampp\\htdocs\\evolucion2024\\vendor\\laravel\\framework\\src\\Illuminate\\Foundation\\Http\\Middleware\\TransformsRequest.php(21): Illuminate\\Pipeline\\Pipeline->Illuminate\\Pipeline\\{closure}(Object(Illuminate\\Http\\Request))
#37 C:\\xampp\\htdocs\\evolucion2024\\vendor\\laravel\\framework\\src\\Illuminate\\Foundation\\Http\\Middleware\\ConvertEmptyStringsToNull.php(31): Illuminate\\Foundation\\Http\\Middleware\\TransformsRequest->handle(Object(Illuminate\\Http\\Request), Object(Closure))
#38 C:\\xampp\\htdocs\\evolucion2024\\vendor\\laravel\\framework\\src\\Illuminate\\Pipeline\\Pipeline.php(180): Illuminate\\Foundation\\Http\\Middleware\\ConvertEmptyStringsToNull->handle(Object(Illuminate\\Http\\Request), Object(Closure))
#39 C:\\xampp\\htdocs\\evolucion2024\\vendor\\laravel\\framework\\src\\Illuminate\\Foundation\\Http\\Middleware\\TransformsRequest.php(21): Illuminate\\Pipeline\\Pipeline->Illuminate\\Pipeline\\{closure}(Object(Illuminate\\Http\\Request))
#40 C:\\xampp\\htdocs\\evolucion2024\\vendor\\laravel\\framework\\src\\Illuminate\\Foundation\\Http\\Middleware\\TrimStrings.php(40): Illuminate\\Foundation\\Http\\Middleware\\TransformsRequest->handle(Object(Illuminate\\Http\\Request), Object(Closure))
#41 C:\\xampp\\htdocs\\evolucion2024\\vendor\\laravel\\framework\\src\\Illuminate\\Pipeline\\Pipeline.php(180): Illuminate\\Foundation\\Http\\Middleware\\TrimStrings->handle(Object(Illuminate\\Http\\Request), Object(Closure))
#42 C:\\xampp\\htdocs\\evolucion2024\\vendor\\laravel\\framework\\src\\Illuminate\\Foundation\\Http\\Middleware\\ValidatePostSize.php(27): Illuminate\\Pipeline\\Pipeline->Illuminate\\Pipeline\\{closure}(Object(Illuminate\\Http\\Request))
#43 C:\\xampp\\htdocs\\evolucion2024\\vendor\\laravel\\framework\\src\\Illuminate\\Pipeline\\Pipeline.php(180): Illuminate\\Foundation\\Http\\Middleware\\ValidatePostSize->handle(Object(Illuminate\\Http\\Request), Object(Closure))
#44 C:\\xampp\\htdocs\\evolucion2024\\vendor\\laravel\\framework\\src\\Illuminate\\Foundation\\Http\\Middleware\\PreventRequestsDuringMaintenance.php(86): Illuminate\\Pipeline\\Pipeline->Illuminate\\Pipeline\\{closure}(Object(Illuminate\\Http\\Request))
#45 C:\\xampp\\htdocs\\evolucion2024\\vendor\\laravel\\framework\\src\\Illuminate\\Pipeline\\Pipeline.php(180): Illuminate\\Foundation\\Http\\Middleware\\PreventRequestsDuringMaintenance->handle(Object(Illuminate\\Http\\Request), Object(Closure))
#46 C:\\xampp\\htdocs\\evolucion2024\\vendor\\laravel\\framework\\src\\Illuminate\\Pipeline\\Pipeline.php(116): Illuminate\\Pipeline\\Pipeline->Illuminate\\Pipeline\\{closure}(Object(Illuminate\\Http\\Request))
#47 C:\\xampp\\htdocs\\evolucion2024\\vendor\\laravel\\framework\\src\\Illuminate\\Foundation\\Http\\Kernel.php(165): Illuminate\\Pipeline\\Pipeline->then(Object(Closure))
#48 C:\\xampp\\htdocs\\evolucion2024\\vendor\\laravel\\framework\\src\\Illuminate\\Foundation\\Http\\Kernel.php(134): Illuminate\\Foundation\\Http\\Kernel->sendRequestThroughRouter(Object(Illuminate\\Http\\Request))
#49 C:\\xampp\\htdocs\\evolucion2024\\public\\index.php(55): Illuminate\\Foundation\\Http\\Kernel->handle(Object(Illuminate\\Http\\Request))
#50 C:\\xampp\\htdocs\\evolucion2024\\server.php(21): require_once('C:\\\\xampp\\\\htdocs...')
#51 {main}
"} 
[2025-02-05 19:57:39] production.ERROR: Undefined property: stdClass::$id {"view":{"view":"C:\\xampp\\htdocs\\evolucion2024\\resources\\views\\retroalimentacion\\comentarios.blade.php","data":{"errors":"<pre class=sf-dump id=sf-dump-213515805 data-indent-pad=\"  \"><span class=sf-dump-note>Illuminate\\Support\\ViewErrorBag</span> {<a class=sf-dump-ref>#1717</a><samp data-depth=1 class=sf-dump-expanded>
  #<span class=sf-dump-protected title=\"Protected property\">bags</span>: []
</samp>}
</pre><script>Sfdump(\"sf-dump-213515805\", {\"maxDepth\":3,\"maxStringLength\":160})</script>
","retos":"<pre class=sf-dump id=sf-dump-169172961 data-indent-pad=\"  \"><span class=sf-dump-note>array:1</span> [<samp data-depth=1 class=sf-dump-expanded>
  <span class=sf-dump-key>1</span> => <span class=sf-dump-note>array:7</span> [<samp data-depth=2 class=sf-dump-compact>
    <span class=sf-dump-index>0</span> => {<a class=sf-dump-ref>#1745</a><samp data-depth=3 class=sf-dump-compact>
      +\"<span class=sf-dump-public title=\"Runtime added dynamic property\">challenge_id</span>\": <span class=sf-dump-num>1</span>
      +\"<span class=sf-dump-public title=\"Runtime added dynamic property\">name</span>\": \"<span class=sf-dump-str title=\"30 characters\">0.1.1 &#191;De qu&#233; trata todo esto?</span>\"
      +\"<span class=sf-dump-public title=\"Runtime added dynamic property\">respuesta</span>\": <span class=sf-dump-const>null</span>
      +\"<span class=sf-dump-public title=\"Runtime added dynamic property\">des</span>\": \"\"\"
        <span class=sf-dump-str title=\"195 characters\">En este reto te dar&#225;s cuenta de las generalidades de G-Learning. <span class=\"sf-dump-default sf-dump-ns\">\\r\\n</span></span>
        <span class=sf-dump-str title=\"195 characters\">Por favor, al finalizar el video deberas dar respuesta a la siguiente pregunta: &#191;Porqu&#233; consideras importante crecer como l&#237;der?</span>
        \"\"\"
      +\"<span class=sf-dump-public title=\"Runtime added dynamic property\">tipo</span>\": \"<span class=sf-dump-str title=\"9 characters\">Ver Video</span>\"
      +\"<span class=sf-dump-public title=\"Runtime added dynamic property\">idtipo</span>\": <span class=sf-dump-num>5</span>
      +\"<span class=sf-dump-public title=\"Runtime added dynamic property\">capitulo</span>\": \"<span class=sf-dump-str title=\"10 characters\">Cap&#237;tulo 1</span>\"
      +\"<span class=sf-dump-public title=\"Runtime added dynamic property\">cap</span>\": <span class=sf-dump-num>1</span>
      +\"<span class=sf-dump-public title=\"Runtime added dynamic property\">comentario</span>\": <span class=sf-dump-const>null</span>
      +\"<span class=sf-dump-public title=\"Runtime added dynamic property\">material</span>\": \"\"
      +\"<span class=sf-dump-public title=\"Runtime added dynamic property\">urlvideo</span>\": \"<span class=sf-dump-str title=\"18 characters\">Tutorial_0_1_1.mp4</span>\"
    </samp>}
    <span class=sf-dump-index>1</span> => {<a class=sf-dump-ref>#1754</a><samp data-depth=3 class=sf-dump-compact>
      +\"<span class=sf-dump-public title=\"Runtime added dynamic property\">challenge_id</span>\": <span class=sf-dump-num>2</span>
      +\"<span class=sf-dump-public title=\"Runtime added dynamic property\">name</span>\": \"<span class=sf-dump-str title=\"20 characters\">0.1.2 Tipos de retos</span>\"
      +\"<span class=sf-dump-public title=\"Runtime added dynamic property\">respuesta</span>\": <span class=sf-dump-const>null</span>
      +\"<span class=sf-dump-public title=\"Runtime added dynamic property\">des</span>\": \"<span class=sf-dump-str title=\"180 characters\">En este reto conocer&#225;s los tipos de retos a los cuales te enfrentaras en esta historia. Por favor, al finalizar el video deberas explicar brevemente los tipos de retos que existen.</span>\"
      +\"<span class=sf-dump-public title=\"Runtime added dynamic property\">tipo</span>\": \"<span class=sf-dump-str title=\"9 characters\">Ver Video</span>\"
      +\"<span class=sf-dump-public title=\"Runtime added dynamic property\">idtipo</span>\": <span class=sf-dump-num>5</span>
      +\"<span class=sf-dump-public title=\"Runtime added dynamic property\">capitulo</span>\": \"<span class=sf-dump-str title=\"10 characters\">Cap&#237;tulo 1</span>\"
      +\"<span class=sf-dump-public title=\"Runtime added dynamic property\">cap</span>\": <span class=sf-dump-num>1</span>
      +\"<span class=sf-dump-public title=\"Runtime added dynamic property\">comentario</span>\": <span class=sf-dump-const>null</span>
      +\"<span class=sf-dump-public title=\"Runtime added dynamic property\">material</span>\": \"\"
      +\"<span class=sf-dump-public title=\"Runtime added dynamic property\">urlvideo</span>\": \"<span class=sf-dump-str title=\"18 characters\">tutorial_0_1_2.mp4</span>\"
    </samp>}
    <span class=sf-dump-index>2</span> => {<a class=sf-dump-ref>#1755</a><samp data-depth=3 class=sf-dump-compact>
      +\"<span class=sf-dump-public title=\"Runtime added dynamic property\">challenge_id</span>\": <span class=sf-dump-num>3</span>
      +\"<span class=sf-dump-public title=\"Runtime added dynamic property\">name</span>\": \"<span class=sf-dump-str title=\"30 characters\">0.1.3 &#191;Qu&#233; es una competencia?</span>\"
      +\"<span class=sf-dump-public title=\"Runtime added dynamic property\">respuesta</span>\": <span class=sf-dump-const>null</span>
      +\"<span class=sf-dump-public title=\"Runtime added dynamic property\">des</span>\": \"\"\"
        <span class=sf-dump-str title=\"389 characters\">Para este reto, deber&#225;s ver el video del reto  y al finalizar deberas responder en este espacio la siguiente actividad:<span class=\"sf-dump-default sf-dump-ns\">\\r\\n</span></span>
        <span class=sf-dump-str title=\"389 characters\"><span class=\"sf-dump-default sf-dump-ns\">\\r\\n</span></span>
        <span class=sf-dump-str title=\"389 characters\">Piensa en c&#243;mo te encuentras en las competencias de Auto Liderazgo, Administraci&#243;n del Tiempo y Retroalimentaci&#243;n a las personas. A cada una de estas 3 competencias  las vas a calificar como MUY BIEN, REGULAR o EN DESARROLLO  y cu&#233;ntanos el motivo de cada respuesta.</span>
        \"\"\"
      +\"<span class=sf-dump-public title=\"Runtime added dynamic property\">tipo</span>\": \"<span class=sf-dump-str title=\"9 characters\">Ver Video</span>\"
      +\"<span class=sf-dump-public title=\"Runtime added dynamic property\">idtipo</span>\": <span class=sf-dump-num>5</span>
      +\"<span class=sf-dump-public title=\"Runtime added dynamic property\">capitulo</span>\": \"<span class=sf-dump-str title=\"10 characters\">Cap&#237;tulo 1</span>\"
      +\"<span class=sf-dump-public title=\"Runtime added dynamic property\">cap</span>\": <span class=sf-dump-num>1</span>
      +\"<span class=sf-dump-public title=\"Runtime added dynamic property\">comentario</span>\": <span class=sf-dump-const>null</span>
      +\"<span class=sf-dump-public title=\"Runtime added dynamic property\">material</span>\": \"\"
      +\"<span class=sf-dump-public title=\"Runtime added dynamic property\">urlvideo</span>\": \"<span class=sf-dump-str title=\"18 characters\">tutorial_0_1_3.mp4</span>\"
    </samp>}
    <span class=sf-dump-index>3</span> => {<a class=sf-dump-ref>#1753</a><samp data-depth=3 class=sf-dump-compact>
      +\"<span class=sf-dump-public title=\"Runtime added dynamic property\">challenge_id</span>\": <span class=sf-dump-num>11</span>
      +\"<span class=sf-dump-public title=\"Runtime added dynamic property\">name</span>\": \"<span class=sf-dump-str title=\"17 characters\">0.1.4 Quiz Tema 1</span>\"
      +\"<span class=sf-dump-public title=\"Runtime added dynamic property\">respuesta</span>\": <span class=sf-dump-const>null</span>
      +\"<span class=sf-dump-public title=\"Runtime added dynamic property\">des</span>\": \"<span class=sf-dump-str title=\"46 characters\">&#161; Es hora de validar que tanto has aprendido !</span>\"
      +\"<span class=sf-dump-public title=\"Runtime added dynamic property\">tipo</span>\": \"<span class=sf-dump-str title=\"6 characters\">Q&#252;ices</span>\"
      +\"<span class=sf-dump-public title=\"Runtime added dynamic property\">idtipo</span>\": <span class=sf-dump-num>1</span>
      +\"<span class=sf-dump-public title=\"Runtime added dynamic property\">capitulo</span>\": \"<span class=sf-dump-str title=\"10 characters\">Cap&#237;tulo 1</span>\"
      +\"<span class=sf-dump-public title=\"Runtime added dynamic property\">cap</span>\": <span class=sf-dump-num>1</span>
      +\"<span class=sf-dump-public title=\"Runtime added dynamic property\">comentario</span>\": <span class=sf-dump-const>null</span>
      +\"<span class=sf-dump-public title=\"Runtime added dynamic property\">material</span>\": \"\"
      +\"<span class=sf-dump-public title=\"Runtime added dynamic property\">urlvideo</span>\": <span class=sf-dump-const>null</span>
    </samp>}
    <span class=sf-dump-index>4</span> => {<a class=sf-dump-ref>#1756</a><samp data-depth=3 class=sf-dump-compact>
      +\"<span class=sf-dump-public title=\"Runtime added dynamic property\">challenge_id</span>\": <span class=sf-dump-num>5</span>
      +\"<span class=sf-dump-public title=\"Runtime added dynamic property\">name</span>\": \"<span class=sf-dump-str title=\"21 characters\">0.2.1 Ver la historia</span>\"
      +\"<span class=sf-dump-public title=\"Runtime added dynamic property\">respuesta</span>\": <span class=sf-dump-const>null</span>
      +\"<span class=sf-dump-public title=\"Runtime added dynamic property\">des</span>\": \"<span class=sf-dump-str title=\"325 characters\">A continuaci&#243;n deberas ver el video con el inicio de la historia de G-Learning, ten a mano cuaderno y lapicero porque deberas al finalizar contestar las siguientes preguntas: &#191;Qu&#233; le sucedi&#243; a la tierra? &#191;En qu&#233; y porqu&#233; se convirtieron las personas que decidieron salir al espacio? &#191;Qu&#233; se espera de este equipo de viajeros?</span>\"
      +\"<span class=sf-dump-public title=\"Runtime added dynamic property\">tipo</span>\": \"<span class=sf-dump-str title=\"9 characters\">Ver Video</span>\"
      +\"<span class=sf-dump-public title=\"Runtime added dynamic property\">idtipo</span>\": <span class=sf-dump-num>5</span>
      +\"<span class=sf-dump-public title=\"Runtime added dynamic property\">capitulo</span>\": \"<span class=sf-dump-str title=\"10 characters\">Cap&#237;tulo 1</span>\"
      +\"<span class=sf-dump-public title=\"Runtime added dynamic property\">cap</span>\": <span class=sf-dump-num>1</span>
      +\"<span class=sf-dump-public title=\"Runtime added dynamic property\">comentario</span>\": <span class=sf-dump-const>null</span>
      +\"<span class=sf-dump-public title=\"Runtime added dynamic property\">material</span>\": \"\"
      +\"<span class=sf-dump-public title=\"Runtime added dynamic property\">urlvideo</span>\": \"<span class=sf-dump-str title=\"22 characters\">historia_evolucion.mp4</span>\"
    </samp>}
    <span class=sf-dump-index>5</span> => {<a class=sf-dump-ref>#1757</a><samp data-depth=3 class=sf-dump-compact>
      +\"<span class=sf-dump-public title=\"Runtime added dynamic property\">challenge_id</span>\": <span class=sf-dump-num>6</span>
      +\"<span class=sf-dump-public title=\"Runtime added dynamic property\">name</span>\": \"<span class=sf-dump-str title=\"16 characters\">0.2.2 Personajes</span>\"
      +\"<span class=sf-dump-public title=\"Runtime added dynamic property\">respuesta</span>\": \"<span class=sf-dump-str title=\"37 characters\">[&quot;MEMOREX&quot;,&quot;SABIUS&quot;,&quot;MAKER&quot;,&quot;LINGUO&quot;]</span>\"
      +\"<span class=sf-dump-public title=\"Runtime added dynamic property\">des</span>\": \"<span class=sf-dump-str title=\"41 characters\">Encuentra los 4 personajes de la historia</span>\"
      +\"<span class=sf-dump-public title=\"Runtime added dynamic property\">tipo</span>\": \"<span class=sf-dump-str title=\"14 characters\">Sopa de Letras</span>\"
      +\"<span class=sf-dump-public title=\"Runtime added dynamic property\">idtipo</span>\": <span class=sf-dump-num>3</span>
      +\"<span class=sf-dump-public title=\"Runtime added dynamic property\">capitulo</span>\": \"<span class=sf-dump-str title=\"10 characters\">Cap&#237;tulo 1</span>\"
      +\"<span class=sf-dump-public title=\"Runtime added dynamic property\">cap</span>\": <span class=sf-dump-num>1</span>
      +\"<span class=sf-dump-public title=\"Runtime added dynamic property\">comentario</span>\": <span class=sf-dump-const>null</span>
      +\"<span class=sf-dump-public title=\"Runtime added dynamic property\">material</span>\": \"\"
      +\"<span class=sf-dump-public title=\"Runtime added dynamic property\">urlvideo</span>\": <span class=sf-dump-const>null</span>
    </samp>}
    <span class=sf-dump-index>6</span> => {<a class=sf-dump-ref>#1758</a><samp data-depth=3 class=sf-dump-compact>
      +\"<span class=sf-dump-public title=\"Runtime added dynamic property\">challenge_id</span>\": <span class=sf-dump-num>7</span>
      +\"<span class=sf-dump-public title=\"Runtime added dynamic property\">name</span>\": \"<span class=sf-dump-str title=\"19 characters\">0.2.3 Tu compromiso</span>\"
      +\"<span class=sf-dump-public title=\"Runtime added dynamic property\">respuesta</span>\": <span class=sf-dump-const>null</span>
      +\"<span class=sf-dump-public title=\"Runtime added dynamic property\">des</span>\": \"\"\"
        <span class=sf-dump-str title=\"354 characters\">Ha llegado el momento en que pienses en tu compromiso hacia este proceso formativo. Por favor escribe en este espacio a que te comprometes, que vas a dar de t&#237; a este proceso formativo y al final piensa que consideras que deber&#237;a pasar para sentir que vali&#243; la pena todo este esfuerzo. <span class=\"sf-dump-default sf-dump-ns\">\\r\\n</span></span>
        <span class=sf-dump-str title=\"354 characters\">Puedes subir una imagen que represente para t&#237; lo que es un l&#237;der.</span>
        \"\"\"
      +\"<span class=sf-dump-public title=\"Runtime added dynamic property\">tipo</span>\": \"<span class=sf-dump-str title=\"13 characters\">Salir a Hacer</span>\"
      +\"<span class=sf-dump-public title=\"Runtime added dynamic property\">idtipo</span>\": <span class=sf-dump-num>8</span>
      +\"<span class=sf-dump-public title=\"Runtime added dynamic property\">capitulo</span>\": \"<span class=sf-dump-str title=\"10 characters\">Cap&#237;tulo 1</span>\"
      +\"<span class=sf-dump-public title=\"Runtime added dynamic property\">cap</span>\": <span class=sf-dump-num>1</span>
      +\"<span class=sf-dump-public title=\"Runtime added dynamic property\">comentario</span>\": <span class=sf-dump-const>null</span>
      +\"<span class=sf-dump-public title=\"Runtime added dynamic property\">material</span>\": \"\"
      +\"<span class=sf-dump-public title=\"Runtime added dynamic property\">urlvideo</span>\": <span class=sf-dump-const>null</span>
    </samp>}
  </samp>]
</samp>]
</pre><script>Sfdump(\"sf-dump-169172961\", {\"maxDepth\":3,\"maxStringLength\":160})</script>
","lecturas":"<pre class=sf-dump id=sf-dump-1348626148 data-indent-pad=\"  \"><span class=sf-dump-note>Illuminate\\Support\\Collection</span> {<a class=sf-dump-ref>#1747</a><samp data-depth=1 class=sf-dump-expanded>
  #<span class=sf-dump-protected title=\"Protected property\">items</span>: []
  #<span class=sf-dump-protected title=\"Protected property\">escapeWhenCastingToString</span>: <span class=sf-dump-const>false</span>
</samp>}
</pre><script>Sfdump(\"sf-dump-1348626148\", {\"maxDepth\":3,\"maxStringLength\":160})</script>
","videos":"<pre class=sf-dump id=sf-dump-502094894 data-indent-pad=\"  \"><span class=sf-dump-note>Illuminate\\Support\\Collection</span> {<a class=sf-dump-ref>#1737</a><samp data-depth=1 class=sf-dump-expanded>
  #<span class=sf-dump-protected title=\"Protected property\">items</span>: <span class=sf-dump-note>array:4</span> [<samp data-depth=2 class=sf-dump-compact>
    <span class=sf-dump-index>0</span> => {<a class=sf-dump-ref>#1743</a><samp data-depth=3 class=sf-dump-compact>
      +\"<span class=sf-dump-public title=\"Runtime added dynamic property\">id_challenge</span>\": <span class=sf-dump-num>1</span>
      +\"<span class=sf-dump-public title=\"Runtime added dynamic property\">id_user</span>\": <span class=sf-dump-num>671</span>
      +\"<span class=sf-dump-public title=\"Runtime added dynamic property\">respuesta</span>\": \"<span class=sf-dump-str title=\"193 characters\">En este reto te dar&#225;s cuenta de las generalidades de G-Learning. Por favor, al finalizar el video deberas dar respuesta a la siguiente pregunta: &#191;Porqu&#233; consideras importante crecer como l&#237;der?</span>\"
      +\"<span class=sf-dump-public title=\"Runtime added dynamic property\">idvideo</span>\": <span class=sf-dump-num>4139</span>
      +\"<span class=sf-dump-public title=\"Runtime added dynamic property\">comentario</span>\": \"\"
      +\"<span class=sf-dump-public title=\"Runtime added dynamic property\">des</span>\": \"\"\"
        <span class=sf-dump-str title=\"195 characters\">En este reto te dar&#225;s cuenta de las generalidades de G-Learning. <span class=\"sf-dump-default sf-dump-ns\">\\r\\n</span></span>
        <span class=sf-dump-str title=\"195 characters\">Por favor, al finalizar el video deberas dar respuesta a la siguiente pregunta: &#191;Porqu&#233; consideras importante crecer como l&#237;der?</span>
        \"\"\"
      +\"<span class=sf-dump-public title=\"Runtime added dynamic property\">estado</span>\": <span class=sf-dump-num>0</span>
    </samp>}
    <span class=sf-dump-index>1</span> => {<a class=sf-dump-ref>#1766</a><samp data-depth=3 class=sf-dump-compact>
      +\"<span class=sf-dump-public title=\"Runtime added dynamic property\">id_challenge</span>\": <span class=sf-dump-num>2</span>
      +\"<span class=sf-dump-public title=\"Runtime added dynamic property\">id_user</span>\": <span class=sf-dump-num>671</span>
      +\"<span class=sf-dump-public title=\"Runtime added dynamic property\">respuesta</span>\": \"<span class=sf-dump-str title=\"193 characters\">En este reto te dar&#225;s cuenta de las generalidades de G-Learning. Por favor, al finalizar el video deberas dar respuesta a la siguiente pregunta: &#191;Porqu&#233; consideras importante crecer como l&#237;der?</span>\"
      +\"<span class=sf-dump-public title=\"Runtime added dynamic property\">idvideo</span>\": <span class=sf-dump-num>4140</span>
      +\"<span class=sf-dump-public title=\"Runtime added dynamic property\">comentario</span>\": \"\"
      +\"<span class=sf-dump-public title=\"Runtime added dynamic property\">des</span>\": \"<span class=sf-dump-str title=\"180 characters\">En este reto conocer&#225;s los tipos de retos a los cuales te enfrentaras en esta historia. Por favor, al finalizar el video deberas explicar brevemente los tipos de retos que existen.</span>\"
      +\"<span class=sf-dump-public title=\"Runtime added dynamic property\">estado</span>\": <span class=sf-dump-num>0</span>
    </samp>}
    <span class=sf-dump-index>2</span> => {<a class=sf-dump-ref>#1764</a><samp data-depth=3 class=sf-dump-compact>
      +\"<span class=sf-dump-public title=\"Runtime added dynamic property\">id_challenge</span>\": <span class=sf-dump-num>3</span>
      +\"<span class=sf-dump-public title=\"Runtime added dynamic property\">id_user</span>\": <span class=sf-dump-num>671</span>
      +\"<span class=sf-dump-public title=\"Runtime added dynamic property\">respuesta</span>\": \"<span class=sf-dump-str title=\"193 characters\">En este reto te dar&#225;s cuenta de las generalidades de G-Learning. Por favor, al finalizar el video deberas dar respuesta a la siguiente pregunta: &#191;Porqu&#233; consideras importante crecer como l&#237;der?</span>\"
      +\"<span class=sf-dump-public title=\"Runtime added dynamic property\">idvideo</span>\": <span class=sf-dump-num>4141</span>
      +\"<span class=sf-dump-public title=\"Runtime added dynamic property\">comentario</span>\": \"\"
      +\"<span class=sf-dump-public title=\"Runtime added dynamic property\">des</span>\": \"\"\"
        <span class=sf-dump-str title=\"389 characters\">Para este reto, deber&#225;s ver el video del reto  y al finalizar deberas responder en este espacio la siguiente actividad:<span class=\"sf-dump-default sf-dump-ns\">\\r\\n</span></span>
        <span class=sf-dump-str title=\"389 characters\"><span class=\"sf-dump-default sf-dump-ns\">\\r\\n</span></span>
        <span class=sf-dump-str title=\"389 characters\">Piensa en c&#243;mo te encuentras en las competencias de Auto Liderazgo, Administraci&#243;n del Tiempo y Retroalimentaci&#243;n a las personas. A cada una de estas 3 competencias  las vas a calificar como MUY BIEN, REGULAR o EN DESARROLLO  y cu&#233;ntanos el motivo de cada respuesta.</span>
        \"\"\"
      +\"<span class=sf-dump-public title=\"Runtime added dynamic property\">estado</span>\": <span class=sf-dump-num>0</span>
    </samp>}
    <span class=sf-dump-index>3</span> => {<a class=sf-dump-ref>#1760</a><samp data-depth=3 class=sf-dump-compact>
      +\"<span class=sf-dump-public title=\"Runtime added dynamic property\">id_challenge</span>\": <span class=sf-dump-num>5</span>
      +\"<span class=sf-dump-public title=\"Runtime added dynamic property\">id_user</span>\": <span class=sf-dump-num>671</span>
      +\"<span class=sf-dump-public title=\"Runtime added dynamic property\">respuesta</span>\": \"<span class=sf-dump-str title=\"325 characters\">A continuaci&#243;n deberas ver el video con el inicio de la historia de G-Learning, ten a mano cuaderno y lapicero porque deberas al finalizar contestar las siguientes preguntas: &#191;Qu&#233; le sucedi&#243; a la tierra? &#191;En qu&#233; y porqu&#233; se convirtieron las personas que decidieron salir al espacio? &#191;Qu&#233; se espera de este equipo de viajeros?</span>\"
      +\"<span class=sf-dump-public title=\"Runtime added dynamic property\">idvideo</span>\": <span class=sf-dump-num>4142</span>
      +\"<span class=sf-dump-public title=\"Runtime added dynamic property\">comentario</span>\": \"\"
      +\"<span class=sf-dump-public title=\"Runtime added dynamic property\">des</span>\": \"<span class=sf-dump-str title=\"325 characters\">A continuaci&#243;n deberas ver el video con el inicio de la historia de G-Learning, ten a mano cuaderno y lapicero porque deberas al finalizar contestar las siguientes preguntas: &#191;Qu&#233; le sucedi&#243; a la tierra? &#191;En qu&#233; y porqu&#233; se convirtieron las personas que decidieron salir al espacio? &#191;Qu&#233; se espera de este equipo de viajeros?</span>\"
      +\"<span class=sf-dump-public title=\"Runtime added dynamic property\">estado</span>\": <span class=sf-dump-num>1</span>
    </samp>}
  </samp>]
  #<span class=sf-dump-protected title=\"Protected property\">escapeWhenCastingToString</span>: <span class=sf-dump-const>false</span>
</samp>}
</pre><script>Sfdump(\"sf-dump-502094894\", {\"maxDepth\":3,\"maxStringLength\":160})</script>
","pictures":"<pre class=sf-dump id=sf-dump-1468346243 data-indent-pad=\"  \"><span class=sf-dump-note>Illuminate\\Support\\Collection</span> {<a class=sf-dump-ref>#1736</a><samp data-depth=1 class=sf-dump-expanded>
  #<span class=sf-dump-protected title=\"Protected property\">items</span>: []
  #<span class=sf-dump-protected title=\"Protected property\">escapeWhenCastingToString</span>: <span class=sf-dump-const>false</span>
</samp>}
</pre><script>Sfdump(\"sf-dump-1468346243\", {\"maxDepth\":3,\"maxStringLength\":160})</script>
","comcat":"<pre class=sf-dump id=sf-dump-1501420709 data-indent-pad=\"  \"><span class=sf-dump-note>Illuminate\\Database\\Eloquent\\Collection</span> {<a class=sf-dump-ref>#1752</a><samp data-depth=1 class=sf-dump-expanded>
  #<span class=sf-dump-protected title=\"Protected property\">items</span>: []
  #<span class=sf-dump-protected title=\"Protected property\">escapeWhenCastingToString</span>: <span class=sf-dump-const>false</span>
</samp>}
</pre><script>Sfdump(\"sf-dump-1501420709\", {\"maxDepth\":3,\"maxStringLength\":160})</script>
","salidas":"<pre class=sf-dump id=sf-dump-1472393836 data-indent-pad=\"  \"><span class=sf-dump-note>Illuminate\\Support\\Collection</span> {<a class=sf-dump-ref>#1763</a><samp data-depth=1 class=sf-dump-expanded>
  #<span class=sf-dump-protected title=\"Protected property\">items</span>: <span class=sf-dump-note>array:1</span> [<samp data-depth=2 class=sf-dump-compact>
    <span class=sf-dump-index>0</span> => {<a class=sf-dump-ref>#1768</a><samp data-depth=3 class=sf-dump-compact>
      +\"<span class=sf-dump-public title=\"Runtime added dynamic property\">id_challenge</span>\": <span class=sf-dump-num>7</span>
      +\"<span class=sf-dump-public title=\"Runtime added dynamic property\">id_user</span>\": <span class=sf-dump-num>671</span>
      +\"<span class=sf-dump-public title=\"Runtime added dynamic property\">respuesta</span>\": \"<span class=sf-dump-str title=\"184 characters\">Ha llegado el momento en que pienses en tu compromiso hacia este proceso formativo. Por favor escribe en este espacio a que te comprometes, que vas a dar de t&#237; a este proceso formativo</span>\"
      +\"<span class=sf-dump-public title=\"Runtime added dynamic property\">img</span>\": \"<span class=sf-dump-str title=\"21 characters\">outdoor1738771503.png</span>\"
      +\"<span class=sf-dump-public title=\"Runtime added dynamic property\">video</span>\": <span class=sf-dump-const>null</span>
      +\"<span class=sf-dump-public title=\"Runtime added dynamic property\">idout</span>\": <span class=sf-dump-num>989</span>
      +\"<span class=sf-dump-public title=\"Runtime added dynamic property\">comentario</span>\": \"\"
      +\"<span class=sf-dump-public title=\"Runtime added dynamic property\">des</span>\": \"\"\"
        <span class=sf-dump-str title=\"354 characters\">Ha llegado el momento en que pienses en tu compromiso hacia este proceso formativo. Por favor escribe en este espacio a que te comprometes, que vas a dar de t&#237; a este proceso formativo y al final piensa que consideras que deber&#237;a pasar para sentir que vali&#243; la pena todo este esfuerzo. <span class=\"sf-dump-default sf-dump-ns\">\\r\\n</span></span>
        <span class=sf-dump-str title=\"354 characters\">Puedes subir una imagen que represente para t&#237; lo que es un l&#237;der.</span>
        \"\"\"
      +\"<span class=sf-dump-public title=\"Runtime added dynamic property\">estado</span>\": <span class=sf-dump-num>1</span>
    </samp>}
  </samp>]
  #<span class=sf-dump-protected title=\"Protected property\">escapeWhenCastingToString</span>: <span class=sf-dump-const>false</span>
</samp>}
</pre><script>Sfdump(\"sf-dump-1472393836\", {\"maxDepth\":3,\"maxStringLength\":160})</script>
"}},"userId":671,"exception":"[object] (Spatie\\LaravelIgnition\\Exceptions\\ViewException(code: 0): Undefined property: stdClass::$id at C:\\xampp\\htdocs\\evolucion2024\\resources\\views\\retroalimentacion\\comentarios.blade.php:181)
[stacktrace]
#0 C:\\xampp\\htdocs\\evolucion2024\\vendor\\laravel\\framework\\src\\Illuminate\\Foundation\\Bootstrap\\HandleExceptions.php(270): Illuminate\\Foundation\\Bootstrap\\HandleExceptions->handleError(2, 'Undefined prope...', 'C:\\\\xampp\\\\htdocs...', 181)
#1 C:\\xampp\\htdocs\\evolucion2024\\resources\\views\\retroalimentacion\\comentarios.blade.php(181): Illuminate\\Foundation\\Bootstrap\\HandleExceptions->Illuminate\\Foundation\\Bootstrap\\{closure}(2, 'Undefined prope...', 'C:\\\\xampp\\\\htdocs...', 181)
#2 C:\\xampp\\htdocs\\evolucion2024\\vendor\\laravel\\framework\\src\\Illuminate\\Filesystem\\Filesystem.php(109): require('C:\\\\xampp\\\\htdocs...')
#3 C:\\xampp\\htdocs\\evolucion2024\\vendor\\laravel\\framework\\src\\Illuminate\\Filesystem\\Filesystem.php(110): Illuminate\\Filesystem\\Filesystem::Illuminate\\Filesystem\\{closure}()
#4 C:\\xampp\\htdocs\\evolucion2024\\vendor\\laravel\\framework\\src\\Illuminate\\View\\Engines\\PhpEngine.php(58): Illuminate\\Filesystem\\Filesystem->getRequire('C:\\\\xampp\\\\htdocs...', Array)
#5 C:\\xampp\\htdocs\\evolucion2024\\vendor\\laravel\\framework\\src\\Illuminate\\View\\Engines\\CompilerEngine.php(70): Illuminate\\View\\Engines\\PhpEngine->evaluatePath('C:\\\\xampp\\\\htdocs...', Array)
#6 C:\\xampp\\htdocs\\evolucion2024\\vendor\\laravel\\framework\\src\\Illuminate\\View\\View.php(195): Illuminate\\View\\Engines\\CompilerEngine->get('C:\\\\xampp\\\\htdocs...', Array)
#7 C:\\xampp\\htdocs\\evolucion2024\\vendor\\laravel\\framework\\src\\Illuminate\\View\\View.php(178): Illuminate\\View\\View->getContents()
#8 C:\\xampp\\htdocs\\evolucion2024\\vendor\\laravel\\framework\\src\\Illuminate\\View\\View.php(147): Illuminate\\View\\View->renderContents()
#9 C:\\xampp\\htdocs\\evolucion2024\\vendor\\laravel\\framework\\src\\Illuminate\\Http\\Response.php(69): Illuminate\\View\\View->render()
#10 C:\\xampp\\htdocs\\evolucion2024\\vendor\\laravel\\framework\\src\\Illuminate\\Http\\Response.php(35): Illuminate\\Http\\Response->setContent(Object(Illuminate\\View\\View))
#11 C:\\xampp\\htdocs\\evolucion2024\\vendor\\laravel\\framework\\src\\Illuminate\\Routing\\Router.php(906): Illuminate\\Http\\Response->__construct(Object(Illuminate\\View\\View), 200, Array)
#12 C:\\xampp\\htdocs\\evolucion2024\\vendor\\laravel\\framework\\src\\Illuminate\\Routing\\Router.php(875): Illuminate\\Routing\\Router::toResponse(Object(Illuminate\\Http\\Request), Object(Illuminate\\View\\View))
#13 C:\\xampp\\htdocs\\evolucion2024\\vendor\\laravel\\framework\\src\\Illuminate\\Routing\\Router.php(798): Illuminate\\Routing\\Router->prepareResponse(Object(Illuminate\\Http\\Request), Object(Illuminate\\View\\View))
#14 C:\\xampp\\htdocs\\evolucion2024\\vendor\\laravel\\framework\\src\\Illuminate\\Pipeline\\Pipeline.php(141): Illuminate\\Routing\\Router->Illuminate\\Routing\\{closure}(Object(Illuminate\\Http\\Request))
#15 C:\\xampp\\htdocs\\evolucion2024\\app\\Http\\Middleware\\RedirectIfSessionExpired.php(25): Illuminate\\Pipeline\\Pipeline->Illuminate\\Pipeline\\{closure}(Object(Illuminate\\Http\\Request))
#16 C:\\xampp\\htdocs\\evolucion2024\\vendor\\laravel\\framework\\src\\Illuminate\\Pipeline\\Pipeline.php(180): App\\Http\\Middleware\\RedirectIfSessionExpired->handle(Object(Illuminate\\Http\\Request), Object(Closure))
#17 C:\\xampp\\htdocs\\evolucion2024\\vendor\\laravel\\framework\\src\\Illuminate\\Routing\\Middleware\\SubstituteBindings.php(50): Illuminate\\Pipeline\\Pipeline->Illuminate\\Pipeline\\{closure}(Object(Illuminate\\Http\\Request))
#18 C:\\xampp\\htdocs\\evolucion2024\\vendor\\laravel\\framework\\src\\Illuminate\\Pipeline\\Pipeline.php(180): Illuminate\\Routing\\Middleware\\SubstituteBindings->handle(Object(Illuminate\\Http\\Request), Object(Closure))
#19 C:\\xampp\\htdocs\\evolucion2024\\vendor\\laravel\\framework\\src\\Illuminate\\Foundation\\Http\\Middleware\\VerifyCsrfToken.php(78): Illuminate\\Pipeline\\Pipeline->Illuminate\\Pipeline\\{closure}(Object(Illuminate\\Http\\Request))
#20 C:\\xampp\\htdocs\\evolucion2024\\vendor\\laravel\\framework\\src\\Illuminate\\Pipeline\\Pipeline.php(180): Illuminate\\Foundation\\Http\\Middleware\\VerifyCsrfToken->handle(Object(Illuminate\\Http\\Request), Object(Closure))
#21 C:\\xampp\\htdocs\\evolucion2024\\vendor\\laravel\\framework\\src\\Illuminate\\View\\Middleware\\ShareErrorsFromSession.php(49): Illuminate\\Pipeline\\Pipeline->Illuminate\\Pipeline\\{closure}(Object(Illuminate\\Http\\Request))
#22 C:\\xampp\\htdocs\\evolucion2024\\vendor\\laravel\\framework\\src\\Illuminate\\Pipeline\\Pipeline.php(180): Illuminate\\View\\Middleware\\ShareErrorsFromSession->handle(Object(Illuminate\\Http\\Request), Object(Closure))
#23 C:\\xampp\\htdocs\\evolucion2024\\vendor\\laravel\\framework\\src\\Illuminate\\Session\\Middleware\\StartSession.php(121): Illuminate\\Pipeline\\Pipeline->Illuminate\\Pipeline\\{closure}(Object(Illuminate\\Http\\Request))
#24 C:\\xampp\\htdocs\\evolucion2024\\vendor\\laravel\\framework\\src\\Illuminate\\Session\\Middleware\\StartSession.php(64): Illuminate\\Session\\Middleware\\StartSession->handleStatefulRequest(Object(Illuminate\\Http\\Request), Object(Illuminate\\Session\\Store), Object(Closure))
#25 C:\\xampp\\htdocs\\evolucion2024\\vendor\\laravel\\framework\\src\\Illuminate\\Pipeline\\Pipeline.php(180): Illuminate\\Session\\Middleware\\StartSession->handle(Object(Illuminate\\Http\\Request), Object(Closure))
#26 C:\\xampp\\htdocs\\evolucion2024\\vendor\\laravel\\framework\\src\\Illuminate\\Cookie\\Middleware\\AddQueuedCookiesToResponse.php(37): Illuminate\\Pipeline\\Pipeline->Illuminate\\Pipeline\\{closure}(Object(Illuminate\\Http\\Request))
#27 C:\\xampp\\htdocs\\evolucion2024\\vendor\\laravel\\framework\\src\\Illuminate\\Pipeline\\Pipeline.php(180): Illuminate\\Cookie\\Middleware\\AddQueuedCookiesToResponse->handle(Object(Illuminate\\Http\\Request), Object(Closure))
#28 C:\\xampp\\htdocs\\evolucion2024\\vendor\\laravel\\framework\\src\\Illuminate\\Cookie\\Middleware\\EncryptCookies.php(67): Illuminate\\Pipeline\\Pipeline->Illuminate\\Pipeline\\{closure}(Object(Illuminate\\Http\\Request))
#29 C:\\xampp\\htdocs\\evolucion2024\\vendor\\laravel\\framework\\src\\Illuminate\\Pipeline\\Pipeline.php(180): Illuminate\\Cookie\\Middleware\\EncryptCookies->handle(Object(Illuminate\\Http\\Request), Object(Closure))
#30 C:\\xampp\\htdocs\\evolucion2024\\vendor\\laravel\\framework\\src\\Illuminate\\Pipeline\\Pipeline.php(116): Illuminate\\Pipeline\\Pipeline->Illuminate\\Pipeline\\{closure}(Object(Illuminate\\Http\\Request))
#31 C:\\xampp\\htdocs\\evolucion2024\\vendor\\laravel\\framework\\src\\Illuminate\\Routing\\Router.php(799): Illuminate\\Pipeline\\Pipeline->then(Object(Closure))
#32 C:\\xampp\\htdocs\\evolucion2024\\vendor\\laravel\\framework\\src\\Illuminate\\Routing\\Router.php(776): Illuminate\\Routing\\Router->runRouteWithinStack(Object(Illuminate\\Routing\\Route), Object(Illuminate\\Http\\Request))
#33 C:\\xampp\\htdocs\\evolucion2024\\vendor\\laravel\\framework\\src\\Illuminate\\Routing\\Router.php(740): Illuminate\\Routing\\Router->runRoute(Object(Illuminate\\Http\\Request), Object(Illuminate\\Routing\\Route))
#34 C:\\xampp\\htdocs\\evolucion2024\\vendor\\laravel\\framework\\src\\Illuminate\\Routing\\Router.php(729): Illuminate\\Routing\\Router->dispatchToRoute(Object(Illuminate\\Http\\Request))
#35 C:\\xampp\\htdocs\\evolucion2024\\vendor\\laravel\\framework\\src\\Illuminate\\Foundation\\Http\\Kernel.php(190): Illuminate\\Routing\\Router->dispatch(Object(Illuminate\\Http\\Request))
#36 C:\\xampp\\htdocs\\evolucion2024\\vendor\\laravel\\framework\\src\\Illuminate\\Pipeline\\Pipeline.php(141): Illuminate\\Foundation\\Http\\Kernel->Illuminate\\Foundation\\Http\\{closure}(Object(Illuminate\\Http\\Request))
#37 C:\\xampp\\htdocs\\evolucion2024\\vendor\\laravel\\framework\\src\\Illuminate\\Http\\Middleware\\TrustProxies.php(39): Illuminate\\Pipeline\\Pipeline->Illuminate\\Pipeline\\{closure}(Object(Illuminate\\Http\\Request))
#38 C:\\xampp\\htdocs\\evolucion2024\\vendor\\laravel\\framework\\src\\Illuminate\\Pipeline\\Pipeline.php(180): Illuminate\\Http\\Middleware\\TrustProxies->handle(Object(Illuminate\\Http\\Request), Object(Closure))
#39 C:\\xampp\\htdocs\\evolucion2024\\vendor\\laravel\\framework\\src\\Illuminate\\Foundation\\Http\\Middleware\\TransformsRequest.php(21): Illuminate\\Pipeline\\Pipeline->Illuminate\\Pipeline\\{closure}(Object(Illuminate\\Http\\Request))
#40 C:\\xampp\\htdocs\\evolucion2024\\vendor\\laravel\\framework\\src\\Illuminate\\Foundation\\Http\\Middleware\\ConvertEmptyStringsToNull.php(31): Illuminate\\Foundation\\Http\\Middleware\\TransformsRequest->handle(Object(Illuminate\\Http\\Request), Object(Closure))
#41 C:\\xampp\\htdocs\\evolucion2024\\vendor\\laravel\\framework\\src\\Illuminate\\Pipeline\\Pipeline.php(180): Illuminate\\Foundation\\Http\\Middleware\\ConvertEmptyStringsToNull->handle(Object(Illuminate\\Http\\Request), Object(Closure))
#42 C:\\xampp\\htdocs\\evolucion2024\\vendor\\laravel\\framework\\src\\Illuminate\\Foundation\\Http\\Middleware\\TransformsRequest.php(21): Illuminate\\Pipeline\\Pipeline->Illuminate\\Pipeline\\{closure}(Object(Illuminate\\Http\\Request))
#43 C:\\xampp\\htdocs\\evolucion2024\\vendor\\laravel\\framework\\src\\Illuminate\\Foundation\\Http\\Middleware\\TrimStrings.php(40): Illuminate\\Foundation\\Http\\Middleware\\TransformsRequest->handle(Object(Illuminate\\Http\\Request), Object(Closure))
#44 C:\\xampp\\htdocs\\evolucion2024\\vendor\\laravel\\framework\\src\\Illuminate\\Pipeline\\Pipeline.php(180): Illuminate\\Foundation\\Http\\Middleware\\TrimStrings->handle(Object(Illuminate\\Http\\Request), Object(Closure))
#45 C:\\xampp\\htdocs\\evolucion2024\\vendor\\laravel\\framework\\src\\Illuminate\\Foundation\\Http\\Middleware\\ValidatePostSize.php(27): Illuminate\\Pipeline\\Pipeline->Illuminate\\Pipeline\\{closure}(Object(Illuminate\\Http\\Request))
#46 C:\\xampp\\htdocs\\evolucion2024\\vendor\\laravel\\framework\\src\\Illuminate\\Pipeline\\Pipeline.php(180): Illuminate\\Foundation\\Http\\Middleware\\ValidatePostSize->handle(Object(Illuminate\\Http\\Request), Object(Closure))
#47 C:\\xampp\\htdocs\\evolucion2024\\vendor\\laravel\\framework\\src\\Illuminate\\Foundation\\Http\\Middleware\\PreventRequestsDuringMaintenance.php(86): Illuminate\\Pipeline\\Pipeline->Illuminate\\Pipeline\\{closure}(Object(Illuminate\\Http\\Request))
#48 C:\\xampp\\htdocs\\evolucion2024\\vendor\\laravel\\framework\\src\\Illuminate\\Pipeline\\Pipeline.php(180): Illuminate\\Foundation\\Http\\Middleware\\PreventRequestsDuringMaintenance->handle(Object(Illuminate\\Http\\Request), Object(Closure))
#49 C:\\xampp\\htdocs\\evolucion2024\\vendor\\laravel\\framework\\src\\Illuminate\\Pipeline\\Pipeline.php(116): Illuminate\\Pipeline\\Pipeline->Illuminate\\Pipeline\\{closure}(Object(Illuminate\\Http\\Request))
#50 C:\\xampp\\htdocs\\evolucion2024\\vendor\\laravel\\framework\\src\\Illuminate\\Foundation\\Http\\Kernel.php(165): Illuminate\\Pipeline\\Pipeline->then(Object(Closure))
#51 C:\\xampp\\htdocs\\evolucion2024\\vendor\\laravel\\framework\\src\\Illuminate\\Foundation\\Http\\Kernel.php(134): Illuminate\\Foundation\\Http\\Kernel->sendRequestThroughRouter(Object(Illuminate\\Http\\Request))
#52 C:\\xampp\\htdocs\\evolucion2024\\public\\index.php(55): Illuminate\\Foundation\\Http\\Kernel->handle(Object(Illuminate\\Http\\Request))
#53 C:\\xampp\\htdocs\\evolucion2024\\server.php(21): require_once('C:\\\\xampp\\\\htdocs...')
#54 {main}

[previous exception] [object] (ErrorException(code: 0): Undefined property: stdClass::$id at C:\\xampp\\htdocs\\evolucion2024\\storage\\framework\\views\\33c632f7790d0827fa158ba77b0915e483f9a260.php:181)
[stacktrace]
#0 C:\\xampp\\htdocs\\evolucion2024\\vendor\\laravel\\framework\\src\\Illuminate\\Foundation\\Bootstrap\\HandleExceptions.php(270): Illuminate\\Foundation\\Bootstrap\\HandleExceptions->handleError(2, 'Undefined prope...', 'C:\\\\xampp\\\\htdocs...', 181)
#1 C:\\xampp\\htdocs\\evolucion2024\\storage\\framework\\views\\33c632f7790d0827fa158ba77b0915e483f9a260.php(181): Illuminate\\Foundation\\Bootstrap\\HandleExceptions->Illuminate\\Foundation\\Bootstrap\\{closure}(2, 'Undefined prope...', 'C:\\\\xampp\\\\htdocs...', 181)
#2 C:\\xampp\\htdocs\\evolucion2024\\vendor\\laravel\\framework\\src\\Illuminate\\Filesystem\\Filesystem.php(109): require('C:\\\\xampp\\\\htdocs...')
#3 C:\\xampp\\htdocs\\evolucion2024\\vendor\\laravel\\framework\\src\\Illuminate\\Filesystem\\Filesystem.php(110): Illuminate\\Filesystem\\Filesystem::Illuminate\\Filesystem\\{closure}()
#4 C:\\xampp\\htdocs\\evolucion2024\\vendor\\laravel\\framework\\src\\Illuminate\\View\\Engines\\PhpEngine.php(58): Illuminate\\Filesystem\\Filesystem->getRequire('C:\\\\xampp\\\\htdocs...', Array)
#5 C:\\xampp\\htdocs\\evolucion2024\\vendor\\laravel\\framework\\src\\Illuminate\\View\\Engines\\CompilerEngine.php(70): Illuminate\\View\\Engines\\PhpEngine->evaluatePath('C:\\\\xampp\\\\htdocs...', Array)
#6 C:\\xampp\\htdocs\\evolucion2024\\vendor\\laravel\\framework\\src\\Illuminate\\View\\View.php(195): Illuminate\\View\\Engines\\CompilerEngine->get('C:\\\\xampp\\\\htdocs...', Array)
#7 C:\\xampp\\htdocs\\evolucion2024\\vendor\\laravel\\framework\\src\\Illuminate\\View\\View.php(178): Illuminate\\View\\View->getContents()
#8 C:\\xampp\\htdocs\\evolucion2024\\vendor\\laravel\\framework\\src\\Illuminate\\View\\View.php(147): Illuminate\\View\\View->renderContents()
#9 C:\\xampp\\htdocs\\evolucion2024\\vendor\\laravel\\framework\\src\\Illuminate\\Http\\Response.php(69): Illuminate\\View\\View->render()
#10 C:\\xampp\\htdocs\\evolucion2024\\vendor\\laravel\\framework\\src\\Illuminate\\Http\\Response.php(35): Illuminate\\Http\\Response->setContent(Object(Illuminate\\View\\View))
#11 C:\\xampp\\htdocs\\evolucion2024\\vendor\\laravel\\framework\\src\\Illuminate\\Routing\\Router.php(906): Illuminate\\Http\\Response->__construct(Object(Illuminate\\View\\View), 200, Array)
#12 C:\\xampp\\htdocs\\evolucion2024\\vendor\\laravel\\framework\\src\\Illuminate\\Routing\\Router.php(875): Illuminate\\Routing\\Router::toResponse(Object(Illuminate\\Http\\Request), Object(Illuminate\\View\\View))
#13 C:\\xampp\\htdocs\\evolucion2024\\vendor\\laravel\\framework\\src\\Illuminate\\Routing\\Router.php(798): Illuminate\\Routing\\Router->prepareResponse(Object(Illuminate\\Http\\Request), Object(Illuminate\\View\\View))
#14 C:\\xampp\\htdocs\\evolucion2024\\vendor\\laravel\\framework\\src\\Illuminate\\Pipeline\\Pipeline.php(141): Illuminate\\Routing\\Router->Illuminate\\Routing\\{closure}(Object(Illuminate\\Http\\Request))
#15 C:\\xampp\\htdocs\\evolucion2024\\app\\Http\\Middleware\\RedirectIfSessionExpired.php(25): Illuminate\\Pipeline\\Pipeline->Illuminate\\Pipeline\\{closure}(Object(Illuminate\\Http\\Request))
#16 C:\\xampp\\htdocs\\evolucion2024\\vendor\\laravel\\framework\\src\\Illuminate\\Pipeline\\Pipeline.php(180): App\\Http\\Middleware\\RedirectIfSessionExpired->handle(Object(Illuminate\\Http\\Request), Object(Closure))
#17 C:\\xampp\\htdocs\\evolucion2024\\vendor\\laravel\\framework\\src\\Illuminate\\Routing\\Middleware\\SubstituteBindings.php(50): Illuminate\\Pipeline\\Pipeline->Illuminate\\Pipeline\\{closure}(Object(Illuminate\\Http\\Request))
#18 C:\\xampp\\htdocs\\evolucion2024\\vendor\\laravel\\framework\\src\\Illuminate\\Pipeline\\Pipeline.php(180): Illuminate\\Routing\\Middleware\\SubstituteBindings->handle(Object(Illuminate\\Http\\Request), Object(Closure))
#19 C:\\xampp\\htdocs\\evolucion2024\\vendor\\laravel\\framework\\src\\Illuminate\\Foundation\\Http\\Middleware\\VerifyCsrfToken.php(78): Illuminate\\Pipeline\\Pipeline->Illuminate\\Pipeline\\{closure}(Object(Illuminate\\Http\\Request))
#20 C:\\xampp\\htdocs\\evolucion2024\\vendor\\laravel\\framework\\src\\Illuminate\\Pipeline\\Pipeline.php(180): Illuminate\\Foundation\\Http\\Middleware\\VerifyCsrfToken->handle(Object(Illuminate\\Http\\Request), Object(Closure))
#21 C:\\xampp\\htdocs\\evolucion2024\\vendor\\laravel\\framework\\src\\Illuminate\\View\\Middleware\\ShareErrorsFromSession.php(49): Illuminate\\Pipeline\\Pipeline->Illuminate\\Pipeline\\{closure}(Object(Illuminate\\Http\\Request))
#22 C:\\xampp\\htdocs\\evolucion2024\\vendor\\laravel\\framework\\src\\Illuminate\\Pipeline\\Pipeline.php(180): Illuminate\\View\\Middleware\\ShareErrorsFromSession->handle(Object(Illuminate\\Http\\Request), Object(Closure))
#23 C:\\xampp\\htdocs\\evolucion2024\\vendor\\laravel\\framework\\src\\Illuminate\\Session\\Middleware\\StartSession.php(121): Illuminate\\Pipeline\\Pipeline->Illuminate\\Pipeline\\{closure}(Object(Illuminate\\Http\\Request))
#24 C:\\xampp\\htdocs\\evolucion2024\\vendor\\laravel\\framework\\src\\Illuminate\\Session\\Middleware\\StartSession.php(64): Illuminate\\Session\\Middleware\\StartSession->handleStatefulRequest(Object(Illuminate\\Http\\Request), Object(Illuminate\\Session\\Store), Object(Closure))
#25 C:\\xampp\\htdocs\\evolucion2024\\vendor\\laravel\\framework\\src\\Illuminate\\Pipeline\\Pipeline.php(180): Illuminate\\Session\\Middleware\\StartSession->handle(Object(Illuminate\\Http\\Request), Object(Closure))
#26 C:\\xampp\\htdocs\\evolucion2024\\vendor\\laravel\\framework\\src\\Illuminate\\Cookie\\Middleware\\AddQueuedCookiesToResponse.php(37): Illuminate\\Pipeline\\Pipeline->Illuminate\\Pipeline\\{closure}(Object(Illuminate\\Http\\Request))
#27 C:\\xampp\\htdocs\\evolucion2024\\vendor\\laravel\\framework\\src\\Illuminate\\Pipeline\\Pipeline.php(180): Illuminate\\Cookie\\Middleware\\AddQueuedCookiesToResponse->handle(Object(Illuminate\\Http\\Request), Object(Closure))
#28 C:\\xampp\\htdocs\\evolucion2024\\vendor\\laravel\\framework\\src\\Illuminate\\Cookie\\Middleware\\EncryptCookies.php(67): Illuminate\\Pipeline\\Pipeline->Illuminate\\Pipeline\\{closure}(Object(Illuminate\\Http\\Request))
#29 C:\\xampp\\htdocs\\evolucion2024\\vendor\\laravel\\framework\\src\\Illuminate\\Pipeline\\Pipeline.php(180): Illuminate\\Cookie\\Middleware\\EncryptCookies->handle(Object(Illuminate\\Http\\Request), Object(Closure))
#30 C:\\xampp\\htdocs\\evolucion2024\\vendor\\laravel\\framework\\src\\Illuminate\\Pipeline\\Pipeline.php(116): Illuminate\\Pipeline\\Pipeline->Illuminate\\Pipeline\\{closure}(Object(Illuminate\\Http\\Request))
#31 C:\\xampp\\htdocs\\evolucion2024\\vendor\\laravel\\framework\\src\\Illuminate\\Routing\\Router.php(799): Illuminate\\Pipeline\\Pipeline->then(Object(Closure))
#32 C:\\xampp\\htdocs\\evolucion2024\\vendor\\laravel\\framework\\src\\Illuminate\\Routing\\Router.php(776): Illuminate\\Routing\\Router->runRouteWithinStack(Object(Illuminate\\Routing\\Route), Object(Illuminate\\Http\\Request))
#33 C:\\xampp\\htdocs\\evolucion2024\\vendor\\laravel\\framework\\src\\Illuminate\\Routing\\Router.php(740): Illuminate\\Routing\\Router->runRoute(Object(Illuminate\\Http\\Request), Object(Illuminate\\Routing\\Route))
#34 C:\\xampp\\htdocs\\evolucion2024\\vendor\\laravel\\framework\\src\\Illuminate\\Routing\\Router.php(729): Illuminate\\Routing\\Router->dispatchToRoute(Object(Illuminate\\Http\\Request))
#35 C:\\xampp\\htdocs\\evolucion2024\\vendor\\laravel\\framework\\src\\Illuminate\\Foundation\\Http\\Kernel.php(190): Illuminate\\Routing\\Router->dispatch(Object(Illuminate\\Http\\Request))
#36 C:\\xampp\\htdocs\\evolucion2024\\vendor\\laravel\\framework\\src\\Illuminate\\Pipeline\\Pipeline.php(141): Illuminate\\Foundation\\Http\\Kernel->Illuminate\\Foundation\\Http\\{closure}(Object(Illuminate\\Http\\Request))
#37 C:\\xampp\\htdocs\\evolucion2024\\vendor\\laravel\\framework\\src\\Illuminate\\Http\\Middleware\\TrustProxies.php(39): Illuminate\\Pipeline\\Pipeline->Illuminate\\Pipeline\\{closure}(Object(Illuminate\\Http\\Request))
#38 C:\\xampp\\htdocs\\evolucion2024\\vendor\\laravel\\framework\\src\\Illuminate\\Pipeline\\Pipeline.php(180): Illuminate\\Http\\Middleware\\TrustProxies->handle(Object(Illuminate\\Http\\Request), Object(Closure))
#39 C:\\xampp\\htdocs\\evolucion2024\\vendor\\laravel\\framework\\src\\Illuminate\\Foundation\\Http\\Middleware\\TransformsRequest.php(21): Illuminate\\Pipeline\\Pipeline->Illuminate\\Pipeline\\{closure}(Object(Illuminate\\Http\\Request))
#40 C:\\xampp\\htdocs\\evolucion2024\\vendor\\laravel\\framework\\src\\Illuminate\\Foundation\\Http\\Middleware\\ConvertEmptyStringsToNull.php(31): Illuminate\\Foundation\\Http\\Middleware\\TransformsRequest->handle(Object(Illuminate\\Http\\Request), Object(Closure))
#41 C:\\xampp\\htdocs\\evolucion2024\\vendor\\laravel\\framework\\src\\Illuminate\\Pipeline\\Pipeline.php(180): Illuminate\\Foundation\\Http\\Middleware\\ConvertEmptyStringsToNull->handle(Object(Illuminate\\Http\\Request), Object(Closure))
#42 C:\\xampp\\htdocs\\evolucion2024\\vendor\\laravel\\framework\\src\\Illuminate\\Foundation\\Http\\Middleware\\TransformsRequest.php(21): Illuminate\\Pipeline\\Pipeline->Illuminate\\Pipeline\\{closure}(Object(Illuminate\\Http\\Request))
#43 C:\\xampp\\htdocs\\evolucion2024\\vendor\\laravel\\framework\\src\\Illuminate\\Foundation\\Http\\Middleware\\TrimStrings.php(40): Illuminate\\Foundation\\Http\\Middleware\\TransformsRequest->handle(Object(Illuminate\\Http\\Request), Object(Closure))
#44 C:\\xampp\\htdocs\\evolucion2024\\vendor\\laravel\\framework\\src\\Illuminate\\Pipeline\\Pipeline.php(180): Illuminate\\Foundation\\Http\\Middleware\\TrimStrings->handle(Object(Illuminate\\Http\\Request), Object(Closure))
#45 C:\\xampp\\htdocs\\evolucion2024\\vendor\\laravel\\framework\\src\\Illuminate\\Foundation\\Http\\Middleware\\ValidatePostSize.php(27): Illuminate\\Pipeline\\Pipeline->Illuminate\\Pipeline\\{closure}(Object(Illuminate\\Http\\Request))
#46 C:\\xampp\\htdocs\\evolucion2024\\vendor\\laravel\\framework\\src\\Illuminate\\Pipeline\\Pipeline.php(180): Illuminate\\Foundation\\Http\\Middleware\\ValidatePostSize->handle(Object(Illuminate\\Http\\Request), Object(Closure))
#47 C:\\xampp\\htdocs\\evolucion2024\\vendor\\laravel\\framework\\src\\Illuminate\\Foundation\\Http\\Middleware\\PreventRequestsDuringMaintenance.php(86): Illuminate\\Pipeline\\Pipeline->Illuminate\\Pipeline\\{closure}(Object(Illuminate\\Http\\Request))
#48 C:\\xampp\\htdocs\\evolucion2024\\vendor\\laravel\\framework\\src\\Illuminate\\Pipeline\\Pipeline.php(180): Illuminate\\Foundation\\Http\\Middleware\\PreventRequestsDuringMaintenance->handle(Object(Illuminate\\Http\\Request), Object(Closure))
#49 C:\\xampp\\htdocs\\evolucion2024\\vendor\\laravel\\framework\\src\\Illuminate\\Pipeline\\Pipeline.php(116): Illuminate\\Pipeline\\Pipeline->Illuminate\\Pipeline\\{closure}(Object(Illuminate\\Http\\Request))
#50 C:\\xampp\\htdocs\\evolucion2024\\vendor\\laravel\\framework\\src\\Illuminate\\Foundation\\Http\\Kernel.php(165): Illuminate\\Pipeline\\Pipeline->then(Object(Closure))
#51 C:\\xampp\\htdocs\\evolucion2024\\vendor\\laravel\\framework\\src\\Illuminate\\Foundation\\Http\\Kernel.php(134): Illuminate\\Foundation\\Http\\Kernel->sendRequestThroughRouter(Object(Illuminate\\Http\\Request))
#52 C:\\xampp\\htdocs\\evolucion2024\\public\\index.php(55): Illuminate\\Foundation\\Http\\Kernel->handle(Object(Illuminate\\Http\\Request))
#53 C:\\xampp\\htdocs\\evolucion2024\\server.php(21): require_once('C:\\\\xampp\\\\htdocs...')
#54 {main}
"} 
