[2025-01-31 18:52:32] production.ERROR: SQLSTATE[42000]: Syntax error or access violation: 1305 PROCEDURE dbglearactual.tareasPendientes does not exist (SQL: call tareasPendientes(1)) {"view":{"view":"C:\\xampp\\htdocs\\evolucion2024\\resources\\views\\admin\\dashboard.blade.php","data":{"errors":"<pre class=sf-dump id=sf-dump-463348156 data-indent-pad=\"  \"><span class=sf-dump-note>Illuminate\\Support\\ViewErrorBag</span> {<a class=sf-dump-ref>#1628</a><samp data-depth=1 class=sf-dump-expanded>
  #<span class=sf-dump-protected title=\"Protected property\">bags</span>: []
</samp>}
</pre><script>Sfdump(\"sf-dump-463348156\", {\"maxDepth\":3,\"maxStringLength\":160})</script>
"}},"userId":1,"exception":"[object] (Spatie\\LaravelIgnition\\Exceptions\\ViewException(code: 0): SQLSTATE[42000]: Syntax error or access violation: 1305 PROCEDURE dbglearactual.tareasPendientes does not exist (SQL: call tareasPendientes(1)) at C:\\xampp\\htdocs\\evolucion2024\\vendor\\laravel\\framework\\src\\Illuminate\\Database\\Connection.php:760)
[stacktrace]
#0 C:\\xampp\\htdocs\\evolucion2024\\vendor\\laravel\\framework\\src\\Illuminate\\Database\\Connection.php(720): Illuminate\\Database\\Connection->runQueryCallback('call tareasPend...', Array, Object(Closure))
#1 C:\\xampp\\htdocs\\evolucion2024\\vendor\\laravel\\framework\\src\\Illuminate\\Database\\Connection.php(422): Illuminate\\Database\\Connection->run('call tareasPend...', Array, Object(Closure))
#2 C:\\xampp\\htdocs\\evolucion2024\\vendor\\laravel\\framework\\src\\Illuminate\\Database\\DatabaseManager.php(469): Illuminate\\Database\\Connection->select('call tareasPend...')
#3 C:\\xampp\\htdocs\\evolucion2024\\vendor\\laravel\\framework\\src\\Illuminate\\Support\\Facades\\Facade.php(338): Illuminate\\Database\\DatabaseManager->__call('select', Array)
#4 C:\\xampp\\htdocs\\evolucion2024\\resources\\views\\admin\\dashboard.blade.php(224): Illuminate\\Support\\Facades\\Facade::__callStatic('select', Array)
#5 C:\\xampp\\htdocs\\evolucion2024\\vendor\\laravel\\framework\\src\\Illuminate\\Filesystem\\Filesystem.php(109): require('C:\\\\xampp\\\\htdocs...')
#6 C:\\xampp\\htdocs\\evolucion2024\\vendor\\laravel\\framework\\src\\Illuminate\\Filesystem\\Filesystem.php(110): Illuminate\\Filesystem\\Filesystem::Illuminate\\Filesystem\\{closure}()
#7 C:\\xampp\\htdocs\\evolucion2024\\vendor\\laravel\\framework\\src\\Illuminate\\View\\Engines\\PhpEngine.php(58): Illuminate\\Filesystem\\Filesystem->getRequire('C:\\\\xampp\\\\htdocs...', Array)
#8 C:\\xampp\\htdocs\\evolucion2024\\vendor\\laravel\\framework\\src\\Illuminate\\View\\Engines\\CompilerEngine.php(70): Illuminate\\View\\Engines\\PhpEngine->evaluatePath('C:\\\\xampp\\\\htdocs...', Array)
#9 C:\\xampp\\htdocs\\evolucion2024\\vendor\\laravel\\framework\\src\\Illuminate\\View\\View.php(195): Illuminate\\View\\Engines\\CompilerEngine->get('C:\\\\xampp\\\\htdocs...', Array)
#10 C:\\xampp\\htdocs\\evolucion2024\\vendor\\laravel\\framework\\src\\Illuminate\\View\\View.php(178): Illuminate\\View\\View->getContents()
#11 C:\\xampp\\htdocs\\evolucion2024\\vendor\\laravel\\framework\\src\\Illuminate\\View\\View.php(147): Illuminate\\View\\View->renderContents()
#12 C:\\xampp\\htdocs\\evolucion2024\\vendor\\laravel\\framework\\src\\Illuminate\\Http\\Response.php(69): Illuminate\\View\\View->render()
#13 C:\\xampp\\htdocs\\evolucion2024\\vendor\\laravel\\framework\\src\\Illuminate\\Http\\Response.php(35): Illuminate\\Http\\Response->setContent(Object(Illuminate\\View\\View))
#14 C:\\xampp\\htdocs\\evolucion2024\\vendor\\laravel\\framework\\src\\Illuminate\\Routing\\Router.php(906): Illuminate\\Http\\Response->__construct(Object(Illuminate\\View\\View), 200, Array)
#15 C:\\xampp\\htdocs\\evolucion2024\\vendor\\laravel\\framework\\src\\Illuminate\\Routing\\Router.php(875): Illuminate\\Routing\\Router::toResponse(Object(Illuminate\\Http\\Request), Object(Illuminate\\View\\View))
#16 C:\\xampp\\htdocs\\evolucion2024\\vendor\\laravel\\framework\\src\\Illuminate\\Routing\\Router.php(798): Illuminate\\Routing\\Router->prepareResponse(Object(Illuminate\\Http\\Request), Object(Illuminate\\View\\View))
#17 C:\\xampp\\htdocs\\evolucion2024\\vendor\\laravel\\framework\\src\\Illuminate\\Pipeline\\Pipeline.php(141): Illuminate\\Routing\\Router->Illuminate\\Routing\\{closure}(Object(Illuminate\\Http\\Request))
#18 C:\\xampp\\htdocs\\evolucion2024\\app\\Http\\Middleware\\RedirectIfSessionExpired.php(25): Illuminate\\Pipeline\\Pipeline->Illuminate\\Pipeline\\{closure}(Object(Illuminate\\Http\\Request))
#19 C:\\xampp\\htdocs\\evolucion2024\\vendor\\laravel\\framework\\src\\Illuminate\\Pipeline\\Pipeline.php(180): App\\Http\\Middleware\\RedirectIfSessionExpired->handle(Object(Illuminate\\Http\\Request), Object(Closure))
#20 C:\\xampp\\htdocs\\evolucion2024\\app\\Http\\Middleware\\soloadmins.php(20): Illuminate\\Pipeline\\Pipeline->Illuminate\\Pipeline\\{closure}(Object(Illuminate\\Http\\Request))
#21 C:\\xampp\\htdocs\\evolucion2024\\vendor\\laravel\\framework\\src\\Illuminate\\Pipeline\\Pipeline.php(180): App\\Http\\Middleware\\soloadmins->handle(Object(Illuminate\\Http\\Request), Object(Closure))
#22 C:\\xampp\\htdocs\\evolucion2024\\vendor\\laravel\\framework\\src\\Illuminate\\Routing\\Middleware\\SubstituteBindings.php(50): Illuminate\\Pipeline\\Pipeline->Illuminate\\Pipeline\\{closure}(Object(Illuminate\\Http\\Request))
#23 C:\\xampp\\htdocs\\evolucion2024\\vendor\\laravel\\framework\\src\\Illuminate\\Pipeline\\Pipeline.php(180): Illuminate\\Routing\\Middleware\\SubstituteBindings->handle(Object(Illuminate\\Http\\Request), Object(Closure))
#24 C:\\xampp\\htdocs\\evolucion2024\\vendor\\laravel\\framework\\src\\Illuminate\\Auth\\Middleware\\Authenticate.php(44): Illuminate\\Pipeline\\Pipeline->Illuminate\\Pipeline\\{closure}(Object(Illuminate\\Http\\Request))
#25 C:\\xampp\\htdocs\\evolucion2024\\vendor\\laravel\\framework\\src\\Illuminate\\Pipeline\\Pipeline.php(180): Illuminate\\Auth\\Middleware\\Authenticate->handle(Object(Illuminate\\Http\\Request), Object(Closure))
#26 C:\\xampp\\htdocs\\evolucion2024\\vendor\\laravel\\framework\\src\\Illuminate\\Foundation\\Http\\Middleware\\VerifyCsrfToken.php(78): Illuminate\\Pipeline\\Pipeline->Illuminate\\Pipeline\\{closure}(Object(Illuminate\\Http\\Request))
#27 C:\\xampp\\htdocs\\evolucion2024\\vendor\\laravel\\framework\\src\\Illuminate\\Pipeline\\Pipeline.php(180): Illuminate\\Foundation\\Http\\Middleware\\VerifyCsrfToken->handle(Object(Illuminate\\Http\\Request), Object(Closure))
#28 C:\\xampp\\htdocs\\evolucion2024\\vendor\\laravel\\framework\\src\\Illuminate\\View\\Middleware\\ShareErrorsFromSession.php(49): Illuminate\\Pipeline\\Pipeline->Illuminate\\Pipeline\\{closure}(Object(Illuminate\\Http\\Request))
#29 C:\\xampp\\htdocs\\evolucion2024\\vendor\\laravel\\framework\\src\\Illuminate\\Pipeline\\Pipeline.php(180): Illuminate\\View\\Middleware\\ShareErrorsFromSession->handle(Object(Illuminate\\Http\\Request), Object(Closure))
#30 C:\\xampp\\htdocs\\evolucion2024\\vendor\\laravel\\framework\\src\\Illuminate\\Session\\Middleware\\StartSession.php(121): Illuminate\\Pipeline\\Pipeline->Illuminate\\Pipeline\\{closure}(Object(Illuminate\\Http\\Request))
#31 C:\\xampp\\htdocs\\evolucion2024\\vendor\\laravel\\framework\\src\\Illuminate\\Session\\Middleware\\StartSession.php(64): Illuminate\\Session\\Middleware\\StartSession->handleStatefulRequest(Object(Illuminate\\Http\\Request), Object(Illuminate\\Session\\Store), Object(Closure))
#32 C:\\xampp\\htdocs\\evolucion2024\\vendor\\laravel\\framework\\src\\Illuminate\\Pipeline\\Pipeline.php(180): Illuminate\\Session\\Middleware\\StartSession->handle(Object(Illuminate\\Http\\Request), Object(Closure))
#33 C:\\xampp\\htdocs\\evolucion2024\\vendor\\laravel\\framework\\src\\Illuminate\\Cookie\\Middleware\\AddQueuedCookiesToResponse.php(37): Illuminate\\Pipeline\\Pipeline->Illuminate\\Pipeline\\{closure}(Object(Illuminate\\Http\\Request))
#34 C:\\xampp\\htdocs\\evolucion2024\\vendor\\laravel\\framework\\src\\Illuminate\\Pipeline\\Pipeline.php(180): Illuminate\\Cookie\\Middleware\\AddQueuedCookiesToResponse->handle(Object(Illuminate\\Http\\Request), Object(Closure))
#35 C:\\xampp\\htdocs\\evolucion2024\\vendor\\laravel\\framework\\src\\Illuminate\\Cookie\\Middleware\\EncryptCookies.php(67): Illuminate\\Pipeline\\Pipeline->Illuminate\\Pipeline\\{closure}(Object(Illuminate\\Http\\Request))
#36 C:\\xampp\\htdocs\\evolucion2024\\vendor\\laravel\\framework\\src\\Illuminate\\Pipeline\\Pipeline.php(180): Illuminate\\Cookie\\Middleware\\EncryptCookies->handle(Object(Illuminate\\Http\\Request), Object(Closure))
#37 C:\\xampp\\htdocs\\evolucion2024\\vendor\\laravel\\framework\\src\\Illuminate\\Pipeline\\Pipeline.php(116): Illuminate\\Pipeline\\Pipeline->Illuminate\\Pipeline\\{closure}(Object(Illuminate\\Http\\Request))
#38 C:\\xampp\\htdocs\\evolucion2024\\vendor\\laravel\\framework\\src\\Illuminate\\Routing\\Router.php(799): Illuminate\\Pipeline\\Pipeline->then(Object(Closure))
#39 C:\\xampp\\htdocs\\evolucion2024\\vendor\\laravel\\framework\\src\\Illuminate\\Routing\\Router.php(776): Illuminate\\Routing\\Router->runRouteWithinStack(Object(Illuminate\\Routing\\Route), Object(Illuminate\\Http\\Request))
#40 C:\\xampp\\htdocs\\evolucion2024\\vendor\\laravel\\framework\\src\\Illuminate\\Routing\\Router.php(740): Illuminate\\Routing\\Router->runRoute(Object(Illuminate\\Http\\Request), Object(Illuminate\\Routing\\Route))
#41 C:\\xampp\\htdocs\\evolucion2024\\vendor\\laravel\\framework\\src\\Illuminate\\Routing\\Router.php(729): Illuminate\\Routing\\Router->dispatchToRoute(Object(Illuminate\\Http\\Request))
#42 C:\\xampp\\htdocs\\evolucion2024\\vendor\\laravel\\framework\\src\\Illuminate\\Foundation\\Http\\Kernel.php(190): Illuminate\\Routing\\Router->dispatch(Object(Illuminate\\Http\\Request))
#43 C:\\xampp\\htdocs\\evolucion2024\\vendor\\laravel\\framework\\src\\Illuminate\\Pipeline\\Pipeline.php(141): Illuminate\\Foundation\\Http\\Kernel->Illuminate\\Foundation\\Http\\{closure}(Object(Illuminate\\Http\\Request))
#44 C:\\xampp\\htdocs\\evolucion2024\\vendor\\laravel\\framework\\src\\Illuminate\\Http\\Middleware\\TrustProxies.php(39): Illuminate\\Pipeline\\Pipeline->Illuminate\\Pipeline\\{closure}(Object(Illuminate\\Http\\Request))
#45 C:\\xampp\\htdocs\\evolucion2024\\vendor\\laravel\\framework\\src\\Illuminate\\Pipeline\\Pipeline.php(180): Illuminate\\Http\\Middleware\\TrustProxies->handle(Object(Illuminate\\Http\\Request), Object(Closure))
#46 C:\\xampp\\htdocs\\evolucion2024\\vendor\\laravel\\framework\\src\\Illuminate\\Foundation\\Http\\Middleware\\TransformsRequest.php(21): Illuminate\\Pipeline\\Pipeline->Illuminate\\Pipeline\\{closure}(Object(Illuminate\\Http\\Request))
#47 C:\\xampp\\htdocs\\evolucion2024\\vendor\\laravel\\framework\\src\\Illuminate\\Foundation\\Http\\Middleware\\ConvertEmptyStringsToNull.php(31): Illuminate\\Foundation\\Http\\Middleware\\TransformsRequest->handle(Object(Illuminate\\Http\\Request), Object(Closure))
#48 C:\\xampp\\htdocs\\evolucion2024\\vendor\\laravel\\framework\\src\\Illuminate\\Pipeline\\Pipeline.php(180): Illuminate\\Foundation\\Http\\Middleware\\ConvertEmptyStringsToNull->handle(Object(Illuminate\\Http\\Request), Object(Closure))
#49 C:\\xampp\\htdocs\\evolucion2024\\vendor\\laravel\\framework\\src\\Illuminate\\Foundation\\Http\\Middleware\\TransformsRequest.php(21): Illuminate\\Pipeline\\Pipeline->Illuminate\\Pipeline\\{closure}(Object(Illuminate\\Http\\Request))
#50 C:\\xampp\\htdocs\\evolucion2024\\vendor\\laravel\\framework\\src\\Illuminate\\Foundation\\Http\\Middleware\\TrimStrings.php(40): Illuminate\\Foundation\\Http\\Middleware\\TransformsRequest->handle(Object(Illuminate\\Http\\Request), Object(Closure))
#51 C:\\xampp\\htdocs\\evolucion2024\\vendor\\laravel\\framework\\src\\Illuminate\\Pipeline\\Pipeline.php(180): Illuminate\\Foundation\\Http\\Middleware\\TrimStrings->handle(Object(Illuminate\\Http\\Request), Object(Closure))
#52 C:\\xampp\\htdocs\\evolucion2024\\vendor\\laravel\\framework\\src\\Illuminate\\Foundation\\Http\\Middleware\\ValidatePostSize.php(27): Illuminate\\Pipeline\\Pipeline->Illuminate\\Pipeline\\{closure}(Object(Illuminate\\Http\\Request))
#53 C:\\xampp\\htdocs\\evolucion2024\\vendor\\laravel\\framework\\src\\Illuminate\\Pipeline\\Pipeline.php(180): Illuminate\\Foundation\\Http\\Middleware\\ValidatePostSize->handle(Object(Illuminate\\Http\\Request), Object(Closure))
#54 C:\\xampp\\htdocs\\evolucion2024\\vendor\\laravel\\framework\\src\\Illuminate\\Foundation\\Http\\Middleware\\PreventRequestsDuringMaintenance.php(86): Illuminate\\Pipeline\\Pipeline->Illuminate\\Pipeline\\{closure}(Object(Illuminate\\Http\\Request))
#55 C:\\xampp\\htdocs\\evolucion2024\\vendor\\laravel\\framework\\src\\Illuminate\\Pipeline\\Pipeline.php(180): Illuminate\\Foundation\\Http\\Middleware\\PreventRequestsDuringMaintenance->handle(Object(Illuminate\\Http\\Request), Object(Closure))
#56 C:\\xampp\\htdocs\\evolucion2024\\vendor\\laravel\\framework\\src\\Illuminate\\Pipeline\\Pipeline.php(116): Illuminate\\Pipeline\\Pipeline->Illuminate\\Pipeline\\{closure}(Object(Illuminate\\Http\\Request))
#57 C:\\xampp\\htdocs\\evolucion2024\\vendor\\laravel\\framework\\src\\Illuminate\\Foundation\\Http\\Kernel.php(165): Illuminate\\Pipeline\\Pipeline->then(Object(Closure))
#58 C:\\xampp\\htdocs\\evolucion2024\\vendor\\laravel\\framework\\src\\Illuminate\\Foundation\\Http\\Kernel.php(134): Illuminate\\Foundation\\Http\\Kernel->sendRequestThroughRouter(Object(Illuminate\\Http\\Request))
#59 C:\\xampp\\htdocs\\evolucion2024\\public\\index.php(55): Illuminate\\Foundation\\Http\\Kernel->handle(Object(Illuminate\\Http\\Request))
#60 C:\\xampp\\htdocs\\evolucion2024\\server.php(21): require_once('C:\\\\xampp\\\\htdocs...')
#61 {main}

[previous exception] [object] (Illuminate\\Database\\QueryException(code: 42000): SQLSTATE[42000]: Syntax error or access violation: 1305 PROCEDURE dbglearactual.tareasPendientes does not exist (SQL: call tareasPendientes(1)) at C:\\xampp\\htdocs\\evolucion2024\\vendor\\laravel\\framework\\src\\Illuminate\\Database\\Connection.php:760)
[stacktrace]
#0 C:\\xampp\\htdocs\\evolucion2024\\vendor\\laravel\\framework\\src\\Illuminate\\Database\\Connection.php(720): Illuminate\\Database\\Connection->runQueryCallback('call tareasPend...', Array, Object(Closure))
#1 C:\\xampp\\htdocs\\evolucion2024\\vendor\\laravel\\framework\\src\\Illuminate\\Database\\Connection.php(422): Illuminate\\Database\\Connection->run('call tareasPend...', Array, Object(Closure))
#2 C:\\xampp\\htdocs\\evolucion2024\\vendor\\laravel\\framework\\src\\Illuminate\\Database\\DatabaseManager.php(469): Illuminate\\Database\\Connection->select('call tareasPend...')
#3 C:\\xampp\\htdocs\\evolucion2024\\vendor\\laravel\\framework\\src\\Illuminate\\Support\\Facades\\Facade.php(338): Illuminate\\Database\\DatabaseManager->__call('select', Array)
#4 C:\\xampp\\htdocs\\evolucion2024\\storage\\framework\\views\\c4813a64cce60dcdfa6bb05c022c8a2b2081e7d2.php(224): Illuminate\\Support\\Facades\\Facade::__callStatic('select', Array)
#5 C:\\xampp\\htdocs\\evolucion2024\\vendor\\laravel\\framework\\src\\Illuminate\\Filesystem\\Filesystem.php(109): require('C:\\\\xampp\\\\htdocs...')
#6 C:\\xampp\\htdocs\\evolucion2024\\vendor\\laravel\\framework\\src\\Illuminate\\Filesystem\\Filesystem.php(110): Illuminate\\Filesystem\\Filesystem::Illuminate\\Filesystem\\{closure}()
#7 C:\\xampp\\htdocs\\evolucion2024\\vendor\\laravel\\framework\\src\\Illuminate\\View\\Engines\\PhpEngine.php(58): Illuminate\\Filesystem\\Filesystem->getRequire('C:\\\\xampp\\\\htdocs...', Array)
#8 C:\\xampp\\htdocs\\evolucion2024\\vendor\\laravel\\framework\\src\\Illuminate\\View\\Engines\\CompilerEngine.php(70): Illuminate\\View\\Engines\\PhpEngine->evaluatePath('C:\\\\xampp\\\\htdocs...', Array)
#9 C:\\xampp\\htdocs\\evolucion2024\\vendor\\laravel\\framework\\src\\Illuminate\\View\\View.php(195): Illuminate\\View\\Engines\\CompilerEngine->get('C:\\\\xampp\\\\htdocs...', Array)
#10 C:\\xampp\\htdocs\\evolucion2024\\vendor\\laravel\\framework\\src\\Illuminate\\View\\View.php(178): Illuminate\\View\\View->getContents()
#11 C:\\xampp\\htdocs\\evolucion2024\\vendor\\laravel\\framework\\src\\Illuminate\\View\\View.php(147): Illuminate\\View\\View->renderContents()
#12 C:\\xampp\\htdocs\\evolucion2024\\vendor\\laravel\\framework\\src\\Illuminate\\Http\\Response.php(69): Illuminate\\View\\View->render()
#13 C:\\xampp\\htdocs\\evolucion2024\\vendor\\laravel\\framework\\src\\Illuminate\\Http\\Response.php(35): Illuminate\\Http\\Response->setContent(Object(Illuminate\\View\\View))
#14 C:\\xampp\\htdocs\\evolucion2024\\vendor\\laravel\\framework\\src\\Illuminate\\Routing\\Router.php(906): Illuminate\\Http\\Response->__construct(Object(Illuminate\\View\\View), 200, Array)
#15 C:\\xampp\\htdocs\\evolucion2024\\vendor\\laravel\\framework\\src\\Illuminate\\Routing\\Router.php(875): Illuminate\\Routing\\Router::toResponse(Object(Illuminate\\Http\\Request), Object(Illuminate\\View\\View))
#16 C:\\xampp\\htdocs\\evolucion2024\\vendor\\laravel\\framework\\src\\Illuminate\\Routing\\Router.php(798): Illuminate\\Routing\\Router->prepareResponse(Object(Illuminate\\Http\\Request), Object(Illuminate\\View\\View))
#17 C:\\xampp\\htdocs\\evolucion2024\\vendor\\laravel\\framework\\src\\Illuminate\\Pipeline\\Pipeline.php(141): Illuminate\\Routing\\Router->Illuminate\\Routing\\{closure}(Object(Illuminate\\Http\\Request))
#18 C:\\xampp\\htdocs\\evolucion2024\\app\\Http\\Middleware\\RedirectIfSessionExpired.php(25): Illuminate\\Pipeline\\Pipeline->Illuminate\\Pipeline\\{closure}(Object(Illuminate\\Http\\Request))
#19 C:\\xampp\\htdocs\\evolucion2024\\vendor\\laravel\\framework\\src\\Illuminate\\Pipeline\\Pipeline.php(180): App\\Http\\Middleware\\RedirectIfSessionExpired->handle(Object(Illuminate\\Http\\Request), Object(Closure))
#20 C:\\xampp\\htdocs\\evolucion2024\\app\\Http\\Middleware\\soloadmins.php(20): Illuminate\\Pipeline\\Pipeline->Illuminate\\Pipeline\\{closure}(Object(Illuminate\\Http\\Request))
#21 C:\\xampp\\htdocs\\evolucion2024\\vendor\\laravel\\framework\\src\\Illuminate\\Pipeline\\Pipeline.php(180): App\\Http\\Middleware\\soloadmins->handle(Object(Illuminate\\Http\\Request), Object(Closure))
#22 C:\\xampp\\htdocs\\evolucion2024\\vendor\\laravel\\framework\\src\\Illuminate\\Routing\\Middleware\\SubstituteBindings.php(50): Illuminate\\Pipeline\\Pipeline->Illuminate\\Pipeline\\{closure}(Object(Illuminate\\Http\\Request))
#23 C:\\xampp\\htdocs\\evolucion2024\\vendor\\laravel\\framework\\src\\Illuminate\\Pipeline\\Pipeline.php(180): Illuminate\\Routing\\Middleware\\SubstituteBindings->handle(Object(Illuminate\\Http\\Request), Object(Closure))
#24 C:\\xampp\\htdocs\\evolucion2024\\vendor\\laravel\\framework\\src\\Illuminate\\Auth\\Middleware\\Authenticate.php(44): Illuminate\\Pipeline\\Pipeline->Illuminate\\Pipeline\\{closure}(Object(Illuminate\\Http\\Request))
#25 C:\\xampp\\htdocs\\evolucion2024\\vendor\\laravel\\framework\\src\\Illuminate\\Pipeline\\Pipeline.php(180): Illuminate\\Auth\\Middleware\\Authenticate->handle(Object(Illuminate\\Http\\Request), Object(Closure))
#26 C:\\xampp\\htdocs\\evolucion2024\\vendor\\laravel\\framework\\src\\Illuminate\\Foundation\\Http\\Middleware\\VerifyCsrfToken.php(78): Illuminate\\Pipeline\\Pipeline->Illuminate\\Pipeline\\{closure}(Object(Illuminate\\Http\\Request))
#27 C:\\xampp\\htdocs\\evolucion2024\\vendor\\laravel\\framework\\src\\Illuminate\\Pipeline\\Pipeline.php(180): Illuminate\\Foundation\\Http\\Middleware\\VerifyCsrfToken->handle(Object(Illuminate\\Http\\Request), Object(Closure))
#28 C:\\xampp\\htdocs\\evolucion2024\\vendor\\laravel\\framework\\src\\Illuminate\\View\\Middleware\\ShareErrorsFromSession.php(49): Illuminate\\Pipeline\\Pipeline->Illuminate\\Pipeline\\{closure}(Object(Illuminate\\Http\\Request))
#29 C:\\xampp\\htdocs\\evolucion2024\\vendor\\laravel\\framework\\src\\Illuminate\\Pipeline\\Pipeline.php(180): Illuminate\\View\\Middleware\\ShareErrorsFromSession->handle(Object(Illuminate\\Http\\Request), Object(Closure))
#30 C:\\xampp\\htdocs\\evolucion2024\\vendor\\laravel\\framework\\src\\Illuminate\\Session\\Middleware\\StartSession.php(121): Illuminate\\Pipeline\\Pipeline->Illuminate\\Pipeline\\{closure}(Object(Illuminate\\Http\\Request))
#31 C:\\xampp\\htdocs\\evolucion2024\\vendor\\laravel\\framework\\src\\Illuminate\\Session\\Middleware\\StartSession.php(64): Illuminate\\Session\\Middleware\\StartSession->handleStatefulRequest(Object(Illuminate\\Http\\Request), Object(Illuminate\\Session\\Store), Object(Closure))
#32 C:\\xampp\\htdocs\\evolucion2024\\vendor\\laravel\\framework\\src\\Illuminate\\Pipeline\\Pipeline.php(180): Illuminate\\Session\\Middleware\\StartSession->handle(Object(Illuminate\\Http\\Request), Object(Closure))
#33 C:\\xampp\\htdocs\\evolucion2024\\vendor\\laravel\\framework\\src\\Illuminate\\Cookie\\Middleware\\AddQueuedCookiesToResponse.php(37): Illuminate\\Pipeline\\Pipeline->Illuminate\\Pipeline\\{closure}(Object(Illuminate\\Http\\Request))
#34 C:\\xampp\\htdocs\\evolucion2024\\vendor\\laravel\\framework\\src\\Illuminate\\Pipeline\\Pipeline.php(180): Illuminate\\Cookie\\Middleware\\AddQueuedCookiesToResponse->handle(Object(Illuminate\\Http\\Request), Object(Closure))
#35 C:\\xampp\\htdocs\\evolucion2024\\vendor\\laravel\\framework\\src\\Illuminate\\Cookie\\Middleware\\EncryptCookies.php(67): Illuminate\\Pipeline\\Pipeline->Illuminate\\Pipeline\\{closure}(Object(Illuminate\\Http\\Request))
#36 C:\\xampp\\htdocs\\evolucion2024\\vendor\\laravel\\framework\\src\\Illuminate\\Pipeline\\Pipeline.php(180): Illuminate\\Cookie\\Middleware\\EncryptCookies->handle(Object(Illuminate\\Http\\Request), Object(Closure))
#37 C:\\xampp\\htdocs\\evolucion2024\\vendor\\laravel\\framework\\src\\Illuminate\\Pipeline\\Pipeline.php(116): Illuminate\\Pipeline\\Pipeline->Illuminate\\Pipeline\\{closure}(Object(Illuminate\\Http\\Request))
#38 C:\\xampp\\htdocs\\evolucion2024\\vendor\\laravel\\framework\\src\\Illuminate\\Routing\\Router.php(799): Illuminate\\Pipeline\\Pipeline->then(Object(Closure))
#39 C:\\xampp\\htdocs\\evolucion2024\\vendor\\laravel\\framework\\src\\Illuminate\\Routing\\Router.php(776): Illuminate\\Routing\\Router->runRouteWithinStack(Object(Illuminate\\Routing\\Route), Object(Illuminate\\Http\\Request))
#40 C:\\xampp\\htdocs\\evolucion2024\\vendor\\laravel\\framework\\src\\Illuminate\\Routing\\Router.php(740): Illuminate\\Routing\\Router->runRoute(Object(Illuminate\\Http\\Request), Object(Illuminate\\Routing\\Route))
#41 C:\\xampp\\htdocs\\evolucion2024\\vendor\\laravel\\framework\\src\\Illuminate\\Routing\\Router.php(729): Illuminate\\Routing\\Router->dispatchToRoute(Object(Illuminate\\Http\\Request))
#42 C:\\xampp\\htdocs\\evolucion2024\\vendor\\laravel\\framework\\src\\Illuminate\\Foundation\\Http\\Kernel.php(190): Illuminate\\Routing\\Router->dispatch(Object(Illuminate\\Http\\Request))
#43 C:\\xampp\\htdocs\\evolucion2024\\vendor\\laravel\\framework\\src\\Illuminate\\Pipeline\\Pipeline.php(141): Illuminate\\Foundation\\Http\\Kernel->Illuminate\\Foundation\\Http\\{closure}(Object(Illuminate\\Http\\Request))
#44 C:\\xampp\\htdocs\\evolucion2024\\vendor\\laravel\\framework\\src\\Illuminate\\Http\\Middleware\\TrustProxies.php(39): Illuminate\\Pipeline\\Pipeline->Illuminate\\Pipeline\\{closure}(Object(Illuminate\\Http\\Request))
#45 C:\\xampp\\htdocs\\evolucion2024\\vendor\\laravel\\framework\\src\\Illuminate\\Pipeline\\Pipeline.php(180): Illuminate\\Http\\Middleware\\TrustProxies->handle(Object(Illuminate\\Http\\Request), Object(Closure))
#46 C:\\xampp\\htdocs\\evolucion2024\\vendor\\laravel\\framework\\src\\Illuminate\\Foundation\\Http\\Middleware\\TransformsRequest.php(21): Illuminate\\Pipeline\\Pipeline->Illuminate\\Pipeline\\{closure}(Object(Illuminate\\Http\\Request))
#47 C:\\xampp\\htdocs\\evolucion2024\\vendor\\laravel\\framework\\src\\Illuminate\\Foundation\\Http\\Middleware\\ConvertEmptyStringsToNull.php(31): Illuminate\\Foundation\\Http\\Middleware\\TransformsRequest->handle(Object(Illuminate\\Http\\Request), Object(Closure))
#48 C:\\xampp\\htdocs\\evolucion2024\\vendor\\laravel\\framework\\src\\Illuminate\\Pipeline\\Pipeline.php(180): Illuminate\\Foundation\\Http\\Middleware\\ConvertEmptyStringsToNull->handle(Object(Illuminate\\Http\\Request), Object(Closure))
#49 C:\\xampp\\htdocs\\evolucion2024\\vendor\\laravel\\framework\\src\\Illuminate\\Foundation\\Http\\Middleware\\TransformsRequest.php(21): Illuminate\\Pipeline\\Pipeline->Illuminate\\Pipeline\\{closure}(Object(Illuminate\\Http\\Request))
#50 C:\\xampp\\htdocs\\evolucion2024\\vendor\\laravel\\framework\\src\\Illuminate\\Foundation\\Http\\Middleware\\TrimStrings.php(40): Illuminate\\Foundation\\Http\\Middleware\\TransformsRequest->handle(Object(Illuminate\\Http\\Request), Object(Closure))
#51 C:\\xampp\\htdocs\\evolucion2024\\vendor\\laravel\\framework\\src\\Illuminate\\Pipeline\\Pipeline.php(180): Illuminate\\Foundation\\Http\\Middleware\\TrimStrings->handle(Object(Illuminate\\Http\\Request), Object(Closure))
#52 C:\\xampp\\htdocs\\evolucion2024\\vendor\\laravel\\framework\\src\\Illuminate\\Foundation\\Http\\Middleware\\ValidatePostSize.php(27): Illuminate\\Pipeline\\Pipeline->Illuminate\\Pipeline\\{closure}(Object(Illuminate\\Http\\Request))
#53 C:\\xampp\\htdocs\\evolucion2024\\vendor\\laravel\\framework\\src\\Illuminate\\Pipeline\\Pipeline.php(180): Illuminate\\Foundation\\Http\\Middleware\\ValidatePostSize->handle(Object(Illuminate\\Http\\Request), Object(Closure))
#54 C:\\xampp\\htdocs\\evolucion2024\\vendor\\laravel\\framework\\src\\Illuminate\\Foundation\\Http\\Middleware\\PreventRequestsDuringMaintenance.php(86): Illuminate\\Pipeline\\Pipeline->Illuminate\\Pipeline\\{closure}(Object(Illuminate\\Http\\Request))
#55 C:\\xampp\\htdocs\\evolucion2024\\vendor\\laravel\\framework\\src\\Illuminate\\Pipeline\\Pipeline.php(180): Illuminate\\Foundation\\Http\\Middleware\\PreventRequestsDuringMaintenance->handle(Object(Illuminate\\Http\\Request), Object(Closure))
#56 C:\\xampp\\htdocs\\evolucion2024\\vendor\\laravel\\framework\\src\\Illuminate\\Pipeline\\Pipeline.php(116): Illuminate\\Pipeline\\Pipeline->Illuminate\\Pipeline\\{closure}(Object(Illuminate\\Http\\Request))
#57 C:\\xampp\\htdocs\\evolucion2024\\vendor\\laravel\\framework\\src\\Illuminate\\Foundation\\Http\\Kernel.php(165): Illuminate\\Pipeline\\Pipeline->then(Object(Closure))
#58 C:\\xampp\\htdocs\\evolucion2024\\vendor\\laravel\\framework\\src\\Illuminate\\Foundation\\Http\\Kernel.php(134): Illuminate\\Foundation\\Http\\Kernel->sendRequestThroughRouter(Object(Illuminate\\Http\\Request))
#59 C:\\xampp\\htdocs\\evolucion2024\\public\\index.php(55): Illuminate\\Foundation\\Http\\Kernel->handle(Object(Illuminate\\Http\\Request))
#60 C:\\xampp\\htdocs\\evolucion2024\\server.php(21): require_once('C:\\\\xampp\\\\htdocs...')
#61 {main}

[previous exception] [object] (PDOException(code: 42000): SQLSTATE[42000]: Syntax error or access violation: 1305 PROCEDURE dbglearactual.tareasPendientes does not exist at C:\\xampp\\htdocs\\evolucion2024\\vendor\\laravel\\framework\\src\\Illuminate\\Database\\Connection.php:419)
[stacktrace]
#0 C:\\xampp\\htdocs\\evolucion2024\\vendor\\laravel\\framework\\src\\Illuminate\\Database\\Connection.php(419): PDOStatement->execute()
#1 C:\\xampp\\htdocs\\evolucion2024\\vendor\\laravel\\framework\\src\\Illuminate\\Database\\Connection.php(753): Illuminate\\Database\\Connection->Illuminate\\Database\\{closure}('call tareasPend...', Array)
#2 C:\\xampp\\htdocs\\evolucion2024\\vendor\\laravel\\framework\\src\\Illuminate\\Database\\Connection.php(720): Illuminate\\Database\\Connection->runQueryCallback('call tareasPend...', Array, Object(Closure))
#3 C:\\xampp\\htdocs\\evolucion2024\\vendor\\laravel\\framework\\src\\Illuminate\\Database\\Connection.php(422): Illuminate\\Database\\Connection->run('call tareasPend...', Array, Object(Closure))
#4 C:\\xampp\\htdocs\\evolucion2024\\vendor\\laravel\\framework\\src\\Illuminate\\Database\\DatabaseManager.php(469): Illuminate\\Database\\Connection->select('call tareasPend...')
#5 C:\\xampp\\htdocs\\evolucion2024\\vendor\\laravel\\framework\\src\\Illuminate\\Support\\Facades\\Facade.php(338): Illuminate\\Database\\DatabaseManager->__call('select', Array)
#6 C:\\xampp\\htdocs\\evolucion2024\\storage\\framework\\views\\c4813a64cce60dcdfa6bb05c022c8a2b2081e7d2.php(224): Illuminate\\Support\\Facades\\Facade::__callStatic('select', Array)
#7 C:\\xampp\\htdocs\\evolucion2024\\vendor\\laravel\\framework\\src\\Illuminate\\Filesystem\\Filesystem.php(109): require('C:\\\\xampp\\\\htdocs...')
#8 C:\\xampp\\htdocs\\evolucion2024\\vendor\\laravel\\framework\\src\\Illuminate\\Filesystem\\Filesystem.php(110): Illuminate\\Filesystem\\Filesystem::Illuminate\\Filesystem\\{closure}()
#9 C:\\xampp\\htdocs\\evolucion2024\\vendor\\laravel\\framework\\src\\Illuminate\\View\\Engines\\PhpEngine.php(58): Illuminate\\Filesystem\\Filesystem->getRequire('C:\\\\xampp\\\\htdocs...', Array)
#10 C:\\xampp\\htdocs\\evolucion2024\\vendor\\laravel\\framework\\src\\Illuminate\\View\\Engines\\CompilerEngine.php(70): Illuminate\\View\\Engines\\PhpEngine->evaluatePath('C:\\\\xampp\\\\htdocs...', Array)
#11 C:\\xampp\\htdocs\\evolucion2024\\vendor\\laravel\\framework\\src\\Illuminate\\View\\View.php(195): Illuminate\\View\\Engines\\CompilerEngine->get('C:\\\\xampp\\\\htdocs...', Array)
#12 C:\\xampp\\htdocs\\evolucion2024\\vendor\\laravel\\framework\\src\\Illuminate\\View\\View.php(178): Illuminate\\View\\View->getContents()
#13 C:\\xampp\\htdocs\\evolucion2024\\vendor\\laravel\\framework\\src\\Illuminate\\View\\View.php(147): Illuminate\\View\\View->renderContents()
#14 C:\\xampp\\htdocs\\evolucion2024\\vendor\\laravel\\framework\\src\\Illuminate\\Http\\Response.php(69): Illuminate\\View\\View->render()
#15 C:\\xampp\\htdocs\\evolucion2024\\vendor\\laravel\\framework\\src\\Illuminate\\Http\\Response.php(35): Illuminate\\Http\\Response->setContent(Object(Illuminate\\View\\View))
#16 C:\\xampp\\htdocs\\evolucion2024\\vendor\\laravel\\framework\\src\\Illuminate\\Routing\\Router.php(906): Illuminate\\Http\\Response->__construct(Object(Illuminate\\View\\View), 200, Array)
#17 C:\\xampp\\htdocs\\evolucion2024\\vendor\\laravel\\framework\\src\\Illuminate\\Routing\\Router.php(875): Illuminate\\Routing\\Router::toResponse(Object(Illuminate\\Http\\Request), Object(Illuminate\\View\\View))
#18 C:\\xampp\\htdocs\\evolucion2024\\vendor\\laravel\\framework\\src\\Illuminate\\Routing\\Router.php(798): Illuminate\\Routing\\Router->prepareResponse(Object(Illuminate\\Http\\Request), Object(Illuminate\\View\\View))
#19 C:\\xampp\\htdocs\\evolucion2024\\vendor\\laravel\\framework\\src\\Illuminate\\Pipeline\\Pipeline.php(141): Illuminate\\Routing\\Router->Illuminate\\Routing\\{closure}(Object(Illuminate\\Http\\Request))
#20 C:\\xampp\\htdocs\\evolucion2024\\app\\Http\\Middleware\\RedirectIfSessionExpired.php(25): Illuminate\\Pipeline\\Pipeline->Illuminate\\Pipeline\\{closure}(Object(Illuminate\\Http\\Request))
#21 C:\\xampp\\htdocs\\evolucion2024\\vendor\\laravel\\framework\\src\\Illuminate\\Pipeline\\Pipeline.php(180): App\\Http\\Middleware\\RedirectIfSessionExpired->handle(Object(Illuminate\\Http\\Request), Object(Closure))
#22 C:\\xampp\\htdocs\\evolucion2024\\app\\Http\\Middleware\\soloadmins.php(20): Illuminate\\Pipeline\\Pipeline->Illuminate\\Pipeline\\{closure}(Object(Illuminate\\Http\\Request))
#23 C:\\xampp\\htdocs\\evolucion2024\\vendor\\laravel\\framework\\src\\Illuminate\\Pipeline\\Pipeline.php(180): App\\Http\\Middleware\\soloadmins->handle(Object(Illuminate\\Http\\Request), Object(Closure))
#24 C:\\xampp\\htdocs\\evolucion2024\\vendor\\laravel\\framework\\src\\Illuminate\\Routing\\Middleware\\SubstituteBindings.php(50): Illuminate\\Pipeline\\Pipeline->Illuminate\\Pipeline\\{closure}(Object(Illuminate\\Http\\Request))
#25 C:\\xampp\\htdocs\\evolucion2024\\vendor\\laravel\\framework\\src\\Illuminate\\Pipeline\\Pipeline.php(180): Illuminate\\Routing\\Middleware\\SubstituteBindings->handle(Object(Illuminate\\Http\\Request), Object(Closure))
#26 C:\\xampp\\htdocs\\evolucion2024\\vendor\\laravel\\framework\\src\\Illuminate\\Auth\\Middleware\\Authenticate.php(44): Illuminate\\Pipeline\\Pipeline->Illuminate\\Pipeline\\{closure}(Object(Illuminate\\Http\\Request))
#27 C:\\xampp\\htdocs\\evolucion2024\\vendor\\laravel\\framework\\src\\Illuminate\\Pipeline\\Pipeline.php(180): Illuminate\\Auth\\Middleware\\Authenticate->handle(Object(Illuminate\\Http\\Request), Object(Closure))
#28 C:\\xampp\\htdocs\\evolucion2024\\vendor\\laravel\\framework\\src\\Illuminate\\Foundation\\Http\\Middleware\\VerifyCsrfToken.php(78): Illuminate\\Pipeline\\Pipeline->Illuminate\\Pipeline\\{closure}(Object(Illuminate\\Http\\Request))
#29 C:\\xampp\\htdocs\\evolucion2024\\vendor\\laravel\\framework\\src\\Illuminate\\Pipeline\\Pipeline.php(180): Illuminate\\Foundation\\Http\\Middleware\\VerifyCsrfToken->handle(Object(Illuminate\\Http\\Request), Object(Closure))
#30 C:\\xampp\\htdocs\\evolucion2024\\vendor\\laravel\\framework\\src\\Illuminate\\View\\Middleware\\ShareErrorsFromSession.php(49): Illuminate\\Pipeline\\Pipeline->Illuminate\\Pipeline\\{closure}(Object(Illuminate\\Http\\Request))
#31 C:\\xampp\\htdocs\\evolucion2024\\vendor\\laravel\\framework\\src\\Illuminate\\Pipeline\\Pipeline.php(180): Illuminate\\View\\Middleware\\ShareErrorsFromSession->handle(Object(Illuminate\\Http\\Request), Object(Closure))
#32 C:\\xampp\\htdocs\\evolucion2024\\vendor\\laravel\\framework\\src\\Illuminate\\Session\\Middleware\\StartSession.php(121): Illuminate\\Pipeline\\Pipeline->Illuminate\\Pipeline\\{closure}(Object(Illuminate\\Http\\Request))
#33 C:\\xampp\\htdocs\\evolucion2024\\vendor\\laravel\\framework\\src\\Illuminate\\Session\\Middleware\\StartSession.php(64): Illuminate\\Session\\Middleware\\StartSession->handleStatefulRequest(Object(Illuminate\\Http\\Request), Object(Illuminate\\Session\\Store), Object(Closure))
#34 C:\\xampp\\htdocs\\evolucion2024\\vendor\\laravel\\framework\\src\\Illuminate\\Pipeline\\Pipeline.php(180): Illuminate\\Session\\Middleware\\StartSession->handle(Object(Illuminate\\Http\\Request), Object(Closure))
#35 C:\\xampp\\htdocs\\evolucion2024\\vendor\\laravel\\framework\\src\\Illuminate\\Cookie\\Middleware\\AddQueuedCookiesToResponse.php(37): Illuminate\\Pipeline\\Pipeline->Illuminate\\Pipeline\\{closure}(Object(Illuminate\\Http\\Request))
#36 C:\\xampp\\htdocs\\evolucion2024\\vendor\\laravel\\framework\\src\\Illuminate\\Pipeline\\Pipeline.php(180): Illuminate\\Cookie\\Middleware\\AddQueuedCookiesToResponse->handle(Object(Illuminate\\Http\\Request), Object(Closure))
#37 C:\\xampp\\htdocs\\evolucion2024\\vendor\\laravel\\framework\\src\\Illuminate\\Cookie\\Middleware\\EncryptCookies.php(67): Illuminate\\Pipeline\\Pipeline->Illuminate\\Pipeline\\{closure}(Object(Illuminate\\Http\\Request))
#38 C:\\xampp\\htdocs\\evolucion2024\\vendor\\laravel\\framework\\src\\Illuminate\\Pipeline\\Pipeline.php(180): Illuminate\\Cookie\\Middleware\\EncryptCookies->handle(Object(Illuminate\\Http\\Request), Object(Closure))
#39 C:\\xampp\\htdocs\\evolucion2024\\vendor\\laravel\\framework\\src\\Illuminate\\Pipeline\\Pipeline.php(116): Illuminate\\Pipeline\\Pipeline->Illuminate\\Pipeline\\{closure}(Object(Illuminate\\Http\\Request))
#40 C:\\xampp\\htdocs\\evolucion2024\\vendor\\laravel\\framework\\src\\Illuminate\\Routing\\Router.php(799): Illuminate\\Pipeline\\Pipeline->then(Object(Closure))
#41 C:\\xampp\\htdocs\\evolucion2024\\vendor\\laravel\\framework\\src\\Illuminate\\Routing\\Router.php(776): Illuminate\\Routing\\Router->runRouteWithinStack(Object(Illuminate\\Routing\\Route), Object(Illuminate\\Http\\Request))
#42 C:\\xampp\\htdocs\\evolucion2024\\vendor\\laravel\\framework\\src\\Illuminate\\Routing\\Router.php(740): Illuminate\\Routing\\Router->runRoute(Object(Illuminate\\Http\\Request), Object(Illuminate\\Routing\\Route))
#43 C:\\xampp\\htdocs\\evolucion2024\\vendor\\laravel\\framework\\src\\Illuminate\\Routing\\Router.php(729): Illuminate\\Routing\\Router->dispatchToRoute(Object(Illuminate\\Http\\Request))
#44 C:\\xampp\\htdocs\\evolucion2024\\vendor\\laravel\\framework\\src\\Illuminate\\Foundation\\Http\\Kernel.php(190): Illuminate\\Routing\\Router->dispatch(Object(Illuminate\\Http\\Request))
#45 C:\\xampp\\htdocs\\evolucion2024\\vendor\\laravel\\framework\\src\\Illuminate\\Pipeline\\Pipeline.php(141): Illuminate\\Foundation\\Http\\Kernel->Illuminate\\Foundation\\Http\\{closure}(Object(Illuminate\\Http\\Request))
#46 C:\\xampp\\htdocs\\evolucion2024\\vendor\\laravel\\framework\\src\\Illuminate\\Http\\Middleware\\TrustProxies.php(39): Illuminate\\Pipeline\\Pipeline->Illuminate\\Pipeline\\{closure}(Object(Illuminate\\Http\\Request))
#47 C:\\xampp\\htdocs\\evolucion2024\\vendor\\laravel\\framework\\src\\Illuminate\\Pipeline\\Pipeline.php(180): Illuminate\\Http\\Middleware\\TrustProxies->handle(Object(Illuminate\\Http\\Request), Object(Closure))
#48 C:\\xampp\\htdocs\\evolucion2024\\vendor\\laravel\\framework\\src\\Illuminate\\Foundation\\Http\\Middleware\\TransformsRequest.php(21): Illuminate\\Pipeline\\Pipeline->Illuminate\\Pipeline\\{closure}(Object(Illuminate\\Http\\Request))
#49 C:\\xampp\\htdocs\\evolucion2024\\vendor\\laravel\\framework\\src\\Illuminate\\Foundation\\Http\\Middleware\\ConvertEmptyStringsToNull.php(31): Illuminate\\Foundation\\Http\\Middleware\\TransformsRequest->handle(Object(Illuminate\\Http\\Request), Object(Closure))
#50 C:\\xampp\\htdocs\\evolucion2024\\vendor\\laravel\\framework\\src\\Illuminate\\Pipeline\\Pipeline.php(180): Illuminate\\Foundation\\Http\\Middleware\\ConvertEmptyStringsToNull->handle(Object(Illuminate\\Http\\Request), Object(Closure))
#51 C:\\xampp\\htdocs\\evolucion2024\\vendor\\laravel\\framework\\src\\Illuminate\\Foundation\\Http\\Middleware\\TransformsRequest.php(21): Illuminate\\Pipeline\\Pipeline->Illuminate\\Pipeline\\{closure}(Object(Illuminate\\Http\\Request))
#52 C:\\xampp\\htdocs\\evolucion2024\\vendor\\laravel\\framework\\src\\Illuminate\\Foundation\\Http\\Middleware\\TrimStrings.php(40): Illuminate\\Foundation\\Http\\Middleware\\TransformsRequest->handle(Object(Illuminate\\Http\\Request), Object(Closure))
#53 C:\\xampp\\htdocs\\evolucion2024\\vendor\\laravel\\framework\\src\\Illuminate\\Pipeline\\Pipeline.php(180): Illuminate\\Foundation\\Http\\Middleware\\TrimStrings->handle(Object(Illuminate\\Http\\Request), Object(Closure))
#54 C:\\xampp\\htdocs\\evolucion2024\\vendor\\laravel\\framework\\src\\Illuminate\\Foundation\\Http\\Middleware\\ValidatePostSize.php(27): Illuminate\\Pipeline\\Pipeline->Illuminate\\Pipeline\\{closure}(Object(Illuminate\\Http\\Request))
#55 C:\\xampp\\htdocs\\evolucion2024\\vendor\\laravel\\framework\\src\\Illuminate\\Pipeline\\Pipeline.php(180): Illuminate\\Foundation\\Http\\Middleware\\ValidatePostSize->handle(Object(Illuminate\\Http\\Request), Object(Closure))
#56 C:\\xampp\\htdocs\\evolucion2024\\vendor\\laravel\\framework\\src\\Illuminate\\Foundation\\Http\\Middleware\\PreventRequestsDuringMaintenance.php(86): Illuminate\\Pipeline\\Pipeline->Illuminate\\Pipeline\\{closure}(Object(Illuminate\\Http\\Request))
#57 C:\\xampp\\htdocs\\evolucion2024\\vendor\\laravel\\framework\\src\\Illuminate\\Pipeline\\Pipeline.php(180): Illuminate\\Foundation\\Http\\Middleware\\PreventRequestsDuringMaintenance->handle(Object(Illuminate\\Http\\Request), Object(Closure))
#58 C:\\xampp\\htdocs\\evolucion2024\\vendor\\laravel\\framework\\src\\Illuminate\\Pipeline\\Pipeline.php(116): Illuminate\\Pipeline\\Pipeline->Illuminate\\Pipeline\\{closure}(Object(Illuminate\\Http\\Request))
#59 C:\\xampp\\htdocs\\evolucion2024\\vendor\\laravel\\framework\\src\\Illuminate\\Foundation\\Http\\Kernel.php(165): Illuminate\\Pipeline\\Pipeline->then(Object(Closure))
#60 C:\\xampp\\htdocs\\evolucion2024\\vendor\\laravel\\framework\\src\\Illuminate\\Foundation\\Http\\Kernel.php(134): Illuminate\\Foundation\\Http\\Kernel->sendRequestThroughRouter(Object(Illuminate\\Http\\Request))
#61 C:\\xampp\\htdocs\\evolucion2024\\public\\index.php(55): Illuminate\\Foundation\\Http\\Kernel->handle(Object(Illuminate\\Http\\Request))
#62 C:\\xampp\\htdocs\\evolucion2024\\server.php(21): require_once('C:\\\\xampp\\\\htdocs...')
#63 {main}
"} 
[2025-01-31 18:54:31] production.ERROR: SQLSTATE[42S01]: Base table or view already exists: 1050 Table 'tokens' already exists (SQL: create table `tokens` (`id` bigint unsigned not null auto_increment primary key, `access_token` varchar(255) not null, `refresh_token` varchar(255) not null, `expires_at` timestamp not null, `created_at` timestamp null, `updated_at` timestamp null) default character set utf8 collate 'utf8_unicode_ci') {"exception":"[object] (Illuminate\\Database\\QueryException(code: 42S01): SQLSTATE[42S01]: Base table or view already exists: 1050 Table 'tokens' already exists (SQL: create table `tokens` (`id` bigint unsigned not null auto_increment primary key, `access_token` varchar(255) not null, `refresh_token` varchar(255) not null, `expires_at` timestamp not null, `created_at` timestamp null, `updated_at` timestamp null) default character set utf8 collate 'utf8_unicode_ci') at C:\\xampp\\htdocs\\evolucion2024\\vendor\\laravel\\framework\\src\\Illuminate\\Database\\Connection.php:760)
[stacktrace]
#0 C:\\xampp\\htdocs\\evolucion2024\\vendor\\laravel\\framework\\src\\Illuminate\\Database\\Connection.php(720): Illuminate\\Database\\Connection->runQueryCallback('create table `t...', Array, Object(Closure))
#1 C:\\xampp\\htdocs\\evolucion2024\\vendor\\laravel\\framework\\src\\Illuminate\\Database\\Connection.php(546): Illuminate\\Database\\Connection->run('create table `t...', Array, Object(Closure))
#2 C:\\xampp\\htdocs\\evolucion2024\\vendor\\laravel\\framework\\src\\Illuminate\\Database\\Schema\\Blueprint.php(109): Illuminate\\Database\\Connection->statement('create table `t...')
#3 C:\\xampp\\htdocs\\evolucion2024\\vendor\\laravel\\framework\\src\\Illuminate\\Database\\Schema\\Builder.php(439): Illuminate\\Database\\Schema\\Blueprint->build(Object(Illuminate\\Database\\MySqlConnection), Object(Illuminate\\Database\\Schema\\Grammars\\MySqlGrammar))
#4 C:\\xampp\\htdocs\\evolucion2024\\vendor\\laravel\\framework\\src\\Illuminate\\Database\\Schema\\Builder.php(285): Illuminate\\Database\\Schema\\Builder->build(Object(Illuminate\\Database\\Schema\\Blueprint))
#5 C:\\xampp\\htdocs\\evolucion2024\\vendor\\laravel\\framework\\src\\Illuminate\\Support\\Facades\\Facade.php(338): Illuminate\\Database\\Schema\\Builder->create('tokens', Object(Closure))
#6 C:\\xampp\\htdocs\\evolucion2024\\database\\migrations\\2024_09_25_212253_create_tokens_table.php(22): Illuminate\\Support\\Facades\\Facade::__callStatic('create', Array)
#7 C:\\xampp\\htdocs\\evolucion2024\\vendor\\laravel\\framework\\src\\Illuminate\\Database\\Migrations\\Migrator.php(488): Illuminate\\Database\\Migrations\\Migration@anonymous->up()
#8 C:\\xampp\\htdocs\\evolucion2024\\vendor\\laravel\\framework\\src\\Illuminate\\Database\\Migrations\\Migrator.php(406): Illuminate\\Database\\Migrations\\Migrator->runMethod(Object(Illuminate\\Database\\MySqlConnection), Object(Illuminate\\Database\\Migrations\\Migration@anonymous), 'up')
#9 C:\\xampp\\htdocs\\evolucion2024\\vendor\\laravel\\framework\\src\\Illuminate\\Database\\Migrations\\Migrator.php(415): Illuminate\\Database\\Migrations\\Migrator->Illuminate\\Database\\Migrations\\{closure}()
#10 C:\\xampp\\htdocs\\evolucion2024\\vendor\\laravel\\framework\\src\\Illuminate\\Database\\Migrations\\Migrator.php(216): Illuminate\\Database\\Migrations\\Migrator->runMigration(Object(Illuminate\\Database\\Migrations\\Migration@anonymous), 'up')
#11 C:\\xampp\\htdocs\\evolucion2024\\vendor\\laravel\\framework\\src\\Illuminate\\Console\\View\\Components\\Task.php(37): Illuminate\\Database\\Migrations\\Migrator->Illuminate\\Database\\Migrations\\{closure}()
#12 C:\\xampp\\htdocs\\evolucion2024\\vendor\\laravel\\framework\\src\\Illuminate\\Database\\Migrations\\Migrator.php(751): Illuminate\\Console\\View\\Components\\Task->render('2024_09_25_2122...', Object(Closure))
#13 C:\\xampp\\htdocs\\evolucion2024\\vendor\\laravel\\framework\\src\\Illuminate\\Database\\Migrations\\Migrator.php(216): Illuminate\\Database\\Migrations\\Migrator->write('Illuminate\\\\Cons...', '2024_09_25_2122...', Object(Closure))
#14 C:\\xampp\\htdocs\\evolucion2024\\vendor\\laravel\\framework\\src\\Illuminate\\Database\\Migrations\\Migrator.php(181): Illuminate\\Database\\Migrations\\Migrator->runUp('C:\\\\xampp\\\\htdocs...', 4, false)
#15 C:\\xampp\\htdocs\\evolucion2024\\vendor\\laravel\\framework\\src\\Illuminate\\Database\\Migrations\\Migrator.php(124): Illuminate\\Database\\Migrations\\Migrator->runPending(Array, Array)
#16 C:\\xampp\\htdocs\\evolucion2024\\vendor\\laravel\\framework\\src\\Illuminate\\Database\\Console\\Migrations\\MigrateCommand.php(90): Illuminate\\Database\\Migrations\\Migrator->run(Array, Array)
#17 C:\\xampp\\htdocs\\evolucion2024\\vendor\\laravel\\framework\\src\\Illuminate\\Database\\Migrations\\Migrator.php(628): Illuminate\\Database\\Console\\Migrations\\MigrateCommand->Illuminate\\Database\\Console\\Migrations\\{closure}()
#18 C:\\xampp\\htdocs\\evolucion2024\\vendor\\laravel\\framework\\src\\Illuminate\\Database\\Console\\Migrations\\MigrateCommand.php(102): Illuminate\\Database\\Migrations\\Migrator->usingConnection(NULL, Object(Closure))
#19 C:\\xampp\\htdocs\\evolucion2024\\vendor\\laravel\\framework\\src\\Illuminate\\Container\\BoundMethod.php(36): Illuminate\\Database\\Console\\Migrations\\MigrateCommand->handle()
#20 C:\\xampp\\htdocs\\evolucion2024\\vendor\\laravel\\framework\\src\\Illuminate\\Container\\Util.php(41): Illuminate\\Container\\BoundMethod::Illuminate\\Container\\{closure}()
#21 C:\\xampp\\htdocs\\evolucion2024\\vendor\\laravel\\framework\\src\\Illuminate\\Container\\BoundMethod.php(93): Illuminate\\Container\\Util::unwrapIfClosure(Object(Closure))
#22 C:\\xampp\\htdocs\\evolucion2024\\vendor\\laravel\\framework\\src\\Illuminate\\Container\\BoundMethod.php(37): Illuminate\\Container\\BoundMethod::callBoundMethod(Object(Illuminate\\Foundation\\Application), Array, Object(Closure))
#23 C:\\xampp\\htdocs\\evolucion2024\\vendor\\laravel\\framework\\src\\Illuminate\\Container\\Container.php(661): Illuminate\\Container\\BoundMethod::call(Object(Illuminate\\Foundation\\Application), Array, Array, NULL)
#24 C:\\xampp\\htdocs\\evolucion2024\\vendor\\laravel\\framework\\src\\Illuminate\\Console\\Command.php(183): Illuminate\\Container\\Container->call(Array)
#25 C:\\xampp\\htdocs\\evolucion2024\\vendor\\symfony\\console\\Command\\Command.php(326): Illuminate\\Console\\Command->execute(Object(Symfony\\Component\\Console\\Input\\ArgvInput), Object(Illuminate\\Console\\OutputStyle))
#26 C:\\xampp\\htdocs\\evolucion2024\\vendor\\laravel\\framework\\src\\Illuminate\\Console\\Command.php(153): Symfony\\Component\\Console\\Command\\Command->run(Object(Symfony\\Component\\Console\\Input\\ArgvInput), Object(Illuminate\\Console\\OutputStyle))
#27 C:\\xampp\\htdocs\\evolucion2024\\vendor\\symfony\\console\\Application.php(1078): Illuminate\\Console\\Command->run(Object(Symfony\\Component\\Console\\Input\\ArgvInput), Object(Symfony\\Component\\Console\\Output\\ConsoleOutput))
#28 C:\\xampp\\htdocs\\evolucion2024\\vendor\\symfony\\console\\Application.php(324): Symfony\\Component\\Console\\Application->doRunCommand(Object(Illuminate\\Database\\Console\\Migrations\\MigrateCommand), Object(Symfony\\Component\\Console\\Input\\ArgvInput), Object(Symfony\\Component\\Console\\Output\\ConsoleOutput))
#29 C:\\xampp\\htdocs\\evolucion2024\\vendor\\symfony\\console\\Application.php(175): Symfony\\Component\\Console\\Application->doRun(Object(Symfony\\Component\\Console\\Input\\ArgvInput), Object(Symfony\\Component\\Console\\Output\\ConsoleOutput))
#30 C:\\xampp\\htdocs\\evolucion2024\\vendor\\laravel\\framework\\src\\Illuminate\\Console\\Application.php(102): Symfony\\Component\\Console\\Application->run(Object(Symfony\\Component\\Console\\Input\\ArgvInput), Object(Symfony\\Component\\Console\\Output\\ConsoleOutput))
#31 C:\\xampp\\htdocs\\evolucion2024\\vendor\\laravel\\framework\\src\\Illuminate\\Foundation\\Console\\Kernel.php(155): Illuminate\\Console\\Application->run(Object(Symfony\\Component\\Console\\Input\\ArgvInput), Object(Symfony\\Component\\Console\\Output\\ConsoleOutput))
#32 C:\\xampp\\htdocs\\evolucion2024\\artisan(37): Illuminate\\Foundation\\Console\\Kernel->handle(Object(Symfony\\Component\\Console\\Input\\ArgvInput), Object(Symfony\\Component\\Console\\Output\\ConsoleOutput))
#33 {main}

[previous exception] [object] (PDOException(code: 42S01): SQLSTATE[42S01]: Base table or view already exists: 1050 Table 'tokens' already exists at C:\\xampp\\htdocs\\evolucion2024\\vendor\\laravel\\framework\\src\\Illuminate\\Database\\Connection.php:545)
[stacktrace]
#0 C:\\xampp\\htdocs\\evolucion2024\\vendor\\laravel\\framework\\src\\Illuminate\\Database\\Connection.php(545): PDOStatement->execute()
#1 C:\\xampp\\htdocs\\evolucion2024\\vendor\\laravel\\framework\\src\\Illuminate\\Database\\Connection.php(753): Illuminate\\Database\\Connection->Illuminate\\Database\\{closure}('create table `t...', Array)
#2 C:\\xampp\\htdocs\\evolucion2024\\vendor\\laravel\\framework\\src\\Illuminate\\Database\\Connection.php(720): Illuminate\\Database\\Connection->runQueryCallback('create table `t...', Array, Object(Closure))
#3 C:\\xampp\\htdocs\\evolucion2024\\vendor\\laravel\\framework\\src\\Illuminate\\Database\\Connection.php(546): Illuminate\\Database\\Connection->run('create table `t...', Array, Object(Closure))
#4 C:\\xampp\\htdocs\\evolucion2024\\vendor\\laravel\\framework\\src\\Illuminate\\Database\\Schema\\Blueprint.php(109): Illuminate\\Database\\Connection->statement('create table `t...')
#5 C:\\xampp\\htdocs\\evolucion2024\\vendor\\laravel\\framework\\src\\Illuminate\\Database\\Schema\\Builder.php(439): Illuminate\\Database\\Schema\\Blueprint->build(Object(Illuminate\\Database\\MySqlConnection), Object(Illuminate\\Database\\Schema\\Grammars\\MySqlGrammar))
#6 C:\\xampp\\htdocs\\evolucion2024\\vendor\\laravel\\framework\\src\\Illuminate\\Database\\Schema\\Builder.php(285): Illuminate\\Database\\Schema\\Builder->build(Object(Illuminate\\Database\\Schema\\Blueprint))
#7 C:\\xampp\\htdocs\\evolucion2024\\vendor\\laravel\\framework\\src\\Illuminate\\Support\\Facades\\Facade.php(338): Illuminate\\Database\\Schema\\Builder->create('tokens', Object(Closure))
#8 C:\\xampp\\htdocs\\evolucion2024\\database\\migrations\\2024_09_25_212253_create_tokens_table.php(22): Illuminate\\Support\\Facades\\Facade::__callStatic('create', Array)
#9 C:\\xampp\\htdocs\\evolucion2024\\vendor\\laravel\\framework\\src\\Illuminate\\Database\\Migrations\\Migrator.php(488): Illuminate\\Database\\Migrations\\Migration@anonymous->up()
#10 C:\\xampp\\htdocs\\evolucion2024\\vendor\\laravel\\framework\\src\\Illuminate\\Database\\Migrations\\Migrator.php(406): Illuminate\\Database\\Migrations\\Migrator->runMethod(Object(Illuminate\\Database\\MySqlConnection), Object(Illuminate\\Database\\Migrations\\Migration@anonymous), 'up')
#11 C:\\xampp\\htdocs\\evolucion2024\\vendor\\laravel\\framework\\src\\Illuminate\\Database\\Migrations\\Migrator.php(415): Illuminate\\Database\\Migrations\\Migrator->Illuminate\\Database\\Migrations\\{closure}()
#12 C:\\xampp\\htdocs\\evolucion2024\\vendor\\laravel\\framework\\src\\Illuminate\\Database\\Migrations\\Migrator.php(216): Illuminate\\Database\\Migrations\\Migrator->runMigration(Object(Illuminate\\Database\\Migrations\\Migration@anonymous), 'up')
#13 C:\\xampp\\htdocs\\evolucion2024\\vendor\\laravel\\framework\\src\\Illuminate\\Console\\View\\Components\\Task.php(37): Illuminate\\Database\\Migrations\\Migrator->Illuminate\\Database\\Migrations\\{closure}()
#14 C:\\xampp\\htdocs\\evolucion2024\\vendor\\laravel\\framework\\src\\Illuminate\\Database\\Migrations\\Migrator.php(751): Illuminate\\Console\\View\\Components\\Task->render('2024_09_25_2122...', Object(Closure))
#15 C:\\xampp\\htdocs\\evolucion2024\\vendor\\laravel\\framework\\src\\Illuminate\\Database\\Migrations\\Migrator.php(216): Illuminate\\Database\\Migrations\\Migrator->write('Illuminate\\\\Cons...', '2024_09_25_2122...', Object(Closure))
#16 C:\\xampp\\htdocs\\evolucion2024\\vendor\\laravel\\framework\\src\\Illuminate\\Database\\Migrations\\Migrator.php(181): Illuminate\\Database\\Migrations\\Migrator->runUp('C:\\\\xampp\\\\htdocs...', 4, false)
#17 C:\\xampp\\htdocs\\evolucion2024\\vendor\\laravel\\framework\\src\\Illuminate\\Database\\Migrations\\Migrator.php(124): Illuminate\\Database\\Migrations\\Migrator->runPending(Array, Array)
#18 C:\\xampp\\htdocs\\evolucion2024\\vendor\\laravel\\framework\\src\\Illuminate\\Database\\Console\\Migrations\\MigrateCommand.php(90): Illuminate\\Database\\Migrations\\Migrator->run(Array, Array)
#19 C:\\xampp\\htdocs\\evolucion2024\\vendor\\laravel\\framework\\src\\Illuminate\\Database\\Migrations\\Migrator.php(628): Illuminate\\Database\\Console\\Migrations\\MigrateCommand->Illuminate\\Database\\Console\\Migrations\\{closure}()
#20 C:\\xampp\\htdocs\\evolucion2024\\vendor\\laravel\\framework\\src\\Illuminate\\Database\\Console\\Migrations\\MigrateCommand.php(102): Illuminate\\Database\\Migrations\\Migrator->usingConnection(NULL, Object(Closure))
#21 C:\\xampp\\htdocs\\evolucion2024\\vendor\\laravel\\framework\\src\\Illuminate\\Container\\BoundMethod.php(36): Illuminate\\Database\\Console\\Migrations\\MigrateCommand->handle()
#22 C:\\xampp\\htdocs\\evolucion2024\\vendor\\laravel\\framework\\src\\Illuminate\\Container\\Util.php(41): Illuminate\\Container\\BoundMethod::Illuminate\\Container\\{closure}()
#23 C:\\xampp\\htdocs\\evolucion2024\\vendor\\laravel\\framework\\src\\Illuminate\\Container\\BoundMethod.php(93): Illuminate\\Container\\Util::unwrapIfClosure(Object(Closure))
#24 C:\\xampp\\htdocs\\evolucion2024\\vendor\\laravel\\framework\\src\\Illuminate\\Container\\BoundMethod.php(37): Illuminate\\Container\\BoundMethod::callBoundMethod(Object(Illuminate\\Foundation\\Application), Array, Object(Closure))
#25 C:\\xampp\\htdocs\\evolucion2024\\vendor\\laravel\\framework\\src\\Illuminate\\Container\\Container.php(661): Illuminate\\Container\\BoundMethod::call(Object(Illuminate\\Foundation\\Application), Array, Array, NULL)
#26 C:\\xampp\\htdocs\\evolucion2024\\vendor\\laravel\\framework\\src\\Illuminate\\Console\\Command.php(183): Illuminate\\Container\\Container->call(Array)
#27 C:\\xampp\\htdocs\\evolucion2024\\vendor\\symfony\\console\\Command\\Command.php(326): Illuminate\\Console\\Command->execute(Object(Symfony\\Component\\Console\\Input\\ArgvInput), Object(Illuminate\\Console\\OutputStyle))
#28 C:\\xampp\\htdocs\\evolucion2024\\vendor\\laravel\\framework\\src\\Illuminate\\Console\\Command.php(153): Symfony\\Component\\Console\\Command\\Command->run(Object(Symfony\\Component\\Console\\Input\\ArgvInput), Object(Illuminate\\Console\\OutputStyle))
#29 C:\\xampp\\htdocs\\evolucion2024\\vendor\\symfony\\console\\Application.php(1078): Illuminate\\Console\\Command->run(Object(Symfony\\Component\\Console\\Input\\ArgvInput), Object(Symfony\\Component\\Console\\Output\\ConsoleOutput))
#30 C:\\xampp\\htdocs\\evolucion2024\\vendor\\symfony\\console\\Application.php(324): Symfony\\Component\\Console\\Application->doRunCommand(Object(Illuminate\\Database\\Console\\Migrations\\MigrateCommand), Object(Symfony\\Component\\Console\\Input\\ArgvInput), Object(Symfony\\Component\\Console\\Output\\ConsoleOutput))
#31 C:\\xampp\\htdocs\\evolucion2024\\vendor\\symfony\\console\\Application.php(175): Symfony\\Component\\Console\\Application->doRun(Object(Symfony\\Component\\Console\\Input\\ArgvInput), Object(Symfony\\Component\\Console\\Output\\ConsoleOutput))
#32 C:\\xampp\\htdocs\\evolucion2024\\vendor\\laravel\\framework\\src\\Illuminate\\Console\\Application.php(102): Symfony\\Component\\Console\\Application->run(Object(Symfony\\Component\\Console\\Input\\ArgvInput), Object(Symfony\\Component\\Console\\Output\\ConsoleOutput))
#33 C:\\xampp\\htdocs\\evolucion2024\\vendor\\laravel\\framework\\src\\Illuminate\\Foundation\\Console\\Kernel.php(155): Illuminate\\Console\\Application->run(Object(Symfony\\Component\\Console\\Input\\ArgvInput), Object(Symfony\\Component\\Console\\Output\\ConsoleOutput))
#34 C:\\xampp\\htdocs\\evolucion2024\\artisan(37): Illuminate\\Foundation\\Console\\Kernel->handle(Object(Symfony\\Component\\Console\\Input\\ArgvInput), Object(Symfony\\Component\\Console\\Output\\ConsoleOutput))
#35 {main}
"} 
[2025-01-31 19:12:22] production.ERROR: SQLSTATE[42000]: Syntax error or access violation: 1064 You have an error in your SQL syntax; check the manual that corresponds to your MariaDB server version for the right syntax to use near 'EXIST tareasPendientes' at line 1 (SQL: DROP PROCEDURE IF EXIST tareasPendientes) {"exception":"[object] (Illuminate\\Database\\QueryException(code: 42000): SQLSTATE[42000]: Syntax error or access violation: 1064 You have an error in your SQL syntax; check the manual that corresponds to your MariaDB server version for the right syntax to use near 'EXIST tareasPendientes' at line 1 (SQL: DROP PROCEDURE IF EXIST tareasPendientes) at C:\\xampp\\htdocs\\evolucion2024\\vendor\\laravel\\framework\\src\\Illuminate\\Database\\Connection.php:760)
[stacktrace]
#0 C:\\xampp\\htdocs\\evolucion2024\\vendor\\laravel\\framework\\src\\Illuminate\\Database\\Connection.php(720): Illuminate\\Database\\Connection->runQueryCallback('DROP PROCEDURE ...', Array, Object(Closure))
#1 C:\\xampp\\htdocs\\evolucion2024\\vendor\\laravel\\framework\\src\\Illuminate\\Database\\Connection.php(598): Illuminate\\Database\\Connection->run('DROP PROCEDURE ...', Array, Object(Closure))
#2 C:\\xampp\\htdocs\\evolucion2024\\vendor\\laravel\\framework\\src\\Illuminate\\Database\\DatabaseManager.php(469): Illuminate\\Database\\Connection->unprepared('DROP PROCEDURE ...')
#3 C:\\xampp\\htdocs\\evolucion2024\\vendor\\laravel\\framework\\src\\Illuminate\\Support\\Facades\\Facade.php(338): Illuminate\\Database\\DatabaseManager->__call('unprepared', Array)
#4 C:\\xampp\\htdocs\\evolucion2024\\database\\migrations\\2020_04_08_161730_create_store_procedure_tareas_pendientes_table.php(48): Illuminate\\Support\\Facades\\Facade::__callStatic('unprepared', Array)
#5 C:\\xampp\\htdocs\\evolucion2024\\vendor\\laravel\\framework\\src\\Illuminate\\Database\\Migrations\\Migrator.php(488): CreateStoreProcedureTareasPendientesTable->down()
#6 C:\\xampp\\htdocs\\evolucion2024\\vendor\\laravel\\framework\\src\\Illuminate\\Database\\Migrations\\Migrator.php(406): Illuminate\\Database\\Migrations\\Migrator->runMethod(Object(Illuminate\\Database\\MySqlConnection), Object(CreateStoreProcedureTareasPendientesTable), 'down')
#7 C:\\xampp\\htdocs\\evolucion2024\\vendor\\laravel\\framework\\src\\Illuminate\\Database\\Migrations\\Migrator.php(415): Illuminate\\Database\\Migrations\\Migrator->Illuminate\\Database\\Migrations\\{closure}()
#8 C:\\xampp\\htdocs\\evolucion2024\\vendor\\laravel\\framework\\src\\Illuminate\\Database\\Migrations\\Migrator.php(381): Illuminate\\Database\\Migrations\\Migrator->runMigration(Object(CreateStoreProcedureTareasPendientesTable), 'down')
#9 C:\\xampp\\htdocs\\evolucion2024\\vendor\\laravel\\framework\\src\\Illuminate\\Console\\View\\Components\\Task.php(37): Illuminate\\Database\\Migrations\\Migrator->Illuminate\\Database\\Migrations\\{closure}()
#10 C:\\xampp\\htdocs\\evolucion2024\\vendor\\laravel\\framework\\src\\Illuminate\\Database\\Migrations\\Migrator.php(751): Illuminate\\Console\\View\\Components\\Task->render('2020_04_08_1617...', Object(Closure))
#11 C:\\xampp\\htdocs\\evolucion2024\\vendor\\laravel\\framework\\src\\Illuminate\\Database\\Migrations\\Migrator.php(381): Illuminate\\Database\\Migrations\\Migrator->write('Illuminate\\\\Cons...', '2020_04_08_1617...', Object(Closure))
#12 C:\\xampp\\htdocs\\evolucion2024\\vendor\\laravel\\framework\\src\\Illuminate\\Database\\Migrations\\Migrator.php(302): Illuminate\\Database\\Migrations\\Migrator->runDown('C:\\\\xampp\\\\htdocs...', Object(stdClass), false)
#13 C:\\xampp\\htdocs\\evolucion2024\\vendor\\laravel\\framework\\src\\Illuminate\\Database\\Migrations\\Migrator.php(246): Illuminate\\Database\\Migrations\\Migrator->rollbackMigrations(Array, Array, Array)
#14 C:\\xampp\\htdocs\\evolucion2024\\vendor\\laravel\\framework\\src\\Illuminate\\Database\\Console\\Migrations\\RollbackCommand.php(62): Illuminate\\Database\\Migrations\\Migrator->rollback(Array, Array)
#15 C:\\xampp\\htdocs\\evolucion2024\\vendor\\laravel\\framework\\src\\Illuminate\\Database\\Migrations\\Migrator.php(628): Illuminate\\Database\\Console\\Migrations\\RollbackCommand->Illuminate\\Database\\Console\\Migrations\\{closure}()
#16 C:\\xampp\\htdocs\\evolucion2024\\vendor\\laravel\\framework\\src\\Illuminate\\Database\\Console\\Migrations\\RollbackCommand.php(65): Illuminate\\Database\\Migrations\\Migrator->usingConnection(NULL, Object(Closure))
#17 C:\\xampp\\htdocs\\evolucion2024\\vendor\\laravel\\framework\\src\\Illuminate\\Container\\BoundMethod.php(36): Illuminate\\Database\\Console\\Migrations\\RollbackCommand->handle()
#18 C:\\xampp\\htdocs\\evolucion2024\\vendor\\laravel\\framework\\src\\Illuminate\\Container\\Util.php(41): Illuminate\\Container\\BoundMethod::Illuminate\\Container\\{closure}()
#19 C:\\xampp\\htdocs\\evolucion2024\\vendor\\laravel\\framework\\src\\Illuminate\\Container\\BoundMethod.php(93): Illuminate\\Container\\Util::unwrapIfClosure(Object(Closure))
#20 C:\\xampp\\htdocs\\evolucion2024\\vendor\\laravel\\framework\\src\\Illuminate\\Container\\BoundMethod.php(37): Illuminate\\Container\\BoundMethod::callBoundMethod(Object(Illuminate\\Foundation\\Application), Array, Object(Closure))
#21 C:\\xampp\\htdocs\\evolucion2024\\vendor\\laravel\\framework\\src\\Illuminate\\Container\\Container.php(661): Illuminate\\Container\\BoundMethod::call(Object(Illuminate\\Foundation\\Application), Array, Array, NULL)
#22 C:\\xampp\\htdocs\\evolucion2024\\vendor\\laravel\\framework\\src\\Illuminate\\Console\\Command.php(183): Illuminate\\Container\\Container->call(Array)
#23 C:\\xampp\\htdocs\\evolucion2024\\vendor\\symfony\\console\\Command\\Command.php(326): Illuminate\\Console\\Command->execute(Object(Symfony\\Component\\Console\\Input\\ArgvInput), Object(Illuminate\\Console\\OutputStyle))
#24 C:\\xampp\\htdocs\\evolucion2024\\vendor\\laravel\\framework\\src\\Illuminate\\Console\\Command.php(153): Symfony\\Component\\Console\\Command\\Command->run(Object(Symfony\\Component\\Console\\Input\\ArgvInput), Object(Illuminate\\Console\\OutputStyle))
#25 C:\\xampp\\htdocs\\evolucion2024\\vendor\\symfony\\console\\Application.php(1078): Illuminate\\Console\\Command->run(Object(Symfony\\Component\\Console\\Input\\ArgvInput), Object(Symfony\\Component\\Console\\Output\\ConsoleOutput))
#26 C:\\xampp\\htdocs\\evolucion2024\\vendor\\symfony\\console\\Application.php(324): Symfony\\Component\\Console\\Application->doRunCommand(Object(Illuminate\\Database\\Console\\Migrations\\RollbackCommand), Object(Symfony\\Component\\Console\\Input\\ArgvInput), Object(Symfony\\Component\\Console\\Output\\ConsoleOutput))
#27 C:\\xampp\\htdocs\\evolucion2024\\vendor\\symfony\\console\\Application.php(175): Symfony\\Component\\Console\\Application->doRun(Object(Symfony\\Component\\Console\\Input\\ArgvInput), Object(Symfony\\Component\\Console\\Output\\ConsoleOutput))
#28 C:\\xampp\\htdocs\\evolucion2024\\vendor\\laravel\\framework\\src\\Illuminate\\Console\\Application.php(102): Symfony\\Component\\Console\\Application->run(Object(Symfony\\Component\\Console\\Input\\ArgvInput), Object(Symfony\\Component\\Console\\Output\\ConsoleOutput))
#29 C:\\xampp\\htdocs\\evolucion2024\\vendor\\laravel\\framework\\src\\Illuminate\\Foundation\\Console\\Kernel.php(155): Illuminate\\Console\\Application->run(Object(Symfony\\Component\\Console\\Input\\ArgvInput), Object(Symfony\\Component\\Console\\Output\\ConsoleOutput))
#30 C:\\xampp\\htdocs\\evolucion2024\\artisan(37): Illuminate\\Foundation\\Console\\Kernel->handle(Object(Symfony\\Component\\Console\\Input\\ArgvInput), Object(Symfony\\Component\\Console\\Output\\ConsoleOutput))
#31 {main}

[previous exception] [object] (PDOException(code: 42000): SQLSTATE[42000]: Syntax error or access violation: 1064 You have an error in your SQL syntax; check the manual that corresponds to your MariaDB server version for the right syntax to use near 'EXIST tareasPendientes' at line 1 at C:\\xampp\\htdocs\\evolucion2024\\vendor\\laravel\\framework\\src\\Illuminate\\Database\\Connection.php:594)
[stacktrace]
#0 C:\\xampp\\htdocs\\evolucion2024\\vendor\\laravel\\framework\\src\\Illuminate\\Database\\Connection.php(594): PDO->exec('DROP PROCEDURE ...')
#1 C:\\xampp\\htdocs\\evolucion2024\\vendor\\laravel\\framework\\src\\Illuminate\\Database\\Connection.php(753): Illuminate\\Database\\Connection->Illuminate\\Database\\{closure}('DROP PROCEDURE ...', Array)
#2 C:\\xampp\\htdocs\\evolucion2024\\vendor\\laravel\\framework\\src\\Illuminate\\Database\\Connection.php(720): Illuminate\\Database\\Connection->runQueryCallback('DROP PROCEDURE ...', Array, Object(Closure))
#3 C:\\xampp\\htdocs\\evolucion2024\\vendor\\laravel\\framework\\src\\Illuminate\\Database\\Connection.php(598): Illuminate\\Database\\Connection->run('DROP PROCEDURE ...', Array, Object(Closure))
#4 C:\\xampp\\htdocs\\evolucion2024\\vendor\\laravel\\framework\\src\\Illuminate\\Database\\DatabaseManager.php(469): Illuminate\\Database\\Connection->unprepared('DROP PROCEDURE ...')
#5 C:\\xampp\\htdocs\\evolucion2024\\vendor\\laravel\\framework\\src\\Illuminate\\Support\\Facades\\Facade.php(338): Illuminate\\Database\\DatabaseManager->__call('unprepared', Array)
#6 C:\\xampp\\htdocs\\evolucion2024\\database\\migrations\\2020_04_08_161730_create_store_procedure_tareas_pendientes_table.php(48): Illuminate\\Support\\Facades\\Facade::__callStatic('unprepared', Array)
#7 C:\\xampp\\htdocs\\evolucion2024\\vendor\\laravel\\framework\\src\\Illuminate\\Database\\Migrations\\Migrator.php(488): CreateStoreProcedureTareasPendientesTable->down()
#8 C:\\xampp\\htdocs\\evolucion2024\\vendor\\laravel\\framework\\src\\Illuminate\\Database\\Migrations\\Migrator.php(406): Illuminate\\Database\\Migrations\\Migrator->runMethod(Object(Illuminate\\Database\\MySqlConnection), Object(CreateStoreProcedureTareasPendientesTable), 'down')
#9 C:\\xampp\\htdocs\\evolucion2024\\vendor\\laravel\\framework\\src\\Illuminate\\Database\\Migrations\\Migrator.php(415): Illuminate\\Database\\Migrations\\Migrator->Illuminate\\Database\\Migrations\\{closure}()
#10 C:\\xampp\\htdocs\\evolucion2024\\vendor\\laravel\\framework\\src\\Illuminate\\Database\\Migrations\\Migrator.php(381): Illuminate\\Database\\Migrations\\Migrator->runMigration(Object(CreateStoreProcedureTareasPendientesTable), 'down')
#11 C:\\xampp\\htdocs\\evolucion2024\\vendor\\laravel\\framework\\src\\Illuminate\\Console\\View\\Components\\Task.php(37): Illuminate\\Database\\Migrations\\Migrator->Illuminate\\Database\\Migrations\\{closure}()
#12 C:\\xampp\\htdocs\\evolucion2024\\vendor\\laravel\\framework\\src\\Illuminate\\Database\\Migrations\\Migrator.php(751): Illuminate\\Console\\View\\Components\\Task->render('2020_04_08_1617...', Object(Closure))
#13 C:\\xampp\\htdocs\\evolucion2024\\vendor\\laravel\\framework\\src\\Illuminate\\Database\\Migrations\\Migrator.php(381): Illuminate\\Database\\Migrations\\Migrator->write('Illuminate\\\\Cons...', '2020_04_08_1617...', Object(Closure))
#14 C:\\xampp\\htdocs\\evolucion2024\\vendor\\laravel\\framework\\src\\Illuminate\\Database\\Migrations\\Migrator.php(302): Illuminate\\Database\\Migrations\\Migrator->runDown('C:\\\\xampp\\\\htdocs...', Object(stdClass), false)
#15 C:\\xampp\\htdocs\\evolucion2024\\vendor\\laravel\\framework\\src\\Illuminate\\Database\\Migrations\\Migrator.php(246): Illuminate\\Database\\Migrations\\Migrator->rollbackMigrations(Array, Array, Array)
#16 C:\\xampp\\htdocs\\evolucion2024\\vendor\\laravel\\framework\\src\\Illuminate\\Database\\Console\\Migrations\\RollbackCommand.php(62): Illuminate\\Database\\Migrations\\Migrator->rollback(Array, Array)
#17 C:\\xampp\\htdocs\\evolucion2024\\vendor\\laravel\\framework\\src\\Illuminate\\Database\\Migrations\\Migrator.php(628): Illuminate\\Database\\Console\\Migrations\\RollbackCommand->Illuminate\\Database\\Console\\Migrations\\{closure}()
#18 C:\\xampp\\htdocs\\evolucion2024\\vendor\\laravel\\framework\\src\\Illuminate\\Database\\Console\\Migrations\\RollbackCommand.php(65): Illuminate\\Database\\Migrations\\Migrator->usingConnection(NULL, Object(Closure))
#19 C:\\xampp\\htdocs\\evolucion2024\\vendor\\laravel\\framework\\src\\Illuminate\\Container\\BoundMethod.php(36): Illuminate\\Database\\Console\\Migrations\\RollbackCommand->handle()
#20 C:\\xampp\\htdocs\\evolucion2024\\vendor\\laravel\\framework\\src\\Illuminate\\Container\\Util.php(41): Illuminate\\Container\\BoundMethod::Illuminate\\Container\\{closure}()
#21 C:\\xampp\\htdocs\\evolucion2024\\vendor\\laravel\\framework\\src\\Illuminate\\Container\\BoundMethod.php(93): Illuminate\\Container\\Util::unwrapIfClosure(Object(Closure))
#22 C:\\xampp\\htdocs\\evolucion2024\\vendor\\laravel\\framework\\src\\Illuminate\\Container\\BoundMethod.php(37): Illuminate\\Container\\BoundMethod::callBoundMethod(Object(Illuminate\\Foundation\\Application), Array, Object(Closure))
#23 C:\\xampp\\htdocs\\evolucion2024\\vendor\\laravel\\framework\\src\\Illuminate\\Container\\Container.php(661): Illuminate\\Container\\BoundMethod::call(Object(Illuminate\\Foundation\\Application), Array, Array, NULL)
#24 C:\\xampp\\htdocs\\evolucion2024\\vendor\\laravel\\framework\\src\\Illuminate\\Console\\Command.php(183): Illuminate\\Container\\Container->call(Array)
#25 C:\\xampp\\htdocs\\evolucion2024\\vendor\\symfony\\console\\Command\\Command.php(326): Illuminate\\Console\\Command->execute(Object(Symfony\\Component\\Console\\Input\\ArgvInput), Object(Illuminate\\Console\\OutputStyle))
#26 C:\\xampp\\htdocs\\evolucion2024\\vendor\\laravel\\framework\\src\\Illuminate\\Console\\Command.php(153): Symfony\\Component\\Console\\Command\\Command->run(Object(Symfony\\Component\\Console\\Input\\ArgvInput), Object(Illuminate\\Console\\OutputStyle))
#27 C:\\xampp\\htdocs\\evolucion2024\\vendor\\symfony\\console\\Application.php(1078): Illuminate\\Console\\Command->run(Object(Symfony\\Component\\Console\\Input\\ArgvInput), Object(Symfony\\Component\\Console\\Output\\ConsoleOutput))
#28 C:\\xampp\\htdocs\\evolucion2024\\vendor\\symfony\\console\\Application.php(324): Symfony\\Component\\Console\\Application->doRunCommand(Object(Illuminate\\Database\\Console\\Migrations\\RollbackCommand), Object(Symfony\\Component\\Console\\Input\\ArgvInput), Object(Symfony\\Component\\Console\\Output\\ConsoleOutput))
#29 C:\\xampp\\htdocs\\evolucion2024\\vendor\\symfony\\console\\Application.php(175): Symfony\\Component\\Console\\Application->doRun(Object(Symfony\\Component\\Console\\Input\\ArgvInput), Object(Symfony\\Component\\Console\\Output\\ConsoleOutput))
#30 C:\\xampp\\htdocs\\evolucion2024\\vendor\\laravel\\framework\\src\\Illuminate\\Console\\Application.php(102): Symfony\\Component\\Console\\Application->run(Object(Symfony\\Component\\Console\\Input\\ArgvInput), Object(Symfony\\Component\\Console\\Output\\ConsoleOutput))
#31 C:\\xampp\\htdocs\\evolucion2024\\vendor\\laravel\\framework\\src\\Illuminate\\Foundation\\Console\\Kernel.php(155): Illuminate\\Console\\Application->run(Object(Symfony\\Component\\Console\\Input\\ArgvInput), Object(Symfony\\Component\\Console\\Output\\ConsoleOutput))
#32 C:\\xampp\\htdocs\\evolucion2024\\artisan(37): Illuminate\\Foundation\\Console\\Kernel->handle(Object(Symfony\\Component\\Console\\Input\\ArgvInput), Object(Symfony\\Component\\Console\\Output\\ConsoleOutput))
#33 {main}
"} 
[2025-01-31 19:15:02] production.ERROR: SQLSTATE[42S01]: Base table or view already exists: 1050 Table 'tokens' already exists (SQL: create table `tokens` (`id` bigint unsigned not null auto_increment primary key, `access_token` varchar(255) not null, `refresh_token` varchar(255) not null, `expires_at` timestamp not null, `created_at` timestamp null, `updated_at` timestamp null) default character set utf8 collate 'utf8_unicode_ci') {"exception":"[object] (Illuminate\\Database\\QueryException(code: 42S01): SQLSTATE[42S01]: Base table or view already exists: 1050 Table 'tokens' already exists (SQL: create table `tokens` (`id` bigint unsigned not null auto_increment primary key, `access_token` varchar(255) not null, `refresh_token` varchar(255) not null, `expires_at` timestamp not null, `created_at` timestamp null, `updated_at` timestamp null) default character set utf8 collate 'utf8_unicode_ci') at C:\\xampp\\htdocs\\evolucion2024\\vendor\\laravel\\framework\\src\\Illuminate\\Database\\Connection.php:760)
[stacktrace]
#0 C:\\xampp\\htdocs\\evolucion2024\\vendor\\laravel\\framework\\src\\Illuminate\\Database\\Connection.php(720): Illuminate\\Database\\Connection->runQueryCallback('create table `t...', Array, Object(Closure))
#1 C:\\xampp\\htdocs\\evolucion2024\\vendor\\laravel\\framework\\src\\Illuminate\\Database\\Connection.php(546): Illuminate\\Database\\Connection->run('create table `t...', Array, Object(Closure))
#2 C:\\xampp\\htdocs\\evolucion2024\\vendor\\laravel\\framework\\src\\Illuminate\\Database\\Schema\\Blueprint.php(109): Illuminate\\Database\\Connection->statement('create table `t...')
#3 C:\\xampp\\htdocs\\evolucion2024\\vendor\\laravel\\framework\\src\\Illuminate\\Database\\Schema\\Builder.php(439): Illuminate\\Database\\Schema\\Blueprint->build(Object(Illuminate\\Database\\MySqlConnection), Object(Illuminate\\Database\\Schema\\Grammars\\MySqlGrammar))
#4 C:\\xampp\\htdocs\\evolucion2024\\vendor\\laravel\\framework\\src\\Illuminate\\Database\\Schema\\Builder.php(285): Illuminate\\Database\\Schema\\Builder->build(Object(Illuminate\\Database\\Schema\\Blueprint))
#5 C:\\xampp\\htdocs\\evolucion2024\\vendor\\laravel\\framework\\src\\Illuminate\\Support\\Facades\\Facade.php(338): Illuminate\\Database\\Schema\\Builder->create('tokens', Object(Closure))
#6 C:\\xampp\\htdocs\\evolucion2024\\database\\migrations\\2024_09_25_212253_create_tokens_table.php(22): Illuminate\\Support\\Facades\\Facade::__callStatic('create', Array)
#7 C:\\xampp\\htdocs\\evolucion2024\\vendor\\laravel\\framework\\src\\Illuminate\\Database\\Migrations\\Migrator.php(488): Illuminate\\Database\\Migrations\\Migration@anonymous->up()
#8 C:\\xampp\\htdocs\\evolucion2024\\vendor\\laravel\\framework\\src\\Illuminate\\Database\\Migrations\\Migrator.php(406): Illuminate\\Database\\Migrations\\Migrator->runMethod(Object(Illuminate\\Database\\MySqlConnection), Object(Illuminate\\Database\\Migrations\\Migration@anonymous), 'up')
#9 C:\\xampp\\htdocs\\evolucion2024\\vendor\\laravel\\framework\\src\\Illuminate\\Database\\Migrations\\Migrator.php(415): Illuminate\\Database\\Migrations\\Migrator->Illuminate\\Database\\Migrations\\{closure}()
#10 C:\\xampp\\htdocs\\evolucion2024\\vendor\\laravel\\framework\\src\\Illuminate\\Database\\Migrations\\Migrator.php(216): Illuminate\\Database\\Migrations\\Migrator->runMigration(Object(Illuminate\\Database\\Migrations\\Migration@anonymous), 'up')
#11 C:\\xampp\\htdocs\\evolucion2024\\vendor\\laravel\\framework\\src\\Illuminate\\Console\\View\\Components\\Task.php(37): Illuminate\\Database\\Migrations\\Migrator->Illuminate\\Database\\Migrations\\{closure}()
#12 C:\\xampp\\htdocs\\evolucion2024\\vendor\\laravel\\framework\\src\\Illuminate\\Database\\Migrations\\Migrator.php(751): Illuminate\\Console\\View\\Components\\Task->render('2024_09_25_2122...', Object(Closure))
#13 C:\\xampp\\htdocs\\evolucion2024\\vendor\\laravel\\framework\\src\\Illuminate\\Database\\Migrations\\Migrator.php(216): Illuminate\\Database\\Migrations\\Migrator->write('Illuminate\\\\Cons...', '2024_09_25_2122...', Object(Closure))
#14 C:\\xampp\\htdocs\\evolucion2024\\vendor\\laravel\\framework\\src\\Illuminate\\Database\\Migrations\\Migrator.php(181): Illuminate\\Database\\Migrations\\Migrator->runUp('C:\\\\xampp\\\\htdocs...', 4, false)
#15 C:\\xampp\\htdocs\\evolucion2024\\vendor\\laravel\\framework\\src\\Illuminate\\Database\\Migrations\\Migrator.php(124): Illuminate\\Database\\Migrations\\Migrator->runPending(Array, Array)
#16 C:\\xampp\\htdocs\\evolucion2024\\vendor\\laravel\\framework\\src\\Illuminate\\Database\\Console\\Migrations\\MigrateCommand.php(90): Illuminate\\Database\\Migrations\\Migrator->run(Array, Array)
#17 C:\\xampp\\htdocs\\evolucion2024\\vendor\\laravel\\framework\\src\\Illuminate\\Database\\Migrations\\Migrator.php(628): Illuminate\\Database\\Console\\Migrations\\MigrateCommand->Illuminate\\Database\\Console\\Migrations\\{closure}()
#18 C:\\xampp\\htdocs\\evolucion2024\\vendor\\laravel\\framework\\src\\Illuminate\\Database\\Console\\Migrations\\MigrateCommand.php(102): Illuminate\\Database\\Migrations\\Migrator->usingConnection(NULL, Object(Closure))
#19 C:\\xampp\\htdocs\\evolucion2024\\vendor\\laravel\\framework\\src\\Illuminate\\Container\\BoundMethod.php(36): Illuminate\\Database\\Console\\Migrations\\MigrateCommand->handle()
#20 C:\\xampp\\htdocs\\evolucion2024\\vendor\\laravel\\framework\\src\\Illuminate\\Container\\Util.php(41): Illuminate\\Container\\BoundMethod::Illuminate\\Container\\{closure}()
#21 C:\\xampp\\htdocs\\evolucion2024\\vendor\\laravel\\framework\\src\\Illuminate\\Container\\BoundMethod.php(93): Illuminate\\Container\\Util::unwrapIfClosure(Object(Closure))
#22 C:\\xampp\\htdocs\\evolucion2024\\vendor\\laravel\\framework\\src\\Illuminate\\Container\\BoundMethod.php(37): Illuminate\\Container\\BoundMethod::callBoundMethod(Object(Illuminate\\Foundation\\Application), Array, Object(Closure))
#23 C:\\xampp\\htdocs\\evolucion2024\\vendor\\laravel\\framework\\src\\Illuminate\\Container\\Container.php(661): Illuminate\\Container\\BoundMethod::call(Object(Illuminate\\Foundation\\Application), Array, Array, NULL)
#24 C:\\xampp\\htdocs\\evolucion2024\\vendor\\laravel\\framework\\src\\Illuminate\\Console\\Command.php(183): Illuminate\\Container\\Container->call(Array)
#25 C:\\xampp\\htdocs\\evolucion2024\\vendor\\symfony\\console\\Command\\Command.php(326): Illuminate\\Console\\Command->execute(Object(Symfony\\Component\\Console\\Input\\ArgvInput), Object(Illuminate\\Console\\OutputStyle))
#26 C:\\xampp\\htdocs\\evolucion2024\\vendor\\laravel\\framework\\src\\Illuminate\\Console\\Command.php(153): Symfony\\Component\\Console\\Command\\Command->run(Object(Symfony\\Component\\Console\\Input\\ArgvInput), Object(Illuminate\\Console\\OutputStyle))
#27 C:\\xampp\\htdocs\\evolucion2024\\vendor\\symfony\\console\\Application.php(1078): Illuminate\\Console\\Command->run(Object(Symfony\\Component\\Console\\Input\\ArgvInput), Object(Symfony\\Component\\Console\\Output\\ConsoleOutput))
#28 C:\\xampp\\htdocs\\evolucion2024\\vendor\\symfony\\console\\Application.php(324): Symfony\\Component\\Console\\Application->doRunCommand(Object(Illuminate\\Database\\Console\\Migrations\\MigrateCommand), Object(Symfony\\Component\\Console\\Input\\ArgvInput), Object(Symfony\\Component\\Console\\Output\\ConsoleOutput))
#29 C:\\xampp\\htdocs\\evolucion2024\\vendor\\symfony\\console\\Application.php(175): Symfony\\Component\\Console\\Application->doRun(Object(Symfony\\Component\\Console\\Input\\ArgvInput), Object(Symfony\\Component\\Console\\Output\\ConsoleOutput))
#30 C:\\xampp\\htdocs\\evolucion2024\\vendor\\laravel\\framework\\src\\Illuminate\\Console\\Application.php(102): Symfony\\Component\\Console\\Application->run(Object(Symfony\\Component\\Console\\Input\\ArgvInput), Object(Symfony\\Component\\Console\\Output\\ConsoleOutput))
#31 C:\\xampp\\htdocs\\evolucion2024\\vendor\\laravel\\framework\\src\\Illuminate\\Foundation\\Console\\Kernel.php(155): Illuminate\\Console\\Application->run(Object(Symfony\\Component\\Console\\Input\\ArgvInput), Object(Symfony\\Component\\Console\\Output\\ConsoleOutput))
#32 C:\\xampp\\htdocs\\evolucion2024\\artisan(37): Illuminate\\Foundation\\Console\\Kernel->handle(Object(Symfony\\Component\\Console\\Input\\ArgvInput), Object(Symfony\\Component\\Console\\Output\\ConsoleOutput))
#33 {main}

[previous exception] [object] (PDOException(code: 42S01): SQLSTATE[42S01]: Base table or view already exists: 1050 Table 'tokens' already exists at C:\\xampp\\htdocs\\evolucion2024\\vendor\\laravel\\framework\\src\\Illuminate\\Database\\Connection.php:545)
[stacktrace]
#0 C:\\xampp\\htdocs\\evolucion2024\\vendor\\laravel\\framework\\src\\Illuminate\\Database\\Connection.php(545): PDOStatement->execute()
#1 C:\\xampp\\htdocs\\evolucion2024\\vendor\\laravel\\framework\\src\\Illuminate\\Database\\Connection.php(753): Illuminate\\Database\\Connection->Illuminate\\Database\\{closure}('create table `t...', Array)
#2 C:\\xampp\\htdocs\\evolucion2024\\vendor\\laravel\\framework\\src\\Illuminate\\Database\\Connection.php(720): Illuminate\\Database\\Connection->runQueryCallback('create table `t...', Array, Object(Closure))
#3 C:\\xampp\\htdocs\\evolucion2024\\vendor\\laravel\\framework\\src\\Illuminate\\Database\\Connection.php(546): Illuminate\\Database\\Connection->run('create table `t...', Array, Object(Closure))
#4 C:\\xampp\\htdocs\\evolucion2024\\vendor\\laravel\\framework\\src\\Illuminate\\Database\\Schema\\Blueprint.php(109): Illuminate\\Database\\Connection->statement('create table `t...')
#5 C:\\xampp\\htdocs\\evolucion2024\\vendor\\laravel\\framework\\src\\Illuminate\\Database\\Schema\\Builder.php(439): Illuminate\\Database\\Schema\\Blueprint->build(Object(Illuminate\\Database\\MySqlConnection), Object(Illuminate\\Database\\Schema\\Grammars\\MySqlGrammar))
#6 C:\\xampp\\htdocs\\evolucion2024\\vendor\\laravel\\framework\\src\\Illuminate\\Database\\Schema\\Builder.php(285): Illuminate\\Database\\Schema\\Builder->build(Object(Illuminate\\Database\\Schema\\Blueprint))
#7 C:\\xampp\\htdocs\\evolucion2024\\vendor\\laravel\\framework\\src\\Illuminate\\Support\\Facades\\Facade.php(338): Illuminate\\Database\\Schema\\Builder->create('tokens', Object(Closure))
#8 C:\\xampp\\htdocs\\evolucion2024\\database\\migrations\\2024_09_25_212253_create_tokens_table.php(22): Illuminate\\Support\\Facades\\Facade::__callStatic('create', Array)
#9 C:\\xampp\\htdocs\\evolucion2024\\vendor\\laravel\\framework\\src\\Illuminate\\Database\\Migrations\\Migrator.php(488): Illuminate\\Database\\Migrations\\Migration@anonymous->up()
#10 C:\\xampp\\htdocs\\evolucion2024\\vendor\\laravel\\framework\\src\\Illuminate\\Database\\Migrations\\Migrator.php(406): Illuminate\\Database\\Migrations\\Migrator->runMethod(Object(Illuminate\\Database\\MySqlConnection), Object(Illuminate\\Database\\Migrations\\Migration@anonymous), 'up')
#11 C:\\xampp\\htdocs\\evolucion2024\\vendor\\laravel\\framework\\src\\Illuminate\\Database\\Migrations\\Migrator.php(415): Illuminate\\Database\\Migrations\\Migrator->Illuminate\\Database\\Migrations\\{closure}()
#12 C:\\xampp\\htdocs\\evolucion2024\\vendor\\laravel\\framework\\src\\Illuminate\\Database\\Migrations\\Migrator.php(216): Illuminate\\Database\\Migrations\\Migrator->runMigration(Object(Illuminate\\Database\\Migrations\\Migration@anonymous), 'up')
#13 C:\\xampp\\htdocs\\evolucion2024\\vendor\\laravel\\framework\\src\\Illuminate\\Console\\View\\Components\\Task.php(37): Illuminate\\Database\\Migrations\\Migrator->Illuminate\\Database\\Migrations\\{closure}()
#14 C:\\xampp\\htdocs\\evolucion2024\\vendor\\laravel\\framework\\src\\Illuminate\\Database\\Migrations\\Migrator.php(751): Illuminate\\Console\\View\\Components\\Task->render('2024_09_25_2122...', Object(Closure))
#15 C:\\xampp\\htdocs\\evolucion2024\\vendor\\laravel\\framework\\src\\Illuminate\\Database\\Migrations\\Migrator.php(216): Illuminate\\Database\\Migrations\\Migrator->write('Illuminate\\\\Cons...', '2024_09_25_2122...', Object(Closure))
#16 C:\\xampp\\htdocs\\evolucion2024\\vendor\\laravel\\framework\\src\\Illuminate\\Database\\Migrations\\Migrator.php(181): Illuminate\\Database\\Migrations\\Migrator->runUp('C:\\\\xampp\\\\htdocs...', 4, false)
#17 C:\\xampp\\htdocs\\evolucion2024\\vendor\\laravel\\framework\\src\\Illuminate\\Database\\Migrations\\Migrator.php(124): Illuminate\\Database\\Migrations\\Migrator->runPending(Array, Array)
#18 C:\\xampp\\htdocs\\evolucion2024\\vendor\\laravel\\framework\\src\\Illuminate\\Database\\Console\\Migrations\\MigrateCommand.php(90): Illuminate\\Database\\Migrations\\Migrator->run(Array, Array)
#19 C:\\xampp\\htdocs\\evolucion2024\\vendor\\laravel\\framework\\src\\Illuminate\\Database\\Migrations\\Migrator.php(628): Illuminate\\Database\\Console\\Migrations\\MigrateCommand->Illuminate\\Database\\Console\\Migrations\\{closure}()
#20 C:\\xampp\\htdocs\\evolucion2024\\vendor\\laravel\\framework\\src\\Illuminate\\Database\\Console\\Migrations\\MigrateCommand.php(102): Illuminate\\Database\\Migrations\\Migrator->usingConnection(NULL, Object(Closure))
#21 C:\\xampp\\htdocs\\evolucion2024\\vendor\\laravel\\framework\\src\\Illuminate\\Container\\BoundMethod.php(36): Illuminate\\Database\\Console\\Migrations\\MigrateCommand->handle()
#22 C:\\xampp\\htdocs\\evolucion2024\\vendor\\laravel\\framework\\src\\Illuminate\\Container\\Util.php(41): Illuminate\\Container\\BoundMethod::Illuminate\\Container\\{closure}()
#23 C:\\xampp\\htdocs\\evolucion2024\\vendor\\laravel\\framework\\src\\Illuminate\\Container\\BoundMethod.php(93): Illuminate\\Container\\Util::unwrapIfClosure(Object(Closure))
#24 C:\\xampp\\htdocs\\evolucion2024\\vendor\\laravel\\framework\\src\\Illuminate\\Container\\BoundMethod.php(37): Illuminate\\Container\\BoundMethod::callBoundMethod(Object(Illuminate\\Foundation\\Application), Array, Object(Closure))
#25 C:\\xampp\\htdocs\\evolucion2024\\vendor\\laravel\\framework\\src\\Illuminate\\Container\\Container.php(661): Illuminate\\Container\\BoundMethod::call(Object(Illuminate\\Foundation\\Application), Array, Array, NULL)
#26 C:\\xampp\\htdocs\\evolucion2024\\vendor\\laravel\\framework\\src\\Illuminate\\Console\\Command.php(183): Illuminate\\Container\\Container->call(Array)
#27 C:\\xampp\\htdocs\\evolucion2024\\vendor\\symfony\\console\\Command\\Command.php(326): Illuminate\\Console\\Command->execute(Object(Symfony\\Component\\Console\\Input\\ArgvInput), Object(Illuminate\\Console\\OutputStyle))
#28 C:\\xampp\\htdocs\\evolucion2024\\vendor\\laravel\\framework\\src\\Illuminate\\Console\\Command.php(153): Symfony\\Component\\Console\\Command\\Command->run(Object(Symfony\\Component\\Console\\Input\\ArgvInput), Object(Illuminate\\Console\\OutputStyle))
#29 C:\\xampp\\htdocs\\evolucion2024\\vendor\\symfony\\console\\Application.php(1078): Illuminate\\Console\\Command->run(Object(Symfony\\Component\\Console\\Input\\ArgvInput), Object(Symfony\\Component\\Console\\Output\\ConsoleOutput))
#30 C:\\xampp\\htdocs\\evolucion2024\\vendor\\symfony\\console\\Application.php(324): Symfony\\Component\\Console\\Application->doRunCommand(Object(Illuminate\\Database\\Console\\Migrations\\MigrateCommand), Object(Symfony\\Component\\Console\\Input\\ArgvInput), Object(Symfony\\Component\\Console\\Output\\ConsoleOutput))
#31 C:\\xampp\\htdocs\\evolucion2024\\vendor\\symfony\\console\\Application.php(175): Symfony\\Component\\Console\\Application->doRun(Object(Symfony\\Component\\Console\\Input\\ArgvInput), Object(Symfony\\Component\\Console\\Output\\ConsoleOutput))
#32 C:\\xampp\\htdocs\\evolucion2024\\vendor\\laravel\\framework\\src\\Illuminate\\Console\\Application.php(102): Symfony\\Component\\Console\\Application->run(Object(Symfony\\Component\\Console\\Input\\ArgvInput), Object(Symfony\\Component\\Console\\Output\\ConsoleOutput))
#33 C:\\xampp\\htdocs\\evolucion2024\\vendor\\laravel\\framework\\src\\Illuminate\\Foundation\\Console\\Kernel.php(155): Illuminate\\Console\\Application->run(Object(Symfony\\Component\\Console\\Input\\ArgvInput), Object(Symfony\\Component\\Console\\Output\\ConsoleOutput))
#34 C:\\xampp\\htdocs\\evolucion2024\\artisan(37): Illuminate\\Foundation\\Console\\Kernel->handle(Object(Symfony\\Component\\Console\\Input\\ArgvInput), Object(Symfony\\Component\\Console\\Output\\ConsoleOutput))
#35 {main}
"} 
[2025-01-31 19:16:46] production.ERROR: SQLSTATE[42S01]: Base table or view already exists: 1050 Table 'tokens' already exists (SQL: create table `tokens` (`id` bigint unsigned not null auto_increment primary key, `access_token` varchar(255) not null, `refresh_token` varchar(255) not null, `expires_at` timestamp not null, `created_at` timestamp null, `updated_at` timestamp null) default character set utf8 collate 'utf8_unicode_ci') {"exception":"[object] (Illuminate\\Database\\QueryException(code: 42S01): SQLSTATE[42S01]: Base table or view already exists: 1050 Table 'tokens' already exists (SQL: create table `tokens` (`id` bigint unsigned not null auto_increment primary key, `access_token` varchar(255) not null, `refresh_token` varchar(255) not null, `expires_at` timestamp not null, `created_at` timestamp null, `updated_at` timestamp null) default character set utf8 collate 'utf8_unicode_ci') at C:\\xampp\\htdocs\\evolucion2024\\vendor\\laravel\\framework\\src\\Illuminate\\Database\\Connection.php:760)
[stacktrace]
#0 C:\\xampp\\htdocs\\evolucion2024\\vendor\\laravel\\framework\\src\\Illuminate\\Database\\Connection.php(720): Illuminate\\Database\\Connection->runQueryCallback('create table `t...', Array, Object(Closure))
#1 C:\\xampp\\htdocs\\evolucion2024\\vendor\\laravel\\framework\\src\\Illuminate\\Database\\Connection.php(546): Illuminate\\Database\\Connection->run('create table `t...', Array, Object(Closure))
#2 C:\\xampp\\htdocs\\evolucion2024\\vendor\\laravel\\framework\\src\\Illuminate\\Database\\Schema\\Blueprint.php(109): Illuminate\\Database\\Connection->statement('create table `t...')
#3 C:\\xampp\\htdocs\\evolucion2024\\vendor\\laravel\\framework\\src\\Illuminate\\Database\\Schema\\Builder.php(439): Illuminate\\Database\\Schema\\Blueprint->build(Object(Illuminate\\Database\\MySqlConnection), Object(Illuminate\\Database\\Schema\\Grammars\\MySqlGrammar))
#4 C:\\xampp\\htdocs\\evolucion2024\\vendor\\laravel\\framework\\src\\Illuminate\\Database\\Schema\\Builder.php(285): Illuminate\\Database\\Schema\\Builder->build(Object(Illuminate\\Database\\Schema\\Blueprint))
#5 C:\\xampp\\htdocs\\evolucion2024\\vendor\\laravel\\framework\\src\\Illuminate\\Support\\Facades\\Facade.php(338): Illuminate\\Database\\Schema\\Builder->create('tokens', Object(Closure))
#6 C:\\xampp\\htdocs\\evolucion2024\\database\\migrations\\2024_09_25_212253_create_tokens_table.php(22): Illuminate\\Support\\Facades\\Facade::__callStatic('create', Array)
#7 C:\\xampp\\htdocs\\evolucion2024\\vendor\\laravel\\framework\\src\\Illuminate\\Database\\Migrations\\Migrator.php(488): Illuminate\\Database\\Migrations\\Migration@anonymous->up()
#8 C:\\xampp\\htdocs\\evolucion2024\\vendor\\laravel\\framework\\src\\Illuminate\\Database\\Migrations\\Migrator.php(406): Illuminate\\Database\\Migrations\\Migrator->runMethod(Object(Illuminate\\Database\\MySqlConnection), Object(Illuminate\\Database\\Migrations\\Migration@anonymous), 'up')
#9 C:\\xampp\\htdocs\\evolucion2024\\vendor\\laravel\\framework\\src\\Illuminate\\Database\\Migrations\\Migrator.php(415): Illuminate\\Database\\Migrations\\Migrator->Illuminate\\Database\\Migrations\\{closure}()
#10 C:\\xampp\\htdocs\\evolucion2024\\vendor\\laravel\\framework\\src\\Illuminate\\Database\\Migrations\\Migrator.php(216): Illuminate\\Database\\Migrations\\Migrator->runMigration(Object(Illuminate\\Database\\Migrations\\Migration@anonymous), 'up')
#11 C:\\xampp\\htdocs\\evolucion2024\\vendor\\laravel\\framework\\src\\Illuminate\\Console\\View\\Components\\Task.php(37): Illuminate\\Database\\Migrations\\Migrator->Illuminate\\Database\\Migrations\\{closure}()
#12 C:\\xampp\\htdocs\\evolucion2024\\vendor\\laravel\\framework\\src\\Illuminate\\Database\\Migrations\\Migrator.php(751): Illuminate\\Console\\View\\Components\\Task->render('2024_09_25_2122...', Object(Closure))
#13 C:\\xampp\\htdocs\\evolucion2024\\vendor\\laravel\\framework\\src\\Illuminate\\Database\\Migrations\\Migrator.php(216): Illuminate\\Database\\Migrations\\Migrator->write('Illuminate\\\\Cons...', '2024_09_25_2122...', Object(Closure))
#14 C:\\xampp\\htdocs\\evolucion2024\\vendor\\laravel\\framework\\src\\Illuminate\\Database\\Migrations\\Migrator.php(181): Illuminate\\Database\\Migrations\\Migrator->runUp('C:\\\\xampp\\\\htdocs...', 3, false)
#15 C:\\xampp\\htdocs\\evolucion2024\\vendor\\laravel\\framework\\src\\Illuminate\\Database\\Migrations\\Migrator.php(124): Illuminate\\Database\\Migrations\\Migrator->runPending(Array, Array)
#16 C:\\xampp\\htdocs\\evolucion2024\\vendor\\laravel\\framework\\src\\Illuminate\\Database\\Console\\Migrations\\MigrateCommand.php(90): Illuminate\\Database\\Migrations\\Migrator->run(Array, Array)
#17 C:\\xampp\\htdocs\\evolucion2024\\vendor\\laravel\\framework\\src\\Illuminate\\Database\\Migrations\\Migrator.php(628): Illuminate\\Database\\Console\\Migrations\\MigrateCommand->Illuminate\\Database\\Console\\Migrations\\{closure}()
#18 C:\\xampp\\htdocs\\evolucion2024\\vendor\\laravel\\framework\\src\\Illuminate\\Database\\Console\\Migrations\\MigrateCommand.php(102): Illuminate\\Database\\Migrations\\Migrator->usingConnection(NULL, Object(Closure))
#19 C:\\xampp\\htdocs\\evolucion2024\\vendor\\laravel\\framework\\src\\Illuminate\\Container\\BoundMethod.php(36): Illuminate\\Database\\Console\\Migrations\\MigrateCommand->handle()
#20 C:\\xampp\\htdocs\\evolucion2024\\vendor\\laravel\\framework\\src\\Illuminate\\Container\\Util.php(41): Illuminate\\Container\\BoundMethod::Illuminate\\Container\\{closure}()
#21 C:\\xampp\\htdocs\\evolucion2024\\vendor\\laravel\\framework\\src\\Illuminate\\Container\\BoundMethod.php(93): Illuminate\\Container\\Util::unwrapIfClosure(Object(Closure))
#22 C:\\xampp\\htdocs\\evolucion2024\\vendor\\laravel\\framework\\src\\Illuminate\\Container\\BoundMethod.php(37): Illuminate\\Container\\BoundMethod::callBoundMethod(Object(Illuminate\\Foundation\\Application), Array, Object(Closure))
#23 C:\\xampp\\htdocs\\evolucion2024\\vendor\\laravel\\framework\\src\\Illuminate\\Container\\Container.php(661): Illuminate\\Container\\BoundMethod::call(Object(Illuminate\\Foundation\\Application), Array, Array, NULL)
#24 C:\\xampp\\htdocs\\evolucion2024\\vendor\\laravel\\framework\\src\\Illuminate\\Console\\Command.php(183): Illuminate\\Container\\Container->call(Array)
#25 C:\\xampp\\htdocs\\evolucion2024\\vendor\\symfony\\console\\Command\\Command.php(326): Illuminate\\Console\\Command->execute(Object(Symfony\\Component\\Console\\Input\\ArgvInput), Object(Illuminate\\Console\\OutputStyle))
#26 C:\\xampp\\htdocs\\evolucion2024\\vendor\\laravel\\framework\\src\\Illuminate\\Console\\Command.php(153): Symfony\\Component\\Console\\Command\\Command->run(Object(Symfony\\Component\\Console\\Input\\ArgvInput), Object(Illuminate\\Console\\OutputStyle))
#27 C:\\xampp\\htdocs\\evolucion2024\\vendor\\symfony\\console\\Application.php(1078): Illuminate\\Console\\Command->run(Object(Symfony\\Component\\Console\\Input\\ArgvInput), Object(Symfony\\Component\\Console\\Output\\ConsoleOutput))
#28 C:\\xampp\\htdocs\\evolucion2024\\vendor\\symfony\\console\\Application.php(324): Symfony\\Component\\Console\\Application->doRunCommand(Object(Illuminate\\Database\\Console\\Migrations\\MigrateCommand), Object(Symfony\\Component\\Console\\Input\\ArgvInput), Object(Symfony\\Component\\Console\\Output\\ConsoleOutput))
#29 C:\\xampp\\htdocs\\evolucion2024\\vendor\\symfony\\console\\Application.php(175): Symfony\\Component\\Console\\Application->doRun(Object(Symfony\\Component\\Console\\Input\\ArgvInput), Object(Symfony\\Component\\Console\\Output\\ConsoleOutput))
#30 C:\\xampp\\htdocs\\evolucion2024\\vendor\\laravel\\framework\\src\\Illuminate\\Console\\Application.php(102): Symfony\\Component\\Console\\Application->run(Object(Symfony\\Component\\Console\\Input\\ArgvInput), Object(Symfony\\Component\\Console\\Output\\ConsoleOutput))
#31 C:\\xampp\\htdocs\\evolucion2024\\vendor\\laravel\\framework\\src\\Illuminate\\Foundation\\Console\\Kernel.php(155): Illuminate\\Console\\Application->run(Object(Symfony\\Component\\Console\\Input\\ArgvInput), Object(Symfony\\Component\\Console\\Output\\ConsoleOutput))
#32 C:\\xampp\\htdocs\\evolucion2024\\artisan(37): Illuminate\\Foundation\\Console\\Kernel->handle(Object(Symfony\\Component\\Console\\Input\\ArgvInput), Object(Symfony\\Component\\Console\\Output\\ConsoleOutput))
#33 {main}

[previous exception] [object] (PDOException(code: 42S01): SQLSTATE[42S01]: Base table or view already exists: 1050 Table 'tokens' already exists at C:\\xampp\\htdocs\\evolucion2024\\vendor\\laravel\\framework\\src\\Illuminate\\Database\\Connection.php:545)
[stacktrace]
#0 C:\\xampp\\htdocs\\evolucion2024\\vendor\\laravel\\framework\\src\\Illuminate\\Database\\Connection.php(545): PDOStatement->execute()
#1 C:\\xampp\\htdocs\\evolucion2024\\vendor\\laravel\\framework\\src\\Illuminate\\Database\\Connection.php(753): Illuminate\\Database\\Connection->Illuminate\\Database\\{closure}('create table `t...', Array)
#2 C:\\xampp\\htdocs\\evolucion2024\\vendor\\laravel\\framework\\src\\Illuminate\\Database\\Connection.php(720): Illuminate\\Database\\Connection->runQueryCallback('create table `t...', Array, Object(Closure))
#3 C:\\xampp\\htdocs\\evolucion2024\\vendor\\laravel\\framework\\src\\Illuminate\\Database\\Connection.php(546): Illuminate\\Database\\Connection->run('create table `t...', Array, Object(Closure))
#4 C:\\xampp\\htdocs\\evolucion2024\\vendor\\laravel\\framework\\src\\Illuminate\\Database\\Schema\\Blueprint.php(109): Illuminate\\Database\\Connection->statement('create table `t...')
#5 C:\\xampp\\htdocs\\evolucion2024\\vendor\\laravel\\framework\\src\\Illuminate\\Database\\Schema\\Builder.php(439): Illuminate\\Database\\Schema\\Blueprint->build(Object(Illuminate\\Database\\MySqlConnection), Object(Illuminate\\Database\\Schema\\Grammars\\MySqlGrammar))
#6 C:\\xampp\\htdocs\\evolucion2024\\vendor\\laravel\\framework\\src\\Illuminate\\Database\\Schema\\Builder.php(285): Illuminate\\Database\\Schema\\Builder->build(Object(Illuminate\\Database\\Schema\\Blueprint))
#7 C:\\xampp\\htdocs\\evolucion2024\\vendor\\laravel\\framework\\src\\Illuminate\\Support\\Facades\\Facade.php(338): Illuminate\\Database\\Schema\\Builder->create('tokens', Object(Closure))
#8 C:\\xampp\\htdocs\\evolucion2024\\database\\migrations\\2024_09_25_212253_create_tokens_table.php(22): Illuminate\\Support\\Facades\\Facade::__callStatic('create', Array)
#9 C:\\xampp\\htdocs\\evolucion2024\\vendor\\laravel\\framework\\src\\Illuminate\\Database\\Migrations\\Migrator.php(488): Illuminate\\Database\\Migrations\\Migration@anonymous->up()
#10 C:\\xampp\\htdocs\\evolucion2024\\vendor\\laravel\\framework\\src\\Illuminate\\Database\\Migrations\\Migrator.php(406): Illuminate\\Database\\Migrations\\Migrator->runMethod(Object(Illuminate\\Database\\MySqlConnection), Object(Illuminate\\Database\\Migrations\\Migration@anonymous), 'up')
#11 C:\\xampp\\htdocs\\evolucion2024\\vendor\\laravel\\framework\\src\\Illuminate\\Database\\Migrations\\Migrator.php(415): Illuminate\\Database\\Migrations\\Migrator->Illuminate\\Database\\Migrations\\{closure}()
#12 C:\\xampp\\htdocs\\evolucion2024\\vendor\\laravel\\framework\\src\\Illuminate\\Database\\Migrations\\Migrator.php(216): Illuminate\\Database\\Migrations\\Migrator->runMigration(Object(Illuminate\\Database\\Migrations\\Migration@anonymous), 'up')
#13 C:\\xampp\\htdocs\\evolucion2024\\vendor\\laravel\\framework\\src\\Illuminate\\Console\\View\\Components\\Task.php(37): Illuminate\\Database\\Migrations\\Migrator->Illuminate\\Database\\Migrations\\{closure}()
#14 C:\\xampp\\htdocs\\evolucion2024\\vendor\\laravel\\framework\\src\\Illuminate\\Database\\Migrations\\Migrator.php(751): Illuminate\\Console\\View\\Components\\Task->render('2024_09_25_2122...', Object(Closure))
#15 C:\\xampp\\htdocs\\evolucion2024\\vendor\\laravel\\framework\\src\\Illuminate\\Database\\Migrations\\Migrator.php(216): Illuminate\\Database\\Migrations\\Migrator->write('Illuminate\\\\Cons...', '2024_09_25_2122...', Object(Closure))
#16 C:\\xampp\\htdocs\\evolucion2024\\vendor\\laravel\\framework\\src\\Illuminate\\Database\\Migrations\\Migrator.php(181): Illuminate\\Database\\Migrations\\Migrator->runUp('C:\\\\xampp\\\\htdocs...', 3, false)
#17 C:\\xampp\\htdocs\\evolucion2024\\vendor\\laravel\\framework\\src\\Illuminate\\Database\\Migrations\\Migrator.php(124): Illuminate\\Database\\Migrations\\Migrator->runPending(Array, Array)
#18 C:\\xampp\\htdocs\\evolucion2024\\vendor\\laravel\\framework\\src\\Illuminate\\Database\\Console\\Migrations\\MigrateCommand.php(90): Illuminate\\Database\\Migrations\\Migrator->run(Array, Array)
#19 C:\\xampp\\htdocs\\evolucion2024\\vendor\\laravel\\framework\\src\\Illuminate\\Database\\Migrations\\Migrator.php(628): Illuminate\\Database\\Console\\Migrations\\MigrateCommand->Illuminate\\Database\\Console\\Migrations\\{closure}()
#20 C:\\xampp\\htdocs\\evolucion2024\\vendor\\laravel\\framework\\src\\Illuminate\\Database\\Console\\Migrations\\MigrateCommand.php(102): Illuminate\\Database\\Migrations\\Migrator->usingConnection(NULL, Object(Closure))
#21 C:\\xampp\\htdocs\\evolucion2024\\vendor\\laravel\\framework\\src\\Illuminate\\Container\\BoundMethod.php(36): Illuminate\\Database\\Console\\Migrations\\MigrateCommand->handle()
#22 C:\\xampp\\htdocs\\evolucion2024\\vendor\\laravel\\framework\\src\\Illuminate\\Container\\Util.php(41): Illuminate\\Container\\BoundMethod::Illuminate\\Container\\{closure}()
#23 C:\\xampp\\htdocs\\evolucion2024\\vendor\\laravel\\framework\\src\\Illuminate\\Container\\BoundMethod.php(93): Illuminate\\Container\\Util::unwrapIfClosure(Object(Closure))
#24 C:\\xampp\\htdocs\\evolucion2024\\vendor\\laravel\\framework\\src\\Illuminate\\Container\\BoundMethod.php(37): Illuminate\\Container\\BoundMethod::callBoundMethod(Object(Illuminate\\Foundation\\Application), Array, Object(Closure))
#25 C:\\xampp\\htdocs\\evolucion2024\\vendor\\laravel\\framework\\src\\Illuminate\\Container\\Container.php(661): Illuminate\\Container\\BoundMethod::call(Object(Illuminate\\Foundation\\Application), Array, Array, NULL)
#26 C:\\xampp\\htdocs\\evolucion2024\\vendor\\laravel\\framework\\src\\Illuminate\\Console\\Command.php(183): Illuminate\\Container\\Container->call(Array)
#27 C:\\xampp\\htdocs\\evolucion2024\\vendor\\symfony\\console\\Command\\Command.php(326): Illuminate\\Console\\Command->execute(Object(Symfony\\Component\\Console\\Input\\ArgvInput), Object(Illuminate\\Console\\OutputStyle))
#28 C:\\xampp\\htdocs\\evolucion2024\\vendor\\laravel\\framework\\src\\Illuminate\\Console\\Command.php(153): Symfony\\Component\\Console\\Command\\Command->run(Object(Symfony\\Component\\Console\\Input\\ArgvInput), Object(Illuminate\\Console\\OutputStyle))
#29 C:\\xampp\\htdocs\\evolucion2024\\vendor\\symfony\\console\\Application.php(1078): Illuminate\\Console\\Command->run(Object(Symfony\\Component\\Console\\Input\\ArgvInput), Object(Symfony\\Component\\Console\\Output\\ConsoleOutput))
#30 C:\\xampp\\htdocs\\evolucion2024\\vendor\\symfony\\console\\Application.php(324): Symfony\\Component\\Console\\Application->doRunCommand(Object(Illuminate\\Database\\Console\\Migrations\\MigrateCommand), Object(Symfony\\Component\\Console\\Input\\ArgvInput), Object(Symfony\\Component\\Console\\Output\\ConsoleOutput))
#31 C:\\xampp\\htdocs\\evolucion2024\\vendor\\symfony\\console\\Application.php(175): Symfony\\Component\\Console\\Application->doRun(Object(Symfony\\Component\\Console\\Input\\ArgvInput), Object(Symfony\\Component\\Console\\Output\\ConsoleOutput))
#32 C:\\xampp\\htdocs\\evolucion2024\\vendor\\laravel\\framework\\src\\Illuminate\\Console\\Application.php(102): Symfony\\Component\\Console\\Application->run(Object(Symfony\\Component\\Console\\Input\\ArgvInput), Object(Symfony\\Component\\Console\\Output\\ConsoleOutput))
#33 C:\\xampp\\htdocs\\evolucion2024\\vendor\\laravel\\framework\\src\\Illuminate\\Foundation\\Console\\Kernel.php(155): Illuminate\\Console\\Application->run(Object(Symfony\\Component\\Console\\Input\\ArgvInput), Object(Symfony\\Component\\Console\\Output\\ConsoleOutput))
#34 C:\\xampp\\htdocs\\evolucion2024\\artisan(37): Illuminate\\Foundation\\Console\\Kernel->handle(Object(Symfony\\Component\\Console\\Input\\ArgvInput), Object(Symfony\\Component\\Console\\Output\\ConsoleOutput))
#35 {main}
"} 
[2025-01-31 19:19:10] production.ERROR: SQLSTATE[HY000] [1049] Unknown database 'dbglear' (SQL: select * from information_schema.tables where table_schema = dbglear and table_name = migrations and table_type = 'BASE TABLE') {"exception":"[object] (Illuminate\\Database\\QueryException(code: 1049): SQLSTATE[HY000] [1049] Unknown database 'dbglear' (SQL: select * from information_schema.tables where table_schema = dbglear and table_name = migrations and table_type = 'BASE TABLE') at C:\\xampp\\htdocs\\evolucion2024\\vendor\\laravel\\framework\\src\\Illuminate\\Database\\Connection.php:760)
[stacktrace]
#0 C:\\xampp\\htdocs\\evolucion2024\\vendor\\laravel\\framework\\src\\Illuminate\\Database\\Connection.php(720): Illuminate\\Database\\Connection->runQueryCallback('select * from i...', Array, Object(Closure))
#1 C:\\xampp\\htdocs\\evolucion2024\\vendor\\laravel\\framework\\src\\Illuminate\\Database\\Connection.php(422): Illuminate\\Database\\Connection->run('select * from i...', Array, Object(Closure))
#2 C:\\xampp\\htdocs\\evolucion2024\\vendor\\laravel\\framework\\src\\Illuminate\\Database\\Connection.php(392): Illuminate\\Database\\Connection->select('select * from i...', Array, false)
#3 C:\\xampp\\htdocs\\evolucion2024\\vendor\\laravel\\framework\\src\\Illuminate\\Database\\Schema\\MySqlBuilder.php(44): Illuminate\\Database\\Connection->selectFromWriteConnection('select * from i...', Array)
#4 C:\\xampp\\htdocs\\evolucion2024\\vendor\\laravel\\framework\\src\\Illuminate\\Database\\Migrations\\DatabaseMigrationRepository.php(169): Illuminate\\Database\\Schema\\MySqlBuilder->hasTable('migrations')
#5 C:\\xampp\\htdocs\\evolucion2024\\vendor\\laravel\\framework\\src\\Illuminate\\Database\\Migrations\\Migrator.php(695): Illuminate\\Database\\Migrations\\DatabaseMigrationRepository->repositoryExists()
#6 C:\\xampp\\htdocs\\evolucion2024\\vendor\\laravel\\framework\\src\\Illuminate\\Database\\Console\\Migrations\\MigrateCommand.php(138): Illuminate\\Database\\Migrations\\Migrator->repositoryExists()
#7 C:\\xampp\\htdocs\\evolucion2024\\vendor\\laravel\\framework\\src\\Illuminate\\Support\\helpers.php(247): Illuminate\\Database\\Console\\Migrations\\MigrateCommand->Illuminate\\Database\\Console\\Migrations\\{closure}(1)
#8 C:\\xampp\\htdocs\\evolucion2024\\vendor\\laravel\\framework\\src\\Illuminate\\Database\\Console\\Migrations\\MigrateCommand.php(157): retry(1, Object(Closure), 0, Object(Closure))
#9 C:\\xampp\\htdocs\\evolucion2024\\vendor\\laravel\\framework\\src\\Illuminate\\Database\\Console\\Migrations\\MigrateCommand.php(114): Illuminate\\Database\\Console\\Migrations\\MigrateCommand->repositoryExists()
#10 C:\\xampp\\htdocs\\evolucion2024\\vendor\\laravel\\framework\\src\\Illuminate\\Database\\Console\\Migrations\\MigrateCommand.php(82): Illuminate\\Database\\Console\\Migrations\\MigrateCommand->prepareDatabase()
#11 C:\\xampp\\htdocs\\evolucion2024\\vendor\\laravel\\framework\\src\\Illuminate\\Database\\Migrations\\Migrator.php(628): Illuminate\\Database\\Console\\Migrations\\MigrateCommand->Illuminate\\Database\\Console\\Migrations\\{closure}()
#12 C:\\xampp\\htdocs\\evolucion2024\\vendor\\laravel\\framework\\src\\Illuminate\\Database\\Console\\Migrations\\MigrateCommand.php(102): Illuminate\\Database\\Migrations\\Migrator->usingConnection(NULL, Object(Closure))
#13 C:\\xampp\\htdocs\\evolucion2024\\vendor\\laravel\\framework\\src\\Illuminate\\Container\\BoundMethod.php(36): Illuminate\\Database\\Console\\Migrations\\MigrateCommand->handle()
#14 C:\\xampp\\htdocs\\evolucion2024\\vendor\\laravel\\framework\\src\\Illuminate\\Container\\Util.php(41): Illuminate\\Container\\BoundMethod::Illuminate\\Container\\{closure}()
#15 C:\\xampp\\htdocs\\evolucion2024\\vendor\\laravel\\framework\\src\\Illuminate\\Container\\BoundMethod.php(93): Illuminate\\Container\\Util::unwrapIfClosure(Object(Closure))
#16 C:\\xampp\\htdocs\\evolucion2024\\vendor\\laravel\\framework\\src\\Illuminate\\Container\\BoundMethod.php(37): Illuminate\\Container\\BoundMethod::callBoundMethod(Object(Illuminate\\Foundation\\Application), Array, Object(Closure))
#17 C:\\xampp\\htdocs\\evolucion2024\\vendor\\laravel\\framework\\src\\Illuminate\\Container\\Container.php(661): Illuminate\\Container\\BoundMethod::call(Object(Illuminate\\Foundation\\Application), Array, Array, NULL)
#18 C:\\xampp\\htdocs\\evolucion2024\\vendor\\laravel\\framework\\src\\Illuminate\\Console\\Command.php(183): Illuminate\\Container\\Container->call(Array)
#19 C:\\xampp\\htdocs\\evolucion2024\\vendor\\symfony\\console\\Command\\Command.php(326): Illuminate\\Console\\Command->execute(Object(Symfony\\Component\\Console\\Input\\ArgvInput), Object(Illuminate\\Console\\OutputStyle))
#20 C:\\xampp\\htdocs\\evolucion2024\\vendor\\laravel\\framework\\src\\Illuminate\\Console\\Command.php(153): Symfony\\Component\\Console\\Command\\Command->run(Object(Symfony\\Component\\Console\\Input\\ArgvInput), Object(Illuminate\\Console\\OutputStyle))
#21 C:\\xampp\\htdocs\\evolucion2024\\vendor\\symfony\\console\\Application.php(1078): Illuminate\\Console\\Command->run(Object(Symfony\\Component\\Console\\Input\\ArgvInput), Object(Symfony\\Component\\Console\\Output\\ConsoleOutput))
#22 C:\\xampp\\htdocs\\evolucion2024\\vendor\\symfony\\console\\Application.php(324): Symfony\\Component\\Console\\Application->doRunCommand(Object(Illuminate\\Database\\Console\\Migrations\\MigrateCommand), Object(Symfony\\Component\\Console\\Input\\ArgvInput), Object(Symfony\\Component\\Console\\Output\\ConsoleOutput))
#23 C:\\xampp\\htdocs\\evolucion2024\\vendor\\symfony\\console\\Application.php(175): Symfony\\Component\\Console\\Application->doRun(Object(Symfony\\Component\\Console\\Input\\ArgvInput), Object(Symfony\\Component\\Console\\Output\\ConsoleOutput))
#24 C:\\xampp\\htdocs\\evolucion2024\\vendor\\laravel\\framework\\src\\Illuminate\\Console\\Application.php(102): Symfony\\Component\\Console\\Application->run(Object(Symfony\\Component\\Console\\Input\\ArgvInput), Object(Symfony\\Component\\Console\\Output\\ConsoleOutput))
#25 C:\\xampp\\htdocs\\evolucion2024\\vendor\\laravel\\framework\\src\\Illuminate\\Foundation\\Console\\Kernel.php(155): Illuminate\\Console\\Application->run(Object(Symfony\\Component\\Console\\Input\\ArgvInput), Object(Symfony\\Component\\Console\\Output\\ConsoleOutput))
#26 C:\\xampp\\htdocs\\evolucion2024\\artisan(37): Illuminate\\Foundation\\Console\\Kernel->handle(Object(Symfony\\Component\\Console\\Input\\ArgvInput), Object(Symfony\\Component\\Console\\Output\\ConsoleOutput))
#27 {main}

[previous exception] [object] (PDOException(code: 1049): SQLSTATE[HY000] [1049] Unknown database 'dbglear' at C:\\xampp\\htdocs\\evolucion2024\\vendor\\laravel\\framework\\src\\Illuminate\\Database\\Connectors\\Connector.php:70)
[stacktrace]
#0 C:\\xampp\\htdocs\\evolucion2024\\vendor\\laravel\\framework\\src\\Illuminate\\Database\\Connectors\\Connector.php(70): PDO->__construct('mysql:host=127....', 'root', '', Array)
#1 C:\\xampp\\htdocs\\evolucion2024\\vendor\\laravel\\framework\\src\\Illuminate\\Database\\Connectors\\Connector.php(46): Illuminate\\Database\\Connectors\\Connector->createPdoConnection('mysql:host=127....', 'root', '', Array)
#2 C:\\xampp\\htdocs\\evolucion2024\\vendor\\laravel\\framework\\src\\Illuminate\\Database\\Connectors\\MySqlConnector.php(24): Illuminate\\Database\\Connectors\\Connector->createConnection('mysql:host=127....', Array, Array)
#3 C:\\xampp\\htdocs\\evolucion2024\\vendor\\laravel\\framework\\src\\Illuminate\\Database\\Connectors\\ConnectionFactory.php(184): Illuminate\\Database\\Connectors\\MySqlConnector->connect(Array)
#4 [internal function]: Illuminate\\Database\\Connectors\\ConnectionFactory->Illuminate\\Database\\Connectors\\{closure}()
#5 C:\\xampp\\htdocs\\evolucion2024\\vendor\\laravel\\framework\\src\\Illuminate\\Database\\Connection.php(1181): call_user_func(Object(Closure))
#6 C:\\xampp\\htdocs\\evolucion2024\\vendor\\laravel\\framework\\src\\Illuminate\\Database\\Connection.php(486): Illuminate\\Database\\Connection->getPdo()
#7 C:\\xampp\\htdocs\\evolucion2024\\vendor\\laravel\\framework\\src\\Illuminate\\Database\\Connection.php(414): Illuminate\\Database\\Connection->getPdoForSelect(false)
#8 C:\\xampp\\htdocs\\evolucion2024\\vendor\\laravel\\framework\\src\\Illuminate\\Database\\Connection.php(753): Illuminate\\Database\\Connection->Illuminate\\Database\\{closure}('select * from i...', Array)
#9 C:\\xampp\\htdocs\\evolucion2024\\vendor\\laravel\\framework\\src\\Illuminate\\Database\\Connection.php(720): Illuminate\\Database\\Connection->runQueryCallback('select * from i...', Array, Object(Closure))
#10 C:\\xampp\\htdocs\\evolucion2024\\vendor\\laravel\\framework\\src\\Illuminate\\Database\\Connection.php(422): Illuminate\\Database\\Connection->run('select * from i...', Array, Object(Closure))
#11 C:\\xampp\\htdocs\\evolucion2024\\vendor\\laravel\\framework\\src\\Illuminate\\Database\\Connection.php(392): Illuminate\\Database\\Connection->select('select * from i...', Array, false)
#12 C:\\xampp\\htdocs\\evolucion2024\\vendor\\laravel\\framework\\src\\Illuminate\\Database\\Schema\\MySqlBuilder.php(44): Illuminate\\Database\\Connection->selectFromWriteConnection('select * from i...', Array)
#13 C:\\xampp\\htdocs\\evolucion2024\\vendor\\laravel\\framework\\src\\Illuminate\\Database\\Migrations\\DatabaseMigrationRepository.php(169): Illuminate\\Database\\Schema\\MySqlBuilder->hasTable('migrations')
#14 C:\\xampp\\htdocs\\evolucion2024\\vendor\\laravel\\framework\\src\\Illuminate\\Database\\Migrations\\Migrator.php(695): Illuminate\\Database\\Migrations\\DatabaseMigrationRepository->repositoryExists()
#15 C:\\xampp\\htdocs\\evolucion2024\\vendor\\laravel\\framework\\src\\Illuminate\\Database\\Console\\Migrations\\MigrateCommand.php(138): Illuminate\\Database\\Migrations\\Migrator->repositoryExists()
#16 C:\\xampp\\htdocs\\evolucion2024\\vendor\\laravel\\framework\\src\\Illuminate\\Support\\helpers.php(247): Illuminate\\Database\\Console\\Migrations\\MigrateCommand->Illuminate\\Database\\Console\\Migrations\\{closure}(1)
#17 C:\\xampp\\htdocs\\evolucion2024\\vendor\\laravel\\framework\\src\\Illuminate\\Database\\Console\\Migrations\\MigrateCommand.php(157): retry(1, Object(Closure), 0, Object(Closure))
#18 C:\\xampp\\htdocs\\evolucion2024\\vendor\\laravel\\framework\\src\\Illuminate\\Database\\Console\\Migrations\\MigrateCommand.php(114): Illuminate\\Database\\Console\\Migrations\\MigrateCommand->repositoryExists()
#19 C:\\xampp\\htdocs\\evolucion2024\\vendor\\laravel\\framework\\src\\Illuminate\\Database\\Console\\Migrations\\MigrateCommand.php(82): Illuminate\\Database\\Console\\Migrations\\MigrateCommand->prepareDatabase()
#20 C:\\xampp\\htdocs\\evolucion2024\\vendor\\laravel\\framework\\src\\Illuminate\\Database\\Migrations\\Migrator.php(628): Illuminate\\Database\\Console\\Migrations\\MigrateCommand->Illuminate\\Database\\Console\\Migrations\\{closure}()
#21 C:\\xampp\\htdocs\\evolucion2024\\vendor\\laravel\\framework\\src\\Illuminate\\Database\\Console\\Migrations\\MigrateCommand.php(102): Illuminate\\Database\\Migrations\\Migrator->usingConnection(NULL, Object(Closure))
#22 C:\\xampp\\htdocs\\evolucion2024\\vendor\\laravel\\framework\\src\\Illuminate\\Container\\BoundMethod.php(36): Illuminate\\Database\\Console\\Migrations\\MigrateCommand->handle()
#23 C:\\xampp\\htdocs\\evolucion2024\\vendor\\laravel\\framework\\src\\Illuminate\\Container\\Util.php(41): Illuminate\\Container\\BoundMethod::Illuminate\\Container\\{closure}()
#24 C:\\xampp\\htdocs\\evolucion2024\\vendor\\laravel\\framework\\src\\Illuminate\\Container\\BoundMethod.php(93): Illuminate\\Container\\Util::unwrapIfClosure(Object(Closure))
#25 C:\\xampp\\htdocs\\evolucion2024\\vendor\\laravel\\framework\\src\\Illuminate\\Container\\BoundMethod.php(37): Illuminate\\Container\\BoundMethod::callBoundMethod(Object(Illuminate\\Foundation\\Application), Array, Object(Closure))
#26 C:\\xampp\\htdocs\\evolucion2024\\vendor\\laravel\\framework\\src\\Illuminate\\Container\\Container.php(661): Illuminate\\Container\\BoundMethod::call(Object(Illuminate\\Foundation\\Application), Array, Array, NULL)
#27 C:\\xampp\\htdocs\\evolucion2024\\vendor\\laravel\\framework\\src\\Illuminate\\Console\\Command.php(183): Illuminate\\Container\\Container->call(Array)
#28 C:\\xampp\\htdocs\\evolucion2024\\vendor\\symfony\\console\\Command\\Command.php(326): Illuminate\\Console\\Command->execute(Object(Symfony\\Component\\Console\\Input\\ArgvInput), Object(Illuminate\\Console\\OutputStyle))
#29 C:\\xampp\\htdocs\\evolucion2024\\vendor\\laravel\\framework\\src\\Illuminate\\Console\\Command.php(153): Symfony\\Component\\Console\\Command\\Command->run(Object(Symfony\\Component\\Console\\Input\\ArgvInput), Object(Illuminate\\Console\\OutputStyle))
#30 C:\\xampp\\htdocs\\evolucion2024\\vendor\\symfony\\console\\Application.php(1078): Illuminate\\Console\\Command->run(Object(Symfony\\Component\\Console\\Input\\ArgvInput), Object(Symfony\\Component\\Console\\Output\\ConsoleOutput))
#31 C:\\xampp\\htdocs\\evolucion2024\\vendor\\symfony\\console\\Application.php(324): Symfony\\Component\\Console\\Application->doRunCommand(Object(Illuminate\\Database\\Console\\Migrations\\MigrateCommand), Object(Symfony\\Component\\Console\\Input\\ArgvInput), Object(Symfony\\Component\\Console\\Output\\ConsoleOutput))
#32 C:\\xampp\\htdocs\\evolucion2024\\vendor\\symfony\\console\\Application.php(175): Symfony\\Component\\Console\\Application->doRun(Object(Symfony\\Component\\Console\\Input\\ArgvInput), Object(Symfony\\Component\\Console\\Output\\ConsoleOutput))
#33 C:\\xampp\\htdocs\\evolucion2024\\vendor\\laravel\\framework\\src\\Illuminate\\Console\\Application.php(102): Symfony\\Component\\Console\\Application->run(Object(Symfony\\Component\\Console\\Input\\ArgvInput), Object(Symfony\\Component\\Console\\Output\\ConsoleOutput))
#34 C:\\xampp\\htdocs\\evolucion2024\\vendor\\laravel\\framework\\src\\Illuminate\\Foundation\\Console\\Kernel.php(155): Illuminate\\Console\\Application->run(Object(Symfony\\Component\\Console\\Input\\ArgvInput), Object(Symfony\\Component\\Console\\Output\\ConsoleOutput))
#35 C:\\xampp\\htdocs\\evolucion2024\\artisan(37): Illuminate\\Foundation\\Console\\Kernel->handle(Object(Symfony\\Component\\Console\\Input\\ArgvInput), Object(Symfony\\Component\\Console\\Output\\ConsoleOutput))
#36 {main}
"} 
