[2025-02-10 15:49:15] production.ERROR: SQLSTATE[42000]: Syntax error or access violation: 1305 PROCEDURE dbgelear.tareasPendientes does not exist (SQL: call tareasPendientes(1)) {"view":{"view":"C:\\xampp\\htdocs\\evolucion2024\\resources\\views\\admin\\dashboard.blade.php","data":{"errors":"<pre class=sf-dump id=sf-dump-1775900100 data-indent-pad=\"  \"><span class=sf-dump-note>Illuminate\\Support\\ViewErrorBag</span> {<a class=sf-dump-ref>#1630</a><samp data-depth=1 class=sf-dump-expanded>
  #<span class=sf-dump-protected title=\"Protected property\">bags</span>: []
</samp>}
</pre><script>Sfdump(\"sf-dump-1775900100\", {\"maxDepth\":3,\"maxStringLength\":160})</script>
"}},"userId":1,"exception":"[object] (Spatie\\LaravelIgnition\\Exceptions\\ViewException(code: 0): SQLSTATE[42000]: Syntax error or access violation: 1305 PROCEDURE dbgelear.tareasPendientes does not exist (SQL: call tareasPendientes(1)) at C:\\xampp\\htdocs\\evolucion2024\\vendor\\laravel\\framework\\src\\Illuminate\\Database\\Connection.php:760)
[stacktrace]
#0 C:\\xampp\\htdocs\\evolucion2024\\vendor\\laravel\\framework\\src\\Illuminate\\Database\\Connection.php(720): Illuminate\\Database\\Connection->runQueryCallback('call tareasPend...', Array, Object(Closure))
#1 C:\\xampp\\htdocs\\evolucion2024\\vendor\\laravel\\framework\\src\\Illuminate\\Database\\Connection.php(422): Illuminate\\Database\\Connection->run('call tareasPend...', Array, Object(Closure))
#2 C:\\xampp\\htdocs\\evolucion2024\\vendor\\laravel\\framework\\src\\Illuminate\\Database\\DatabaseManager.php(469): Illuminate\\Database\\Connection->select('call tareasPend...')
#3 C:\\xampp\\htdocs\\evolucion2024\\vendor\\laravel\\framework\\src\\Illuminate\\Support\\Facades\\Facade.php(338): Illuminate\\Database\\DatabaseManager->__call('select', Array)
#4 C:\\xampp\\htdocs\\evolucion2024\\resources\\views\\admin\\dashboard.blade.php(224): Illuminate\\Support\\Facades\\Facade::__callStatic('select', Array)
#5 C:\\xampp\\htdocs\\evolucion2024\\vendor\\laravel\\framework\\src\\Illuminate\\Filesystem\\Filesystem.php(109): require('C:\\\\xampp\\\\htdocs...')
#6 C:\\xampp\\htdocs\\evolucion2024\\vendor\\laravel\\framework\\src\\Illuminate\\Filesystem\\Filesystem.php(110): Illuminate\\Filesystem\\Filesystem::Illuminate\\Filesystem\\{closure}()
#7 C:\\xampp\\htdocs\\evolucion2024\\vendor\\laravel\\framework\\src\\Illuminate\\View\\Engines\\PhpEngine.php(58): Illuminate\\Filesystem\\Filesystem->getRequire('C:\\\\xampp\\\\htdocs...', Array)
#8 C:\\xampp\\htdocs\\evolucion2024\\vendor\\laravel\\framework\\src\\Illuminate\\View\\Engines\\CompilerEngine.php(70): Illuminate\\View\\Engines\\PhpEngine->evaluatePath('C:\\\\xampp\\\\htdocs...', Array)
#9 C:\\xampp\\htdocs\\evolucion2024\\vendor\\laravel\\framework\\src\\Illuminate\\View\\View.php(195): Illuminate\\View\\Engines\\CompilerEngine->get('C:\\\\xampp\\\\htdocs...', Array)
#10 C:\\xampp\\htdocs\\evolucion2024\\vendor\\laravel\\framework\\src\\Illuminate\\View\\View.php(178): Illuminate\\View\\View->getContents()
#11 C:\\xampp\\htdocs\\evolucion2024\\vendor\\laravel\\framework\\src\\Illuminate\\View\\View.php(147): Illuminate\\View\\View->renderContents()
#12 C:\\xampp\\htdocs\\evolucion2024\\vendor\\laravel\\framework\\src\\Illuminate\\Http\\Response.php(69): Illuminate\\View\\View->render()
#13 C:\\xampp\\htdocs\\evolucion2024\\vendor\\laravel\\framework\\src\\Illuminate\\Http\\Response.php(35): Illuminate\\Http\\Response->setContent(Object(Illuminate\\View\\View))
#14 C:\\xampp\\htdocs\\evolucion2024\\vendor\\laravel\\framework\\src\\Illuminate\\Routing\\Router.php(906): Illuminate\\Http\\Response->__construct(Object(Illuminate\\View\\View), 200, Array)
#15 C:\\xampp\\htdocs\\evolucion2024\\vendor\\laravel\\framework\\src\\Illuminate\\Routing\\Router.php(875): Illuminate\\Routing\\Router::toResponse(Object(Illuminate\\Http\\Request), Object(Illuminate\\View\\View))
#16 C:\\xampp\\htdocs\\evolucion2024\\vendor\\laravel\\framework\\src\\Illuminate\\Routing\\Router.php(798): Illuminate\\Routing\\Router->prepareResponse(Object(Illuminate\\Http\\Request), Object(Illuminate\\View\\View))
#17 C:\\xampp\\htdocs\\evolucion2024\\vendor\\laravel\\framework\\src\\Illuminate\\Pipeline\\Pipeline.php(141): Illuminate\\Routing\\Router->Illuminate\\Routing\\{closure}(Object(Illuminate\\Http\\Request))
#18 C:\\xampp\\htdocs\\evolucion2024\\app\\Http\\Middleware\\RedirectIfSessionExpired.php(25): Illuminate\\Pipeline\\Pipeline->Illuminate\\Pipeline\\{closure}(Object(Illuminate\\Http\\Request))
#19 C:\\xampp\\htdocs\\evolucion2024\\vendor\\laravel\\framework\\src\\Illuminate\\Pipeline\\Pipeline.php(180): App\\Http\\Middleware\\RedirectIfSessionExpired->handle(Object(Illuminate\\Http\\Request), Object(Closure))
#20 C:\\xampp\\htdocs\\evolucion2024\\app\\Http\\Middleware\\soloadmins.php(20): Illuminate\\Pipeline\\Pipeline->Illuminate\\Pipeline\\{closure}(Object(Illuminate\\Http\\Request))
#21 C:\\xampp\\htdocs\\evolucion2024\\vendor\\laravel\\framework\\src\\Illuminate\\Pipeline\\Pipeline.php(180): App\\Http\\Middleware\\soloadmins->handle(Object(Illuminate\\Http\\Request), Object(Closure))
#22 C:\\xampp\\htdocs\\evolucion2024\\vendor\\laravel\\framework\\src\\Illuminate\\Routing\\Middleware\\SubstituteBindings.php(50): Illuminate\\Pipeline\\Pipeline->Illuminate\\Pipeline\\{closure}(Object(Illuminate\\Http\\Request))
#23 C:\\xampp\\htdocs\\evolucion2024\\vendor\\laravel\\framework\\src\\Illuminate\\Pipeline\\Pipeline.php(180): Illuminate\\Routing\\Middleware\\SubstituteBindings->handle(Object(Illuminate\\Http\\Request), Object(Closure))
#24 C:\\xampp\\htdocs\\evolucion2024\\vendor\\laravel\\framework\\src\\Illuminate\\Auth\\Middleware\\Authenticate.php(44): Illuminate\\Pipeline\\Pipeline->Illuminate\\Pipeline\\{closure}(Object(Illuminate\\Http\\Request))
#25 C:\\xampp\\htdocs\\evolucion2024\\vendor\\laravel\\framework\\src\\Illuminate\\Pipeline\\Pipeline.php(180): Illuminate\\Auth\\Middleware\\Authenticate->handle(Object(Illuminate\\Http\\Request), Object(Closure))
#26 C:\\xampp\\htdocs\\evolucion2024\\vendor\\laravel\\framework\\src\\Illuminate\\Foundation\\Http\\Middleware\\VerifyCsrfToken.php(78): Illuminate\\Pipeline\\Pipeline->Illuminate\\Pipeline\\{closure}(Object(Illuminate\\Http\\Request))
#27 C:\\xampp\\htdocs\\evolucion2024\\vendor\\laravel\\framework\\src\\Illuminate\\Pipeline\\Pipeline.php(180): Illuminate\\Foundation\\Http\\Middleware\\VerifyCsrfToken->handle(Object(Illuminate\\Http\\Request), Object(Closure))
#28 C:\\xampp\\htdocs\\evolucion2024\\vendor\\laravel\\framework\\src\\Illuminate\\View\\Middleware\\ShareErrorsFromSession.php(49): Illuminate\\Pipeline\\Pipeline->Illuminate\\Pipeline\\{closure}(Object(Illuminate\\Http\\Request))
#29 C:\\xampp\\htdocs\\evolucion2024\\vendor\\laravel\\framework\\src\\Illuminate\\Pipeline\\Pipeline.php(180): Illuminate\\View\\Middleware\\ShareErrorsFromSession->handle(Object(Illuminate\\Http\\Request), Object(Closure))
#30 C:\\xampp\\htdocs\\evolucion2024\\vendor\\laravel\\framework\\src\\Illuminate\\Session\\Middleware\\StartSession.php(121): Illuminate\\Pipeline\\Pipeline->Illuminate\\Pipeline\\{closure}(Object(Illuminate\\Http\\Request))
#31 C:\\xampp\\htdocs\\evolucion2024\\vendor\\laravel\\framework\\src\\Illuminate\\Session\\Middleware\\StartSession.php(64): Illuminate\\Session\\Middleware\\StartSession->handleStatefulRequest(Object(Illuminate\\Http\\Request), Object(Illuminate\\Session\\Store), Object(Closure))
#32 C:\\xampp\\htdocs\\evolucion2024\\vendor\\laravel\\framework\\src\\Illuminate\\Pipeline\\Pipeline.php(180): Illuminate\\Session\\Middleware\\StartSession->handle(Object(Illuminate\\Http\\Request), Object(Closure))
#33 C:\\xampp\\htdocs\\evolucion2024\\vendor\\laravel\\framework\\src\\Illuminate\\Cookie\\Middleware\\AddQueuedCookiesToResponse.php(37): Illuminate\\Pipeline\\Pipeline->Illuminate\\Pipeline\\{closure}(Object(Illuminate\\Http\\Request))
#34 C:\\xampp\\htdocs\\evolucion2024\\vendor\\laravel\\framework\\src\\Illuminate\\Pipeline\\Pipeline.php(180): Illuminate\\Cookie\\Middleware\\AddQueuedCookiesToResponse->handle(Object(Illuminate\\Http\\Request), Object(Closure))
#35 C:\\xampp\\htdocs\\evolucion2024\\vendor\\laravel\\framework\\src\\Illuminate\\Cookie\\Middleware\\EncryptCookies.php(67): Illuminate\\Pipeline\\Pipeline->Illuminate\\Pipeline\\{closure}(Object(Illuminate\\Http\\Request))
#36 C:\\xampp\\htdocs\\evolucion2024\\vendor\\laravel\\framework\\src\\Illuminate\\Pipeline\\Pipeline.php(180): Illuminate\\Cookie\\Middleware\\EncryptCookies->handle(Object(Illuminate\\Http\\Request), Object(Closure))
#37 C:\\xampp\\htdocs\\evolucion2024\\vendor\\laravel\\framework\\src\\Illuminate\\Pipeline\\Pipeline.php(116): Illuminate\\Pipeline\\Pipeline->Illuminate\\Pipeline\\{closure}(Object(Illuminate\\Http\\Request))
#38 C:\\xampp\\htdocs\\evolucion2024\\vendor\\laravel\\framework\\src\\Illuminate\\Routing\\Router.php(799): Illuminate\\Pipeline\\Pipeline->then(Object(Closure))
#39 C:\\xampp\\htdocs\\evolucion2024\\vendor\\laravel\\framework\\src\\Illuminate\\Routing\\Router.php(776): Illuminate\\Routing\\Router->runRouteWithinStack(Object(Illuminate\\Routing\\Route), Object(Illuminate\\Http\\Request))
#40 C:\\xampp\\htdocs\\evolucion2024\\vendor\\laravel\\framework\\src\\Illuminate\\Routing\\Router.php(740): Illuminate\\Routing\\Router->runRoute(Object(Illuminate\\Http\\Request), Object(Illuminate\\Routing\\Route))
#41 C:\\xampp\\htdocs\\evolucion2024\\vendor\\laravel\\framework\\src\\Illuminate\\Routing\\Router.php(729): Illuminate\\Routing\\Router->dispatchToRoute(Object(Illuminate\\Http\\Request))
#42 C:\\xampp\\htdocs\\evolucion2024\\vendor\\laravel\\framework\\src\\Illuminate\\Foundation\\Http\\Kernel.php(190): Illuminate\\Routing\\Router->dispatch(Object(Illuminate\\Http\\Request))
#43 C:\\xampp\\htdocs\\evolucion2024\\vendor\\laravel\\framework\\src\\Illuminate\\Pipeline\\Pipeline.php(141): Illuminate\\Foundation\\Http\\Kernel->Illuminate\\Foundation\\Http\\{closure}(Object(Illuminate\\Http\\Request))
#44 C:\\xampp\\htdocs\\evolucion2024\\vendor\\laravel\\framework\\src\\Illuminate\\Http\\Middleware\\TrustProxies.php(39): Illuminate\\Pipeline\\Pipeline->Illuminate\\Pipeline\\{closure}(Object(Illuminate\\Http\\Request))
#45 C:\\xampp\\htdocs\\evolucion2024\\vendor\\laravel\\framework\\src\\Illuminate\\Pipeline\\Pipeline.php(180): Illuminate\\Http\\Middleware\\TrustProxies->handle(Object(Illuminate\\Http\\Request), Object(Closure))
#46 C:\\xampp\\htdocs\\evolucion2024\\vendor\\laravel\\framework\\src\\Illuminate\\Foundation\\Http\\Middleware\\TransformsRequest.php(21): Illuminate\\Pipeline\\Pipeline->Illuminate\\Pipeline\\{closure}(Object(Illuminate\\Http\\Request))
#47 C:\\xampp\\htdocs\\evolucion2024\\vendor\\laravel\\framework\\src\\Illuminate\\Foundation\\Http\\Middleware\\ConvertEmptyStringsToNull.php(31): Illuminate\\Foundation\\Http\\Middleware\\TransformsRequest->handle(Object(Illuminate\\Http\\Request), Object(Closure))
#48 C:\\xampp\\htdocs\\evolucion2024\\vendor\\laravel\\framework\\src\\Illuminate\\Pipeline\\Pipeline.php(180): Illuminate\\Foundation\\Http\\Middleware\\ConvertEmptyStringsToNull->handle(Object(Illuminate\\Http\\Request), Object(Closure))
#49 C:\\xampp\\htdocs\\evolucion2024\\vendor\\laravel\\framework\\src\\Illuminate\\Foundation\\Http\\Middleware\\TransformsRequest.php(21): Illuminate\\Pipeline\\Pipeline->Illuminate\\Pipeline\\{closure}(Object(Illuminate\\Http\\Request))
#50 C:\\xampp\\htdocs\\evolucion2024\\vendor\\laravel\\framework\\src\\Illuminate\\Foundation\\Http\\Middleware\\TrimStrings.php(40): Illuminate\\Foundation\\Http\\Middleware\\TransformsRequest->handle(Object(Illuminate\\Http\\Request), Object(Closure))
#51 C:\\xampp\\htdocs\\evolucion2024\\vendor\\laravel\\framework\\src\\Illuminate\\Pipeline\\Pipeline.php(180): Illuminate\\Foundation\\Http\\Middleware\\TrimStrings->handle(Object(Illuminate\\Http\\Request), Object(Closure))
#52 C:\\xampp\\htdocs\\evolucion2024\\vendor\\laravel\\framework\\src\\Illuminate\\Foundation\\Http\\Middleware\\ValidatePostSize.php(27): Illuminate\\Pipeline\\Pipeline->Illuminate\\Pipeline\\{closure}(Object(Illuminate\\Http\\Request))
#53 C:\\xampp\\htdocs\\evolucion2024\\vendor\\laravel\\framework\\src\\Illuminate\\Pipeline\\Pipeline.php(180): Illuminate\\Foundation\\Http\\Middleware\\ValidatePostSize->handle(Object(Illuminate\\Http\\Request), Object(Closure))
#54 C:\\xampp\\htdocs\\evolucion2024\\vendor\\laravel\\framework\\src\\Illuminate\\Foundation\\Http\\Middleware\\PreventRequestsDuringMaintenance.php(86): Illuminate\\Pipeline\\Pipeline->Illuminate\\Pipeline\\{closure}(Object(Illuminate\\Http\\Request))
#55 C:\\xampp\\htdocs\\evolucion2024\\vendor\\laravel\\framework\\src\\Illuminate\\Pipeline\\Pipeline.php(180): Illuminate\\Foundation\\Http\\Middleware\\PreventRequestsDuringMaintenance->handle(Object(Illuminate\\Http\\Request), Object(Closure))
#56 C:\\xampp\\htdocs\\evolucion2024\\vendor\\laravel\\framework\\src\\Illuminate\\Pipeline\\Pipeline.php(116): Illuminate\\Pipeline\\Pipeline->Illuminate\\Pipeline\\{closure}(Object(Illuminate\\Http\\Request))
#57 C:\\xampp\\htdocs\\evolucion2024\\vendor\\laravel\\framework\\src\\Illuminate\\Foundation\\Http\\Kernel.php(165): Illuminate\\Pipeline\\Pipeline->then(Object(Closure))
#58 C:\\xampp\\htdocs\\evolucion2024\\vendor\\laravel\\framework\\src\\Illuminate\\Foundation\\Http\\Kernel.php(134): Illuminate\\Foundation\\Http\\Kernel->sendRequestThroughRouter(Object(Illuminate\\Http\\Request))
#59 C:\\xampp\\htdocs\\evolucion2024\\public\\index.php(55): Illuminate\\Foundation\\Http\\Kernel->handle(Object(Illuminate\\Http\\Request))
#60 C:\\xampp\\htdocs\\evolucion2024\\server.php(21): require_once('C:\\\\xampp\\\\htdocs...')
#61 {main}

[previous exception] [object] (Illuminate\\Database\\QueryException(code: 42000): SQLSTATE[42000]: Syntax error or access violation: 1305 PROCEDURE dbgelear.tareasPendientes does not exist (SQL: call tareasPendientes(1)) at C:\\xampp\\htdocs\\evolucion2024\\vendor\\laravel\\framework\\src\\Illuminate\\Database\\Connection.php:760)
[stacktrace]
#0 C:\\xampp\\htdocs\\evolucion2024\\vendor\\laravel\\framework\\src\\Illuminate\\Database\\Connection.php(720): Illuminate\\Database\\Connection->runQueryCallback('call tareasPend...', Array, Object(Closure))
#1 C:\\xampp\\htdocs\\evolucion2024\\vendor\\laravel\\framework\\src\\Illuminate\\Database\\Connection.php(422): Illuminate\\Database\\Connection->run('call tareasPend...', Array, Object(Closure))
#2 C:\\xampp\\htdocs\\evolucion2024\\vendor\\laravel\\framework\\src\\Illuminate\\Database\\DatabaseManager.php(469): Illuminate\\Database\\Connection->select('call tareasPend...')
#3 C:\\xampp\\htdocs\\evolucion2024\\vendor\\laravel\\framework\\src\\Illuminate\\Support\\Facades\\Facade.php(338): Illuminate\\Database\\DatabaseManager->__call('select', Array)
#4 C:\\xampp\\htdocs\\evolucion2024\\storage\\framework\\views\\c4813a64cce60dcdfa6bb05c022c8a2b2081e7d2.php(224): Illuminate\\Support\\Facades\\Facade::__callStatic('select', Array)
#5 C:\\xampp\\htdocs\\evolucion2024\\vendor\\laravel\\framework\\src\\Illuminate\\Filesystem\\Filesystem.php(109): require('C:\\\\xampp\\\\htdocs...')
#6 C:\\xampp\\htdocs\\evolucion2024\\vendor\\laravel\\framework\\src\\Illuminate\\Filesystem\\Filesystem.php(110): Illuminate\\Filesystem\\Filesystem::Illuminate\\Filesystem\\{closure}()
#7 C:\\xampp\\htdocs\\evolucion2024\\vendor\\laravel\\framework\\src\\Illuminate\\View\\Engines\\PhpEngine.php(58): Illuminate\\Filesystem\\Filesystem->getRequire('C:\\\\xampp\\\\htdocs...', Array)
#8 C:\\xampp\\htdocs\\evolucion2024\\vendor\\laravel\\framework\\src\\Illuminate\\View\\Engines\\CompilerEngine.php(70): Illuminate\\View\\Engines\\PhpEngine->evaluatePath('C:\\\\xampp\\\\htdocs...', Array)
#9 C:\\xampp\\htdocs\\evolucion2024\\vendor\\laravel\\framework\\src\\Illuminate\\View\\View.php(195): Illuminate\\View\\Engines\\CompilerEngine->get('C:\\\\xampp\\\\htdocs...', Array)
#10 C:\\xampp\\htdocs\\evolucion2024\\vendor\\laravel\\framework\\src\\Illuminate\\View\\View.php(178): Illuminate\\View\\View->getContents()
#11 C:\\xampp\\htdocs\\evolucion2024\\vendor\\laravel\\framework\\src\\Illuminate\\View\\View.php(147): Illuminate\\View\\View->renderContents()
#12 C:\\xampp\\htdocs\\evolucion2024\\vendor\\laravel\\framework\\src\\Illuminate\\Http\\Response.php(69): Illuminate\\View\\View->render()
#13 C:\\xampp\\htdocs\\evolucion2024\\vendor\\laravel\\framework\\src\\Illuminate\\Http\\Response.php(35): Illuminate\\Http\\Response->setContent(Object(Illuminate\\View\\View))
#14 C:\\xampp\\htdocs\\evolucion2024\\vendor\\laravel\\framework\\src\\Illuminate\\Routing\\Router.php(906): Illuminate\\Http\\Response->__construct(Object(Illuminate\\View\\View), 200, Array)
#15 C:\\xampp\\htdocs\\evolucion2024\\vendor\\laravel\\framework\\src\\Illuminate\\Routing\\Router.php(875): Illuminate\\Routing\\Router::toResponse(Object(Illuminate\\Http\\Request), Object(Illuminate\\View\\View))
#16 C:\\xampp\\htdocs\\evolucion2024\\vendor\\laravel\\framework\\src\\Illuminate\\Routing\\Router.php(798): Illuminate\\Routing\\Router->prepareResponse(Object(Illuminate\\Http\\Request), Object(Illuminate\\View\\View))
#17 C:\\xampp\\htdocs\\evolucion2024\\vendor\\laravel\\framework\\src\\Illuminate\\Pipeline\\Pipeline.php(141): Illuminate\\Routing\\Router->Illuminate\\Routing\\{closure}(Object(Illuminate\\Http\\Request))
#18 C:\\xampp\\htdocs\\evolucion2024\\app\\Http\\Middleware\\RedirectIfSessionExpired.php(25): Illuminate\\Pipeline\\Pipeline->Illuminate\\Pipeline\\{closure}(Object(Illuminate\\Http\\Request))
#19 C:\\xampp\\htdocs\\evolucion2024\\vendor\\laravel\\framework\\src\\Illuminate\\Pipeline\\Pipeline.php(180): App\\Http\\Middleware\\RedirectIfSessionExpired->handle(Object(Illuminate\\Http\\Request), Object(Closure))
#20 C:\\xampp\\htdocs\\evolucion2024\\app\\Http\\Middleware\\soloadmins.php(20): Illuminate\\Pipeline\\Pipeline->Illuminate\\Pipeline\\{closure}(Object(Illuminate\\Http\\Request))
#21 C:\\xampp\\htdocs\\evolucion2024\\vendor\\laravel\\framework\\src\\Illuminate\\Pipeline\\Pipeline.php(180): App\\Http\\Middleware\\soloadmins->handle(Object(Illuminate\\Http\\Request), Object(Closure))
#22 C:\\xampp\\htdocs\\evolucion2024\\vendor\\laravel\\framework\\src\\Illuminate\\Routing\\Middleware\\SubstituteBindings.php(50): Illuminate\\Pipeline\\Pipeline->Illuminate\\Pipeline\\{closure}(Object(Illuminate\\Http\\Request))
#23 C:\\xampp\\htdocs\\evolucion2024\\vendor\\laravel\\framework\\src\\Illuminate\\Pipeline\\Pipeline.php(180): Illuminate\\Routing\\Middleware\\SubstituteBindings->handle(Object(Illuminate\\Http\\Request), Object(Closure))
#24 C:\\xampp\\htdocs\\evolucion2024\\vendor\\laravel\\framework\\src\\Illuminate\\Auth\\Middleware\\Authenticate.php(44): Illuminate\\Pipeline\\Pipeline->Illuminate\\Pipeline\\{closure}(Object(Illuminate\\Http\\Request))
#25 C:\\xampp\\htdocs\\evolucion2024\\vendor\\laravel\\framework\\src\\Illuminate\\Pipeline\\Pipeline.php(180): Illuminate\\Auth\\Middleware\\Authenticate->handle(Object(Illuminate\\Http\\Request), Object(Closure))
#26 C:\\xampp\\htdocs\\evolucion2024\\vendor\\laravel\\framework\\src\\Illuminate\\Foundation\\Http\\Middleware\\VerifyCsrfToken.php(78): Illuminate\\Pipeline\\Pipeline->Illuminate\\Pipeline\\{closure}(Object(Illuminate\\Http\\Request))
#27 C:\\xampp\\htdocs\\evolucion2024\\vendor\\laravel\\framework\\src\\Illuminate\\Pipeline\\Pipeline.php(180): Illuminate\\Foundation\\Http\\Middleware\\VerifyCsrfToken->handle(Object(Illuminate\\Http\\Request), Object(Closure))
#28 C:\\xampp\\htdocs\\evolucion2024\\vendor\\laravel\\framework\\src\\Illuminate\\View\\Middleware\\ShareErrorsFromSession.php(49): Illuminate\\Pipeline\\Pipeline->Illuminate\\Pipeline\\{closure}(Object(Illuminate\\Http\\Request))
#29 C:\\xampp\\htdocs\\evolucion2024\\vendor\\laravel\\framework\\src\\Illuminate\\Pipeline\\Pipeline.php(180): Illuminate\\View\\Middleware\\ShareErrorsFromSession->handle(Object(Illuminate\\Http\\Request), Object(Closure))
#30 C:\\xampp\\htdocs\\evolucion2024\\vendor\\laravel\\framework\\src\\Illuminate\\Session\\Middleware\\StartSession.php(121): Illuminate\\Pipeline\\Pipeline->Illuminate\\Pipeline\\{closure}(Object(Illuminate\\Http\\Request))
#31 C:\\xampp\\htdocs\\evolucion2024\\vendor\\laravel\\framework\\src\\Illuminate\\Session\\Middleware\\StartSession.php(64): Illuminate\\Session\\Middleware\\StartSession->handleStatefulRequest(Object(Illuminate\\Http\\Request), Object(Illuminate\\Session\\Store), Object(Closure))
#32 C:\\xampp\\htdocs\\evolucion2024\\vendor\\laravel\\framework\\src\\Illuminate\\Pipeline\\Pipeline.php(180): Illuminate\\Session\\Middleware\\StartSession->handle(Object(Illuminate\\Http\\Request), Object(Closure))
#33 C:\\xampp\\htdocs\\evolucion2024\\vendor\\laravel\\framework\\src\\Illuminate\\Cookie\\Middleware\\AddQueuedCookiesToResponse.php(37): Illuminate\\Pipeline\\Pipeline->Illuminate\\Pipeline\\{closure}(Object(Illuminate\\Http\\Request))
#34 C:\\xampp\\htdocs\\evolucion2024\\vendor\\laravel\\framework\\src\\Illuminate\\Pipeline\\Pipeline.php(180): Illuminate\\Cookie\\Middleware\\AddQueuedCookiesToResponse->handle(Object(Illuminate\\Http\\Request), Object(Closure))
#35 C:\\xampp\\htdocs\\evolucion2024\\vendor\\laravel\\framework\\src\\Illuminate\\Cookie\\Middleware\\EncryptCookies.php(67): Illuminate\\Pipeline\\Pipeline->Illuminate\\Pipeline\\{closure}(Object(Illuminate\\Http\\Request))
#36 C:\\xampp\\htdocs\\evolucion2024\\vendor\\laravel\\framework\\src\\Illuminate\\Pipeline\\Pipeline.php(180): Illuminate\\Cookie\\Middleware\\EncryptCookies->handle(Object(Illuminate\\Http\\Request), Object(Closure))
#37 C:\\xampp\\htdocs\\evolucion2024\\vendor\\laravel\\framework\\src\\Illuminate\\Pipeline\\Pipeline.php(116): Illuminate\\Pipeline\\Pipeline->Illuminate\\Pipeline\\{closure}(Object(Illuminate\\Http\\Request))
#38 C:\\xampp\\htdocs\\evolucion2024\\vendor\\laravel\\framework\\src\\Illuminate\\Routing\\Router.php(799): Illuminate\\Pipeline\\Pipeline->then(Object(Closure))
#39 C:\\xampp\\htdocs\\evolucion2024\\vendor\\laravel\\framework\\src\\Illuminate\\Routing\\Router.php(776): Illuminate\\Routing\\Router->runRouteWithinStack(Object(Illuminate\\Routing\\Route), Object(Illuminate\\Http\\Request))
#40 C:\\xampp\\htdocs\\evolucion2024\\vendor\\laravel\\framework\\src\\Illuminate\\Routing\\Router.php(740): Illuminate\\Routing\\Router->runRoute(Object(Illuminate\\Http\\Request), Object(Illuminate\\Routing\\Route))
#41 C:\\xampp\\htdocs\\evolucion2024\\vendor\\laravel\\framework\\src\\Illuminate\\Routing\\Router.php(729): Illuminate\\Routing\\Router->dispatchToRoute(Object(Illuminate\\Http\\Request))
#42 C:\\xampp\\htdocs\\evolucion2024\\vendor\\laravel\\framework\\src\\Illuminate\\Foundation\\Http\\Kernel.php(190): Illuminate\\Routing\\Router->dispatch(Object(Illuminate\\Http\\Request))
#43 C:\\xampp\\htdocs\\evolucion2024\\vendor\\laravel\\framework\\src\\Illuminate\\Pipeline\\Pipeline.php(141): Illuminate\\Foundation\\Http\\Kernel->Illuminate\\Foundation\\Http\\{closure}(Object(Illuminate\\Http\\Request))
#44 C:\\xampp\\htdocs\\evolucion2024\\vendor\\laravel\\framework\\src\\Illuminate\\Http\\Middleware\\TrustProxies.php(39): Illuminate\\Pipeline\\Pipeline->Illuminate\\Pipeline\\{closure}(Object(Illuminate\\Http\\Request))
#45 C:\\xampp\\htdocs\\evolucion2024\\vendor\\laravel\\framework\\src\\Illuminate\\Pipeline\\Pipeline.php(180): Illuminate\\Http\\Middleware\\TrustProxies->handle(Object(Illuminate\\Http\\Request), Object(Closure))
#46 C:\\xampp\\htdocs\\evolucion2024\\vendor\\laravel\\framework\\src\\Illuminate\\Foundation\\Http\\Middleware\\TransformsRequest.php(21): Illuminate\\Pipeline\\Pipeline->Illuminate\\Pipeline\\{closure}(Object(Illuminate\\Http\\Request))
#47 C:\\xampp\\htdocs\\evolucion2024\\vendor\\laravel\\framework\\src\\Illuminate\\Foundation\\Http\\Middleware\\ConvertEmptyStringsToNull.php(31): Illuminate\\Foundation\\Http\\Middleware\\TransformsRequest->handle(Object(Illuminate\\Http\\Request), Object(Closure))
#48 C:\\xampp\\htdocs\\evolucion2024\\vendor\\laravel\\framework\\src\\Illuminate\\Pipeline\\Pipeline.php(180): Illuminate\\Foundation\\Http\\Middleware\\ConvertEmptyStringsToNull->handle(Object(Illuminate\\Http\\Request), Object(Closure))
#49 C:\\xampp\\htdocs\\evolucion2024\\vendor\\laravel\\framework\\src\\Illuminate\\Foundation\\Http\\Middleware\\TransformsRequest.php(21): Illuminate\\Pipeline\\Pipeline->Illuminate\\Pipeline\\{closure}(Object(Illuminate\\Http\\Request))
#50 C:\\xampp\\htdocs\\evolucion2024\\vendor\\laravel\\framework\\src\\Illuminate\\Foundation\\Http\\Middleware\\TrimStrings.php(40): Illuminate\\Foundation\\Http\\Middleware\\TransformsRequest->handle(Object(Illuminate\\Http\\Request), Object(Closure))
#51 C:\\xampp\\htdocs\\evolucion2024\\vendor\\laravel\\framework\\src\\Illuminate\\Pipeline\\Pipeline.php(180): Illuminate\\Foundation\\Http\\Middleware\\TrimStrings->handle(Object(Illuminate\\Http\\Request), Object(Closure))
#52 C:\\xampp\\htdocs\\evolucion2024\\vendor\\laravel\\framework\\src\\Illuminate\\Foundation\\Http\\Middleware\\ValidatePostSize.php(27): Illuminate\\Pipeline\\Pipeline->Illuminate\\Pipeline\\{closure}(Object(Illuminate\\Http\\Request))
#53 C:\\xampp\\htdocs\\evolucion2024\\vendor\\laravel\\framework\\src\\Illuminate\\Pipeline\\Pipeline.php(180): Illuminate\\Foundation\\Http\\Middleware\\ValidatePostSize->handle(Object(Illuminate\\Http\\Request), Object(Closure))
#54 C:\\xampp\\htdocs\\evolucion2024\\vendor\\laravel\\framework\\src\\Illuminate\\Foundation\\Http\\Middleware\\PreventRequestsDuringMaintenance.php(86): Illuminate\\Pipeline\\Pipeline->Illuminate\\Pipeline\\{closure}(Object(Illuminate\\Http\\Request))
#55 C:\\xampp\\htdocs\\evolucion2024\\vendor\\laravel\\framework\\src\\Illuminate\\Pipeline\\Pipeline.php(180): Illuminate\\Foundation\\Http\\Middleware\\PreventRequestsDuringMaintenance->handle(Object(Illuminate\\Http\\Request), Object(Closure))
#56 C:\\xampp\\htdocs\\evolucion2024\\vendor\\laravel\\framework\\src\\Illuminate\\Pipeline\\Pipeline.php(116): Illuminate\\Pipeline\\Pipeline->Illuminate\\Pipeline\\{closure}(Object(Illuminate\\Http\\Request))
#57 C:\\xampp\\htdocs\\evolucion2024\\vendor\\laravel\\framework\\src\\Illuminate\\Foundation\\Http\\Kernel.php(165): Illuminate\\Pipeline\\Pipeline->then(Object(Closure))
#58 C:\\xampp\\htdocs\\evolucion2024\\vendor\\laravel\\framework\\src\\Illuminate\\Foundation\\Http\\Kernel.php(134): Illuminate\\Foundation\\Http\\Kernel->sendRequestThroughRouter(Object(Illuminate\\Http\\Request))
#59 C:\\xampp\\htdocs\\evolucion2024\\public\\index.php(55): Illuminate\\Foundation\\Http\\Kernel->handle(Object(Illuminate\\Http\\Request))
#60 C:\\xampp\\htdocs\\evolucion2024\\server.php(21): require_once('C:\\\\xampp\\\\htdocs...')
#61 {main}

[previous exception] [object] (PDOException(code: 42000): SQLSTATE[42000]: Syntax error or access violation: 1305 PROCEDURE dbgelear.tareasPendientes does not exist at C:\\xampp\\htdocs\\evolucion2024\\vendor\\laravel\\framework\\src\\Illuminate\\Database\\Connection.php:419)
[stacktrace]
#0 C:\\xampp\\htdocs\\evolucion2024\\vendor\\laravel\\framework\\src\\Illuminate\\Database\\Connection.php(419): PDOStatement->execute()
#1 C:\\xampp\\htdocs\\evolucion2024\\vendor\\laravel\\framework\\src\\Illuminate\\Database\\Connection.php(753): Illuminate\\Database\\Connection->Illuminate\\Database\\{closure}('call tareasPend...', Array)
#2 C:\\xampp\\htdocs\\evolucion2024\\vendor\\laravel\\framework\\src\\Illuminate\\Database\\Connection.php(720): Illuminate\\Database\\Connection->runQueryCallback('call tareasPend...', Array, Object(Closure))
#3 C:\\xampp\\htdocs\\evolucion2024\\vendor\\laravel\\framework\\src\\Illuminate\\Database\\Connection.php(422): Illuminate\\Database\\Connection->run('call tareasPend...', Array, Object(Closure))
#4 C:\\xampp\\htdocs\\evolucion2024\\vendor\\laravel\\framework\\src\\Illuminate\\Database\\DatabaseManager.php(469): Illuminate\\Database\\Connection->select('call tareasPend...')
#5 C:\\xampp\\htdocs\\evolucion2024\\vendor\\laravel\\framework\\src\\Illuminate\\Support\\Facades\\Facade.php(338): Illuminate\\Database\\DatabaseManager->__call('select', Array)
#6 C:\\xampp\\htdocs\\evolucion2024\\storage\\framework\\views\\c4813a64cce60dcdfa6bb05c022c8a2b2081e7d2.php(224): Illuminate\\Support\\Facades\\Facade::__callStatic('select', Array)
#7 C:\\xampp\\htdocs\\evolucion2024\\vendor\\laravel\\framework\\src\\Illuminate\\Filesystem\\Filesystem.php(109): require('C:\\\\xampp\\\\htdocs...')
#8 C:\\xampp\\htdocs\\evolucion2024\\vendor\\laravel\\framework\\src\\Illuminate\\Filesystem\\Filesystem.php(110): Illuminate\\Filesystem\\Filesystem::Illuminate\\Filesystem\\{closure}()
#9 C:\\xampp\\htdocs\\evolucion2024\\vendor\\laravel\\framework\\src\\Illuminate\\View\\Engines\\PhpEngine.php(58): Illuminate\\Filesystem\\Filesystem->getRequire('C:\\\\xampp\\\\htdocs...', Array)
#10 C:\\xampp\\htdocs\\evolucion2024\\vendor\\laravel\\framework\\src\\Illuminate\\View\\Engines\\CompilerEngine.php(70): Illuminate\\View\\Engines\\PhpEngine->evaluatePath('C:\\\\xampp\\\\htdocs...', Array)
#11 C:\\xampp\\htdocs\\evolucion2024\\vendor\\laravel\\framework\\src\\Illuminate\\View\\View.php(195): Illuminate\\View\\Engines\\CompilerEngine->get('C:\\\\xampp\\\\htdocs...', Array)
#12 C:\\xampp\\htdocs\\evolucion2024\\vendor\\laravel\\framework\\src\\Illuminate\\View\\View.php(178): Illuminate\\View\\View->getContents()
#13 C:\\xampp\\htdocs\\evolucion2024\\vendor\\laravel\\framework\\src\\Illuminate\\View\\View.php(147): Illuminate\\View\\View->renderContents()
#14 C:\\xampp\\htdocs\\evolucion2024\\vendor\\laravel\\framework\\src\\Illuminate\\Http\\Response.php(69): Illuminate\\View\\View->render()
#15 C:\\xampp\\htdocs\\evolucion2024\\vendor\\laravel\\framework\\src\\Illuminate\\Http\\Response.php(35): Illuminate\\Http\\Response->setContent(Object(Illuminate\\View\\View))
#16 C:\\xampp\\htdocs\\evolucion2024\\vendor\\laravel\\framework\\src\\Illuminate\\Routing\\Router.php(906): Illuminate\\Http\\Response->__construct(Object(Illuminate\\View\\View), 200, Array)
#17 C:\\xampp\\htdocs\\evolucion2024\\vendor\\laravel\\framework\\src\\Illuminate\\Routing\\Router.php(875): Illuminate\\Routing\\Router::toResponse(Object(Illuminate\\Http\\Request), Object(Illuminate\\View\\View))
#18 C:\\xampp\\htdocs\\evolucion2024\\vendor\\laravel\\framework\\src\\Illuminate\\Routing\\Router.php(798): Illuminate\\Routing\\Router->prepareResponse(Object(Illuminate\\Http\\Request), Object(Illuminate\\View\\View))
#19 C:\\xampp\\htdocs\\evolucion2024\\vendor\\laravel\\framework\\src\\Illuminate\\Pipeline\\Pipeline.php(141): Illuminate\\Routing\\Router->Illuminate\\Routing\\{closure}(Object(Illuminate\\Http\\Request))
#20 C:\\xampp\\htdocs\\evolucion2024\\app\\Http\\Middleware\\RedirectIfSessionExpired.php(25): Illuminate\\Pipeline\\Pipeline->Illuminate\\Pipeline\\{closure}(Object(Illuminate\\Http\\Request))
#21 C:\\xampp\\htdocs\\evolucion2024\\vendor\\laravel\\framework\\src\\Illuminate\\Pipeline\\Pipeline.php(180): App\\Http\\Middleware\\RedirectIfSessionExpired->handle(Object(Illuminate\\Http\\Request), Object(Closure))
#22 C:\\xampp\\htdocs\\evolucion2024\\app\\Http\\Middleware\\soloadmins.php(20): Illuminate\\Pipeline\\Pipeline->Illuminate\\Pipeline\\{closure}(Object(Illuminate\\Http\\Request))
#23 C:\\xampp\\htdocs\\evolucion2024\\vendor\\laravel\\framework\\src\\Illuminate\\Pipeline\\Pipeline.php(180): App\\Http\\Middleware\\soloadmins->handle(Object(Illuminate\\Http\\Request), Object(Closure))
#24 C:\\xampp\\htdocs\\evolucion2024\\vendor\\laravel\\framework\\src\\Illuminate\\Routing\\Middleware\\SubstituteBindings.php(50): Illuminate\\Pipeline\\Pipeline->Illuminate\\Pipeline\\{closure}(Object(Illuminate\\Http\\Request))
#25 C:\\xampp\\htdocs\\evolucion2024\\vendor\\laravel\\framework\\src\\Illuminate\\Pipeline\\Pipeline.php(180): Illuminate\\Routing\\Middleware\\SubstituteBindings->handle(Object(Illuminate\\Http\\Request), Object(Closure))
#26 C:\\xampp\\htdocs\\evolucion2024\\vendor\\laravel\\framework\\src\\Illuminate\\Auth\\Middleware\\Authenticate.php(44): Illuminate\\Pipeline\\Pipeline->Illuminate\\Pipeline\\{closure}(Object(Illuminate\\Http\\Request))
#27 C:\\xampp\\htdocs\\evolucion2024\\vendor\\laravel\\framework\\src\\Illuminate\\Pipeline\\Pipeline.php(180): Illuminate\\Auth\\Middleware\\Authenticate->handle(Object(Illuminate\\Http\\Request), Object(Closure))
#28 C:\\xampp\\htdocs\\evolucion2024\\vendor\\laravel\\framework\\src\\Illuminate\\Foundation\\Http\\Middleware\\VerifyCsrfToken.php(78): Illuminate\\Pipeline\\Pipeline->Illuminate\\Pipeline\\{closure}(Object(Illuminate\\Http\\Request))
#29 C:\\xampp\\htdocs\\evolucion2024\\vendor\\laravel\\framework\\src\\Illuminate\\Pipeline\\Pipeline.php(180): Illuminate\\Foundation\\Http\\Middleware\\VerifyCsrfToken->handle(Object(Illuminate\\Http\\Request), Object(Closure))
#30 C:\\xampp\\htdocs\\evolucion2024\\vendor\\laravel\\framework\\src\\Illuminate\\View\\Middleware\\ShareErrorsFromSession.php(49): Illuminate\\Pipeline\\Pipeline->Illuminate\\Pipeline\\{closure}(Object(Illuminate\\Http\\Request))
#31 C:\\xampp\\htdocs\\evolucion2024\\vendor\\laravel\\framework\\src\\Illuminate\\Pipeline\\Pipeline.php(180): Illuminate\\View\\Middleware\\ShareErrorsFromSession->handle(Object(Illuminate\\Http\\Request), Object(Closure))
#32 C:\\xampp\\htdocs\\evolucion2024\\vendor\\laravel\\framework\\src\\Illuminate\\Session\\Middleware\\StartSession.php(121): Illuminate\\Pipeline\\Pipeline->Illuminate\\Pipeline\\{closure}(Object(Illuminate\\Http\\Request))
#33 C:\\xampp\\htdocs\\evolucion2024\\vendor\\laravel\\framework\\src\\Illuminate\\Session\\Middleware\\StartSession.php(64): Illuminate\\Session\\Middleware\\StartSession->handleStatefulRequest(Object(Illuminate\\Http\\Request), Object(Illuminate\\Session\\Store), Object(Closure))
#34 C:\\xampp\\htdocs\\evolucion2024\\vendor\\laravel\\framework\\src\\Illuminate\\Pipeline\\Pipeline.php(180): Illuminate\\Session\\Middleware\\StartSession->handle(Object(Illuminate\\Http\\Request), Object(Closure))
#35 C:\\xampp\\htdocs\\evolucion2024\\vendor\\laravel\\framework\\src\\Illuminate\\Cookie\\Middleware\\AddQueuedCookiesToResponse.php(37): Illuminate\\Pipeline\\Pipeline->Illuminate\\Pipeline\\{closure}(Object(Illuminate\\Http\\Request))
#36 C:\\xampp\\htdocs\\evolucion2024\\vendor\\laravel\\framework\\src\\Illuminate\\Pipeline\\Pipeline.php(180): Illuminate\\Cookie\\Middleware\\AddQueuedCookiesToResponse->handle(Object(Illuminate\\Http\\Request), Object(Closure))
#37 C:\\xampp\\htdocs\\evolucion2024\\vendor\\laravel\\framework\\src\\Illuminate\\Cookie\\Middleware\\EncryptCookies.php(67): Illuminate\\Pipeline\\Pipeline->Illuminate\\Pipeline\\{closure}(Object(Illuminate\\Http\\Request))
#38 C:\\xampp\\htdocs\\evolucion2024\\vendor\\laravel\\framework\\src\\Illuminate\\Pipeline\\Pipeline.php(180): Illuminate\\Cookie\\Middleware\\EncryptCookies->handle(Object(Illuminate\\Http\\Request), Object(Closure))
#39 C:\\xampp\\htdocs\\evolucion2024\\vendor\\laravel\\framework\\src\\Illuminate\\Pipeline\\Pipeline.php(116): Illuminate\\Pipeline\\Pipeline->Illuminate\\Pipeline\\{closure}(Object(Illuminate\\Http\\Request))
#40 C:\\xampp\\htdocs\\evolucion2024\\vendor\\laravel\\framework\\src\\Illuminate\\Routing\\Router.php(799): Illuminate\\Pipeline\\Pipeline->then(Object(Closure))
#41 C:\\xampp\\htdocs\\evolucion2024\\vendor\\laravel\\framework\\src\\Illuminate\\Routing\\Router.php(776): Illuminate\\Routing\\Router->runRouteWithinStack(Object(Illuminate\\Routing\\Route), Object(Illuminate\\Http\\Request))
#42 C:\\xampp\\htdocs\\evolucion2024\\vendor\\laravel\\framework\\src\\Illuminate\\Routing\\Router.php(740): Illuminate\\Routing\\Router->runRoute(Object(Illuminate\\Http\\Request), Object(Illuminate\\Routing\\Route))
#43 C:\\xampp\\htdocs\\evolucion2024\\vendor\\laravel\\framework\\src\\Illuminate\\Routing\\Router.php(729): Illuminate\\Routing\\Router->dispatchToRoute(Object(Illuminate\\Http\\Request))
#44 C:\\xampp\\htdocs\\evolucion2024\\vendor\\laravel\\framework\\src\\Illuminate\\Foundation\\Http\\Kernel.php(190): Illuminate\\Routing\\Router->dispatch(Object(Illuminate\\Http\\Request))
#45 C:\\xampp\\htdocs\\evolucion2024\\vendor\\laravel\\framework\\src\\Illuminate\\Pipeline\\Pipeline.php(141): Illuminate\\Foundation\\Http\\Kernel->Illuminate\\Foundation\\Http\\{closure}(Object(Illuminate\\Http\\Request))
#46 C:\\xampp\\htdocs\\evolucion2024\\vendor\\laravel\\framework\\src\\Illuminate\\Http\\Middleware\\TrustProxies.php(39): Illuminate\\Pipeline\\Pipeline->Illuminate\\Pipeline\\{closure}(Object(Illuminate\\Http\\Request))
#47 C:\\xampp\\htdocs\\evolucion2024\\vendor\\laravel\\framework\\src\\Illuminate\\Pipeline\\Pipeline.php(180): Illuminate\\Http\\Middleware\\TrustProxies->handle(Object(Illuminate\\Http\\Request), Object(Closure))
#48 C:\\xampp\\htdocs\\evolucion2024\\vendor\\laravel\\framework\\src\\Illuminate\\Foundation\\Http\\Middleware\\TransformsRequest.php(21): Illuminate\\Pipeline\\Pipeline->Illuminate\\Pipeline\\{closure}(Object(Illuminate\\Http\\Request))
#49 C:\\xampp\\htdocs\\evolucion2024\\vendor\\laravel\\framework\\src\\Illuminate\\Foundation\\Http\\Middleware\\ConvertEmptyStringsToNull.php(31): Illuminate\\Foundation\\Http\\Middleware\\TransformsRequest->handle(Object(Illuminate\\Http\\Request), Object(Closure))
#50 C:\\xampp\\htdocs\\evolucion2024\\vendor\\laravel\\framework\\src\\Illuminate\\Pipeline\\Pipeline.php(180): Illuminate\\Foundation\\Http\\Middleware\\ConvertEmptyStringsToNull->handle(Object(Illuminate\\Http\\Request), Object(Closure))
#51 C:\\xampp\\htdocs\\evolucion2024\\vendor\\laravel\\framework\\src\\Illuminate\\Foundation\\Http\\Middleware\\TransformsRequest.php(21): Illuminate\\Pipeline\\Pipeline->Illuminate\\Pipeline\\{closure}(Object(Illuminate\\Http\\Request))
#52 C:\\xampp\\htdocs\\evolucion2024\\vendor\\laravel\\framework\\src\\Illuminate\\Foundation\\Http\\Middleware\\TrimStrings.php(40): Illuminate\\Foundation\\Http\\Middleware\\TransformsRequest->handle(Object(Illuminate\\Http\\Request), Object(Closure))
#53 C:\\xampp\\htdocs\\evolucion2024\\vendor\\laravel\\framework\\src\\Illuminate\\Pipeline\\Pipeline.php(180): Illuminate\\Foundation\\Http\\Middleware\\TrimStrings->handle(Object(Illuminate\\Http\\Request), Object(Closure))
#54 C:\\xampp\\htdocs\\evolucion2024\\vendor\\laravel\\framework\\src\\Illuminate\\Foundation\\Http\\Middleware\\ValidatePostSize.php(27): Illuminate\\Pipeline\\Pipeline->Illuminate\\Pipeline\\{closure}(Object(Illuminate\\Http\\Request))
#55 C:\\xampp\\htdocs\\evolucion2024\\vendor\\laravel\\framework\\src\\Illuminate\\Pipeline\\Pipeline.php(180): Illuminate\\Foundation\\Http\\Middleware\\ValidatePostSize->handle(Object(Illuminate\\Http\\Request), Object(Closure))
#56 C:\\xampp\\htdocs\\evolucion2024\\vendor\\laravel\\framework\\src\\Illuminate\\Foundation\\Http\\Middleware\\PreventRequestsDuringMaintenance.php(86): Illuminate\\Pipeline\\Pipeline->Illuminate\\Pipeline\\{closure}(Object(Illuminate\\Http\\Request))
#57 C:\\xampp\\htdocs\\evolucion2024\\vendor\\laravel\\framework\\src\\Illuminate\\Pipeline\\Pipeline.php(180): Illuminate\\Foundation\\Http\\Middleware\\PreventRequestsDuringMaintenance->handle(Object(Illuminate\\Http\\Request), Object(Closure))
#58 C:\\xampp\\htdocs\\evolucion2024\\vendor\\laravel\\framework\\src\\Illuminate\\Pipeline\\Pipeline.php(116): Illuminate\\Pipeline\\Pipeline->Illuminate\\Pipeline\\{closure}(Object(Illuminate\\Http\\Request))
#59 C:\\xampp\\htdocs\\evolucion2024\\vendor\\laravel\\framework\\src\\Illuminate\\Foundation\\Http\\Kernel.php(165): Illuminate\\Pipeline\\Pipeline->then(Object(Closure))
#60 C:\\xampp\\htdocs\\evolucion2024\\vendor\\laravel\\framework\\src\\Illuminate\\Foundation\\Http\\Kernel.php(134): Illuminate\\Foundation\\Http\\Kernel->sendRequestThroughRouter(Object(Illuminate\\Http\\Request))
#61 C:\\xampp\\htdocs\\evolucion2024\\public\\index.php(55): Illuminate\\Foundation\\Http\\Kernel->handle(Object(Illuminate\\Http\\Request))
#62 C:\\xampp\\htdocs\\evolucion2024\\server.php(21): require_once('C:\\\\xampp\\\\htdocs...')
#63 {main}
"} 
[2025-02-10 16:39:59] production.ERROR: Call to undefined function assets() {"view":{"view":"C:\\xampp\\htdocs\\evolucion2024\\resources\\views\\auth\\login.blade.php","data":{"errors":"<pre class=sf-dump id=sf-dump-1191374493 data-indent-pad=\"  \"><span class=sf-dump-note>Illuminate\\Support\\ViewErrorBag</span> {<a class=sf-dump-ref>#1542</a><samp data-depth=1 class=sf-dump-expanded>
  #<span class=sf-dump-protected title=\"Protected property\">bags</span>: []
</samp>}
</pre><script>Sfdump(\"sf-dump-1191374493\", {\"maxDepth\":3,\"maxStringLength\":160})</script>
"}},"exception":"[object] (Spatie\\LaravelIgnition\\Exceptions\\ViewException(code: 0): Call to undefined function assets() at C:\\xampp\\htdocs\\evolucion2024\\resources\\views\\auth\\login.blade.php:25)
[stacktrace]
#0 C:\\xampp\\htdocs\\evolucion2024\\vendor\\laravel\\framework\\src\\Illuminate\\Filesystem\\Filesystem.php(109): require()
#1 C:\\xampp\\htdocs\\evolucion2024\\vendor\\laravel\\framework\\src\\Illuminate\\Filesystem\\Filesystem.php(110): Illuminate\\Filesystem\\Filesystem::Illuminate\\Filesystem\\{closure}()
#2 C:\\xampp\\htdocs\\evolucion2024\\vendor\\laravel\\framework\\src\\Illuminate\\View\\Engines\\PhpEngine.php(58): Illuminate\\Filesystem\\Filesystem->getRequire('C:\\\\xampp\\\\htdocs...', Array)
#3 C:\\xampp\\htdocs\\evolucion2024\\vendor\\laravel\\framework\\src\\Illuminate\\View\\Engines\\CompilerEngine.php(70): Illuminate\\View\\Engines\\PhpEngine->evaluatePath('C:\\\\xampp\\\\htdocs...', Array)
#4 C:\\xampp\\htdocs\\evolucion2024\\vendor\\laravel\\framework\\src\\Illuminate\\View\\View.php(195): Illuminate\\View\\Engines\\CompilerEngine->get('C:\\\\xampp\\\\htdocs...', Array)
#5 C:\\xampp\\htdocs\\evolucion2024\\vendor\\laravel\\framework\\src\\Illuminate\\View\\View.php(178): Illuminate\\View\\View->getContents()
#6 C:\\xampp\\htdocs\\evolucion2024\\vendor\\laravel\\framework\\src\\Illuminate\\View\\View.php(147): Illuminate\\View\\View->renderContents()
#7 C:\\xampp\\htdocs\\evolucion2024\\vendor\\laravel\\framework\\src\\Illuminate\\Http\\Response.php(69): Illuminate\\View\\View->render()
#8 C:\\xampp\\htdocs\\evolucion2024\\vendor\\laravel\\framework\\src\\Illuminate\\Http\\Response.php(35): Illuminate\\Http\\Response->setContent(Object(Illuminate\\View\\View))
#9 C:\\xampp\\htdocs\\evolucion2024\\vendor\\laravel\\framework\\src\\Illuminate\\Routing\\Router.php(906): Illuminate\\Http\\Response->__construct(Object(Illuminate\\View\\View), 200, Array)
#10 C:\\xampp\\htdocs\\evolucion2024\\vendor\\laravel\\framework\\src\\Illuminate\\Routing\\Router.php(875): Illuminate\\Routing\\Router::toResponse(Object(Illuminate\\Http\\Request), Object(Illuminate\\View\\View))
#11 C:\\xampp\\htdocs\\evolucion2024\\vendor\\laravel\\framework\\src\\Illuminate\\Routing\\Router.php(798): Illuminate\\Routing\\Router->prepareResponse(Object(Illuminate\\Http\\Request), Object(Illuminate\\View\\View))
#12 C:\\xampp\\htdocs\\evolucion2024\\vendor\\laravel\\framework\\src\\Illuminate\\Pipeline\\Pipeline.php(141): Illuminate\\Routing\\Router->Illuminate\\Routing\\{closure}(Object(Illuminate\\Http\\Request))
#13 C:\\xampp\\htdocs\\evolucion2024\\vendor\\laravel\\framework\\src\\Illuminate\\Routing\\Middleware\\SubstituteBindings.php(50): Illuminate\\Pipeline\\Pipeline->Illuminate\\Pipeline\\{closure}(Object(Illuminate\\Http\\Request))
#14 C:\\xampp\\htdocs\\evolucion2024\\vendor\\laravel\\framework\\src\\Illuminate\\Pipeline\\Pipeline.php(180): Illuminate\\Routing\\Middleware\\SubstituteBindings->handle(Object(Illuminate\\Http\\Request), Object(Closure))
#15 C:\\xampp\\htdocs\\evolucion2024\\vendor\\laravel\\framework\\src\\Illuminate\\Foundation\\Http\\Middleware\\VerifyCsrfToken.php(78): Illuminate\\Pipeline\\Pipeline->Illuminate\\Pipeline\\{closure}(Object(Illuminate\\Http\\Request))
#16 C:\\xampp\\htdocs\\evolucion2024\\vendor\\laravel\\framework\\src\\Illuminate\\Pipeline\\Pipeline.php(180): Illuminate\\Foundation\\Http\\Middleware\\VerifyCsrfToken->handle(Object(Illuminate\\Http\\Request), Object(Closure))
#17 C:\\xampp\\htdocs\\evolucion2024\\vendor\\laravel\\framework\\src\\Illuminate\\View\\Middleware\\ShareErrorsFromSession.php(49): Illuminate\\Pipeline\\Pipeline->Illuminate\\Pipeline\\{closure}(Object(Illuminate\\Http\\Request))
#18 C:\\xampp\\htdocs\\evolucion2024\\vendor\\laravel\\framework\\src\\Illuminate\\Pipeline\\Pipeline.php(180): Illuminate\\View\\Middleware\\ShareErrorsFromSession->handle(Object(Illuminate\\Http\\Request), Object(Closure))
#19 C:\\xampp\\htdocs\\evolucion2024\\vendor\\laravel\\framework\\src\\Illuminate\\Session\\Middleware\\StartSession.php(121): Illuminate\\Pipeline\\Pipeline->Illuminate\\Pipeline\\{closure}(Object(Illuminate\\Http\\Request))
#20 C:\\xampp\\htdocs\\evolucion2024\\vendor\\laravel\\framework\\src\\Illuminate\\Session\\Middleware\\StartSession.php(64): Illuminate\\Session\\Middleware\\StartSession->handleStatefulRequest(Object(Illuminate\\Http\\Request), Object(Illuminate\\Session\\Store), Object(Closure))
#21 C:\\xampp\\htdocs\\evolucion2024\\vendor\\laravel\\framework\\src\\Illuminate\\Pipeline\\Pipeline.php(180): Illuminate\\Session\\Middleware\\StartSession->handle(Object(Illuminate\\Http\\Request), Object(Closure))
#22 C:\\xampp\\htdocs\\evolucion2024\\vendor\\laravel\\framework\\src\\Illuminate\\Cookie\\Middleware\\AddQueuedCookiesToResponse.php(37): Illuminate\\Pipeline\\Pipeline->Illuminate\\Pipeline\\{closure}(Object(Illuminate\\Http\\Request))
#23 C:\\xampp\\htdocs\\evolucion2024\\vendor\\laravel\\framework\\src\\Illuminate\\Pipeline\\Pipeline.php(180): Illuminate\\Cookie\\Middleware\\AddQueuedCookiesToResponse->handle(Object(Illuminate\\Http\\Request), Object(Closure))
#24 C:\\xampp\\htdocs\\evolucion2024\\vendor\\laravel\\framework\\src\\Illuminate\\Cookie\\Middleware\\EncryptCookies.php(67): Illuminate\\Pipeline\\Pipeline->Illuminate\\Pipeline\\{closure}(Object(Illuminate\\Http\\Request))
#25 C:\\xampp\\htdocs\\evolucion2024\\vendor\\laravel\\framework\\src\\Illuminate\\Pipeline\\Pipeline.php(180): Illuminate\\Cookie\\Middleware\\EncryptCookies->handle(Object(Illuminate\\Http\\Request), Object(Closure))
#26 C:\\xampp\\htdocs\\evolucion2024\\vendor\\laravel\\framework\\src\\Illuminate\\Pipeline\\Pipeline.php(116): Illuminate\\Pipeline\\Pipeline->Illuminate\\Pipeline\\{closure}(Object(Illuminate\\Http\\Request))
#27 C:\\xampp\\htdocs\\evolucion2024\\vendor\\laravel\\framework\\src\\Illuminate\\Routing\\Router.php(799): Illuminate\\Pipeline\\Pipeline->then(Object(Closure))
#28 C:\\xampp\\htdocs\\evolucion2024\\vendor\\laravel\\framework\\src\\Illuminate\\Routing\\Router.php(776): Illuminate\\Routing\\Router->runRouteWithinStack(Object(Illuminate\\Routing\\Route), Object(Illuminate\\Http\\Request))
#29 C:\\xampp\\htdocs\\evolucion2024\\vendor\\laravel\\framework\\src\\Illuminate\\Routing\\Router.php(740): Illuminate\\Routing\\Router->runRoute(Object(Illuminate\\Http\\Request), Object(Illuminate\\Routing\\Route))
#30 C:\\xampp\\htdocs\\evolucion2024\\vendor\\laravel\\framework\\src\\Illuminate\\Routing\\Router.php(729): Illuminate\\Routing\\Router->dispatchToRoute(Object(Illuminate\\Http\\Request))
#31 C:\\xampp\\htdocs\\evolucion2024\\vendor\\laravel\\framework\\src\\Illuminate\\Foundation\\Http\\Kernel.php(190): Illuminate\\Routing\\Router->dispatch(Object(Illuminate\\Http\\Request))
#32 C:\\xampp\\htdocs\\evolucion2024\\vendor\\laravel\\framework\\src\\Illuminate\\Pipeline\\Pipeline.php(141): Illuminate\\Foundation\\Http\\Kernel->Illuminate\\Foundation\\Http\\{closure}(Object(Illuminate\\Http\\Request))
#33 C:\\xampp\\htdocs\\evolucion2024\\vendor\\laravel\\framework\\src\\Illuminate\\Http\\Middleware\\TrustProxies.php(39): Illuminate\\Pipeline\\Pipeline->Illuminate\\Pipeline\\{closure}(Object(Illuminate\\Http\\Request))
#34 C:\\xampp\\htdocs\\evolucion2024\\vendor\\laravel\\framework\\src\\Illuminate\\Pipeline\\Pipeline.php(180): Illuminate\\Http\\Middleware\\TrustProxies->handle(Object(Illuminate\\Http\\Request), Object(Closure))
#35 C:\\xampp\\htdocs\\evolucion2024\\vendor\\laravel\\framework\\src\\Illuminate\\Foundation\\Http\\Middleware\\TransformsRequest.php(21): Illuminate\\Pipeline\\Pipeline->Illuminate\\Pipeline\\{closure}(Object(Illuminate\\Http\\Request))
#36 C:\\xampp\\htdocs\\evolucion2024\\vendor\\laravel\\framework\\src\\Illuminate\\Foundation\\Http\\Middleware\\ConvertEmptyStringsToNull.php(31): Illuminate\\Foundation\\Http\\Middleware\\TransformsRequest->handle(Object(Illuminate\\Http\\Request), Object(Closure))
#37 C:\\xampp\\htdocs\\evolucion2024\\vendor\\laravel\\framework\\src\\Illuminate\\Pipeline\\Pipeline.php(180): Illuminate\\Foundation\\Http\\Middleware\\ConvertEmptyStringsToNull->handle(Object(Illuminate\\Http\\Request), Object(Closure))
#38 C:\\xampp\\htdocs\\evolucion2024\\vendor\\laravel\\framework\\src\\Illuminate\\Foundation\\Http\\Middleware\\TransformsRequest.php(21): Illuminate\\Pipeline\\Pipeline->Illuminate\\Pipeline\\{closure}(Object(Illuminate\\Http\\Request))
#39 C:\\xampp\\htdocs\\evolucion2024\\vendor\\laravel\\framework\\src\\Illuminate\\Foundation\\Http\\Middleware\\TrimStrings.php(40): Illuminate\\Foundation\\Http\\Middleware\\TransformsRequest->handle(Object(Illuminate\\Http\\Request), Object(Closure))
#40 C:\\xampp\\htdocs\\evolucion2024\\vendor\\laravel\\framework\\src\\Illuminate\\Pipeline\\Pipeline.php(180): Illuminate\\Foundation\\Http\\Middleware\\TrimStrings->handle(Object(Illuminate\\Http\\Request), Object(Closure))
#41 C:\\xampp\\htdocs\\evolucion2024\\vendor\\laravel\\framework\\src\\Illuminate\\Foundation\\Http\\Middleware\\ValidatePostSize.php(27): Illuminate\\Pipeline\\Pipeline->Illuminate\\Pipeline\\{closure}(Object(Illuminate\\Http\\Request))
#42 C:\\xampp\\htdocs\\evolucion2024\\vendor\\laravel\\framework\\src\\Illuminate\\Pipeline\\Pipeline.php(180): Illuminate\\Foundation\\Http\\Middleware\\ValidatePostSize->handle(Object(Illuminate\\Http\\Request), Object(Closure))
#43 C:\\xampp\\htdocs\\evolucion2024\\vendor\\laravel\\framework\\src\\Illuminate\\Foundation\\Http\\Middleware\\PreventRequestsDuringMaintenance.php(86): Illuminate\\Pipeline\\Pipeline->Illuminate\\Pipeline\\{closure}(Object(Illuminate\\Http\\Request))
#44 C:\\xampp\\htdocs\\evolucion2024\\vendor\\laravel\\framework\\src\\Illuminate\\Pipeline\\Pipeline.php(180): Illuminate\\Foundation\\Http\\Middleware\\PreventRequestsDuringMaintenance->handle(Object(Illuminate\\Http\\Request), Object(Closure))
#45 C:\\xampp\\htdocs\\evolucion2024\\vendor\\laravel\\framework\\src\\Illuminate\\Pipeline\\Pipeline.php(116): Illuminate\\Pipeline\\Pipeline->Illuminate\\Pipeline\\{closure}(Object(Illuminate\\Http\\Request))
#46 C:\\xampp\\htdocs\\evolucion2024\\vendor\\laravel\\framework\\src\\Illuminate\\Foundation\\Http\\Kernel.php(165): Illuminate\\Pipeline\\Pipeline->then(Object(Closure))
#47 C:\\xampp\\htdocs\\evolucion2024\\vendor\\laravel\\framework\\src\\Illuminate\\Foundation\\Http\\Kernel.php(134): Illuminate\\Foundation\\Http\\Kernel->sendRequestThroughRouter(Object(Illuminate\\Http\\Request))
#48 C:\\xampp\\htdocs\\evolucion2024\\public\\index.php(55): Illuminate\\Foundation\\Http\\Kernel->handle(Object(Illuminate\\Http\\Request))
#49 C:\\xampp\\htdocs\\evolucion2024\\server.php(21): require_once('C:\\\\xampp\\\\htdocs...')
#50 {main}

[previous exception] [object] (Error(code: 0): Call to undefined function assets() at C:\\xampp\\htdocs\\evolucion2024\\storage\\framework\\views\\482b673c16112075a7a0aefd62503c5babd2d69a.php:23)
[stacktrace]
#0 C:\\xampp\\htdocs\\evolucion2024\\vendor\\laravel\\framework\\src\\Illuminate\\Filesystem\\Filesystem.php(109): require()
#1 C:\\xampp\\htdocs\\evolucion2024\\vendor\\laravel\\framework\\src\\Illuminate\\Filesystem\\Filesystem.php(110): Illuminate\\Filesystem\\Filesystem::Illuminate\\Filesystem\\{closure}()
#2 C:\\xampp\\htdocs\\evolucion2024\\vendor\\laravel\\framework\\src\\Illuminate\\View\\Engines\\PhpEngine.php(58): Illuminate\\Filesystem\\Filesystem->getRequire('C:\\\\xampp\\\\htdocs...', Array)
#3 C:\\xampp\\htdocs\\evolucion2024\\vendor\\laravel\\framework\\src\\Illuminate\\View\\Engines\\CompilerEngine.php(70): Illuminate\\View\\Engines\\PhpEngine->evaluatePath('C:\\\\xampp\\\\htdocs...', Array)
#4 C:\\xampp\\htdocs\\evolucion2024\\vendor\\laravel\\framework\\src\\Illuminate\\View\\View.php(195): Illuminate\\View\\Engines\\CompilerEngine->get('C:\\\\xampp\\\\htdocs...', Array)
#5 C:\\xampp\\htdocs\\evolucion2024\\vendor\\laravel\\framework\\src\\Illuminate\\View\\View.php(178): Illuminate\\View\\View->getContents()
#6 C:\\xampp\\htdocs\\evolucion2024\\vendor\\laravel\\framework\\src\\Illuminate\\View\\View.php(147): Illuminate\\View\\View->renderContents()
#7 C:\\xampp\\htdocs\\evolucion2024\\vendor\\laravel\\framework\\src\\Illuminate\\Http\\Response.php(69): Illuminate\\View\\View->render()
#8 C:\\xampp\\htdocs\\evolucion2024\\vendor\\laravel\\framework\\src\\Illuminate\\Http\\Response.php(35): Illuminate\\Http\\Response->setContent(Object(Illuminate\\View\\View))
#9 C:\\xampp\\htdocs\\evolucion2024\\vendor\\laravel\\framework\\src\\Illuminate\\Routing\\Router.php(906): Illuminate\\Http\\Response->__construct(Object(Illuminate\\View\\View), 200, Array)
#10 C:\\xampp\\htdocs\\evolucion2024\\vendor\\laravel\\framework\\src\\Illuminate\\Routing\\Router.php(875): Illuminate\\Routing\\Router::toResponse(Object(Illuminate\\Http\\Request), Object(Illuminate\\View\\View))
#11 C:\\xampp\\htdocs\\evolucion2024\\vendor\\laravel\\framework\\src\\Illuminate\\Routing\\Router.php(798): Illuminate\\Routing\\Router->prepareResponse(Object(Illuminate\\Http\\Request), Object(Illuminate\\View\\View))
#12 C:\\xampp\\htdocs\\evolucion2024\\vendor\\laravel\\framework\\src\\Illuminate\\Pipeline\\Pipeline.php(141): Illuminate\\Routing\\Router->Illuminate\\Routing\\{closure}(Object(Illuminate\\Http\\Request))
#13 C:\\xampp\\htdocs\\evolucion2024\\vendor\\laravel\\framework\\src\\Illuminate\\Routing\\Middleware\\SubstituteBindings.php(50): Illuminate\\Pipeline\\Pipeline->Illuminate\\Pipeline\\{closure}(Object(Illuminate\\Http\\Request))
#14 C:\\xampp\\htdocs\\evolucion2024\\vendor\\laravel\\framework\\src\\Illuminate\\Pipeline\\Pipeline.php(180): Illuminate\\Routing\\Middleware\\SubstituteBindings->handle(Object(Illuminate\\Http\\Request), Object(Closure))
#15 C:\\xampp\\htdocs\\evolucion2024\\vendor\\laravel\\framework\\src\\Illuminate\\Foundation\\Http\\Middleware\\VerifyCsrfToken.php(78): Illuminate\\Pipeline\\Pipeline->Illuminate\\Pipeline\\{closure}(Object(Illuminate\\Http\\Request))
#16 C:\\xampp\\htdocs\\evolucion2024\\vendor\\laravel\\framework\\src\\Illuminate\\Pipeline\\Pipeline.php(180): Illuminate\\Foundation\\Http\\Middleware\\VerifyCsrfToken->handle(Object(Illuminate\\Http\\Request), Object(Closure))
#17 C:\\xampp\\htdocs\\evolucion2024\\vendor\\laravel\\framework\\src\\Illuminate\\View\\Middleware\\ShareErrorsFromSession.php(49): Illuminate\\Pipeline\\Pipeline->Illuminate\\Pipeline\\{closure}(Object(Illuminate\\Http\\Request))
#18 C:\\xampp\\htdocs\\evolucion2024\\vendor\\laravel\\framework\\src\\Illuminate\\Pipeline\\Pipeline.php(180): Illuminate\\View\\Middleware\\ShareErrorsFromSession->handle(Object(Illuminate\\Http\\Request), Object(Closure))
#19 C:\\xampp\\htdocs\\evolucion2024\\vendor\\laravel\\framework\\src\\Illuminate\\Session\\Middleware\\StartSession.php(121): Illuminate\\Pipeline\\Pipeline->Illuminate\\Pipeline\\{closure}(Object(Illuminate\\Http\\Request))
#20 C:\\xampp\\htdocs\\evolucion2024\\vendor\\laravel\\framework\\src\\Illuminate\\Session\\Middleware\\StartSession.php(64): Illuminate\\Session\\Middleware\\StartSession->handleStatefulRequest(Object(Illuminate\\Http\\Request), Object(Illuminate\\Session\\Store), Object(Closure))
#21 C:\\xampp\\htdocs\\evolucion2024\\vendor\\laravel\\framework\\src\\Illuminate\\Pipeline\\Pipeline.php(180): Illuminate\\Session\\Middleware\\StartSession->handle(Object(Illuminate\\Http\\Request), Object(Closure))
#22 C:\\xampp\\htdocs\\evolucion2024\\vendor\\laravel\\framework\\src\\Illuminate\\Cookie\\Middleware\\AddQueuedCookiesToResponse.php(37): Illuminate\\Pipeline\\Pipeline->Illuminate\\Pipeline\\{closure}(Object(Illuminate\\Http\\Request))
#23 C:\\xampp\\htdocs\\evolucion2024\\vendor\\laravel\\framework\\src\\Illuminate\\Pipeline\\Pipeline.php(180): Illuminate\\Cookie\\Middleware\\AddQueuedCookiesToResponse->handle(Object(Illuminate\\Http\\Request), Object(Closure))
#24 C:\\xampp\\htdocs\\evolucion2024\\vendor\\laravel\\framework\\src\\Illuminate\\Cookie\\Middleware\\EncryptCookies.php(67): Illuminate\\Pipeline\\Pipeline->Illuminate\\Pipeline\\{closure}(Object(Illuminate\\Http\\Request))
#25 C:\\xampp\\htdocs\\evolucion2024\\vendor\\laravel\\framework\\src\\Illuminate\\Pipeline\\Pipeline.php(180): Illuminate\\Cookie\\Middleware\\EncryptCookies->handle(Object(Illuminate\\Http\\Request), Object(Closure))
#26 C:\\xampp\\htdocs\\evolucion2024\\vendor\\laravel\\framework\\src\\Illuminate\\Pipeline\\Pipeline.php(116): Illuminate\\Pipeline\\Pipeline->Illuminate\\Pipeline\\{closure}(Object(Illuminate\\Http\\Request))
#27 C:\\xampp\\htdocs\\evolucion2024\\vendor\\laravel\\framework\\src\\Illuminate\\Routing\\Router.php(799): Illuminate\\Pipeline\\Pipeline->then(Object(Closure))
#28 C:\\xampp\\htdocs\\evolucion2024\\vendor\\laravel\\framework\\src\\Illuminate\\Routing\\Router.php(776): Illuminate\\Routing\\Router->runRouteWithinStack(Object(Illuminate\\Routing\\Route), Object(Illuminate\\Http\\Request))
#29 C:\\xampp\\htdocs\\evolucion2024\\vendor\\laravel\\framework\\src\\Illuminate\\Routing\\Router.php(740): Illuminate\\Routing\\Router->runRoute(Object(Illuminate\\Http\\Request), Object(Illuminate\\Routing\\Route))
#30 C:\\xampp\\htdocs\\evolucion2024\\vendor\\laravel\\framework\\src\\Illuminate\\Routing\\Router.php(729): Illuminate\\Routing\\Router->dispatchToRoute(Object(Illuminate\\Http\\Request))
#31 C:\\xampp\\htdocs\\evolucion2024\\vendor\\laravel\\framework\\src\\Illuminate\\Foundation\\Http\\Kernel.php(190): Illuminate\\Routing\\Router->dispatch(Object(Illuminate\\Http\\Request))
#32 C:\\xampp\\htdocs\\evolucion2024\\vendor\\laravel\\framework\\src\\Illuminate\\Pipeline\\Pipeline.php(141): Illuminate\\Foundation\\Http\\Kernel->Illuminate\\Foundation\\Http\\{closure}(Object(Illuminate\\Http\\Request))
#33 C:\\xampp\\htdocs\\evolucion2024\\vendor\\laravel\\framework\\src\\Illuminate\\Http\\Middleware\\TrustProxies.php(39): Illuminate\\Pipeline\\Pipeline->Illuminate\\Pipeline\\{closure}(Object(Illuminate\\Http\\Request))
#34 C:\\xampp\\htdocs\\evolucion2024\\vendor\\laravel\\framework\\src\\Illuminate\\Pipeline\\Pipeline.php(180): Illuminate\\Http\\Middleware\\TrustProxies->handle(Object(Illuminate\\Http\\Request), Object(Closure))
#35 C:\\xampp\\htdocs\\evolucion2024\\vendor\\laravel\\framework\\src\\Illuminate\\Foundation\\Http\\Middleware\\TransformsRequest.php(21): Illuminate\\Pipeline\\Pipeline->Illuminate\\Pipeline\\{closure}(Object(Illuminate\\Http\\Request))
#36 C:\\xampp\\htdocs\\evolucion2024\\vendor\\laravel\\framework\\src\\Illuminate\\Foundation\\Http\\Middleware\\ConvertEmptyStringsToNull.php(31): Illuminate\\Foundation\\Http\\Middleware\\TransformsRequest->handle(Object(Illuminate\\Http\\Request), Object(Closure))
#37 C:\\xampp\\htdocs\\evolucion2024\\vendor\\laravel\\framework\\src\\Illuminate\\Pipeline\\Pipeline.php(180): Illuminate\\Foundation\\Http\\Middleware\\ConvertEmptyStringsToNull->handle(Object(Illuminate\\Http\\Request), Object(Closure))
#38 C:\\xampp\\htdocs\\evolucion2024\\vendor\\laravel\\framework\\src\\Illuminate\\Foundation\\Http\\Middleware\\TransformsRequest.php(21): Illuminate\\Pipeline\\Pipeline->Illuminate\\Pipeline\\{closure}(Object(Illuminate\\Http\\Request))
#39 C:\\xampp\\htdocs\\evolucion2024\\vendor\\laravel\\framework\\src\\Illuminate\\Foundation\\Http\\Middleware\\TrimStrings.php(40): Illuminate\\Foundation\\Http\\Middleware\\TransformsRequest->handle(Object(Illuminate\\Http\\Request), Object(Closure))
#40 C:\\xampp\\htdocs\\evolucion2024\\vendor\\laravel\\framework\\src\\Illuminate\\Pipeline\\Pipeline.php(180): Illuminate\\Foundation\\Http\\Middleware\\TrimStrings->handle(Object(Illuminate\\Http\\Request), Object(Closure))
#41 C:\\xampp\\htdocs\\evolucion2024\\vendor\\laravel\\framework\\src\\Illuminate\\Foundation\\Http\\Middleware\\ValidatePostSize.php(27): Illuminate\\Pipeline\\Pipeline->Illuminate\\Pipeline\\{closure}(Object(Illuminate\\Http\\Request))
#42 C:\\xampp\\htdocs\\evolucion2024\\vendor\\laravel\\framework\\src\\Illuminate\\Pipeline\\Pipeline.php(180): Illuminate\\Foundation\\Http\\Middleware\\ValidatePostSize->handle(Object(Illuminate\\Http\\Request), Object(Closure))
#43 C:\\xampp\\htdocs\\evolucion2024\\vendor\\laravel\\framework\\src\\Illuminate\\Foundation\\Http\\Middleware\\PreventRequestsDuringMaintenance.php(86): Illuminate\\Pipeline\\Pipeline->Illuminate\\Pipeline\\{closure}(Object(Illuminate\\Http\\Request))
#44 C:\\xampp\\htdocs\\evolucion2024\\vendor\\laravel\\framework\\src\\Illuminate\\Pipeline\\Pipeline.php(180): Illuminate\\Foundation\\Http\\Middleware\\PreventRequestsDuringMaintenance->handle(Object(Illuminate\\Http\\Request), Object(Closure))
#45 C:\\xampp\\htdocs\\evolucion2024\\vendor\\laravel\\framework\\src\\Illuminate\\Pipeline\\Pipeline.php(116): Illuminate\\Pipeline\\Pipeline->Illuminate\\Pipeline\\{closure}(Object(Illuminate\\Http\\Request))
#46 C:\\xampp\\htdocs\\evolucion2024\\vendor\\laravel\\framework\\src\\Illuminate\\Foundation\\Http\\Kernel.php(165): Illuminate\\Pipeline\\Pipeline->then(Object(Closure))
#47 C:\\xampp\\htdocs\\evolucion2024\\vendor\\laravel\\framework\\src\\Illuminate\\Foundation\\Http\\Kernel.php(134): Illuminate\\Foundation\\Http\\Kernel->sendRequestThroughRouter(Object(Illuminate\\Http\\Request))
#48 C:\\xampp\\htdocs\\evolucion2024\\public\\index.php(55): Illuminate\\Foundation\\Http\\Kernel->handle(Object(Illuminate\\Http\\Request))
#49 C:\\xampp\\htdocs\\evolucion2024\\server.php(21): require_once('C:\\\\xampp\\\\htdocs...')
#50 {main}
"} 
[2025-02-10 19:08:28] production.ERROR: Undefined property: stdClass::$admin {"view":{"view":"C:\\xampp\\htdocs\\evolucion2024\\resources\\views\\admin\\usuarios.blade.php","data":{"errors":"<pre class=sf-dump id=sf-dump-446690822 data-indent-pad=\"  \"><span class=sf-dump-note>Illuminate\\Support\\ViewErrorBag</span> {<a class=sf-dump-ref>#1579</a><samp data-depth=1 class=sf-dump-expanded>
  #<span class=sf-dump-protected title=\"Protected property\">bags</span>: []
</samp>}
</pre><script>Sfdump(\"sf-dump-446690822\", {\"maxDepth\":3,\"maxStringLength\":160})</script>
","users":"<pre class=sf-dump id=sf-dump-386446917 data-indent-pad=\"  \"><span class=sf-dump-note>Illuminate\\Support\\Collection</span> {<a class=sf-dump-ref>#1608</a><samp data-depth=1 class=sf-dump-expanded>
  #<span class=sf-dump-protected title=\"Protected property\">items</span>: <span class=sf-dump-note>array:381</span> [<samp data-depth=2 class=sf-dump-compact>
    <span class=sf-dump-index>0</span> => {<a class=sf-dump-ref>#1613</a><samp data-depth=3 class=sf-dump-compact>
      +\"<span class=sf-dump-public title=\"Runtime added dynamic property\">id</span>\": <span class=sf-dump-num>1</span>
      +\"<span class=sf-dump-public title=\"Runtime added dynamic property\">firstname</span>\": \"<span class=sf-dump-str title=\"6 characters\">manuel</span>\"
      +\"<span class=sf-dump-public title=\"Runtime added dynamic property\">lastname</span>\": \"<span class=sf-dump-str title=\"10 characters\">castrillon</span>\"
      +\"<span class=sf-dump-public title=\"Runtime added dynamic property\">username</span>\": \"<span class=sf-dump-str title=\"19 characters\">manuel@evolucion.co</span>\"
      +\"<span class=sf-dump-public title=\"Runtime added dynamic property\">email</span>\": \"<span class=sf-dump-str title=\"19 characters\">manuel@evolucion.co</span>\"
      +\"<span class=sf-dump-public title=\"Runtime added dynamic property\">level</span>\": <span class=sf-dump-num>0</span>
      +\"<span class=sf-dump-public title=\"Runtime added dynamic property\">s_point</span>\": \"<span class=sf-dump-str title=\"17 characters\">25.00000000000000</span>\"
      +\"<span class=sf-dump-public title=\"Runtime added dynamic property\">i_point</span>\": <span class=sf-dump-num>10</span>
      +\"<span class=sf-dump-public title=\"Runtime added dynamic property\">g_point</span>\": <span class=sf-dump-num>0</span>
      +\"<span class=sf-dump-public title=\"Runtime added dynamic property\">created_at</span>\": \"<span class=sf-dump-str title=\"19 characters\">2020-04-08 12:58:09</span>\"
      +\"<span class=sf-dump-public title=\"Runtime added dynamic property\">estado</span>\": <span class=sf-dump-num>1</span>
      +\"<span class=sf-dump-public title=\"Runtime added dynamic property\">descrip</span>\": \"<span class=sf-dump-str title=\"7 characters\">Default</span>\"
    </samp>}
    <span class=sf-dump-index>1</span> => {<a class=sf-dump-ref>#1609</a><samp data-depth=3 class=sf-dump-compact>
      +\"<span class=sf-dump-public title=\"Runtime added dynamic property\">id</span>\": <span class=sf-dump-num>215</span>
      +\"<span class=sf-dump-public title=\"Runtime added dynamic property\">firstname</span>\": \"<span class=sf-dump-str title=\"19 characters\">MANUEL - ESTUDIANTE</span>\"
      +\"<span class=sf-dump-public title=\"Runtime added dynamic property\">lastname</span>\": \"<span class=sf-dump-str title=\"10 characters\">CASTRILLON</span>\"
      +\"<span class=sf-dump-public title=\"Runtime added dynamic property\">username</span>\": \"<span class=sf-dump-str title=\"13 characters\">mcastrillon82</span>\"
      +\"<span class=sf-dump-public title=\"Runtime added dynamic property\">email</span>\": \"<span class=sf-dump-str title=\"25 characters\">ma_castrillon@hotmail.com</span>\"
      +\"<span class=sf-dump-public title=\"Runtime added dynamic property\">level</span>\": <span class=sf-dump-num>0</span>
      +\"<span class=sf-dump-public title=\"Runtime added dynamic property\">s_point</span>\": \"<span class=sf-dump-str title=\"18 characters\">348.00000000000000</span>\"
      +\"<span class=sf-dump-public title=\"Runtime added dynamic property\">i_point</span>\": <span class=sf-dump-num>220</span>
      +\"<span class=sf-dump-public title=\"Runtime added dynamic property\">g_point</span>\": <span class=sf-dump-num>45</span>
      +\"<span class=sf-dump-public title=\"Runtime added dynamic property\">created_at</span>\": \"<span class=sf-dump-str title=\"19 characters\">2023-01-31 09:28:09</span>\"
      +\"<span class=sf-dump-public title=\"Runtime added dynamic property\">estado</span>\": <span class=sf-dump-num>1</span>
      +\"<span class=sf-dump-public title=\"Runtime added dynamic property\">descrip</span>\": \"<span class=sf-dump-str title=\"7 characters\">Default</span>\"
    </samp>}
    <span class=sf-dump-index>2</span> => {<a class=sf-dump-ref>#1617</a><samp data-depth=3 class=sf-dump-compact>
      +\"<span class=sf-dump-public title=\"Runtime added dynamic property\">id</span>\": <span class=sf-dump-num>221</span>
      +\"<span class=sf-dump-public title=\"Runtime added dynamic property\">firstname</span>\": \"<span class=sf-dump-str title=\"16 characters\">WILLIAM HUMBERTO</span>\"
      +\"<span class=sf-dump-public title=\"Runtime added dynamic property\">lastname</span>\": \"<span class=sf-dump-str title=\"15 characters\">TORRES GONZALEZ</span>\"
      +\"<span class=sf-dump-public title=\"Runtime added dynamic property\">username</span>\": \"<span class=sf-dump-str title=\"16 characters\">wtorres@rbsas.co</span>\"
      +\"<span class=sf-dump-public title=\"Runtime added dynamic property\">email</span>\": \"<span class=sf-dump-str title=\"16 characters\">wtorres@rbsas.co</span>\"
      +\"<span class=sf-dump-public title=\"Runtime added dynamic property\">level</span>\": <span class=sf-dump-num>0</span>
      +\"<span class=sf-dump-public title=\"Runtime added dynamic property\">s_point</span>\": \"<span class=sf-dump-str title=\"16 characters\">0.00000000000000</span>\"
      +\"<span class=sf-dump-public title=\"Runtime added dynamic property\">i_point</span>\": <span class=sf-dump-num>0</span>
      +\"<span class=sf-dump-public title=\"Runtime added dynamic property\">g_point</span>\": <span class=sf-dump-num>0</span>
      +\"<span class=sf-dump-public title=\"Runtime added dynamic property\">created_at</span>\": \"<span class=sf-dump-str title=\"19 characters\">2023-04-27 09:17:10</span>\"
      +\"<span class=sf-dump-public title=\"Runtime added dynamic property\">estado</span>\": <span class=sf-dump-num>0</span>
      +\"<span class=sf-dump-public title=\"Runtime added dynamic property\">descrip</span>\": \"<span class=sf-dump-str title=\"3 characters\">RB1</span>\"
    </samp>}
    <span class=sf-dump-index>3</span> => {<a class=sf-dump-ref>#1615</a><samp data-depth=3 class=sf-dump-compact>
      +\"<span class=sf-dump-public title=\"Runtime added dynamic property\">id</span>\": <span class=sf-dump-num>222</span>
      +\"<span class=sf-dump-public title=\"Runtime added dynamic property\">firstname</span>\": \"<span class=sf-dump-str title=\"12 characters\">NINI VALERIA</span>\"
      +\"<span class=sf-dump-public title=\"Runtime added dynamic property\">lastname</span>\": \"<span class=sf-dump-str title=\"14 characters\">HERNANDEZ PAEZ</span>\"
      +\"<span class=sf-dump-public title=\"Runtime added dynamic property\">username</span>\": \"<span class=sf-dump-str title=\"19 characters\">nhernandez@rbsas.co</span>\"
      +\"<span class=sf-dump-public title=\"Runtime added dynamic property\">email</span>\": \"<span class=sf-dump-str title=\"19 characters\">nhernandez@rbsas.co</span>\"
      +\"<span class=sf-dump-public title=\"Runtime added dynamic property\">level</span>\": <span class=sf-dump-num>0</span>
      +\"<span class=sf-dump-public title=\"Runtime added dynamic property\">s_point</span>\": \"<span class=sf-dump-str title=\"18 characters\">298.00000000000000</span>\"
      +\"<span class=sf-dump-public title=\"Runtime added dynamic property\">i_point</span>\": <span class=sf-dump-num>280</span>
      +\"<span class=sf-dump-public title=\"Runtime added dynamic property\">g_point</span>\": <span class=sf-dump-num>45</span>
      +\"<span class=sf-dump-public title=\"Runtime added dynamic property\">created_at</span>\": \"<span class=sf-dump-str title=\"19 characters\">2023-04-27 09:17:10</span>\"
      +\"<span class=sf-dump-public title=\"Runtime added dynamic property\">estado</span>\": <span class=sf-dump-num>0</span>
      +\"<span class=sf-dump-public title=\"Runtime added dynamic property\">descrip</span>\": \"<span class=sf-dump-str title=\"3 characters\">RB1</span>\"
    </samp>}
    <span class=sf-dump-index>4</span> => {<a class=sf-dump-ref>#1607</a><samp data-depth=3 class=sf-dump-compact>
      +\"<span class=sf-dump-public title=\"Runtime added dynamic property\">id</span>\": <span class=sf-dump-num>223</span>
      +\"<span class=sf-dump-public title=\"Runtime added dynamic property\">firstname</span>\": \"<span class=sf-dump-str title=\"12 characters\">PAOLA ANDREA</span>\"
      +\"<span class=sf-dump-public title=\"Runtime added dynamic property\">lastname</span>\": \"<span class=sf-dump-str title=\"15 characters\">ALDANA BRICENIO</span>\"
      +\"<span class=sf-dump-public title=\"Runtime added dynamic property\">username</span>\": \"<span class=sf-dump-str title=\"16 characters\">paldana@rbsas.co</span>\"
      +\"<span class=sf-dump-public title=\"Runtime added dynamic property\">email</span>\": \"<span class=sf-dump-str title=\"16 characters\">paldana@rbsas.co</span>\"
      +\"<span class=sf-dump-public title=\"Runtime added dynamic property\">level</span>\": <span class=sf-dump-num>0</span>
      +\"<span class=sf-dump-public title=\"Runtime added dynamic property\">s_point</span>\": \"<span class=sf-dump-str title=\"18 characters\">397.00000000000000</span>\"
      +\"<span class=sf-dump-public title=\"Runtime added dynamic property\">i_point</span>\": <span class=sf-dump-num>340</span>
      +\"<span class=sf-dump-public title=\"Runtime added dynamic property\">g_point</span>\": <span class=sf-dump-num>60</span>
      +\"<span class=sf-dump-public title=\"Runtime added dynamic property\">created_at</span>\": \"<span class=sf-dump-str title=\"19 characters\">2023-04-27 09:17:10</span>\"
      +\"<span class=sf-dump-public title=\"Runtime added dynamic property\">estado</span>\": <span class=sf-dump-num>0</span>
      +\"<span class=sf-dump-public title=\"Runtime added dynamic property\">descrip</span>\": \"<span class=sf-dump-str title=\"3 characters\">RB1</span>\"
    </samp>}
    <span class=sf-dump-index>5</span> => {<a class=sf-dump-ref>#1618</a><samp data-depth=3 class=sf-dump-compact>
      +\"<span class=sf-dump-public title=\"Runtime added dynamic property\">id</span>\": <span class=sf-dump-num>224</span>
      +\"<span class=sf-dump-public title=\"Runtime added dynamic property\">firstname</span>\": \"<span class=sf-dump-str title=\"15 characters\">SANDRA PATRICIA</span>\"
      +\"<span class=sf-dump-public title=\"Runtime added dynamic property\">lastname</span>\": \"<span class=sf-dump-str title=\"11 characters\">RUIZ OVIEDO</span>\"
      +\"<span class=sf-dump-public title=\"Runtime added dynamic property\">username</span>\": \"<span class=sf-dump-str title=\"15 characters\">spruiz@rbsas.co</span>\"
      +\"<span class=sf-dump-public title=\"Runtime added dynamic property\">email</span>\": \"<span class=sf-dump-str title=\"15 characters\">spruiz@rbsas.co</span>\"
      +\"<span class=sf-dump-public title=\"Runtime added dynamic property\">level</span>\": <span class=sf-dump-num>0</span>
      +\"<span class=sf-dump-public title=\"Runtime added dynamic property\">s_point</span>\": \"<span class=sf-dump-str title=\"18 characters\">398.00000000000000</span>\"
      +\"<span class=sf-dump-public title=\"Runtime added dynamic property\">i_point</span>\": <span class=sf-dump-num>340</span>
      +\"<span class=sf-dump-public title=\"Runtime added dynamic property\">g_point</span>\": <span class=sf-dump-num>60</span>
      +\"<span class=sf-dump-public title=\"Runtime added dynamic property\">created_at</span>\": \"<span class=sf-dump-str title=\"19 characters\">2023-04-27 09:17:10</span>\"
      +\"<span class=sf-dump-public title=\"Runtime added dynamic property\">estado</span>\": <span class=sf-dump-num>0</span>
      +\"<span class=sf-dump-public title=\"Runtime added dynamic property\">descrip</span>\": \"<span class=sf-dump-str title=\"3 characters\">RB1</span>\"
    </samp>}
    <span class=sf-dump-index>6</span> => {<a class=sf-dump-ref>#1616</a><samp data-depth=3 class=sf-dump-compact>
      +\"<span class=sf-dump-public title=\"Runtime added dynamic property\">id</span>\": <span class=sf-dump-num>225</span>
      +\"<span class=sf-dump-public title=\"Runtime added dynamic property\">firstname</span>\": \"<span class=sf-dump-str title=\"9 characters\">SEBASTIAN</span>\"
      +\"<span class=sf-dump-public title=\"Runtime added dynamic property\">lastname</span>\": \"<span class=sf-dump-str title=\"18 characters\">RODRIGUEZ VILLALBA</span>\"
      +\"<span class=sf-dump-public title=\"Runtime added dynamic property\">username</span>\": \"<span class=sf-dump-str title=\"19 characters\">srodriguez@rbsas.co</span>\"
      +\"<span class=sf-dump-public title=\"Runtime added dynamic property\">email</span>\": \"<span class=sf-dump-str title=\"19 characters\">srodriguez@rbsas.co</span>\"
      +\"<span class=sf-dump-public title=\"Runtime added dynamic property\">level</span>\": <span class=sf-dump-num>0</span>
      +\"<span class=sf-dump-public title=\"Runtime added dynamic property\">s_point</span>\": \"<span class=sf-dump-str title=\"18 characters\">161.00000000000000</span>\"
      +\"<span class=sf-dump-public title=\"Runtime added dynamic property\">i_point</span>\": <span class=sf-dump-num>90</span>
      +\"<span class=sf-dump-public title=\"Runtime added dynamic property\">g_point</span>\": <span class=sf-dump-num>0</span>
      +\"<span class=sf-dump-public title=\"Runtime added dynamic property\">created_at</span>\": \"<span class=sf-dump-str title=\"19 characters\">2023-04-27 09:17:10</span>\"
      +\"<span class=sf-dump-public title=\"Runtime added dynamic property\">estado</span>\": <span class=sf-dump-num>0</span>
      +\"<span class=sf-dump-public title=\"Runtime added dynamic property\">descrip</span>\": \"<span class=sf-dump-str title=\"3 characters\">RB1</span>\"
    </samp>}
    <span class=sf-dump-index>7</span> => {<a class=sf-dump-ref>#1620</a><samp data-depth=3 class=sf-dump-compact>
      +\"<span class=sf-dump-public title=\"Runtime added dynamic property\">id</span>\": <span class=sf-dump-num>226</span>
      +\"<span class=sf-dump-public title=\"Runtime added dynamic property\">firstname</span>\": \"<span class=sf-dump-str title=\"10 characters\">EDNA MARIA</span>\"
      +\"<span class=sf-dump-public title=\"Runtime added dynamic property\">lastname</span>\": \"<span class=sf-dump-str title=\"14 characters\">ASENCIO ROMERO</span>\"
      +\"<span class=sf-dump-public title=\"Runtime added dynamic property\">username</span>\": \"<span class=sf-dump-str title=\"17 characters\">easencio@rbsas.co</span>\"
      +\"<span class=sf-dump-public title=\"Runtime added dynamic property\">email</span>\": \"<span class=sf-dump-str title=\"17 characters\">easencio@rbsas.co</span>\"
      +\"<span class=sf-dump-public title=\"Runtime added dynamic property\">level</span>\": <span class=sf-dump-num>0</span>
      +\"<span class=sf-dump-public title=\"Runtime added dynamic property\">s_point</span>\": \"<span class=sf-dump-str title=\"18 characters\">398.00000000000000</span>\"
      +\"<span class=sf-dump-public title=\"Runtime added dynamic property\">i_point</span>\": <span class=sf-dump-num>340</span>
      +\"<span class=sf-dump-public title=\"Runtime added dynamic property\">g_point</span>\": <span class=sf-dump-num>60</span>
      +\"<span class=sf-dump-public title=\"Runtime added dynamic property\">created_at</span>\": \"<span class=sf-dump-str title=\"19 characters\">2023-04-27 09:17:10</span>\"
      +\"<span class=sf-dump-public title=\"Runtime added dynamic property\">estado</span>\": <span class=sf-dump-num>0</span>
      +\"<span class=sf-dump-public title=\"Runtime added dynamic property\">descrip</span>\": \"<span class=sf-dump-str title=\"3 characters\">RB1</span>\"
    </samp>}
    <span class=sf-dump-index>8</span> => {<a class=sf-dump-ref>#1621</a><samp data-depth=3 class=sf-dump-compact>
      +\"<span class=sf-dump-public title=\"Runtime added dynamic property\">id</span>\": <span class=sf-dump-num>227</span>
      +\"<span class=sf-dump-public title=\"Runtime added dynamic property\">firstname</span>\": \"<span class=sf-dump-str title=\"14 characters\">GUSTAVO ADOLFO</span>\"
      +\"<span class=sf-dump-public title=\"Runtime added dynamic property\">lastname</span>\": \"<span class=sf-dump-str title=\"8 characters\">GONZALEZ</span>\"
      +\"<span class=sf-dump-public title=\"Runtime added dynamic property\">username</span>\": \"<span class=sf-dump-str title=\"18 characters\">ggonzalez@rbsas.co</span>\"
      +\"<span class=sf-dump-public title=\"Runtime added dynamic property\">email</span>\": \"<span class=sf-dump-str title=\"18 characters\">ggonzalez@rbsas.co</span>\"
      +\"<span class=sf-dump-public title=\"Runtime added dynamic property\">level</span>\": <span class=sf-dump-num>0</span>
      +\"<span class=sf-dump-public title=\"Runtime added dynamic property\">s_point</span>\": \"<span class=sf-dump-str title=\"18 characters\">364.00000000000000</span>\"
      +\"<span class=sf-dump-public title=\"Runtime added dynamic property\">i_point</span>\": <span class=sf-dump-num>320</span>
      +\"<span class=sf-dump-public title=\"Runtime added dynamic property\">g_point</span>\": <span class=sf-dump-num>45</span>
      +\"<span class=sf-dump-public title=\"Runtime added dynamic property\">created_at</span>\": \"<span class=sf-dump-str title=\"19 characters\">2023-04-27 09:17:10</span>\"
      +\"<span class=sf-dump-public title=\"Runtime added dynamic property\">estado</span>\": <span class=sf-dump-num>0</span>
      +\"<span class=sf-dump-public title=\"Runtime added dynamic property\">descrip</span>\": \"<span class=sf-dump-str title=\"3 characters\">RB1</span>\"
    </samp>}
    <span class=sf-dump-index>9</span> => {<a class=sf-dump-ref>#1619</a><samp data-depth=3 class=sf-dump-compact>
      +\"<span class=sf-dump-public title=\"Runtime added dynamic property\">id</span>\": <span class=sf-dump-num>228</span>
      +\"<span class=sf-dump-public title=\"Runtime added dynamic property\">firstname</span>\": \"<span class=sf-dump-str title=\"15 characters\">DUVER SEBASTIAN</span>\"
      +\"<span class=sf-dump-public title=\"Runtime added dynamic property\">lastname</span>\": \"<span class=sf-dump-str title=\"14 characters\">GARZON PUERTAS</span>\"
      +\"<span class=sf-dump-public title=\"Runtime added dynamic property\">username</span>\": \"<span class=sf-dump-str title=\"16 characters\">sgarzon@rbsas.co</span>\"
      +\"<span class=sf-dump-public title=\"Runtime added dynamic property\">email</span>\": \"<span class=sf-dump-str title=\"16 characters\">sgarzon@rbsas.co</span>\"
      +\"<span class=sf-dump-public title=\"Runtime added dynamic property\">level</span>\": <span class=sf-dump-num>0</span>
      +\"<span class=sf-dump-public title=\"Runtime added dynamic property\">s_point</span>\": \"<span class=sf-dump-str title=\"18 characters\">430.00000000000000</span>\"
      +\"<span class=sf-dump-public title=\"Runtime added dynamic property\">i_point</span>\": <span class=sf-dump-num>380</span>
      +\"<span class=sf-dump-public title=\"Runtime added dynamic property\">g_point</span>\": <span class=sf-dump-num>60</span>
      +\"<span class=sf-dump-public title=\"Runtime added dynamic property\">created_at</span>\": \"<span class=sf-dump-str title=\"19 characters\">2023-04-27 09:17:10</span>\"
      +\"<span class=sf-dump-public title=\"Runtime added dynamic property\">estado</span>\": <span class=sf-dump-num>0</span>
      +\"<span class=sf-dump-public title=\"Runtime added dynamic property\">descrip</span>\": \"<span class=sf-dump-str title=\"3 characters\">RB1</span>\"
    </samp>}
    <span class=sf-dump-index>10</span> => {<a class=sf-dump-ref>#1622</a><samp data-depth=3 class=sf-dump-compact>
      +\"<span class=sf-dump-public title=\"Runtime added dynamic property\">id</span>\": <span class=sf-dump-num>229</span>
      +\"<span class=sf-dump-public title=\"Runtime added dynamic property\">firstname</span>\": \"<span class=sf-dump-str title=\"13 characters\">LEIDY NATHALY</span>\"
      +\"<span class=sf-dump-public title=\"Runtime added dynamic property\">lastname</span>\": \"<span class=sf-dump-str title=\"11 characters\">CORTES LEAL</span>\"
      +\"<span class=sf-dump-public title=\"Runtime added dynamic property\">username</span>\": \"<span class=sf-dump-str title=\"17 characters\">lncortes@rbsas.co</span>\"
      +\"<span class=sf-dump-public title=\"Runtime added dynamic property\">email</span>\": \"<span class=sf-dump-str title=\"17 characters\">lncortes@rbsas.co</span>\"
      +\"<span class=sf-dump-public title=\"Runtime added dynamic property\">level</span>\": <span class=sf-dump-num>0</span>
      +\"<span class=sf-dump-public title=\"Runtime added dynamic property\">s_point</span>\": \"<span class=sf-dump-str title=\"18 characters\">414.00000000000000</span>\"
      +\"<span class=sf-dump-public title=\"Runtime added dynamic property\">i_point</span>\": <span class=sf-dump-num>350</span>
      +\"<span class=sf-dump-public title=\"Runtime added dynamic property\">g_point</span>\": <span class=sf-dump-num>60</span>
      +\"<span class=sf-dump-public title=\"Runtime added dynamic property\">created_at</span>\": \"<span class=sf-dump-str title=\"19 characters\">2023-04-27 09:17:11</span>\"
      +\"<span class=sf-dump-public title=\"Runtime added dynamic property\">estado</span>\": <span class=sf-dump-num>0</span>
      +\"<span class=sf-dump-public title=\"Runtime added dynamic property\">descrip</span>\": \"<span class=sf-dump-str title=\"3 characters\">RB1</span>\"
    </samp>}
    <span class=sf-dump-index>11</span> => {<a class=sf-dump-ref>#1623</a><samp data-depth=3 class=sf-dump-compact>
      +\"<span class=sf-dump-public title=\"Runtime added dynamic property\">id</span>\": <span class=sf-dump-num>230</span>
      +\"<span class=sf-dump-public title=\"Runtime added dynamic property\">firstname</span>\": \"<span class=sf-dump-str title=\"10 characters\">LADY PAOLA</span>\"
      +\"<span class=sf-dump-public title=\"Runtime added dynamic property\">lastname</span>\": \"<span class=sf-dump-str title=\"13 characters\">HIGUERA BORDA</span>\"
      +\"<span class=sf-dump-public title=\"Runtime added dynamic property\">username</span>\": \"<span class=sf-dump-str title=\"17 characters\">lhiguera@rbsas.co</span>\"
      +\"<span class=sf-dump-public title=\"Runtime added dynamic property\">email</span>\": \"<span class=sf-dump-str title=\"17 characters\">lhiguera@rbsas.co</span>\"
      +\"<span class=sf-dump-public title=\"Runtime added dynamic property\">level</span>\": <span class=sf-dump-num>0</span>
      +\"<span class=sf-dump-public title=\"Runtime added dynamic property\">s_point</span>\": \"<span class=sf-dump-str title=\"18 characters\">398.00000000000000</span>\"
      +\"<span class=sf-dump-public title=\"Runtime added dynamic property\">i_point</span>\": <span class=sf-dump-num>340</span>
      +\"<span class=sf-dump-public title=\"Runtime added dynamic property\">g_point</span>\": <span class=sf-dump-num>60</span>
      +\"<span class=sf-dump-public title=\"Runtime added dynamic property\">created_at</span>\": \"<span class=sf-dump-str title=\"19 characters\">2023-04-27 09:17:11</span>\"
      +\"<span class=sf-dump-public title=\"Runtime added dynamic property\">estado</span>\": <span class=sf-dump-num>0</span>
      +\"<span class=sf-dump-public title=\"Runtime added dynamic property\">descrip</span>\": \"<span class=sf-dump-str title=\"3 characters\">RB1</span>\"
    </samp>}
    <span class=sf-dump-index>12</span> => {<a class=sf-dump-ref>#1624</a><samp data-depth=3 class=sf-dump-compact>
      +\"<span class=sf-dump-public title=\"Runtime added dynamic property\">id</span>\": <span class=sf-dump-num>231</span>
      +\"<span class=sf-dump-public title=\"Runtime added dynamic property\">firstname</span>\": \"<span class=sf-dump-str title=\"17 characters\">BARRIOS HERNANDEZ</span>\"
      +\"<span class=sf-dump-public title=\"Runtime added dynamic property\">lastname</span>\": \"<span class=sf-dump-str title=\"13 characters\">JOHAN RODRIGO</span>\"
      +\"<span class=sf-dump-public title=\"Runtime added dynamic property\">username</span>\": \"<span class=sf-dump-str title=\"17 characters\">jbarrios@rbsas.co</span>\"
      +\"<span class=sf-dump-public title=\"Runtime added dynamic property\">email</span>\": \"<span class=sf-dump-str title=\"17 characters\">jbarrios@rbsas.co</span>\"
      +\"<span class=sf-dump-public title=\"Runtime added dynamic property\">level</span>\": <span class=sf-dump-num>0</span>
      +\"<span class=sf-dump-public title=\"Runtime added dynamic property\">s_point</span>\": \"<span class=sf-dump-str title=\"16 characters\">0.00000000000000</span>\"
      +\"<span class=sf-dump-public title=\"Runtime added dynamic property\">i_point</span>\": <span class=sf-dump-num>0</span>
      +\"<span class=sf-dump-public title=\"Runtime added dynamic property\">g_point</span>\": <span class=sf-dump-num>0</span>
      +\"<span class=sf-dump-public title=\"Runtime added dynamic property\">created_at</span>\": \"<span class=sf-dump-str title=\"19 characters\">2023-04-27 09:17:11</span>\"
      +\"<span class=sf-dump-public title=\"Runtime added dynamic property\">estado</span>\": <span class=sf-dump-num>1</span>
      +\"<span class=sf-dump-public title=\"Runtime added dynamic property\">descrip</span>\": \"<span class=sf-dump-str title=\"3 characters\">RB1</span>\"
    </samp>}
    <span class=sf-dump-index>13</span> => {<a class=sf-dump-ref>#1625</a><samp data-depth=3 class=sf-dump-compact>
      +\"<span class=sf-dump-public title=\"Runtime added dynamic property\">id</span>\": <span class=sf-dump-num>232</span>
      +\"<span class=sf-dump-public title=\"Runtime added dynamic property\">firstname</span>\": \"<span class=sf-dump-str title=\"12 characters\">OSCAR ANDRES</span>\"
      +\"<span class=sf-dump-public title=\"Runtime added dynamic property\">lastname</span>\": \"<span class=sf-dump-str title=\"17 characters\">CUBILLOS CARDENAS</span>\"
      +\"<span class=sf-dump-public title=\"Runtime added dynamic property\">username</span>\": \"<span class=sf-dump-str title=\"18 characters\">ocubillos@rbsas.co</span>\"
      +\"<span class=sf-dump-public title=\"Runtime added dynamic property\">email</span>\": \"<span class=sf-dump-str title=\"18 characters\">ocubillos@rbsas.co</span>\"
      +\"<span class=sf-dump-public title=\"Runtime added dynamic property\">level</span>\": <span class=sf-dump-num>0</span>
      +\"<span class=sf-dump-public title=\"Runtime added dynamic property\">s_point</span>\": \"<span class=sf-dump-str title=\"18 characters\">364.00000000000000</span>\"
      +\"<span class=sf-dump-public title=\"Runtime added dynamic property\">i_point</span>\": <span class=sf-dump-num>320</span>
      +\"<span class=sf-dump-public title=\"Runtime added dynamic property\">g_point</span>\": <span class=sf-dump-num>50</span>
      +\"<span class=sf-dump-public title=\"Runtime added dynamic property\">created_at</span>\": \"<span class=sf-dump-str title=\"19 characters\">2023-04-27 09:17:11</span>\"
      +\"<span class=sf-dump-public title=\"Runtime added dynamic property\">estado</span>\": <span class=sf-dump-num>0</span>
      +\"<span class=sf-dump-public title=\"Runtime added dynamic property\">descrip</span>\": \"<span class=sf-dump-str title=\"3 characters\">RB1</span>\"
    </samp>}
    <span class=sf-dump-index>14</span> => {<a class=sf-dump-ref>#1626</a><samp data-depth=3 class=sf-dump-compact>
      +\"<span class=sf-dump-public title=\"Runtime added dynamic property\">id</span>\": <span class=sf-dump-num>233</span>
      +\"<span class=sf-dump-public title=\"Runtime added dynamic property\">firstname</span>\": \"<span class=sf-dump-str title=\"16 characters\">RESTREPO CLAVIJO</span>\"
      +\"<span class=sf-dump-public title=\"Runtime added dynamic property\">lastname</span>\": \"<span class=sf-dump-str title=\"15 characters\">JONATHAN STIVEN</span>\"
      +\"<span class=sf-dump-public title=\"Runtime added dynamic property\">username</span>\": \"<span class=sf-dump-str title=\"19 characters\">jorestrepo@rbsas.co</span>\"
      +\"<span class=sf-dump-public title=\"Runtime added dynamic property\">email</span>\": \"<span class=sf-dump-str title=\"19 characters\">jorestrepo@rbsas.co</span>\"
      +\"<span class=sf-dump-public title=\"Runtime added dynamic property\">level</span>\": <span class=sf-dump-num>0</span>
      +\"<span class=sf-dump-public title=\"Runtime added dynamic property\">s_point</span>\": \"<span class=sf-dump-str title=\"18 characters\">397.00000000000000</span>\"
      +\"<span class=sf-dump-public title=\"Runtime added dynamic property\">i_point</span>\": <span class=sf-dump-num>340</span>
      +\"<span class=sf-dump-public title=\"Runtime added dynamic property\">g_point</span>\": <span class=sf-dump-num>60</span>
      +\"<span class=sf-dump-public title=\"Runtime added dynamic property\">created_at</span>\": \"<span class=sf-dump-str title=\"19 characters\">2023-04-27 09:17:11</span>\"
      +\"<span class=sf-dump-public title=\"Runtime added dynamic property\">estado</span>\": <span class=sf-dump-num>0</span>
      +\"<span class=sf-dump-public title=\"Runtime added dynamic property\">descrip</span>\": \"<span class=sf-dump-str title=\"3 characters\">RB1</span>\"
    </samp>}
    <span class=sf-dump-index>15</span> => {<a class=sf-dump-ref>#1627</a><samp data-depth=3 class=sf-dump-compact>
      +\"<span class=sf-dump-public title=\"Runtime added dynamic property\">id</span>\": <span class=sf-dump-num>234</span>
      +\"<span class=sf-dump-public title=\"Runtime added dynamic property\">firstname</span>\": \"<span class=sf-dump-str title=\"21 characters\">LUIS  MANUEL JONNATAN</span>\"
      +\"<span class=sf-dump-public title=\"Runtime added dynamic property\">lastname</span>\": \"<span class=sf-dump-str title=\"13 characters\">PULIDO CORTES</span>\"
      +\"<span class=sf-dump-public title=\"Runtime added dynamic property\">username</span>\": \"<span class=sf-dump-str title=\"17 characters\">lmpulido@rbsas.co</span>\"
      +\"<span class=sf-dump-public title=\"Runtime added dynamic property\">email</span>\": \"<span class=sf-dump-str title=\"17 characters\">lmpulido@rbsas.co</span>\"
      +\"<span class=sf-dump-public title=\"Runtime added dynamic property\">level</span>\": <span class=sf-dump-num>0</span>
      +\"<span class=sf-dump-public title=\"Runtime added dynamic property\">s_point</span>\": \"<span class=sf-dump-str title=\"18 characters\">249.00000000000000</span>\"
      +\"<span class=sf-dump-public title=\"Runtime added dynamic property\">i_point</span>\": <span class=sf-dump-num>230</span>
      +\"<span class=sf-dump-public title=\"Runtime added dynamic property\">g_point</span>\": <span class=sf-dump-num>30</span>
      +\"<span class=sf-dump-public title=\"Runtime added dynamic property\">created_at</span>\": \"<span class=sf-dump-str title=\"19 characters\">2023-04-27 09:17:11</span>\"
      +\"<span class=sf-dump-public title=\"Runtime added dynamic property\">estado</span>\": <span class=sf-dump-num>0</span>
      +\"<span class=sf-dump-public title=\"Runtime added dynamic property\">descrip</span>\": \"<span class=sf-dump-str title=\"3 characters\">RB1</span>\"
    </samp>}
    <span class=sf-dump-index>16</span> => {<a class=sf-dump-ref>#1628</a><samp data-depth=3 class=sf-dump-compact>
      +\"<span class=sf-dump-public title=\"Runtime added dynamic property\">id</span>\": <span class=sf-dump-num>235</span>
      +\"<span class=sf-dump-public title=\"Runtime added dynamic property\">firstname</span>\": \"<span class=sf-dump-str title=\"15 characters\">CARLOS HUMBERTO</span>\"
      +\"<span class=sf-dump-public title=\"Runtime added dynamic property\">lastname</span>\": \"<span class=sf-dump-str title=\"16 characters\">BLANCO RODRIGUEZ</span>\"
      +\"<span class=sf-dump-public title=\"Runtime added dynamic property\">username</span>\": \"<span class=sf-dump-str title=\"17 characters\">chblanco@rbsas.co</span>\"
      +\"<span class=sf-dump-public title=\"Runtime added dynamic property\">email</span>\": \"<span class=sf-dump-str title=\"17 characters\">chblanco@rbsas.co</span>\"
      +\"<span class=sf-dump-public title=\"Runtime added dynamic property\">level</span>\": <span class=sf-dump-num>0</span>
      +\"<span class=sf-dump-public title=\"Runtime added dynamic property\">s_point</span>\": \"<span class=sf-dump-str title=\"18 characters\">430.00000000000000</span>\"
      +\"<span class=sf-dump-public title=\"Runtime added dynamic property\">i_point</span>\": <span class=sf-dump-num>360</span>
      +\"<span class=sf-dump-public title=\"Runtime added dynamic property\">g_point</span>\": <span class=sf-dump-num>80</span>
      +\"<span class=sf-dump-public title=\"Runtime added dynamic property\">created_at</span>\": \"<span class=sf-dump-str title=\"19 characters\">2023-04-27 09:17:11</span>\"
      +\"<span class=sf-dump-public title=\"Runtime added dynamic property\">estado</span>\": <span class=sf-dump-num>0</span>
      +\"<span class=sf-dump-public title=\"Runtime added dynamic property\">descrip</span>\": \"<span class=sf-dump-str title=\"3 characters\">RB1</span>\"
    </samp>}
    <span class=sf-dump-index>17</span> => {<a class=sf-dump-ref>#1629</a><samp data-depth=3 class=sf-dump-compact>
      +\"<span class=sf-dump-public title=\"Runtime added dynamic property\">id</span>\": <span class=sf-dump-num>236</span>
      +\"<span class=sf-dump-public title=\"Runtime added dynamic property\">firstname</span>\": \"<span class=sf-dump-str title=\"14 characters\">WILLIAM ANDRES</span>\"
      +\"<span class=sf-dump-public title=\"Runtime added dynamic property\">lastname</span>\": \"<span class=sf-dump-str title=\"4 characters\">SOTO</span>\"
      +\"<span class=sf-dump-public title=\"Runtime added dynamic property\">username</span>\": \"<span class=sf-dump-str title=\"14 characters\">wsoto@rbsas.co</span>\"
      +\"<span class=sf-dump-public title=\"Runtime added dynamic property\">email</span>\": \"<span class=sf-dump-str title=\"14 characters\">wsoto@rbsas.co</span>\"
      +\"<span class=sf-dump-public title=\"Runtime added dynamic property\">level</span>\": <span class=sf-dump-num>0</span>
      +\"<span class=sf-dump-public title=\"Runtime added dynamic property\">s_point</span>\": \"<span class=sf-dump-str title=\"18 characters\">397.00000000000000</span>\"
      +\"<span class=sf-dump-public title=\"Runtime added dynamic property\">i_point</span>\": <span class=sf-dump-num>340</span>
      +\"<span class=sf-dump-public title=\"Runtime added dynamic property\">g_point</span>\": <span class=sf-dump-num>60</span>
      +\"<span class=sf-dump-public title=\"Runtime added dynamic property\">created_at</span>\": \"<span class=sf-dump-str title=\"19 characters\">2023-04-27 09:17:11</span>\"
      +\"<span class=sf-dump-public title=\"Runtime added dynamic property\">estado</span>\": <span class=sf-dump-num>0</span>
      +\"<span class=sf-dump-public title=\"Runtime added dynamic property\">descrip</span>\": \"<span class=sf-dump-str title=\"3 characters\">RB1</span>\"
    </samp>}
    <span class=sf-dump-index>18</span> => {<a class=sf-dump-ref>#1630</a><samp data-depth=3 class=sf-dump-compact>
      +\"<span class=sf-dump-public title=\"Runtime added dynamic property\">id</span>\": <span class=sf-dump-num>237</span>
      +\"<span class=sf-dump-public title=\"Runtime added dynamic property\">firstname</span>\": \"<span class=sf-dump-str title=\"14 characters\">LUISA FERNANDA</span>\"
      +\"<span class=sf-dump-public title=\"Runtime added dynamic property\">lastname</span>\": \"<span class=sf-dump-str title=\"9 characters\">LEAL VERA</span>\"
      +\"<span class=sf-dump-public title=\"Runtime added dynamic property\">username</span>\": \"<span class=sf-dump-str title=\"24 characters\">medicinalaboral@rbsas.co</span>\"
      +\"<span class=sf-dump-public title=\"Runtime added dynamic property\">email</span>\": \"<span class=sf-dump-str title=\"24 characters\">medicinalaboral@rbsas.co</span>\"
      +\"<span class=sf-dump-public title=\"Runtime added dynamic property\">level</span>\": <span class=sf-dump-num>0</span>
      +\"<span class=sf-dump-public title=\"Runtime added dynamic property\">s_point</span>\": \"<span class=sf-dump-str title=\"18 characters\">406.00000000000000</span>\"
      +\"<span class=sf-dump-public title=\"Runtime added dynamic property\">i_point</span>\": <span class=sf-dump-num>360</span>
      +\"<span class=sf-dump-public title=\"Runtime added dynamic property\">g_point</span>\": <span class=sf-dump-num>60</span>
      +\"<span class=sf-dump-public title=\"Runtime added dynamic property\">created_at</span>\": \"<span class=sf-dump-str title=\"19 characters\">2023-04-27 09:17:11</span>\"
      +\"<span class=sf-dump-public title=\"Runtime added dynamic property\">estado</span>\": <span class=sf-dump-num>0</span>
      +\"<span class=sf-dump-public title=\"Runtime added dynamic property\">descrip</span>\": \"<span class=sf-dump-str title=\"3 characters\">RB1</span>\"
    </samp>}
    <span class=sf-dump-index>19</span> => {<a class=sf-dump-ref>#1631</a><samp data-depth=3 class=sf-dump-compact>
      +\"<span class=sf-dump-public title=\"Runtime added dynamic property\">id</span>\": <span class=sf-dump-num>238</span>
      +\"<span class=sf-dump-public title=\"Runtime added dynamic property\">firstname</span>\": \"<span class=sf-dump-str title=\"14 characters\">CHELSY VANNESA</span>\"
      +\"<span class=sf-dump-public title=\"Runtime added dynamic property\">lastname</span>\": \"<span class=sf-dump-str title=\"13 characters\">BASTIDAS RUIZ</span>\"
      +\"<span class=sf-dump-public title=\"Runtime added dynamic property\">username</span>\": \"<span class=sf-dump-str title=\"18 characters\">cbastidas@rbsas.co</span>\"
      +\"<span class=sf-dump-public title=\"Runtime added dynamic property\">email</span>\": \"<span class=sf-dump-str title=\"18 characters\">cbastidas@rbsas.co</span>\"
      +\"<span class=sf-dump-public title=\"Runtime added dynamic property\">level</span>\": <span class=sf-dump-num>0</span>
      +\"<span class=sf-dump-public title=\"Runtime added dynamic property\">s_point</span>\": \"<span class=sf-dump-str title=\"18 characters\">397.00000000000000</span>\"
      +\"<span class=sf-dump-public title=\"Runtime added dynamic property\">i_point</span>\": <span class=sf-dump-num>340</span>
      +\"<span class=sf-dump-public title=\"Runtime added dynamic property\">g_point</span>\": <span class=sf-dump-num>60</span>
      +\"<span class=sf-dump-public title=\"Runtime added dynamic property\">created_at</span>\": \"<span class=sf-dump-str title=\"19 characters\">2023-04-27 09:17:11</span>\"
      +\"<span class=sf-dump-public title=\"Runtime added dynamic property\">estado</span>\": <span class=sf-dump-num>0</span>
      +\"<span class=sf-dump-public title=\"Runtime added dynamic property\">descrip</span>\": \"<span class=sf-dump-str title=\"3 characters\">RB1</span>\"
    </samp>}
    <span class=sf-dump-index>20</span> => {<a class=sf-dump-ref>#1632</a><samp data-depth=3 class=sf-dump-compact>
      +\"<span class=sf-dump-public title=\"Runtime added dynamic property\">id</span>\": <span class=sf-dump-num>239</span>
      +\"<span class=sf-dump-public title=\"Runtime added dynamic property\">firstname</span>\": \"<span class=sf-dump-str title=\"8 characters\">CATALINA</span>\"
      +\"<span class=sf-dump-public title=\"Runtime added dynamic property\">lastname</span>\": \"<span class=sf-dump-str title=\"12 characters\">ARIAS PARADA</span>\"
      +\"<span class=sf-dump-public title=\"Runtime added dynamic property\">username</span>\": \"<span class=sf-dump-str title=\"15 characters\">carias@rbsas.co</span>\"
      +\"<span class=sf-dump-public title=\"Runtime added dynamic property\">email</span>\": \"<span class=sf-dump-str title=\"15 characters\">carias@rbsas.co</span>\"
      +\"<span class=sf-dump-public title=\"Runtime added dynamic property\">level</span>\": <span class=sf-dump-num>0</span>
      +\"<span class=sf-dump-public title=\"Runtime added dynamic property\">s_point</span>\": \"<span class=sf-dump-str title=\"18 characters\">370.00000000000000</span>\"
      +\"<span class=sf-dump-public title=\"Runtime added dynamic property\">i_point</span>\": <span class=sf-dump-num>340</span>
      +\"<span class=sf-dump-public title=\"Runtime added dynamic property\">g_point</span>\": <span class=sf-dump-num>50</span>
      +\"<span class=sf-dump-public title=\"Runtime added dynamic property\">created_at</span>\": \"<span class=sf-dump-str title=\"19 characters\">2023-04-27 09:17:11</span>\"
      +\"<span class=sf-dump-public title=\"Runtime added dynamic property\">estado</span>\": <span class=sf-dump-num>0</span>
      +\"<span class=sf-dump-public title=\"Runtime added dynamic property\">descrip</span>\": \"<span class=sf-dump-str title=\"3 characters\">RB1</span>\"
    </samp>}
    <span class=sf-dump-index>21</span> => {<a class=sf-dump-ref>#1633</a><samp data-depth=3 class=sf-dump-compact>
      +\"<span class=sf-dump-public title=\"Runtime added dynamic property\">id</span>\": <span class=sf-dump-num>240</span>
      +\"<span class=sf-dump-public title=\"Runtime added dynamic property\">firstname</span>\": \"<span class=sf-dump-str title=\"14 characters\">CLAUDIA RENATA</span>\"
      +\"<span class=sf-dump-public title=\"Runtime added dynamic property\">lastname</span>\": \"<span class=sf-dump-str title=\"16 characters\">BUCHELLY SALGADO</span>\"
      +\"<span class=sf-dump-public title=\"Runtime added dynamic property\">username</span>\": \"<span class=sf-dump-str title=\"18 characters\">cbuchelly@rbsas.co</span>\"
      +\"<span class=sf-dump-public title=\"Runtime added dynamic property\">email</span>\": \"<span class=sf-dump-str title=\"18 characters\">cbuchelly@rbsas.co</span>\"
      +\"<span class=sf-dump-public title=\"Runtime added dynamic property\">level</span>\": <span class=sf-dump-num>0</span>
      +\"<span class=sf-dump-public title=\"Runtime added dynamic property\">s_point</span>\": \"<span class=sf-dump-str title=\"18 characters\">414.00000000000000</span>\"
      +\"<span class=sf-dump-public title=\"Runtime added dynamic property\">i_point</span>\": <span class=sf-dump-num>370</span>
      +\"<span class=sf-dump-public title=\"Runtime added dynamic property\">g_point</span>\": <span class=sf-dump-num>60</span>
      +\"<span class=sf-dump-public title=\"Runtime added dynamic property\">created_at</span>\": \"<span class=sf-dump-str title=\"19 characters\">2023-04-27 09:17:11</span>\"
      +\"<span class=sf-dump-public title=\"Runtime added dynamic property\">estado</span>\": <span class=sf-dump-num>0</span>
      +\"<span class=sf-dump-public title=\"Runtime added dynamic property\">descrip</span>\": \"<span class=sf-dump-str title=\"3 characters\">RB1</span>\"
    </samp>}
    <span class=sf-dump-index>22</span> => {<a class=sf-dump-ref>#1634</a><samp data-depth=3 class=sf-dump-compact>
      +\"<span class=sf-dump-public title=\"Runtime added dynamic property\">id</span>\": <span class=sf-dump-num>241</span>
      +\"<span class=sf-dump-public title=\"Runtime added dynamic property\">firstname</span>\": \"<span class=sf-dump-str title=\"14 characters\">YEIMY CRISTINA</span>\"
      +\"<span class=sf-dump-public title=\"Runtime added dynamic property\">lastname</span>\": \"<span class=sf-dump-str title=\"13 characters\">BELTRAN PEREZ</span>\"
      +\"<span class=sf-dump-public title=\"Runtime added dynamic property\">username</span>\": \"<span class=sf-dump-str title=\"17 characters\">ybeltran@rbsas.co</span>\"
      +\"<span class=sf-dump-public title=\"Runtime added dynamic property\">email</span>\": \"<span class=sf-dump-str title=\"17 characters\">ybeltran@rbsas.co</span>\"
      +\"<span class=sf-dump-public title=\"Runtime added dynamic property\">level</span>\": <span class=sf-dump-num>0</span>
      +\"<span class=sf-dump-public title=\"Runtime added dynamic property\">s_point</span>\": \"<span class=sf-dump-str title=\"18 characters\">397.00000000000000</span>\"
      +\"<span class=sf-dump-public title=\"Runtime added dynamic property\">i_point</span>\": <span class=sf-dump-num>340</span>
      +\"<span class=sf-dump-public title=\"Runtime added dynamic property\">g_point</span>\": <span class=sf-dump-num>60</span>
      +\"<span class=sf-dump-public title=\"Runtime added dynamic property\">created_at</span>\": \"<span class=sf-dump-str title=\"19 characters\">2023-04-27 09:17:12</span>\"
      +\"<span class=sf-dump-public title=\"Runtime added dynamic property\">estado</span>\": <span class=sf-dump-num>0</span>
      +\"<span class=sf-dump-public title=\"Runtime added dynamic property\">descrip</span>\": \"<span class=sf-dump-str title=\"3 characters\">RB1</span>\"
    </samp>}
    <span class=sf-dump-index>23</span> => {<a class=sf-dump-ref>#1635</a><samp data-depth=3 class=sf-dump-compact>
      +\"<span class=sf-dump-public title=\"Runtime added dynamic property\">id</span>\": <span class=sf-dump-num>242</span>
      +\"<span class=sf-dump-public title=\"Runtime added dynamic property\">firstname</span>\": \"<span class=sf-dump-str title=\"15 characters\">Heiner Santiago</span>\"
      +\"<span class=sf-dump-public title=\"Runtime added dynamic property\">lastname</span>\": \"<span class=sf-dump-str title=\"11 characters\">G&#243;mez Henao</span>\"
      +\"<span class=sf-dump-public title=\"Runtime added dynamic property\">username</span>\": \"<span class=sf-dump-str title=\"15 characters\">hgomez@rbsas.co</span>\"
      +\"<span class=sf-dump-public title=\"Runtime added dynamic property\">email</span>\": \"<span class=sf-dump-str title=\"15 characters\">hgomez@rbsas.co</span>\"
      +\"<span class=sf-dump-public title=\"Runtime added dynamic property\">level</span>\": <span class=sf-dump-num>0</span>
      +\"<span class=sf-dump-public title=\"Runtime added dynamic property\">s_point</span>\": \"<span class=sf-dump-str title=\"18 characters\">337.00000000000000</span>\"
      +\"<span class=sf-dump-public title=\"Runtime added dynamic property\">i_point</span>\": <span class=sf-dump-num>285</span>
      +\"<span class=sf-dump-public title=\"Runtime added dynamic property\">g_point</span>\": <span class=sf-dump-num>25</span>
      +\"<span class=sf-dump-public title=\"Runtime added dynamic property\">created_at</span>\": \"<span class=sf-dump-str title=\"19 characters\">2023-04-27 09:17:12</span>\"
      +\"<span class=sf-dump-public title=\"Runtime added dynamic property\">estado</span>\": <span class=sf-dump-num>0</span>
      +\"<span class=sf-dump-public title=\"Runtime added dynamic property\">descrip</span>\": \"<span class=sf-dump-str title=\"3 characters\">RB1</span>\"
    </samp>}
    <span class=sf-dump-index>24</span> => {<a class=sf-dump-ref>#1636</a><samp data-depth=3 class=sf-dump-compact>
      +\"<span class=sf-dump-public title=\"Runtime added dynamic property\">id</span>\": <span class=sf-dump-num>244</span>
      +\"<span class=sf-dump-public title=\"Runtime added dynamic property\">firstname</span>\": \"<span class=sf-dump-str title=\"6 characters\">MANUEL</span>\"
      +\"<span class=sf-dump-public title=\"Runtime added dynamic property\">lastname</span>\": \"<span class=sf-dump-str title=\"10 characters\">CASTRILLON</span>\"
      +\"<span class=sf-dump-public title=\"Runtime added dynamic property\">username</span>\": \"<span class=sf-dump-str title=\"16 characters\">manuel@gmail.com</span>\"
      +\"<span class=sf-dump-public title=\"Runtime added dynamic property\">email</span>\": \"<span class=sf-dump-str title=\"16 characters\">manuel@gmail.com</span>\"
      +\"<span class=sf-dump-public title=\"Runtime added dynamic property\">level</span>\": <span class=sf-dump-num>0</span>
      +\"<span class=sf-dump-public title=\"Runtime added dynamic property\">s_point</span>\": \"<span class=sf-dump-str title=\"18 characters\">397.00000000000000</span>\"
      +\"<span class=sf-dump-public title=\"Runtime added dynamic property\">i_point</span>\": <span class=sf-dump-num>340</span>
      +\"<span class=sf-dump-public title=\"Runtime added dynamic property\">g_point</span>\": <span class=sf-dump-num>60</span>
      +\"<span class=sf-dump-public title=\"Runtime added dynamic property\">created_at</span>\": \"<span class=sf-dump-str title=\"19 characters\">2023-04-27 09:17:12</span>\"
      +\"<span class=sf-dump-public title=\"Runtime added dynamic property\">estado</span>\": <span class=sf-dump-num>1</span>
      +\"<span class=sf-dump-public title=\"Runtime added dynamic property\">descrip</span>\": \"<span class=sf-dump-str title=\"7 characters\">Default</span>\"
    </samp>}
    <span class=sf-dump-index>25</span> => {<a class=sf-dump-ref>#1637</a><samp data-depth=3 class=sf-dump-compact>
      +\"<span class=sf-dump-public title=\"Runtime added dynamic property\">id</span>\": <span class=sf-dump-num>245</span>
      +\"<span class=sf-dump-public title=\"Runtime added dynamic property\">firstname</span>\": \"<span class=sf-dump-str title=\"14 characters\">JOSE GUILLERMO</span>\"
      +\"<span class=sf-dump-public title=\"Runtime added dynamic property\">lastname</span>\": \"<span class=sf-dump-str title=\"11 characters\">RONDON LEAL</span>\"
      +\"<span class=sf-dump-public title=\"Runtime added dynamic property\">username</span>\": \"<span class=sf-dump-str title=\"16 characters\">jrondon@rbsas.co</span>\"
      +\"<span class=sf-dump-public title=\"Runtime added dynamic property\">email</span>\": \"<span class=sf-dump-str title=\"16 characters\">jrondon@rbsas.co</span>\"
      +\"<span class=sf-dump-public title=\"Runtime added dynamic property\">level</span>\": <span class=sf-dump-num>0</span>
      +\"<span class=sf-dump-public title=\"Runtime added dynamic property\">s_point</span>\": \"<span class=sf-dump-str title=\"18 characters\">315.00000000000000</span>\"
      +\"<span class=sf-dump-public title=\"Runtime added dynamic property\">i_point</span>\": <span class=sf-dump-num>230</span>
      +\"<span class=sf-dump-public title=\"Runtime added dynamic property\">g_point</span>\": <span class=sf-dump-num>45</span>
      +\"<span class=sf-dump-public title=\"Runtime added dynamic property\">created_at</span>\": \"<span class=sf-dump-str title=\"19 characters\">2023-05-02 13:42:35</span>\"
      +\"<span class=sf-dump-public title=\"Runtime added dynamic property\">estado</span>\": <span class=sf-dump-num>0</span>
      +\"<span class=sf-dump-public title=\"Runtime added dynamic property\">descrip</span>\": \"<span class=sf-dump-str title=\"3 characters\">RB1</span>\"
    </samp>}
    <span class=sf-dump-index>26</span> => {<a class=sf-dump-ref>#1638</a><samp data-depth=3 class=sf-dump-compact>
      +\"<span class=sf-dump-public title=\"Runtime added dynamic property\">id</span>\": <span class=sf-dump-num>247</span>
      +\"<span class=sf-dump-public title=\"Runtime added dynamic property\">firstname</span>\": \"<span class=sf-dump-str title=\"6 characters\">Janeth</span>\"
      +\"<span class=sf-dump-public title=\"Runtime added dynamic property\">lastname</span>\": \"<span class=sf-dump-str title=\"5 characters\">Campo</span>\"
      +\"<span class=sf-dump-public title=\"Runtime added dynamic property\">username</span>\": \"<span class=sf-dump-str title=\"15 characters\">jcampo@rbsas.co</span>\"
      +\"<span class=sf-dump-public title=\"Runtime added dynamic property\">email</span>\": \"<span class=sf-dump-str title=\"15 characters\">jcampo@rbsas.co</span>\"
      +\"<span class=sf-dump-public title=\"Runtime added dynamic property\">level</span>\": <span class=sf-dump-num>0</span>
      +\"<span class=sf-dump-public title=\"Runtime added dynamic property\">s_point</span>\": \"<span class=sf-dump-str title=\"18 characters\">397.00000000000000</span>\"
      +\"<span class=sf-dump-public title=\"Runtime added dynamic property\">i_point</span>\": <span class=sf-dump-num>340</span>
      +\"<span class=sf-dump-public title=\"Runtime added dynamic property\">g_point</span>\": <span class=sf-dump-num>60</span>
      +\"<span class=sf-dump-public title=\"Runtime added dynamic property\">created_at</span>\": \"<span class=sf-dump-str title=\"19 characters\">2023-05-02 14:51:59</span>\"
      +\"<span class=sf-dump-public title=\"Runtime added dynamic property\">estado</span>\": <span class=sf-dump-num>0</span>
      +\"<span class=sf-dump-public title=\"Runtime added dynamic property\">descrip</span>\": \"<span class=sf-dump-str title=\"3 characters\">RB1</span>\"
    </samp>}
    <span class=sf-dump-index>27</span> => {<a class=sf-dump-ref>#1639</a><samp data-depth=3 class=sf-dump-compact>
      +\"<span class=sf-dump-public title=\"Runtime added dynamic property\">id</span>\": <span class=sf-dump-num>250</span>
      +\"<span class=sf-dump-public title=\"Runtime added dynamic property\">firstname</span>\": \"<span class=sf-dump-str title=\"4 characters\">Dora</span>\"
      +\"<span class=sf-dump-public title=\"Runtime added dynamic property\">lastname</span>\": \"<span class=sf-dump-str title=\"7 characters\">Ramirez</span>\"
      +\"<span class=sf-dump-public title=\"Runtime added dynamic property\">username</span>\": \"<span class=sf-dump-str title=\"18 characters\">doramirez@rbsas.co</span>\"
      +\"<span class=sf-dump-public title=\"Runtime added dynamic property\">email</span>\": \"<span class=sf-dump-str title=\"18 characters\">doramirez@rbsas.co</span>\"
      +\"<span class=sf-dump-public title=\"Runtime added dynamic property\">level</span>\": <span class=sf-dump-num>0</span>
      +\"<span class=sf-dump-public title=\"Runtime added dynamic property\">s_point</span>\": \"<span class=sf-dump-str title=\"16 characters\">0.00000000000000</span>\"
      +\"<span class=sf-dump-public title=\"Runtime added dynamic property\">i_point</span>\": <span class=sf-dump-num>0</span>
      +\"<span class=sf-dump-public title=\"Runtime added dynamic property\">g_point</span>\": <span class=sf-dump-num>0</span>
      +\"<span class=sf-dump-public title=\"Runtime added dynamic property\">created_at</span>\": \"<span class=sf-dump-str title=\"19 characters\">2023-05-04 08:30:11</span>\"
      +\"<span class=sf-dump-public title=\"Runtime added dynamic property\">estado</span>\": <span class=sf-dump-num>0</span>
      +\"<span class=sf-dump-public title=\"Runtime added dynamic property\">descrip</span>\": \"<span class=sf-dump-str title=\"3 characters\">RB1</span>\"
    </samp>}
    <span class=sf-dump-index>28</span> => {<a class=sf-dump-ref>#1640</a><samp data-depth=3 class=sf-dump-compact>
      +\"<span class=sf-dump-public title=\"Runtime added dynamic property\">id</span>\": <span class=sf-dump-num>251</span>
      +\"<span class=sf-dump-public title=\"Runtime added dynamic property\">firstname</span>\": \"<span class=sf-dump-str title=\"12 characters\">Edwing David</span>\"
      +\"<span class=sf-dump-public title=\"Runtime added dynamic property\">lastname</span>\": \"<span class=sf-dump-str title=\"11 characters\">Roa Latorre</span>\"
      +\"<span class=sf-dump-public title=\"Runtime added dynamic property\">username</span>\": \"<span class=sf-dump-str title=\"15 characters\">eddroa@rbsas.co</span>\"
      +\"<span class=sf-dump-public title=\"Runtime added dynamic property\">email</span>\": \"<span class=sf-dump-str title=\"15 characters\">eddroa@rbsas.co</span>\"
      +\"<span class=sf-dump-public title=\"Runtime added dynamic property\">level</span>\": <span class=sf-dump-num>0</span>
      +\"<span class=sf-dump-public title=\"Runtime added dynamic property\">s_point</span>\": \"<span class=sf-dump-str title=\"18 characters\">398.00000000000000</span>\"
      +\"<span class=sf-dump-public title=\"Runtime added dynamic property\">i_point</span>\": <span class=sf-dump-num>340</span>
      +\"<span class=sf-dump-public title=\"Runtime added dynamic property\">g_point</span>\": <span class=sf-dump-num>60</span>
      +\"<span class=sf-dump-public title=\"Runtime added dynamic property\">created_at</span>\": \"<span class=sf-dump-str title=\"19 characters\">2023-05-04 14:49:41</span>\"
      +\"<span class=sf-dump-public title=\"Runtime added dynamic property\">estado</span>\": <span class=sf-dump-num>0</span>
      +\"<span class=sf-dump-public title=\"Runtime added dynamic property\">descrip</span>\": \"<span class=sf-dump-str title=\"3 characters\">RB1</span>\"
    </samp>}
    <span class=sf-dump-index>29</span> => {<a class=sf-dump-ref>#1641</a><samp data-depth=3 class=sf-dump-compact>
      +\"<span class=sf-dump-public title=\"Runtime added dynamic property\">id</span>\": <span class=sf-dump-num>252</span>
      +\"<span class=sf-dump-public title=\"Runtime added dynamic property\">firstname</span>\": \"<span class=sf-dump-str title=\"13 characters\">Yeimy Viviana</span>\"
      +\"<span class=sf-dump-public title=\"Runtime added dynamic property\">lastname</span>\": \"<span class=sf-dump-str title=\"12 characters\">Cruz Galindo</span>\"
      +\"<span class=sf-dump-public title=\"Runtime added dynamic property\">username</span>\": \"<span class=sf-dump-str title=\"20 characters\">analistahse@rbsas.co</span>\"
      +\"<span class=sf-dump-public title=\"Runtime added dynamic property\">email</span>\": \"<span class=sf-dump-str title=\"20 characters\">analistahse@rbsas.co</span>\"
      +\"<span class=sf-dump-public title=\"Runtime added dynamic property\">level</span>\": <span class=sf-dump-num>0</span>
      +\"<span class=sf-dump-public title=\"Runtime added dynamic property\">s_point</span>\": \"<span class=sf-dump-str title=\"18 characters\">397.00000000000000</span>\"
      +\"<span class=sf-dump-public title=\"Runtime added dynamic property\">i_point</span>\": <span class=sf-dump-num>340</span>
      +\"<span class=sf-dump-public title=\"Runtime added dynamic property\">g_point</span>\": <span class=sf-dump-num>60</span>
      +\"<span class=sf-dump-public title=\"Runtime added dynamic property\">created_at</span>\": \"<span class=sf-dump-str title=\"19 characters\">2023-05-08 16:19:51</span>\"
      +\"<span class=sf-dump-public title=\"Runtime added dynamic property\">estado</span>\": <span class=sf-dump-num>0</span>
      +\"<span class=sf-dump-public title=\"Runtime added dynamic property\">descrip</span>\": \"<span class=sf-dump-str title=\"3 characters\">RB1</span>\"
    </samp>}
    <span class=sf-dump-index>30</span> => {<a class=sf-dump-ref>#1642</a><samp data-depth=3 class=sf-dump-compact>
      +\"<span class=sf-dump-public title=\"Runtime added dynamic property\">id</span>\": <span class=sf-dump-num>257</span>
      +\"<span class=sf-dump-public title=\"Runtime added dynamic property\">firstname</span>\": \"<span class=sf-dump-str title=\"7 characters\">Prueba1</span>\"
      +\"<span class=sf-dump-public title=\"Runtime added dynamic property\">lastname</span>\": \"<span class=sf-dump-str title=\"7 characters\">Prueba1</span>\"
      +\"<span class=sf-dump-public title=\"Runtime added dynamic property\">username</span>\": \"<span class=sf-dump-str title=\"17 characters\">prueba1@gmail.com</span>\"
      +\"<span class=sf-dump-public title=\"Runtime added dynamic property\">email</span>\": \"<span class=sf-dump-str title=\"17 characters\">prueba1@gmail.com</span>\"
      +\"<span class=sf-dump-public title=\"Runtime added dynamic property\">level</span>\": <span class=sf-dump-num>0</span>
      +\"<span class=sf-dump-public title=\"Runtime added dynamic property\">s_point</span>\": \"<span class=sf-dump-str title=\"16 characters\">0.00000000000000</span>\"
      +\"<span class=sf-dump-public title=\"Runtime added dynamic property\">i_point</span>\": <span class=sf-dump-num>0</span>
      +\"<span class=sf-dump-public title=\"Runtime added dynamic property\">g_point</span>\": <span class=sf-dump-num>0</span>
      +\"<span class=sf-dump-public title=\"Runtime added dynamic property\">created_at</span>\": \"<span class=sf-dump-str title=\"19 characters\">2023-05-19 10:11:35</span>\"
      +\"<span class=sf-dump-public title=\"Runtime added dynamic property\">estado</span>\": <span class=sf-dump-num>1</span>
      +\"<span class=sf-dump-public title=\"Runtime added dynamic property\">descrip</span>\": \"<span class=sf-dump-str title=\"7 characters\">Pruebas</span>\"
    </samp>}
    <span class=sf-dump-index>31</span> => {<a class=sf-dump-ref>#1643</a><samp data-depth=3 class=sf-dump-compact>
      +\"<span class=sf-dump-public title=\"Runtime added dynamic property\">id</span>\": <span class=sf-dump-num>258</span>
      +\"<span class=sf-dump-public title=\"Runtime added dynamic property\">firstname</span>\": \"<span class=sf-dump-str title=\"7 characters\">Prueba2</span>\"
      +\"<span class=sf-dump-public title=\"Runtime added dynamic property\">lastname</span>\": \"<span class=sf-dump-str title=\"7 characters\">prueba2</span>\"
      +\"<span class=sf-dump-public title=\"Runtime added dynamic property\">username</span>\": \"<span class=sf-dump-str title=\"17 characters\">prueba2@gmail.com</span>\"
      +\"<span class=sf-dump-public title=\"Runtime added dynamic property\">email</span>\": \"<span class=sf-dump-str title=\"17 characters\">prueba2@gmail.com</span>\"
      +\"<span class=sf-dump-public title=\"Runtime added dynamic property\">level</span>\": <span class=sf-dump-num>0</span>
      +\"<span class=sf-dump-public title=\"Runtime added dynamic property\">s_point</span>\": \"<span class=sf-dump-str title=\"16 characters\">0.00000000000000</span>\"
      +\"<span class=sf-dump-public title=\"Runtime added dynamic property\">i_point</span>\": <span class=sf-dump-num>0</span>
      +\"<span class=sf-dump-public title=\"Runtime added dynamic property\">g_point</span>\": <span class=sf-dump-num>0</span>
      +\"<span class=sf-dump-public title=\"Runtime added dynamic property\">created_at</span>\": \"<span class=sf-dump-str title=\"19 characters\">2023-05-19 10:12:20</span>\"
      +\"<span class=sf-dump-public title=\"Runtime added dynamic property\">estado</span>\": <span class=sf-dump-num>1</span>
      +\"<span class=sf-dump-public title=\"Runtime added dynamic property\">descrip</span>\": \"<span class=sf-dump-str title=\"7 characters\">Pruebas</span>\"
    </samp>}
    <span class=sf-dump-index>32</span> => {<a class=sf-dump-ref>#1644</a><samp data-depth=3 class=sf-dump-compact>
      +\"<span class=sf-dump-public title=\"Runtime added dynamic property\">id</span>\": <span class=sf-dump-num>259</span>
      +\"<span class=sf-dump-public title=\"Runtime added dynamic property\">firstname</span>\": \"<span class=sf-dump-str title=\"14 characters\">Martha Liliana</span>\"
      +\"<span class=sf-dump-public title=\"Runtime added dynamic property\">lastname</span>\": \"<span class=sf-dump-str title=\"14 characters\">Garc&#237;a Barrero</span>\"
      +\"<span class=sf-dump-public title=\"Runtime added dynamic property\">username</span>\": \"<span class=sf-dump-str title=\"18 characters\">margarcia@rbsas.co</span>\"
      +\"<span class=sf-dump-public title=\"Runtime added dynamic property\">email</span>\": \"<span class=sf-dump-str title=\"18 characters\">margarcia@rbsas.co</span>\"
      +\"<span class=sf-dump-public title=\"Runtime added dynamic property\">level</span>\": <span class=sf-dump-num>0</span>
      +\"<span class=sf-dump-public title=\"Runtime added dynamic property\">s_point</span>\": \"<span class=sf-dump-str title=\"18 characters\">397.00000000000000</span>\"
      +\"<span class=sf-dump-public title=\"Runtime added dynamic property\">i_point</span>\": <span class=sf-dump-num>340</span>
      +\"<span class=sf-dump-public title=\"Runtime added dynamic property\">g_point</span>\": <span class=sf-dump-num>60</span>
      +\"<span class=sf-dump-public title=\"Runtime added dynamic property\">created_at</span>\": \"<span class=sf-dump-str title=\"19 characters\">2023-05-23 17:38:28</span>\"
      +\"<span class=sf-dump-public title=\"Runtime added dynamic property\">estado</span>\": <span class=sf-dump-num>0</span>
      +\"<span class=sf-dump-public title=\"Runtime added dynamic property\">descrip</span>\": \"<span class=sf-dump-str title=\"3 characters\">RB1</span>\"
    </samp>}
    <span class=sf-dump-index>33</span> => {<a class=sf-dump-ref>#1645</a><samp data-depth=3 class=sf-dump-compact>
      +\"<span class=sf-dump-public title=\"Runtime added dynamic property\">id</span>\": <span class=sf-dump-num>265</span>
      +\"<span class=sf-dump-public title=\"Runtime added dynamic property\">firstname</span>\": \"<span class=sf-dump-str title=\"12 characters\">Maria Isabel</span>\"
      +\"<span class=sf-dump-public title=\"Runtime added dynamic property\">lastname</span>\": \"<span class=sf-dump-str title=\"19 characters\">Quevedo Sanclemente</span>\"
      +\"<span class=sf-dump-public title=\"Runtime added dynamic property\">username</span>\": \"<span class=sf-dump-str title=\"34 characters\">dir.organizacional@diamante.com.co</span>\"
      +\"<span class=sf-dump-public title=\"Runtime added dynamic property\">email</span>\": \"<span class=sf-dump-str title=\"34 characters\">dir.organizacional@diamante.com.co</span>\"
      +\"<span class=sf-dump-public title=\"Runtime added dynamic property\">level</span>\": <span class=sf-dump-num>0</span>
      +\"<span class=sf-dump-public title=\"Runtime added dynamic property\">s_point</span>\": \"<span class=sf-dump-str title=\"16 characters\">0.00000000000000</span>\"
      +\"<span class=sf-dump-public title=\"Runtime added dynamic property\">i_point</span>\": <span class=sf-dump-num>0</span>
      +\"<span class=sf-dump-public title=\"Runtime added dynamic property\">g_point</span>\": <span class=sf-dump-num>0</span>
      +\"<span class=sf-dump-public title=\"Runtime added dynamic property\">created_at</span>\": \"<span class=sf-dump-str title=\"19 characters\">2023-06-01 19:10:43</span>\"
      +\"<span class=sf-dump-public title=\"Runtime added dynamic property\">estado</span>\": <span class=sf-dump-num>1</span>
      +\"<span class=sf-dump-public title=\"Runtime added dynamic property\">descrip</span>\": \"<span class=sf-dump-str title=\"8 characters\">Diamante</span>\"
    </samp>}
    <span class=sf-dump-index>34</span> => {<a class=sf-dump-ref>#1646</a><samp data-depth=3 class=sf-dump-compact>
      +\"<span class=sf-dump-public title=\"Runtime added dynamic property\">id</span>\": <span class=sf-dump-num>275</span>
      +\"<span class=sf-dump-public title=\"Runtime added dynamic property\">firstname</span>\": \"<span class=sf-dump-str title=\"10 characters\">JOSE DARIO</span>\"
      +\"<span class=sf-dump-public title=\"Runtime added dynamic property\">lastname</span>\": \"<span class=sf-dump-str title=\"16 characters\">MONTES  GONZALEZ</span>\"
      +\"<span class=sf-dump-public title=\"Runtime added dynamic property\">username</span>\": \"<span class=sf-dump-str title=\"21 characters\">jmontes@bancow.com.co</span>\"
      +\"<span class=sf-dump-public title=\"Runtime added dynamic property\">email</span>\": \"<span class=sf-dump-str title=\"21 characters\">jmontes@bancow.com.co</span>\"
      +\"<span class=sf-dump-public title=\"Runtime added dynamic property\">level</span>\": <span class=sf-dump-num>0</span>
      +\"<span class=sf-dump-public title=\"Runtime added dynamic property\">s_point</span>\": \"<span class=sf-dump-str title=\"18 characters\">199.00000000000000</span>\"
      +\"<span class=sf-dump-public title=\"Runtime added dynamic property\">i_point</span>\": <span class=sf-dump-num>160</span>
      +\"<span class=sf-dump-public title=\"Runtime added dynamic property\">g_point</span>\": <span class=sf-dump-num>30</span>
      +\"<span class=sf-dump-public title=\"Runtime added dynamic property\">created_at</span>\": \"<span class=sf-dump-str title=\"19 characters\">2023-07-14 21:11:04</span>\"
      +\"<span class=sf-dump-public title=\"Runtime added dynamic property\">estado</span>\": <span class=sf-dump-num>1</span>
      +\"<span class=sf-dump-public title=\"Runtime added dynamic property\">descrip</span>\": \"<span class=sf-dump-str title=\"6 characters\">ADMIN1</span>\"
    </samp>}
    <span class=sf-dump-index>35</span> => {<a class=sf-dump-ref>#1647</a><samp data-depth=3 class=sf-dump-compact>
      +\"<span class=sf-dump-public title=\"Runtime added dynamic property\">id</span>\": <span class=sf-dump-num>276</span>
      +\"<span class=sf-dump-public title=\"Runtime added dynamic property\">firstname</span>\": \"<span class=sf-dump-str title=\"6 characters\">JESIKA</span>\"
      +\"<span class=sf-dump-public title=\"Runtime added dynamic property\">lastname</span>\": \"<span class=sf-dump-str title=\"16 characters\">RAMIREZ VALBUENA</span>\"
      +\"<span class=sf-dump-public title=\"Runtime added dynamic property\">username</span>\": \"<span class=sf-dump-str title=\"23 characters\">jvalbuena@bancow.com.co</span>\"
      +\"<span class=sf-dump-public title=\"Runtime added dynamic property\">email</span>\": \"<span class=sf-dump-str title=\"23 characters\">jvalbuena@bancow.com.co</span>\"
      +\"<span class=sf-dump-public title=\"Runtime added dynamic property\">level</span>\": <span class=sf-dump-num>0</span>
      +\"<span class=sf-dump-public title=\"Runtime added dynamic property\">s_point</span>\": \"<span class=sf-dump-str title=\"18 characters\">199.00000000000000</span>\"
      +\"<span class=sf-dump-public title=\"Runtime added dynamic property\">i_point</span>\": <span class=sf-dump-num>160</span>
      +\"<span class=sf-dump-public title=\"Runtime added dynamic property\">g_point</span>\": <span class=sf-dump-num>30</span>
      +\"<span class=sf-dump-public title=\"Runtime added dynamic property\">created_at</span>\": \"<span class=sf-dump-str title=\"19 characters\">2023-07-14 21:11:04</span>\"
      +\"<span class=sf-dump-public title=\"Runtime added dynamic property\">estado</span>\": <span class=sf-dump-num>1</span>
      +\"<span class=sf-dump-public title=\"Runtime added dynamic property\">descrip</span>\": \"<span class=sf-dump-str title=\"6 characters\">ADMIN1</span>\"
    </samp>}
    <span class=sf-dump-index>36</span> => {<a class=sf-dump-ref>#1648</a><samp data-depth=3 class=sf-dump-compact>
      +\"<span class=sf-dump-public title=\"Runtime added dynamic property\">id</span>\": <span class=sf-dump-num>277</span>
      +\"<span class=sf-dump-public title=\"Runtime added dynamic property\">firstname</span>\": \"<span class=sf-dump-str title=\"15 characters\">SAMARIA BOLANOS</span>\"
      +\"<span class=sf-dump-public title=\"Runtime added dynamic property\">lastname</span>\": \"<span class=sf-dump-str title=\"5 characters\">ARIZA</span>\"
      +\"<span class=sf-dump-public title=\"Runtime added dynamic property\">username</span>\": \"<span class=sf-dump-str title=\"22 characters\">sbolanos@bancow.com.co</span>\"
      +\"<span class=sf-dump-public title=\"Runtime added dynamic property\">email</span>\": \"<span class=sf-dump-str title=\"22 characters\">sbolanos@bancow.com.co</span>\"
      +\"<span class=sf-dump-public title=\"Runtime added dynamic property\">level</span>\": <span class=sf-dump-num>0</span>
      +\"<span class=sf-dump-public title=\"Runtime added dynamic property\">s_point</span>\": \"<span class=sf-dump-str title=\"18 characters\">199.00000000000000</span>\"
      +\"<span class=sf-dump-public title=\"Runtime added dynamic property\">i_point</span>\": <span class=sf-dump-num>160</span>
      +\"<span class=sf-dump-public title=\"Runtime added dynamic property\">g_point</span>\": <span class=sf-dump-num>30</span>
      +\"<span class=sf-dump-public title=\"Runtime added dynamic property\">created_at</span>\": \"<span class=sf-dump-str title=\"19 characters\">2023-07-14 21:11:04</span>\"
      +\"<span class=sf-dump-public title=\"Runtime added dynamic property\">estado</span>\": <span class=sf-dump-num>1</span>
      +\"<span class=sf-dump-public title=\"Runtime added dynamic property\">descrip</span>\": \"<span class=sf-dump-str title=\"6 characters\">ADMIN1</span>\"
    </samp>}
    <span class=sf-dump-index>37</span> => {<a class=sf-dump-ref>#1649</a><samp data-depth=3 class=sf-dump-compact>
      +\"<span class=sf-dump-public title=\"Runtime added dynamic property\">id</span>\": <span class=sf-dump-num>278</span>
      +\"<span class=sf-dump-public title=\"Runtime added dynamic property\">firstname</span>\": \"<span class=sf-dump-str title=\"14 characters\">Hellen Melissa</span>\"
      +\"<span class=sf-dump-public title=\"Runtime added dynamic property\">lastname</span>\": \"<span class=sf-dump-str title=\"15 characters\">Vargas  Sanchez</span>\"
      +\"<span class=sf-dump-public title=\"Runtime added dynamic property\">username</span>\": \"<span class=sf-dump-str title=\"22 characters\">hmvargas@bancow.com.co</span>\"
      +\"<span class=sf-dump-public title=\"Runtime added dynamic property\">email</span>\": \"<span class=sf-dump-str title=\"22 characters\">hmvargas@bancow.com.co</span>\"
      +\"<span class=sf-dump-public title=\"Runtime added dynamic property\">level</span>\": <span class=sf-dump-num>0</span>
      +\"<span class=sf-dump-public title=\"Runtime added dynamic property\">s_point</span>\": \"<span class=sf-dump-str title=\"18 characters\">199.00000000000000</span>\"
      +\"<span class=sf-dump-public title=\"Runtime added dynamic property\">i_point</span>\": <span class=sf-dump-num>160</span>
      +\"<span class=sf-dump-public title=\"Runtime added dynamic property\">g_point</span>\": <span class=sf-dump-num>30</span>
      +\"<span class=sf-dump-public title=\"Runtime added dynamic property\">created_at</span>\": \"<span class=sf-dump-str title=\"19 characters\">2023-07-14 21:11:04</span>\"
      +\"<span class=sf-dump-public title=\"Runtime added dynamic property\">estado</span>\": <span class=sf-dump-num>1</span>
      +\"<span class=sf-dump-public title=\"Runtime added dynamic property\">descrip</span>\": \"<span class=sf-dump-str title=\"6 characters\">ADMIN1</span>\"
    </samp>}
    <span class=sf-dump-index>38</span> => {<a class=sf-dump-ref>#1650</a><samp data-depth=3 class=sf-dump-compact>
      +\"<span class=sf-dump-public title=\"Runtime added dynamic property\">id</span>\": <span class=sf-dump-num>279</span>
      +\"<span class=sf-dump-public title=\"Runtime added dynamic property\">firstname</span>\": \"<span class=sf-dump-str title=\"12 characters\">LINA MARCELA</span>\"
      +\"<span class=sf-dump-public title=\"Runtime added dynamic property\">lastname</span>\": \"<span class=sf-dump-str title=\"15 characters\">MU&#209;OZ  QUINTERO</span>\"
      +\"<span class=sf-dump-public title=\"Runtime added dynamic property\">username</span>\": \"<span class=sf-dump-str title=\"24 characters\">lmquintero@bancow.com.co</span>\"
      +\"<span class=sf-dump-public title=\"Runtime added dynamic property\">email</span>\": \"<span class=sf-dump-str title=\"24 characters\">lmquintero@bancow.com.co</span>\"
      +\"<span class=sf-dump-public title=\"Runtime added dynamic property\">level</span>\": <span class=sf-dump-num>0</span>
      +\"<span class=sf-dump-public title=\"Runtime added dynamic property\">s_point</span>\": \"<span class=sf-dump-str title=\"18 characters\">199.00000000000000</span>\"
      +\"<span class=sf-dump-public title=\"Runtime added dynamic property\">i_point</span>\": <span class=sf-dump-num>160</span>
      +\"<span class=sf-dump-public title=\"Runtime added dynamic property\">g_point</span>\": <span class=sf-dump-num>30</span>
      +\"<span class=sf-dump-public title=\"Runtime added dynamic property\">created_at</span>\": \"<span class=sf-dump-str title=\"19 characters\">2023-07-14 21:11:04</span>\"
      +\"<span class=sf-dump-public title=\"Runtime added dynamic property\">estado</span>\": <span class=sf-dump-num>1</span>
      +\"<span class=sf-dump-public title=\"Runtime added dynamic property\">descrip</span>\": \"<span class=sf-dump-str title=\"6 characters\">ADMIN1</span>\"
    </samp>}
    <span class=sf-dump-index>39</span> => {<a class=sf-dump-ref>#1651</a><samp data-depth=3 class=sf-dump-compact>
      +\"<span class=sf-dump-public title=\"Runtime added dynamic property\">id</span>\": <span class=sf-dump-num>280</span>
      +\"<span class=sf-dump-public title=\"Runtime added dynamic property\">firstname</span>\": \"<span class=sf-dump-str title=\"11 characters\">PAULO CESAR</span>\"
      +\"<span class=sf-dump-public title=\"Runtime added dynamic property\">lastname</span>\": \"<span class=sf-dump-str title=\"14 characters\">VASQUEZ  URIBE</span>\"
      +\"<span class=sf-dump-public title=\"Runtime added dynamic property\">username</span>\": \"<span class=sf-dump-str title=\"23 characters\">pcvasquez@bancow.com.co</span>\"
      +\"<span class=sf-dump-public title=\"Runtime added dynamic property\">email</span>\": \"<span class=sf-dump-str title=\"23 characters\">pcvasquez@bancow.com.co</span>\"
      +\"<span class=sf-dump-public title=\"Runtime added dynamic property\">level</span>\": <span class=sf-dump-num>0</span>
      +\"<span class=sf-dump-public title=\"Runtime added dynamic property\">s_point</span>\": \"<span class=sf-dump-str title=\"18 characters\">199.00000000000000</span>\"
      +\"<span class=sf-dump-public title=\"Runtime added dynamic property\">i_point</span>\": <span class=sf-dump-num>160</span>
      +\"<span class=sf-dump-public title=\"Runtime added dynamic property\">g_point</span>\": <span class=sf-dump-num>30</span>
      +\"<span class=sf-dump-public title=\"Runtime added dynamic property\">created_at</span>\": \"<span class=sf-dump-str title=\"19 characters\">2023-07-14 21:11:05</span>\"
      +\"<span class=sf-dump-public title=\"Runtime added dynamic property\">estado</span>\": <span class=sf-dump-num>1</span>
      +\"<span class=sf-dump-public title=\"Runtime added dynamic property\">descrip</span>\": \"<span class=sf-dump-str title=\"6 characters\">ADMIN1</span>\"
    </samp>}
    <span class=sf-dump-index>40</span> => {<a class=sf-dump-ref>#1652</a><samp data-depth=3 class=sf-dump-compact>
      +\"<span class=sf-dump-public title=\"Runtime added dynamic property\">id</span>\": <span class=sf-dump-num>281</span>
      +\"<span class=sf-dump-public title=\"Runtime added dynamic property\">firstname</span>\": \"<span class=sf-dump-str title=\"10 characters\">OSCAR IVAN</span>\"
      +\"<span class=sf-dump-public title=\"Runtime added dynamic property\">lastname</span>\": \"<span class=sf-dump-str title=\"15 characters\">TRUJILLO  AMAYA</span>\"
      +\"<span class=sf-dump-public title=\"Runtime added dynamic property\">username</span>\": \"<span class=sf-dump-str title=\"23 characters\">otrujillo@bancow.com.co</span>\"
      +\"<span class=sf-dump-public title=\"Runtime added dynamic property\">email</span>\": \"<span class=sf-dump-str title=\"23 characters\">otrujillo@bancow.com.co</span>\"
      +\"<span class=sf-dump-public title=\"Runtime added dynamic property\">level</span>\": <span class=sf-dump-num>0</span>
      +\"<span class=sf-dump-public title=\"Runtime added dynamic property\">s_point</span>\": \"<span class=sf-dump-str title=\"18 characters\">199.00000000000000</span>\"
      +\"<span class=sf-dump-public title=\"Runtime added dynamic property\">i_point</span>\": <span class=sf-dump-num>160</span>
      +\"<span class=sf-dump-public title=\"Runtime added dynamic property\">g_point</span>\": <span class=sf-dump-num>30</span>
      +\"<span class=sf-dump-public title=\"Runtime added dynamic property\">created_at</span>\": \"<span class=sf-dump-str title=\"19 characters\">2023-07-14 21:11:05</span>\"
      +\"<span class=sf-dump-public title=\"Runtime added dynamic property\">estado</span>\": <span class=sf-dump-num>1</span>
      +\"<span class=sf-dump-public title=\"Runtime added dynamic property\">descrip</span>\": \"<span class=sf-dump-str title=\"6 characters\">ADMIN1</span>\"
    </samp>}
    <span class=sf-dump-index>41</span> => {<a class=sf-dump-ref>#1653</a><samp data-depth=3 class=sf-dump-compact>
      +\"<span class=sf-dump-public title=\"Runtime added dynamic property\">id</span>\": <span class=sf-dump-num>282</span>
      +\"<span class=sf-dump-public title=\"Runtime added dynamic property\">firstname</span>\": \"<span class=sf-dump-str title=\"15 characters\">ESTEFANIA PAYAN</span>\"
      +\"<span class=sf-dump-public title=\"Runtime added dynamic property\">lastname</span>\": \"<span class=sf-dump-str title=\"7 characters\">TROCHEZ</span>\"
      +\"<span class=sf-dump-public title=\"Runtime added dynamic property\">username</span>\": \"<span class=sf-dump-str title=\"20 characters\">epayan@bancow.com.co</span>\"
      +\"<span class=sf-dump-public title=\"Runtime added dynamic property\">email</span>\": \"<span class=sf-dump-str title=\"20 characters\">epayan@bancow.com.co</span>\"
      +\"<span class=sf-dump-public title=\"Runtime added dynamic property\">level</span>\": <span class=sf-dump-num>0</span>
      +\"<span class=sf-dump-public title=\"Runtime added dynamic property\">s_point</span>\": \"<span class=sf-dump-str title=\"18 characters\">199.00000000000000</span>\"
      +\"<span class=sf-dump-public title=\"Runtime added dynamic property\">i_point</span>\": <span class=sf-dump-num>160</span>
      +\"<span class=sf-dump-public title=\"Runtime added dynamic property\">g_point</span>\": <span class=sf-dump-num>30</span>
      +\"<span class=sf-dump-public title=\"Runtime added dynamic property\">created_at</span>\": \"<span class=sf-dump-str title=\"19 characters\">2023-07-14 21:11:05</span>\"
      +\"<span class=sf-dump-public title=\"Runtime added dynamic property\">estado</span>\": <span class=sf-dump-num>0</span>
      +\"<span class=sf-dump-public title=\"Runtime added dynamic property\">descrip</span>\": \"<span class=sf-dump-str title=\"6 characters\">ADMIN1</span>\"
    </samp>}
    <span class=sf-dump-index>42</span> => {<a class=sf-dump-ref>#1654</a><samp data-depth=3 class=sf-dump-compact>
      +\"<span class=sf-dump-public title=\"Runtime added dynamic property\">id</span>\": <span class=sf-dump-num>283</span>
      +\"<span class=sf-dump-public title=\"Runtime added dynamic property\">firstname</span>\": \"<span class=sf-dump-str title=\"12 characters\">PAULA ANDREA</span>\"
      +\"<span class=sf-dump-public title=\"Runtime added dynamic property\">lastname</span>\": \"<span class=sf-dump-str title=\"15 characters\">RAMIREZ  DONCEL</span>\"
      +\"<span class=sf-dump-public title=\"Runtime added dynamic property\">username</span>\": \"<span class=sf-dump-str title=\"23 characters\">paramirez@bancow.com.co</span>\"
      +\"<span class=sf-dump-public title=\"Runtime added dynamic property\">email</span>\": \"<span class=sf-dump-str title=\"23 characters\">paramirez@bancow.com.co</span>\"
      +\"<span class=sf-dump-public title=\"Runtime added dynamic property\">level</span>\": <span class=sf-dump-num>0</span>
      +\"<span class=sf-dump-public title=\"Runtime added dynamic property\">s_point</span>\": \"<span class=sf-dump-str title=\"18 characters\">199.00000000000000</span>\"
      +\"<span class=sf-dump-public title=\"Runtime added dynamic property\">i_point</span>\": <span class=sf-dump-num>160</span>
      +\"<span class=sf-dump-public title=\"Runtime added dynamic property\">g_point</span>\": <span class=sf-dump-num>30</span>
      +\"<span class=sf-dump-public title=\"Runtime added dynamic property\">created_at</span>\": \"<span class=sf-dump-str title=\"19 characters\">2023-07-14 21:11:05</span>\"
      +\"<span class=sf-dump-public title=\"Runtime added dynamic property\">estado</span>\": <span class=sf-dump-num>1</span>
      +\"<span class=sf-dump-public title=\"Runtime added dynamic property\">descrip</span>\": \"<span class=sf-dump-str title=\"6 characters\">ADMIN1</span>\"
    </samp>}
    <span class=sf-dump-index>43</span> => {<a class=sf-dump-ref>#1655</a><samp data-depth=3 class=sf-dump-compact>
      +\"<span class=sf-dump-public title=\"Runtime added dynamic property\">id</span>\": <span class=sf-dump-num>284</span>
      +\"<span class=sf-dump-public title=\"Runtime added dynamic property\">firstname</span>\": \"<span class=sf-dump-str title=\"13 characters\">VICTOR MANUEL</span>\"
      +\"<span class=sf-dump-public title=\"Runtime added dynamic property\">lastname</span>\": \"<span class=sf-dump-str title=\"13 characters\">ROJAS  CUENCA</span>\"
      +\"<span class=sf-dump-public title=\"Runtime added dynamic property\">username</span>\": \"<span class=sf-dump-str title=\"20 characters\">vrojas@bancow.com.co</span>\"
      +\"<span class=sf-dump-public title=\"Runtime added dynamic property\">email</span>\": \"<span class=sf-dump-str title=\"20 characters\">vrojas@bancow.com.co</span>\"
      +\"<span class=sf-dump-public title=\"Runtime added dynamic property\">level</span>\": <span class=sf-dump-num>0</span>
      +\"<span class=sf-dump-public title=\"Runtime added dynamic property\">s_point</span>\": \"<span class=sf-dump-str title=\"18 characters\">199.00000000000000</span>\"
      +\"<span class=sf-dump-public title=\"Runtime added dynamic property\">i_point</span>\": <span class=sf-dump-num>160</span>
      +\"<span class=sf-dump-public title=\"Runtime added dynamic property\">g_point</span>\": <span class=sf-dump-num>30</span>
      +\"<span class=sf-dump-public title=\"Runtime added dynamic property\">created_at</span>\": \"<span class=sf-dump-str title=\"19 characters\">2023-07-14 21:11:05</span>\"
      +\"<span class=sf-dump-public title=\"Runtime added dynamic property\">estado</span>\": <span class=sf-dump-num>1</span>
      +\"<span class=sf-dump-public title=\"Runtime added dynamic property\">descrip</span>\": \"<span class=sf-dump-str title=\"6 characters\">ADMIN1</span>\"
    </samp>}
    <span class=sf-dump-index>44</span> => {<a class=sf-dump-ref>#1656</a><samp data-depth=3 class=sf-dump-compact>
      +\"<span class=sf-dump-public title=\"Runtime added dynamic property\">id</span>\": <span class=sf-dump-num>285</span>
      +\"<span class=sf-dump-public title=\"Runtime added dynamic property\">firstname</span>\": \"<span class=sf-dump-str title=\"11 characters\">EDWIN ARLEY</span>\"
      +\"<span class=sf-dump-public title=\"Runtime added dynamic property\">lastname</span>\": \"<span class=sf-dump-str title=\"12 characters\">BUENO  AYALA</span>\"
      +\"<span class=sf-dump-public title=\"Runtime added dynamic property\">username</span>\": \"<span class=sf-dump-str title=\"20 characters\">Ebueno@bancow.com.co</span>\"
      +\"<span class=sf-dump-public title=\"Runtime added dynamic property\">email</span>\": \"<span class=sf-dump-str title=\"20 characters\">Ebueno@bancow.com.co</span>\"
      +\"<span class=sf-dump-public title=\"Runtime added dynamic property\">level</span>\": <span class=sf-dump-num>0</span>
      +\"<span class=sf-dump-public title=\"Runtime added dynamic property\">s_point</span>\": \"<span class=sf-dump-str title=\"18 characters\">199.00000000000000</span>\"
      +\"<span class=sf-dump-public title=\"Runtime added dynamic property\">i_point</span>\": <span class=sf-dump-num>160</span>
      +\"<span class=sf-dump-public title=\"Runtime added dynamic property\">g_point</span>\": <span class=sf-dump-num>30</span>
      +\"<span class=sf-dump-public title=\"Runtime added dynamic property\">created_at</span>\": \"<span class=sf-dump-str title=\"19 characters\">2023-07-14 21:11:05</span>\"
      +\"<span class=sf-dump-public title=\"Runtime added dynamic property\">estado</span>\": <span class=sf-dump-num>1</span>
      +\"<span class=sf-dump-public title=\"Runtime added dynamic property\">descrip</span>\": \"<span class=sf-dump-str title=\"6 characters\">ADMIN1</span>\"
    </samp>}
    <span class=sf-dump-index>45</span> => {<a class=sf-dump-ref>#1657</a><samp data-depth=3 class=sf-dump-compact>
      +\"<span class=sf-dump-public title=\"Runtime added dynamic property\">id</span>\": <span class=sf-dump-num>286</span>
      +\"<span class=sf-dump-public title=\"Runtime added dynamic property\">firstname</span>\": \"<span class=sf-dump-str title=\"7 characters\">VIVIANA</span>\"
      +\"<span class=sf-dump-public title=\"Runtime added dynamic property\">lastname</span>\": \"<span class=sf-dump-str title=\"19 characters\">RODRIGUEZ  MOSQUERA</span>\"
      +\"<span class=sf-dump-public title=\"Runtime added dynamic property\">username</span>\": \"<span class=sf-dump-str title=\"25 characters\">ovrodriguez@bancow.com.co</span>\"
      +\"<span class=sf-dump-public title=\"Runtime added dynamic property\">email</span>\": \"<span class=sf-dump-str title=\"25 characters\">ovrodriguez@bancow.com.co</span>\"
      +\"<span class=sf-dump-public title=\"Runtime added dynamic property\">level</span>\": <span class=sf-dump-num>0</span>
      +\"<span class=sf-dump-public title=\"Runtime added dynamic property\">s_point</span>\": \"<span class=sf-dump-str title=\"18 characters\">199.00000000000000</span>\"
      +\"<span class=sf-dump-public title=\"Runtime added dynamic property\">i_point</span>\": <span class=sf-dump-num>160</span>
      +\"<span class=sf-dump-public title=\"Runtime added dynamic property\">g_point</span>\": <span class=sf-dump-num>30</span>
      +\"<span class=sf-dump-public title=\"Runtime added dynamic property\">created_at</span>\": \"<span class=sf-dump-str title=\"19 characters\">2023-07-14 21:11:05</span>\"
      +\"<span class=sf-dump-public title=\"Runtime added dynamic property\">estado</span>\": <span class=sf-dump-num>1</span>
      +\"<span class=sf-dump-public title=\"Runtime added dynamic property\">descrip</span>\": \"<span class=sf-dump-str title=\"6 characters\">ADMIN1</span>\"
    </samp>}
    <span class=sf-dump-index>46</span> => {<a class=sf-dump-ref>#1658</a><samp data-depth=3 class=sf-dump-compact>
      +\"<span class=sf-dump-public title=\"Runtime added dynamic property\">id</span>\": <span class=sf-dump-num>287</span>
      +\"<span class=sf-dump-public title=\"Runtime added dynamic property\">firstname</span>\": \"<span class=sf-dump-str title=\"14 characters\">NAYARIN MENDEZ</span>\"
      +\"<span class=sf-dump-public title=\"Runtime added dynamic property\">lastname</span>\": \"<span class=sf-dump-str title=\"8 characters\">SANDOVAL</span>\"
      +\"<span class=sf-dump-public title=\"Runtime added dynamic property\">username</span>\": \"<span class=sf-dump-str title=\"21 characters\">nmendez@bancow.com.co</span>\"
      +\"<span class=sf-dump-public title=\"Runtime added dynamic property\">email</span>\": \"<span class=sf-dump-str title=\"21 characters\">nmendez@bancow.com.co</span>\"
      +\"<span class=sf-dump-public title=\"Runtime added dynamic property\">level</span>\": <span class=sf-dump-num>0</span>
      +\"<span class=sf-dump-public title=\"Runtime added dynamic property\">s_point</span>\": \"<span class=sf-dump-str title=\"18 characters\">199.00000000000000</span>\"
      +\"<span class=sf-dump-public title=\"Runtime added dynamic property\">i_point</span>\": <span class=sf-dump-num>160</span>
      +\"<span class=sf-dump-public title=\"Runtime added dynamic property\">g_point</span>\": <span class=sf-dump-num>30</span>
      +\"<span class=sf-dump-public title=\"Runtime added dynamic property\">created_at</span>\": \"<span class=sf-dump-str title=\"19 characters\">2023-07-14 21:11:05</span>\"
      +\"<span class=sf-dump-public title=\"Runtime added dynamic property\">estado</span>\": <span class=sf-dump-num>1</span>
      +\"<span class=sf-dump-public title=\"Runtime added dynamic property\">descrip</span>\": \"<span class=sf-dump-str title=\"6 characters\">ADMIN1</span>\"
    </samp>}
    <span class=sf-dump-index>47</span> => {<a class=sf-dump-ref>#1659</a><samp data-depth=3 class=sf-dump-compact>
      +\"<span class=sf-dump-public title=\"Runtime added dynamic property\">id</span>\": <span class=sf-dump-num>288</span>
      +\"<span class=sf-dump-public title=\"Runtime added dynamic property\">firstname</span>\": \"<span class=sf-dump-str title=\"13 characters\">LAURA MARCELA</span>\"
      +\"<span class=sf-dump-public title=\"Runtime added dynamic property\">lastname</span>\": \"<span class=sf-dump-str title=\"17 characters\">VELASQUEZ  ROBLES</span>\"
      +\"<span class=sf-dump-public title=\"Runtime added dynamic property\">username</span>\": \"<span class=sf-dump-str title=\"25 characters\">lavelasquez@bancow.com.co</span>\"
      +\"<span class=sf-dump-public title=\"Runtime added dynamic property\">email</span>\": \"<span class=sf-dump-str title=\"25 characters\">lavelasquez@bancow.com.co</span>\"
      +\"<span class=sf-dump-public title=\"Runtime added dynamic property\">level</span>\": <span class=sf-dump-num>0</span>
      +\"<span class=sf-dump-public title=\"Runtime added dynamic property\">s_point</span>\": \"<span class=sf-dump-str title=\"18 characters\">101.00000000000000</span>\"
      +\"<span class=sf-dump-public title=\"Runtime added dynamic property\">i_point</span>\": <span class=sf-dump-num>45</span>
      +\"<span class=sf-dump-public title=\"Runtime added dynamic property\">g_point</span>\": <span class=sf-dump-num>0</span>
      +\"<span class=sf-dump-public title=\"Runtime added dynamic property\">created_at</span>\": \"<span class=sf-dump-str title=\"19 characters\">2023-07-14 21:11:05</span>\"
      +\"<span class=sf-dump-public title=\"Runtime added dynamic property\">estado</span>\": <span class=sf-dump-num>0</span>
      +\"<span class=sf-dump-public title=\"Runtime added dynamic property\">descrip</span>\": \"<span class=sf-dump-str title=\"6 characters\">ADMIN1</span>\"
    </samp>}
    <span class=sf-dump-index>48</span> => {<a class=sf-dump-ref>#1660</a><samp data-depth=3 class=sf-dump-compact>
      +\"<span class=sf-dump-public title=\"Runtime added dynamic property\">id</span>\": <span class=sf-dump-num>289</span>
      +\"<span class=sf-dump-public title=\"Runtime added dynamic property\">firstname</span>\": \"<span class=sf-dump-str title=\"12 characters\">ANABEL PEREZ</span>\"
      +\"<span class=sf-dump-public title=\"Runtime added dynamic property\">lastname</span>\": \"<span class=sf-dump-str title=\"5 characters\">HENAO</span>\"
      +\"<span class=sf-dump-public title=\"Runtime added dynamic property\">username</span>\": \"<span class=sf-dump-str title=\"20 characters\">aperez@bancow.com.co</span>\"
      +\"<span class=sf-dump-public title=\"Runtime added dynamic property\">email</span>\": \"<span class=sf-dump-str title=\"20 characters\">aperez@bancow.com.co</span>\"
      +\"<span class=sf-dump-public title=\"Runtime added dynamic property\">level</span>\": <span class=sf-dump-num>0</span>
      +\"<span class=sf-dump-public title=\"Runtime added dynamic property\">s_point</span>\": \"<span class=sf-dump-str title=\"18 characters\">199.00000000000000</span>\"
      +\"<span class=sf-dump-public title=\"Runtime added dynamic property\">i_point</span>\": <span class=sf-dump-num>160</span>
      +\"<span class=sf-dump-public title=\"Runtime added dynamic property\">g_point</span>\": <span class=sf-dump-num>30</span>
      +\"<span class=sf-dump-public title=\"Runtime added dynamic property\">created_at</span>\": \"<span class=sf-dump-str title=\"19 characters\">2023-07-14 21:11:05</span>\"
      +\"<span class=sf-dump-public title=\"Runtime added dynamic property\">estado</span>\": <span class=sf-dump-num>1</span>
      +\"<span class=sf-dump-public title=\"Runtime added dynamic property\">descrip</span>\": \"<span class=sf-dump-str title=\"6 characters\">ADMIN1</span>\"
    </samp>}
    <span class=sf-dump-index>49</span> => {<a class=sf-dump-ref>#1661</a><samp data-depth=3 class=sf-dump-compact>
      +\"<span class=sf-dump-public title=\"Runtime added dynamic property\">id</span>\": <span class=sf-dump-num>290</span>
      +\"<span class=sf-dump-public title=\"Runtime added dynamic property\">firstname</span>\": \"<span class=sf-dump-str title=\"14 characters\">DANIELA ANDREA</span>\"
      +\"<span class=sf-dump-public title=\"Runtime added dynamic property\">lastname</span>\": \"<span class=sf-dump-str title=\"12 characters\">GARCIA  DIAZ</span>\"
      +\"<span class=sf-dump-public title=\"Runtime added dynamic property\">username</span>\": \"<span class=sf-dump-str title=\"22 characters\">ddgarcia@bancow.com.co</span>\"
      +\"<span class=sf-dump-public title=\"Runtime added dynamic property\">email</span>\": \"<span class=sf-dump-str title=\"22 characters\">ddgarcia@bancow.com.co</span>\"
      +\"<span class=sf-dump-public title=\"Runtime added dynamic property\">level</span>\": <span class=sf-dump-num>0</span>
      +\"<span class=sf-dump-public title=\"Runtime added dynamic property\">s_point</span>\": \"<span class=sf-dump-str title=\"18 characters\">199.00000000000000</span>\"
      +\"<span class=sf-dump-public title=\"Runtime added dynamic property\">i_point</span>\": <span class=sf-dump-num>160</span>
      +\"<span class=sf-dump-public title=\"Runtime added dynamic property\">g_point</span>\": <span class=sf-dump-num>30</span>
      +\"<span class=sf-dump-public title=\"Runtime added dynamic property\">created_at</span>\": \"<span class=sf-dump-str title=\"19 characters\">2023-07-14 21:11:06</span>\"
      +\"<span class=sf-dump-public title=\"Runtime added dynamic property\">estado</span>\": <span class=sf-dump-num>1</span>
      +\"<span class=sf-dump-public title=\"Runtime added dynamic property\">descrip</span>\": \"<span class=sf-dump-str title=\"6 characters\">ADMIN1</span>\"
    </samp>}
    <span class=sf-dump-index>50</span> => {<a class=sf-dump-ref>#1662</a><samp data-depth=3 class=sf-dump-compact>
      +\"<span class=sf-dump-public title=\"Runtime added dynamic property\">id</span>\": <span class=sf-dump-num>291</span>
      +\"<span class=sf-dump-public title=\"Runtime added dynamic property\">firstname</span>\": \"<span class=sf-dump-str title=\"18 characters\">ALEXANDER HINCAPIE</span>\"
      +\"<span class=sf-dump-public title=\"Runtime added dynamic property\">lastname</span>\": \"<span class=sf-dump-str title=\"7 characters\">POLANIA</span>\"
      +\"<span class=sf-dump-public title=\"Runtime added dynamic property\">username</span>\": \"<span class=sf-dump-str title=\"23 characters\">ahincapie@bancow.com.co</span>\"
      +\"<span class=sf-dump-public title=\"Runtime added dynamic property\">email</span>\": \"<span class=sf-dump-str title=\"23 characters\">ahincapie@bancow.com.co</span>\"
      +\"<span class=sf-dump-public title=\"Runtime added dynamic property\">level</span>\": <span class=sf-dump-num>0</span>
      +\"<span class=sf-dump-public title=\"Runtime added dynamic property\">s_point</span>\": \"<span class=sf-dump-str title=\"18 characters\">199.00000000000000</span>\"
      +\"<span class=sf-dump-public title=\"Runtime added dynamic property\">i_point</span>\": <span class=sf-dump-num>160</span>
      +\"<span class=sf-dump-public title=\"Runtime added dynamic property\">g_point</span>\": <span class=sf-dump-num>30</span>
      +\"<span class=sf-dump-public title=\"Runtime added dynamic property\">created_at</span>\": \"<span class=sf-dump-str title=\"19 characters\">2023-07-14 21:11:06</span>\"
      +\"<span class=sf-dump-public title=\"Runtime added dynamic property\">estado</span>\": <span class=sf-dump-num>1</span>
      +\"<span class=sf-dump-public title=\"Runtime added dynamic property\">descrip</span>\": \"<span class=sf-dump-str title=\"6 characters\">ADMIN1</span>\"
    </samp>}
    <span class=sf-dump-index>51</span> => {<a class=sf-dump-ref>#1663</a><samp data-depth=3 class=sf-dump-compact>
      +\"<span class=sf-dump-public title=\"Runtime added dynamic property\">id</span>\": <span class=sf-dump-num>292</span>
      +\"<span class=sf-dump-public title=\"Runtime added dynamic property\">firstname</span>\": \"<span class=sf-dump-str title=\"14 characters\">LIZETH JOHANNA</span>\"
      +\"<span class=sf-dump-public title=\"Runtime added dynamic property\">lastname</span>\": \"<span class=sf-dump-str title=\"18 characters\">RODRIGUEZ  DELGADO</span>\"
      +\"<span class=sf-dump-public title=\"Runtime added dynamic property\">username</span>\": \"<span class=sf-dump-str title=\"25 characters\">lirodriguez@bancow.com.co</span>\"
      +\"<span class=sf-dump-public title=\"Runtime added dynamic property\">email</span>\": \"<span class=sf-dump-str title=\"25 characters\">lirodriguez@bancow.com.co</span>\"
      +\"<span class=sf-dump-public title=\"Runtime added dynamic property\">level</span>\": <span class=sf-dump-num>0</span>
      +\"<span class=sf-dump-public title=\"Runtime added dynamic property\">s_point</span>\": \"<span class=sf-dump-str title=\"18 characters\">298.00000000000000</span>\"
      +\"<span class=sf-dump-public title=\"Runtime added dynamic property\">i_point</span>\": <span class=sf-dump-num>240</span>
      +\"<span class=sf-dump-public title=\"Runtime added dynamic property\">g_point</span>\": <span class=sf-dump-num>45</span>
      +\"<span class=sf-dump-public title=\"Runtime added dynamic property\">created_at</span>\": \"<span class=sf-dump-str title=\"19 characters\">2023-07-14 21:11:06</span>\"
      +\"<span class=sf-dump-public title=\"Runtime added dynamic property\">estado</span>\": <span class=sf-dump-num>1</span>
      +\"<span class=sf-dump-public title=\"Runtime added dynamic property\">descrip</span>\": \"<span class=sf-dump-str title=\"3 characters\">OP1</span>\"
    </samp>}
    <span class=sf-dump-index>52</span> => {<a class=sf-dump-ref>#1664</a><samp data-depth=3 class=sf-dump-compact>
      +\"<span class=sf-dump-public title=\"Runtime added dynamic property\">id</span>\": <span class=sf-dump-num>293</span>
      +\"<span class=sf-dump-public title=\"Runtime added dynamic property\">firstname</span>\": \"<span class=sf-dump-str title=\"14 characters\">OSCAR FERNANDO</span>\"
      +\"<span class=sf-dump-public title=\"Runtime added dynamic property\">lastname</span>\": \"<span class=sf-dump-str title=\"14 characters\">CORTES  AGREDA</span>\"
      +\"<span class=sf-dump-public title=\"Runtime added dynamic property\">username</span>\": \"<span class=sf-dump-str title=\"21 characters\">ocortes@bancow.com.co</span>\"
      +\"<span class=sf-dump-public title=\"Runtime added dynamic property\">email</span>\": \"<span class=sf-dump-str title=\"21 characters\">ocortes@bancow.com.co</span>\"
      +\"<span class=sf-dump-public title=\"Runtime added dynamic property\">level</span>\": <span class=sf-dump-num>0</span>
      +\"<span class=sf-dump-public title=\"Runtime added dynamic property\">s_point</span>\": \"<span class=sf-dump-str title=\"18 characters\">199.00000000000000</span>\"
      +\"<span class=sf-dump-public title=\"Runtime added dynamic property\">i_point</span>\": <span class=sf-dump-num>160</span>
      +\"<span class=sf-dump-public title=\"Runtime added dynamic property\">g_point</span>\": <span class=sf-dump-num>30</span>
      +\"<span class=sf-dump-public title=\"Runtime added dynamic property\">created_at</span>\": \"<span class=sf-dump-str title=\"19 characters\">2023-07-14 21:11:06</span>\"
      +\"<span class=sf-dump-public title=\"Runtime added dynamic property\">estado</span>\": <span class=sf-dump-num>1</span>
      +\"<span class=sf-dump-public title=\"Runtime added dynamic property\">descrip</span>\": \"<span class=sf-dump-str title=\"6 characters\">ADMIN1</span>\"
    </samp>}
    <span class=sf-dump-index>53</span> => {<a class=sf-dump-ref>#1665</a><samp data-depth=3 class=sf-dump-compact>
      +\"<span class=sf-dump-public title=\"Runtime added dynamic property\">id</span>\": <span class=sf-dump-num>294</span>
      +\"<span class=sf-dump-public title=\"Runtime added dynamic property\">firstname</span>\": \"<span class=sf-dump-str title=\"16 characters\">ALEXANDER BURGOS</span>\"
      +\"<span class=sf-dump-public title=\"Runtime added dynamic property\">lastname</span>\": \"<span class=sf-dump-str title=\"6 characters\">GARCIA</span>\"
      +\"<span class=sf-dump-public title=\"Runtime added dynamic property\">username</span>\": \"<span class=sf-dump-str title=\"21 characters\">aburgos@bancow.com.co</span>\"
      +\"<span class=sf-dump-public title=\"Runtime added dynamic property\">email</span>\": \"<span class=sf-dump-str title=\"21 characters\">aburgos@bancow.com.co</span>\"
      +\"<span class=sf-dump-public title=\"Runtime added dynamic property\">level</span>\": <span class=sf-dump-num>0</span>
      +\"<span class=sf-dump-public title=\"Runtime added dynamic property\">s_point</span>\": \"<span class=sf-dump-str title=\"18 characters\">199.00000000000000</span>\"
      +\"<span class=sf-dump-public title=\"Runtime added dynamic property\">i_point</span>\": <span class=sf-dump-num>160</span>
      +\"<span class=sf-dump-public title=\"Runtime added dynamic property\">g_point</span>\": <span class=sf-dump-num>30</span>
      +\"<span class=sf-dump-public title=\"Runtime added dynamic property\">created_at</span>\": \"<span class=sf-dump-str title=\"19 characters\">2023-07-14 21:11:06</span>\"
      +\"<span class=sf-dump-public title=\"Runtime added dynamic property\">estado</span>\": <span class=sf-dump-num>1</span>
      +\"<span class=sf-dump-public title=\"Runtime added dynamic property\">descrip</span>\": \"<span class=sf-dump-str title=\"6 characters\">ADMIN1</span>\"
    </samp>}
    <span class=sf-dump-index>54</span> => {<a class=sf-dump-ref>#1666</a><samp data-depth=3 class=sf-dump-compact>
      +\"<span class=sf-dump-public title=\"Runtime added dynamic property\">id</span>\": <span class=sf-dump-num>295</span>
      +\"<span class=sf-dump-public title=\"Runtime added dynamic property\">firstname</span>\": \"<span class=sf-dump-str title=\"12 characters\">JOSE ORLANDO</span>\"
      +\"<span class=sf-dump-public title=\"Runtime added dynamic property\">lastname</span>\": \"<span class=sf-dump-str title=\"14 characters\">BORRERO  DUQUE</span>\"
      +\"<span class=sf-dump-public title=\"Runtime added dynamic property\">username</span>\": \"<span class=sf-dump-str title=\"22 characters\">jborrero@bancow.com.co</span>\"
      +\"<span class=sf-dump-public title=\"Runtime added dynamic property\">email</span>\": \"<span class=sf-dump-str title=\"22 characters\">jborrero@bancow.com.co</span>\"
      +\"<span class=sf-dump-public title=\"Runtime added dynamic property\">level</span>\": <span class=sf-dump-num>0</span>
      +\"<span class=sf-dump-public title=\"Runtime added dynamic property\">s_point</span>\": \"<span class=sf-dump-str title=\"18 characters\">199.00000000000000</span>\"
      +\"<span class=sf-dump-public title=\"Runtime added dynamic property\">i_point</span>\": <span class=sf-dump-num>160</span>
      +\"<span class=sf-dump-public title=\"Runtime added dynamic property\">g_point</span>\": <span class=sf-dump-num>30</span>
      +\"<span class=sf-dump-public title=\"Runtime added dynamic property\">created_at</span>\": \"<span class=sf-dump-str title=\"19 characters\">2023-07-14 21:11:06</span>\"
      +\"<span class=sf-dump-public title=\"Runtime added dynamic property\">estado</span>\": <span class=sf-dump-num>1</span>
      +\"<span class=sf-dump-public title=\"Runtime added dynamic property\">descrip</span>\": \"<span class=sf-dump-str title=\"6 characters\">ADMIN1</span>\"
    </samp>}
    <span class=sf-dump-index>55</span> => {<a class=sf-dump-ref>#1667</a><samp data-depth=3 class=sf-dump-compact>
      +\"<span class=sf-dump-public title=\"Runtime added dynamic property\">id</span>\": <span class=sf-dump-num>296</span>
      +\"<span class=sf-dump-public title=\"Runtime added dynamic property\">firstname</span>\": \"<span class=sf-dump-str title=\"15 characters\">WILLIAM ALBERTO</span>\"
      +\"<span class=sf-dump-public title=\"Runtime added dynamic property\">lastname</span>\": \"<span class=sf-dump-str title=\"12 characters\">RAMOS  LOPEZ</span>\"
      +\"<span class=sf-dump-public title=\"Runtime added dynamic property\">username</span>\": \"<span class=sf-dump-str title=\"20 characters\">wramos@bancow.com.co</span>\"
      +\"<span class=sf-dump-public title=\"Runtime added dynamic property\">email</span>\": \"<span class=sf-dump-str title=\"20 characters\">wramos@bancow.com.co</span>\"
      +\"<span class=sf-dump-public title=\"Runtime added dynamic property\">level</span>\": <span class=sf-dump-num>0</span>
      +\"<span class=sf-dump-public title=\"Runtime added dynamic property\">s_point</span>\": \"<span class=sf-dump-str title=\"18 characters\">199.00000000000000</span>\"
      +\"<span class=sf-dump-public title=\"Runtime added dynamic property\">i_point</span>\": <span class=sf-dump-num>160</span>
      +\"<span class=sf-dump-public title=\"Runtime added dynamic property\">g_point</span>\": <span class=sf-dump-num>30</span>
      +\"<span class=sf-dump-public title=\"Runtime added dynamic property\">created_at</span>\": \"<span class=sf-dump-str title=\"19 characters\">2023-07-14 21:11:06</span>\"
      +\"<span class=sf-dump-public title=\"Runtime added dynamic property\">estado</span>\": <span class=sf-dump-num>1</span>
      +\"<span class=sf-dump-public title=\"Runtime added dynamic property\">descrip</span>\": \"<span class=sf-dump-str title=\"6 characters\">ADMIN1</span>\"
    </samp>}
    <span class=sf-dump-index>56</span> => {<a class=sf-dump-ref>#1668</a><samp data-depth=3 class=sf-dump-compact>
      +\"<span class=sf-dump-public title=\"Runtime added dynamic property\">id</span>\": <span class=sf-dump-num>297</span>
      +\"<span class=sf-dump-public title=\"Runtime added dynamic property\">firstname</span>\": \"<span class=sf-dump-str title=\"11 characters\">AIDA YOMARA</span>\"
      +\"<span class=sf-dump-public title=\"Runtime added dynamic property\">lastname</span>\": \"<span class=sf-dump-str title=\"15 characters\">GALLEGO  OSORIO</span>\"
      +\"<span class=sf-dump-public title=\"Runtime added dynamic property\">username</span>\": \"<span class=sf-dump-str title=\"22 characters\">agallego@bancow.com.co</span>\"
      +\"<span class=sf-dump-public title=\"Runtime added dynamic property\">email</span>\": \"<span class=sf-dump-str title=\"22 characters\">agallego@bancow.com.co</span>\"
      +\"<span class=sf-dump-public title=\"Runtime added dynamic property\">level</span>\": <span class=sf-dump-num>0</span>
      +\"<span class=sf-dump-public title=\"Runtime added dynamic property\">s_point</span>\": \"<span class=sf-dump-str title=\"18 characters\">199.00000000000000</span>\"
      +\"<span class=sf-dump-public title=\"Runtime added dynamic property\">i_point</span>\": <span class=sf-dump-num>160</span>
      +\"<span class=sf-dump-public title=\"Runtime added dynamic property\">g_point</span>\": <span class=sf-dump-num>30</span>
      +\"<span class=sf-dump-public title=\"Runtime added dynamic property\">created_at</span>\": \"<span class=sf-dump-str title=\"19 characters\">2023-07-14 21:11:06</span>\"
      +\"<span class=sf-dump-public title=\"Runtime added dynamic property\">estado</span>\": <span class=sf-dump-num>1</span>
      +\"<span class=sf-dump-public title=\"Runtime added dynamic property\">descrip</span>\": \"<span class=sf-dump-str title=\"6 characters\">ADMIN1</span>\"
    </samp>}
    <span class=sf-dump-index>57</span> => {<a class=sf-dump-ref>#1669</a><samp data-depth=3 class=sf-dump-compact>
      +\"<span class=sf-dump-public title=\"Runtime added dynamic property\">id</span>\": <span class=sf-dump-num>298</span>
      +\"<span class=sf-dump-public title=\"Runtime added dynamic property\">firstname</span>\": \"<span class=sf-dump-str title=\"12 characters\">ZULY TATIANA</span>\"
      +\"<span class=sf-dump-public title=\"Runtime added dynamic property\">lastname</span>\": \"<span class=sf-dump-str title=\"14 characters\">ZULETA  OCAMPO</span>\"
      +\"<span class=sf-dump-public title=\"Runtime added dynamic property\">username</span>\": \"<span class=sf-dump-str title=\"21 characters\">zzuleta@bancow.com.co</span>\"
      +\"<span class=sf-dump-public title=\"Runtime added dynamic property\">email</span>\": \"<span class=sf-dump-str title=\"21 characters\">zzuleta@bancow.com.co</span>\"
      +\"<span class=sf-dump-public title=\"Runtime added dynamic property\">level</span>\": <span class=sf-dump-num>0</span>
      +\"<span class=sf-dump-public title=\"Runtime added dynamic property\">s_point</span>\": \"<span class=sf-dump-str title=\"16 characters\">0.00000000000000</span>\"
      +\"<span class=sf-dump-public title=\"Runtime added dynamic property\">i_point</span>\": <span class=sf-dump-num>0</span>
      +\"<span class=sf-dump-public title=\"Runtime added dynamic property\">g_point</span>\": <span class=sf-dump-num>0</span>
      +\"<span class=sf-dump-public title=\"Runtime added dynamic property\">created_at</span>\": \"<span class=sf-dump-str title=\"19 characters\">2023-07-14 21:11:06</span>\"
      +\"<span class=sf-dump-public title=\"Runtime added dynamic property\">estado</span>\": <span class=sf-dump-num>1</span>
      +\"<span class=sf-dump-public title=\"Runtime added dynamic property\">descrip</span>\": \"<span class=sf-dump-str title=\"6 characters\">ADMIN1</span>\"
    </samp>}
    <span class=sf-dump-index>58</span> => {<a class=sf-dump-ref>#1670</a><samp data-depth=3 class=sf-dump-compact>
      +\"<span class=sf-dump-public title=\"Runtime added dynamic property\">id</span>\": <span class=sf-dump-num>299</span>
      +\"<span class=sf-dump-public title=\"Runtime added dynamic property\">firstname</span>\": \"<span class=sf-dump-str title=\"14 characters\">ANDRES ALBERTO</span>\"
      +\"<span class=sf-dump-public title=\"Runtime added dynamic property\">lastname</span>\": \"<span class=sf-dump-str title=\"11 characters\">ORTIZ  MEZA</span>\"
      +\"<span class=sf-dump-public title=\"Runtime added dynamic property\">username</span>\": \"<span class=sf-dump-str title=\"20 characters\">aortiz@bancow.com.co</span>\"
      +\"<span class=sf-dump-public title=\"Runtime added dynamic property\">email</span>\": \"<span class=sf-dump-str title=\"20 characters\">aortiz@bancow.com.co</span>\"
      +\"<span class=sf-dump-public title=\"Runtime added dynamic property\">level</span>\": <span class=sf-dump-num>0</span>
      +\"<span class=sf-dump-public title=\"Runtime added dynamic property\">s_point</span>\": \"<span class=sf-dump-str title=\"18 characters\">199.00000000000000</span>\"
      +\"<span class=sf-dump-public title=\"Runtime added dynamic property\">i_point</span>\": <span class=sf-dump-num>160</span>
      +\"<span class=sf-dump-public title=\"Runtime added dynamic property\">g_point</span>\": <span class=sf-dump-num>30</span>
      +\"<span class=sf-dump-public title=\"Runtime added dynamic property\">created_at</span>\": \"<span class=sf-dump-str title=\"19 characters\">2023-07-14 21:11:06</span>\"
      +\"<span class=sf-dump-public title=\"Runtime added dynamic property\">estado</span>\": <span class=sf-dump-num>1</span>
      +\"<span class=sf-dump-public title=\"Runtime added dynamic property\">descrip</span>\": \"<span class=sf-dump-str title=\"6 characters\">ADMIN1</span>\"
    </samp>}
    <span class=sf-dump-index>59</span> => {<a class=sf-dump-ref>#1671</a><samp data-depth=3 class=sf-dump-compact>
      +\"<span class=sf-dump-public title=\"Runtime added dynamic property\">id</span>\": <span class=sf-dump-num>300</span>
      +\"<span class=sf-dump-public title=\"Runtime added dynamic property\">firstname</span>\": \"<span class=sf-dump-str title=\"14 characters\">MARIA ANGELICA</span>\"
      +\"<span class=sf-dump-public title=\"Runtime added dynamic property\">lastname</span>\": \"<span class=sf-dump-str title=\"11 characters\">MARIN  VEGA</span>\"
      +\"<span class=sf-dump-public title=\"Runtime added dynamic property\">username</span>\": \"<span class=sf-dump-str title=\"21 characters\">anmarin@bancow.com.co</span>\"
      +\"<span class=sf-dump-public title=\"Runtime added dynamic property\">email</span>\": \"<span class=sf-dump-str title=\"21 characters\">anmarin@bancow.com.co</span>\"
      +\"<span class=sf-dump-public title=\"Runtime added dynamic property\">level</span>\": <span class=sf-dump-num>0</span>
      +\"<span class=sf-dump-public title=\"Runtime added dynamic property\">s_point</span>\": \"<span class=sf-dump-str title=\"18 characters\">154.00000000000000</span>\"
      +\"<span class=sf-dump-public title=\"Runtime added dynamic property\">i_point</span>\": <span class=sf-dump-num>105</span>
      +\"<span class=sf-dump-public title=\"Runtime added dynamic property\">g_point</span>\": <span class=sf-dump-num>10</span>
      +\"<span class=sf-dump-public title=\"Runtime added dynamic property\">created_at</span>\": \"<span class=sf-dump-str title=\"19 characters\">2023-07-14 21:11:07</span>\"
      +\"<span class=sf-dump-public title=\"Runtime added dynamic property\">estado</span>\": <span class=sf-dump-num>1</span>
      +\"<span class=sf-dump-public title=\"Runtime added dynamic property\">descrip</span>\": \"<span class=sf-dump-str title=\"6 characters\">ADMIN2</span>\"
    </samp>}
    <span class=sf-dump-index>60</span> => {<a class=sf-dump-ref>#1672</a><samp data-depth=3 class=sf-dump-compact>
      +\"<span class=sf-dump-public title=\"Runtime added dynamic property\">id</span>\": <span class=sf-dump-num>301</span>
      +\"<span class=sf-dump-public title=\"Runtime added dynamic property\">firstname</span>\": \"<span class=sf-dump-str title=\"13 characters\">DIANA MARCELA</span>\"
      +\"<span class=sf-dump-public title=\"Runtime added dynamic property\">lastname</span>\": \"<span class=sf-dump-str title=\"16 characters\">GUTIERREZ  HOYOS</span>\"
      +\"<span class=sf-dump-public title=\"Runtime added dynamic property\">username</span>\": \"<span class=sf-dump-str title=\"24 characters\">dgutierrez@bancow.com.co</span>\"
      +\"<span class=sf-dump-public title=\"Runtime added dynamic property\">email</span>\": \"<span class=sf-dump-str title=\"24 characters\">dgutierrez@bancow.com.co</span>\"
      +\"<span class=sf-dump-public title=\"Runtime added dynamic property\">level</span>\": <span class=sf-dump-num>0</span>
      +\"<span class=sf-dump-public title=\"Runtime added dynamic property\">s_point</span>\": \"<span class=sf-dump-str title=\"16 characters\">0.00000000000000</span>\"
      +\"<span class=sf-dump-public title=\"Runtime added dynamic property\">i_point</span>\": <span class=sf-dump-num>0</span>
      +\"<span class=sf-dump-public title=\"Runtime added dynamic property\">g_point</span>\": <span class=sf-dump-num>0</span>
      +\"<span class=sf-dump-public title=\"Runtime added dynamic property\">created_at</span>\": \"<span class=sf-dump-str title=\"19 characters\">2023-07-14 21:11:07</span>\"
      +\"<span class=sf-dump-public title=\"Runtime added dynamic property\">estado</span>\": <span class=sf-dump-num>1</span>
      +\"<span class=sf-dump-public title=\"Runtime added dynamic property\">descrip</span>\": \"<span class=sf-dump-str title=\"6 characters\">ADMIN2</span>\"
    </samp>}
    <span class=sf-dump-index>61</span> => {<a class=sf-dump-ref>#1673</a><samp data-depth=3 class=sf-dump-compact>
      +\"<span class=sf-dump-public title=\"Runtime added dynamic property\">id</span>\": <span class=sf-dump-num>302</span>
      +\"<span class=sf-dump-public title=\"Runtime added dynamic property\">firstname</span>\": \"<span class=sf-dump-str title=\"15 characters\">CARLOS FERNANDO</span>\"
      +\"<span class=sf-dump-public title=\"Runtime added dynamic property\">lastname</span>\": \"<span class=sf-dump-str title=\"12 characters\">DAZA  MORENO</span>\"
      +\"<span class=sf-dump-public title=\"Runtime added dynamic property\">username</span>\": \"<span class=sf-dump-str title=\"19 characters\">cdaza@bancow.com.co</span>\"
      +\"<span class=sf-dump-public title=\"Runtime added dynamic property\">email</span>\": \"<span class=sf-dump-str title=\"19 characters\">cdaza@bancow.com.co</span>\"
      +\"<span class=sf-dump-public title=\"Runtime added dynamic property\">level</span>\": <span class=sf-dump-num>0</span>
      +\"<span class=sf-dump-public title=\"Runtime added dynamic property\">s_point</span>\": \"<span class=sf-dump-str title=\"18 characters\">199.00000000000000</span>\"
      +\"<span class=sf-dump-public title=\"Runtime added dynamic property\">i_point</span>\": <span class=sf-dump-num>160</span>
      +\"<span class=sf-dump-public title=\"Runtime added dynamic property\">g_point</span>\": <span class=sf-dump-num>30</span>
      +\"<span class=sf-dump-public title=\"Runtime added dynamic property\">created_at</span>\": \"<span class=sf-dump-str title=\"19 characters\">2023-07-14 21:11:07</span>\"
      +\"<span class=sf-dump-public title=\"Runtime added dynamic property\">estado</span>\": <span class=sf-dump-num>1</span>
      +\"<span class=sf-dump-public title=\"Runtime added dynamic property\">descrip</span>\": \"<span class=sf-dump-str title=\"6 characters\">ADMIN2</span>\"
    </samp>}
    <span class=sf-dump-index>62</span> => {<a class=sf-dump-ref>#1674</a><samp data-depth=3 class=sf-dump-compact>
      +\"<span class=sf-dump-public title=\"Runtime added dynamic property\">id</span>\": <span class=sf-dump-num>303</span>
      +\"<span class=sf-dump-public title=\"Runtime added dynamic property\">firstname</span>\": \"<span class=sf-dump-str title=\"11 characters\">JESMI KARIN</span>\"
      +\"<span class=sf-dump-public title=\"Runtime added dynamic property\">lastname</span>\": \"<span class=sf-dump-str title=\"17 characters\">CORREA  SANTACRUZ</span>\"
      +\"<span class=sf-dump-public title=\"Runtime added dynamic property\">username</span>\": \"<span class=sf-dump-str title=\"21 characters\">jcorrea@bancow.com.co</span>\"
      +\"<span class=sf-dump-public title=\"Runtime added dynamic property\">email</span>\": \"<span class=sf-dump-str title=\"21 characters\">jcorrea@bancow.com.co</span>\"
      +\"<span class=sf-dump-public title=\"Runtime added dynamic property\">level</span>\": <span class=sf-dump-num>0</span>
      +\"<span class=sf-dump-public title=\"Runtime added dynamic property\">s_point</span>\": \"<span class=sf-dump-str title=\"18 characters\">199.00000000000000</span>\"
      +\"<span class=sf-dump-public title=\"Runtime added dynamic property\">i_point</span>\": <span class=sf-dump-num>160</span>
      +\"<span class=sf-dump-public title=\"Runtime added dynamic property\">g_point</span>\": <span class=sf-dump-num>30</span>
      +\"<span class=sf-dump-public title=\"Runtime added dynamic property\">created_at</span>\": \"<span class=sf-dump-str title=\"19 characters\">2023-07-14 21:11:07</span>\"
      +\"<span class=sf-dump-public title=\"Runtime added dynamic property\">estado</span>\": <span class=sf-dump-num>1</span>
      +\"<span class=sf-dump-public title=\"Runtime added dynamic property\">descrip</span>\": \"<span class=sf-dump-str title=\"6 characters\">ADMIN2</span>\"
    </samp>}
    <span class=sf-dump-index>63</span> => {<a class=sf-dump-ref>#1675</a><samp data-depth=3 class=sf-dump-compact>
      +\"<span class=sf-dump-public title=\"Runtime added dynamic property\">id</span>\": <span class=sf-dump-num>304</span>
      +\"<span class=sf-dump-public title=\"Runtime added dynamic property\">firstname</span>\": \"<span class=sf-dump-str title=\"15 characters\">TATIANA PIRABAN</span>\"
      +\"<span class=sf-dump-public title=\"Runtime added dynamic property\">lastname</span>\": \"<span class=sf-dump-str title=\"5 characters\">BOADA</span>\"
      +\"<span class=sf-dump-public title=\"Runtime added dynamic property\">username</span>\": \"<span class=sf-dump-str title=\"22 characters\">tpiraban@bancow.com.co</span>\"
      +\"<span class=sf-dump-public title=\"Runtime added dynamic property\">email</span>\": \"<span class=sf-dump-str title=\"22 characters\">tpiraban@bancow.com.co</span>\"
      +\"<span class=sf-dump-public title=\"Runtime added dynamic property\">level</span>\": <span class=sf-dump-num>0</span>
      +\"<span class=sf-dump-public title=\"Runtime added dynamic property\">s_point</span>\": \"<span class=sf-dump-str title=\"18 characters\">166.00000000000000</span>\"
      +\"<span class=sf-dump-public title=\"Runtime added dynamic property\">i_point</span>\": <span class=sf-dump-num>140</span>
      +\"<span class=sf-dump-public title=\"Runtime added dynamic property\">g_point</span>\": <span class=sf-dump-num>10</span>
      +\"<span class=sf-dump-public title=\"Runtime added dynamic property\">created_at</span>\": \"<span class=sf-dump-str title=\"19 characters\">2023-07-14 21:11:07</span>\"
      +\"<span class=sf-dump-public title=\"Runtime added dynamic property\">estado</span>\": <span class=sf-dump-num>1</span>
      +\"<span class=sf-dump-public title=\"Runtime added dynamic property\">descrip</span>\": \"<span class=sf-dump-str title=\"6 characters\">ADMIN2</span>\"
    </samp>}
    <span class=sf-dump-index>64</span> => {<a class=sf-dump-ref>#1676</a><samp data-depth=3 class=sf-dump-compact>
      +\"<span class=sf-dump-public title=\"Runtime added dynamic property\">id</span>\": <span class=sf-dump-num>305</span>
      +\"<span class=sf-dump-public title=\"Runtime added dynamic property\">firstname</span>\": \"<span class=sf-dump-str title=\"14 characters\">CARLOS ALBERTO</span>\"
      +\"<span class=sf-dump-public title=\"Runtime added dynamic property\">lastname</span>\": \"<span class=sf-dump-str title=\"17 characters\">VALENCIA  SANCHEZ</span>\"
      +\"<span class=sf-dump-public title=\"Runtime added dynamic property\">username</span>\": \"<span class=sf-dump-str title=\"23 characters\">cvalencia@bancow.com.co</span>\"
      +\"<span class=sf-dump-public title=\"Runtime added dynamic property\">email</span>\": \"<span class=sf-dump-str title=\"23 characters\">cvalencia@bancow.com.co</span>\"
      +\"<span class=sf-dump-public title=\"Runtime added dynamic property\">level</span>\": <span class=sf-dump-num>0</span>
      +\"<span class=sf-dump-public title=\"Runtime added dynamic property\">s_point</span>\": \"<span class=sf-dump-str title=\"18 characters\">199.00000000000000</span>\"
      +\"<span class=sf-dump-public title=\"Runtime added dynamic property\">i_point</span>\": <span class=sf-dump-num>160</span>
      +\"<span class=sf-dump-public title=\"Runtime added dynamic property\">g_point</span>\": <span class=sf-dump-num>30</span>
      +\"<span class=sf-dump-public title=\"Runtime added dynamic property\">created_at</span>\": \"<span class=sf-dump-str title=\"19 characters\">2023-07-14 21:11:07</span>\"
      +\"<span class=sf-dump-public title=\"Runtime added dynamic property\">estado</span>\": <span class=sf-dump-num>1</span>
      +\"<span class=sf-dump-public title=\"Runtime added dynamic property\">descrip</span>\": \"<span class=sf-dump-str title=\"6 characters\">ADMIN2</span>\"
    </samp>}
    <span class=sf-dump-index>65</span> => {<a class=sf-dump-ref>#1677</a><samp data-depth=3 class=sf-dump-compact>
      +\"<span class=sf-dump-public title=\"Runtime added dynamic property\">id</span>\": <span class=sf-dump-num>306</span>
      +\"<span class=sf-dump-public title=\"Runtime added dynamic property\">firstname</span>\": \"<span class=sf-dump-str title=\"10 characters\">LINA MARIA</span>\"
      +\"<span class=sf-dump-public title=\"Runtime added dynamic property\">lastname</span>\": \"<span class=sf-dump-str title=\"18 characters\">SOLORZANO  SALINAS</span>\"
      +\"<span class=sf-dump-public title=\"Runtime added dynamic property\">username</span>\": \"<span class=sf-dump-str title=\"25 characters\">lisolorzano@bancow.com.co</span>\"
      +\"<span class=sf-dump-public title=\"Runtime added dynamic property\">email</span>\": \"<span class=sf-dump-str title=\"25 characters\">lisolorzano@bancow.com.co</span>\"
      +\"<span class=sf-dump-public title=\"Runtime added dynamic property\">level</span>\": <span class=sf-dump-num>0</span>
      +\"<span class=sf-dump-public title=\"Runtime added dynamic property\">s_point</span>\": \"<span class=sf-dump-str title=\"18 characters\">199.00000000000000</span>\"
      +\"<span class=sf-dump-public title=\"Runtime added dynamic property\">i_point</span>\": <span class=sf-dump-num>160</span>
      +\"<span class=sf-dump-public title=\"Runtime added dynamic property\">g_point</span>\": <span class=sf-dump-num>30</span>
      +\"<span class=sf-dump-public title=\"Runtime added dynamic property\">created_at</span>\": \"<span class=sf-dump-str title=\"19 characters\">2023-07-14 21:11:07</span>\"
      +\"<span class=sf-dump-public title=\"Runtime added dynamic property\">estado</span>\": <span class=sf-dump-num>1</span>
      +\"<span class=sf-dump-public title=\"Runtime added dynamic property\">descrip</span>\": \"<span class=sf-dump-str title=\"6 characters\">ADMIN2</span>\"
    </samp>}
    <span class=sf-dump-index>66</span> => {<a class=sf-dump-ref>#1678</a><samp data-depth=3 class=sf-dump-compact>
      +\"<span class=sf-dump-public title=\"Runtime added dynamic property\">id</span>\": <span class=sf-dump-num>307</span>
      +\"<span class=sf-dump-public title=\"Runtime added dynamic property\">firstname</span>\": \"<span class=sf-dump-str title=\"13 characters\">ROSSANA ELENA</span>\"
      +\"<span class=sf-dump-public title=\"Runtime added dynamic property\">lastname</span>\": \"<span class=sf-dump-str title=\"14 characters\">RUDAS  CARDONA</span>\"
      +\"<span class=sf-dump-public title=\"Runtime added dynamic property\">username</span>\": \"<span class=sf-dump-str title=\"21 characters\">rorudas@bancow.com.co</span>\"
      +\"<span class=sf-dump-public title=\"Runtime added dynamic property\">email</span>\": \"<span class=sf-dump-str title=\"21 characters\">rorudas@bancow.com.co</span>\"
      +\"<span class=sf-dump-public title=\"Runtime added dynamic property\">level</span>\": <span class=sf-dump-num>0</span>
      +\"<span class=sf-dump-public title=\"Runtime added dynamic property\">s_point</span>\": \"<span class=sf-dump-str title=\"18 characters\">199.00000000000000</span>\"
      +\"<span class=sf-dump-public title=\"Runtime added dynamic property\">i_point</span>\": <span class=sf-dump-num>160</span>
      +\"<span class=sf-dump-public title=\"Runtime added dynamic property\">g_point</span>\": <span class=sf-dump-num>30</span>
      +\"<span class=sf-dump-public title=\"Runtime added dynamic property\">created_at</span>\": \"<span class=sf-dump-str title=\"19 characters\">2023-07-14 21:11:07</span>\"
      +\"<span class=sf-dump-public title=\"Runtime added dynamic property\">estado</span>\": <span class=sf-dump-num>1</span>
      +\"<span class=sf-dump-public title=\"Runtime added dynamic property\">descrip</span>\": \"<span class=sf-dump-str title=\"6 characters\">ADMIN2</span>\"
    </samp>}
    <span class=sf-dump-index>67</span> => {<a class=sf-dump-ref>#1679</a><samp data-depth=3 class=sf-dump-compact>
      +\"<span class=sf-dump-public title=\"Runtime added dynamic property\">id</span>\": <span class=sf-dump-num>308</span>
      +\"<span class=sf-dump-public title=\"Runtime added dynamic property\">firstname</span>\": \"<span class=sf-dump-str title=\"13 characters\">CESAR AUGUSTO</span>\"
      +\"<span class=sf-dump-public title=\"Runtime added dynamic property\">lastname</span>\": \"<span class=sf-dump-str title=\"16 characters\">LOPEZ  HERNANDEZ</span>\"
      +\"<span class=sf-dump-public title=\"Runtime added dynamic property\">username</span>\": \"<span class=sf-dump-str title=\"21 characters\">celopez@bancow.com.co</span>\"
      +\"<span class=sf-dump-public title=\"Runtime added dynamic property\">email</span>\": \"<span class=sf-dump-str title=\"21 characters\">celopez@bancow.com.co</span>\"
      +\"<span class=sf-dump-public title=\"Runtime added dynamic property\">level</span>\": <span class=sf-dump-num>0</span>
      +\"<span class=sf-dump-public title=\"Runtime added dynamic property\">s_point</span>\": \"<span class=sf-dump-str title=\"18 characters\">199.00000000000000</span>\"
      +\"<span class=sf-dump-public title=\"Runtime added dynamic property\">i_point</span>\": <span class=sf-dump-num>160</span>
      +\"<span class=sf-dump-public title=\"Runtime added dynamic property\">g_point</span>\": <span class=sf-dump-num>30</span>
      +\"<span class=sf-dump-public title=\"Runtime added dynamic property\">created_at</span>\": \"<span class=sf-dump-str title=\"19 characters\">2023-07-14 21:11:07</span>\"
      +\"<span class=sf-dump-public title=\"Runtime added dynamic property\">estado</span>\": <span class=sf-dump-num>1</span>
      +\"<span class=sf-dump-public title=\"Runtime added dynamic property\">descrip</span>\": \"<span class=sf-dump-str title=\"6 characters\">ADMIN2</span>\"
    </samp>}
    <span class=sf-dump-index>68</span> => {<a class=sf-dump-ref>#1680</a><samp data-depth=3 class=sf-dump-compact>
      +\"<span class=sf-dump-public title=\"Runtime added dynamic property\">id</span>\": <span class=sf-dump-num>309</span>
      +\"<span class=sf-dump-public title=\"Runtime added dynamic property\">firstname</span>\": \"<span class=sf-dump-str title=\"12 characters\">JORGE ANDRES</span>\"
      +\"<span class=sf-dump-public title=\"Runtime added dynamic property\">lastname</span>\": \"<span class=sf-dump-str title=\"15 characters\">BECERRA  FLOREZ</span>\"
      +\"<span class=sf-dump-public title=\"Runtime added dynamic property\">username</span>\": \"<span class=sf-dump-str title=\"22 characters\">jbecerra@bancow.com.co</span>\"
      +\"<span class=sf-dump-public title=\"Runtime added dynamic property\">email</span>\": \"<span class=sf-dump-str title=\"22 characters\">jbecerra@bancow.com.co</span>\"
      +\"<span class=sf-dump-public title=\"Runtime added dynamic property\">level</span>\": <span class=sf-dump-num>0</span>
      +\"<span class=sf-dump-public title=\"Runtime added dynamic property\">s_point</span>\": \"<span class=sf-dump-str title=\"18 characters\">199.00000000000000</span>\"
      +\"<span class=sf-dump-public title=\"Runtime added dynamic property\">i_point</span>\": <span class=sf-dump-num>160</span>
      +\"<span class=sf-dump-public title=\"Runtime added dynamic property\">g_point</span>\": <span class=sf-dump-num>30</span>
      +\"<span class=sf-dump-public title=\"Runtime added dynamic property\">created_at</span>\": \"<span class=sf-dump-str title=\"19 characters\">2023-07-14 21:11:07</span>\"
      +\"<span class=sf-dump-public title=\"Runtime added dynamic property\">estado</span>\": <span class=sf-dump-num>1</span>
      +\"<span class=sf-dump-public title=\"Runtime added dynamic property\">descrip</span>\": \"<span class=sf-dump-str title=\"6 characters\">ADMIN2</span>\"
    </samp>}
    <span class=sf-dump-index>69</span> => {<a class=sf-dump-ref>#1681</a><samp data-depth=3 class=sf-dump-compact>
      +\"<span class=sf-dump-public title=\"Runtime added dynamic property\">id</span>\": <span class=sf-dump-num>310</span>
      +\"<span class=sf-dump-public title=\"Runtime added dynamic property\">firstname</span>\": \"<span class=sf-dump-str title=\"10 characters\">LUZ ANGELA</span>\"
      +\"<span class=sf-dump-public title=\"Runtime added dynamic property\">lastname</span>\": \"<span class=sf-dump-str title=\"14 characters\">RENDON  FRANCO</span>\"
      +\"<span class=sf-dump-public title=\"Runtime added dynamic property\">username</span>\": \"<span class=sf-dump-str title=\"22 characters\">larendon@bancow.com.co</span>\"
      +\"<span class=sf-dump-public title=\"Runtime added dynamic property\">email</span>\": \"<span class=sf-dump-str title=\"22 characters\">larendon@bancow.com.co</span>\"
      +\"<span class=sf-dump-public title=\"Runtime added dynamic property\">level</span>\": <span class=sf-dump-num>0</span>
      +\"<span class=sf-dump-public title=\"Runtime added dynamic property\">s_point</span>\": \"<span class=sf-dump-str title=\"18 characters\">199.00000000000000</span>\"
      +\"<span class=sf-dump-public title=\"Runtime added dynamic property\">i_point</span>\": <span class=sf-dump-num>160</span>
      +\"<span class=sf-dump-public title=\"Runtime added dynamic property\">g_point</span>\": <span class=sf-dump-num>30</span>
      +\"<span class=sf-dump-public title=\"Runtime added dynamic property\">created_at</span>\": \"<span class=sf-dump-str title=\"19 characters\">2023-07-14 21:11:08</span>\"
      +\"<span class=sf-dump-public title=\"Runtime added dynamic property\">estado</span>\": <span class=sf-dump-num>1</span>
      +\"<span class=sf-dump-public title=\"Runtime added dynamic property\">descrip</span>\": \"<span class=sf-dump-str title=\"6 characters\">ADMIN2</span>\"
    </samp>}
    <span class=sf-dump-index>70</span> => {<a class=sf-dump-ref>#1682</a><samp data-depth=3 class=sf-dump-compact>
      +\"<span class=sf-dump-public title=\"Runtime added dynamic property\">id</span>\": <span class=sf-dump-num>311</span>
      +\"<span class=sf-dump-public title=\"Runtime added dynamic property\">firstname</span>\": \"<span class=sf-dump-str title=\"13 characters\">ANDRES FELIPE</span>\"
      +\"<span class=sf-dump-public title=\"Runtime added dynamic property\">lastname</span>\": \"<span class=sf-dump-str title=\"16 characters\">DELGADO  RAMIREZ</span>\"
      +\"<span class=sf-dump-public title=\"Runtime added dynamic property\">username</span>\": \"<span class=sf-dump-str title=\"23 characters\">ardelgado@bancow.com.co</span>\"
      +\"<span class=sf-dump-public title=\"Runtime added dynamic property\">email</span>\": \"<span class=sf-dump-str title=\"23 characters\">ardelgado@bancow.com.co</span>\"
      +\"<span class=sf-dump-public title=\"Runtime added dynamic property\">level</span>\": <span class=sf-dump-num>0</span>
      +\"<span class=sf-dump-public title=\"Runtime added dynamic property\">s_point</span>\": \"<span class=sf-dump-str title=\"18 characters\">199.00000000000000</span>\"
      +\"<span class=sf-dump-public title=\"Runtime added dynamic property\">i_point</span>\": <span class=sf-dump-num>160</span>
      +\"<span class=sf-dump-public title=\"Runtime added dynamic property\">g_point</span>\": <span class=sf-dump-num>30</span>
      +\"<span class=sf-dump-public title=\"Runtime added dynamic property\">created_at</span>\": \"<span class=sf-dump-str title=\"19 characters\">2023-07-14 21:11:08</span>\"
      +\"<span class=sf-dump-public title=\"Runtime added dynamic property\">estado</span>\": <span class=sf-dump-num>1</span>
      +\"<span class=sf-dump-public title=\"Runtime added dynamic property\">descrip</span>\": \"<span class=sf-dump-str title=\"6 characters\">ADMIN2</span>\"
    </samp>}
    <span class=sf-dump-index>71</span> => {<a class=sf-dump-ref>#1683</a><samp data-depth=3 class=sf-dump-compact>
      +\"<span class=sf-dump-public title=\"Runtime added dynamic property\">id</span>\": <span class=sf-dump-num>312</span>
      +\"<span class=sf-dump-public title=\"Runtime added dynamic property\">firstname</span>\": \"<span class=sf-dump-str title=\"11 characters\">JOSE JULIAN</span>\"
      +\"<span class=sf-dump-public title=\"Runtime added dynamic property\">lastname</span>\": \"<span class=sf-dump-str title=\"17 characters\">VALENCIA  VANEGAS</span>\"
      +\"<span class=sf-dump-public title=\"Runtime added dynamic property\">username</span>\": \"<span class=sf-dump-str title=\"24 characters\">jjvalencia@bancow.com.co</span>\"
      +\"<span class=sf-dump-public title=\"Runtime added dynamic property\">email</span>\": \"<span class=sf-dump-str title=\"24 characters\">jjvalencia@bancow.com.co</span>\"
      +\"<span class=sf-dump-public title=\"Runtime added dynamic property\">level</span>\": <span class=sf-dump-num>0</span>
      +\"<span class=sf-dump-public title=\"Runtime added dynamic property\">s_point</span>\": \"<span class=sf-dump-str title=\"18 characters\">199.00000000000000</span>\"
      +\"<span class=sf-dump-public title=\"Runtime added dynamic property\">i_point</span>\": <span class=sf-dump-num>160</span>
      +\"<span class=sf-dump-public title=\"Runtime added dynamic property\">g_point</span>\": <span class=sf-dump-num>30</span>
      +\"<span class=sf-dump-public title=\"Runtime added dynamic property\">created_at</span>\": \"<span class=sf-dump-str title=\"19 characters\">2023-07-14 21:11:08</span>\"
      +\"<span class=sf-dump-public title=\"Runtime added dynamic property\">estado</span>\": <span class=sf-dump-num>1</span>
      +\"<span class=sf-dump-public title=\"Runtime added dynamic property\">descrip</span>\": \"<span class=sf-dump-str title=\"6 characters\">ADMIN2</span>\"
    </samp>}
    <span class=sf-dump-index>72</span> => {<a class=sf-dump-ref>#1684</a><samp data-depth=3 class=sf-dump-compact>
      +\"<span class=sf-dump-public title=\"Runtime added dynamic property\">id</span>\": <span class=sf-dump-num>313</span>
      +\"<span class=sf-dump-public title=\"Runtime added dynamic property\">firstname</span>\": \"<span class=sf-dump-str title=\"16 characters\">JULIANA PANCHANO</span>\"
      +\"<span class=sf-dump-public title=\"Runtime added dynamic property\">lastname</span>\": \"<span class=sf-dump-str title=\"4 characters\">IZZA</span>\"
      +\"<span class=sf-dump-public title=\"Runtime added dynamic property\">username</span>\": \"<span class=sf-dump-str title=\"23 characters\">jpanchano@bancow.com.co</span>\"
      +\"<span class=sf-dump-public title=\"Runtime added dynamic property\">email</span>\": \"<span class=sf-dump-str title=\"23 characters\">jpanchano@bancow.com.co</span>\"
      +\"<span class=sf-dump-public title=\"Runtime added dynamic property\">level</span>\": <span class=sf-dump-num>0</span>
      +\"<span class=sf-dump-public title=\"Runtime added dynamic property\">s_point</span>\": \"<span class=sf-dump-str title=\"18 characters\">199.00000000000000</span>\"
      +\"<span class=sf-dump-public title=\"Runtime added dynamic property\">i_point</span>\": <span class=sf-dump-num>160</span>
      +\"<span class=sf-dump-public title=\"Runtime added dynamic property\">g_point</span>\": <span class=sf-dump-num>30</span>
      +\"<span class=sf-dump-public title=\"Runtime added dynamic property\">created_at</span>\": \"<span class=sf-dump-str title=\"19 characters\">2023-07-14 21:11:08</span>\"
      +\"<span class=sf-dump-public title=\"Runtime added dynamic property\">estado</span>\": <span class=sf-dump-num>1</span>
      +\"<span class=sf-dump-public title=\"Runtime added dynamic property\">descrip</span>\": \"<span class=sf-dump-str title=\"6 characters\">ADMIN2</span>\"
    </samp>}
    <span class=sf-dump-index>73</span> => {<a class=sf-dump-ref>#1685</a><samp data-depth=3 class=sf-dump-compact>
      +\"<span class=sf-dump-public title=\"Runtime added dynamic property\">id</span>\": <span class=sf-dump-num>314</span>
      +\"<span class=sf-dump-public title=\"Runtime added dynamic property\">firstname</span>\": \"<span class=sf-dump-str title=\"13 characters\">DARLEY FELIPE</span>\"
      +\"<span class=sf-dump-public title=\"Runtime added dynamic property\">lastname</span>\": \"<span class=sf-dump-str title=\"9 characters\">PAZ  MINA</span>\"
      +\"<span class=sf-dump-public title=\"Runtime added dynamic property\">username</span>\": \"<span class=sf-dump-str title=\"18 characters\">dpaz@bancow.com.co</span>\"
      +\"<span class=sf-dump-public title=\"Runtime added dynamic property\">email</span>\": \"<span class=sf-dump-str title=\"18 characters\">dpaz@bancow.com.co</span>\"
      +\"<span class=sf-dump-public title=\"Runtime added dynamic property\">level</span>\": <span class=sf-dump-num>0</span>
      +\"<span class=sf-dump-public title=\"Runtime added dynamic property\">s_point</span>\": \"<span class=sf-dump-str title=\"18 characters\">199.00000000000000</span>\"
      +\"<span class=sf-dump-public title=\"Runtime added dynamic property\">i_point</span>\": <span class=sf-dump-num>160</span>
      +\"<span class=sf-dump-public title=\"Runtime added dynamic property\">g_point</span>\": <span class=sf-dump-num>30</span>
      +\"<span class=sf-dump-public title=\"Runtime added dynamic property\">created_at</span>\": \"<span class=sf-dump-str title=\"19 characters\">2023-07-14 21:11:08</span>\"
      +\"<span class=sf-dump-public title=\"Runtime added dynamic property\">estado</span>\": <span class=sf-dump-num>1</span>
      +\"<span class=sf-dump-public title=\"Runtime added dynamic property\">descrip</span>\": \"<span class=sf-dump-str title=\"6 characters\">ADMIN2</span>\"
    </samp>}
    <span class=sf-dump-index>74</span> => {<a class=sf-dump-ref>#1686</a><samp data-depth=3 class=sf-dump-compact>
      +\"<span class=sf-dump-public title=\"Runtime added dynamic property\">id</span>\": <span class=sf-dump-num>315</span>
      +\"<span class=sf-dump-public title=\"Runtime added dynamic property\">firstname</span>\": \"<span class=sf-dump-str title=\"12 characters\">DIANA ANDREA</span>\"
      +\"<span class=sf-dump-public title=\"Runtime added dynamic property\">lastname</span>\": \"<span class=sf-dump-str title=\"18 characters\">GUTIERREZ  ALVAREZ</span>\"
      +\"<span class=sf-dump-public title=\"Runtime added dynamic property\">username</span>\": \"<span class=sf-dump-str title=\"25 characters\">dagutierrez@bancow.com.co</span>\"
      +\"<span class=sf-dump-public title=\"Runtime added dynamic property\">email</span>\": \"<span class=sf-dump-str title=\"25 characters\">dagutierrez@bancow.com.co</span>\"
      +\"<span class=sf-dump-public title=\"Runtime added dynamic property\">level</span>\": <span class=sf-dump-num>0</span>
      +\"<span class=sf-dump-public title=\"Runtime added dynamic property\">s_point</span>\": \"<span class=sf-dump-str title=\"16 characters\">0.00000000000000</span>\"
      +\"<span class=sf-dump-public title=\"Runtime added dynamic property\">i_point</span>\": <span class=sf-dump-num>0</span>
      +\"<span class=sf-dump-public title=\"Runtime added dynamic property\">g_point</span>\": <span class=sf-dump-num>0</span>
      +\"<span class=sf-dump-public title=\"Runtime added dynamic property\">created_at</span>\": \"<span class=sf-dump-str title=\"19 characters\">2023-07-14 21:11:08</span>\"
      +\"<span class=sf-dump-public title=\"Runtime added dynamic property\">estado</span>\": <span class=sf-dump-num>1</span>
      +\"<span class=sf-dump-public title=\"Runtime added dynamic property\">descrip</span>\": \"<span class=sf-dump-str title=\"6 characters\">ADMIN2</span>\"
    </samp>}
    <span class=sf-dump-index>75</span> => {<a class=sf-dump-ref>#1687</a><samp data-depth=3 class=sf-dump-compact>
      +\"<span class=sf-dump-public title=\"Runtime added dynamic property\">id</span>\": <span class=sf-dump-num>316</span>
      +\"<span class=sf-dump-public title=\"Runtime added dynamic property\">firstname</span>\": \"<span class=sf-dump-str title=\"14 characters\">MARIA KATERINE</span>\"
      +\"<span class=sf-dump-public title=\"Runtime added dynamic property\">lastname</span>\": \"<span class=sf-dump-str title=\"11 characters\">BAOS  GOMEZ</span>\"
      +\"<span class=sf-dump-public title=\"Runtime added dynamic property\">username</span>\": \"<span class=sf-dump-str title=\"19 characters\">kbaos@bancow.com.co</span>\"
      +\"<span class=sf-dump-public title=\"Runtime added dynamic property\">email</span>\": \"<span class=sf-dump-str title=\"19 characters\">kbaos@bancow.com.co</span>\"
      +\"<span class=sf-dump-public title=\"Runtime added dynamic property\">level</span>\": <span class=sf-dump-num>0</span>
      +\"<span class=sf-dump-public title=\"Runtime added dynamic property\">s_point</span>\": \"<span class=sf-dump-str title=\"18 characters\">199.00000000000000</span>\"
      +\"<span class=sf-dump-public title=\"Runtime added dynamic property\">i_point</span>\": <span class=sf-dump-num>160</span>
      +\"<span class=sf-dump-public title=\"Runtime added dynamic property\">g_point</span>\": <span class=sf-dump-num>30</span>
      +\"<span class=sf-dump-public title=\"Runtime added dynamic property\">created_at</span>\": \"<span class=sf-dump-str title=\"19 characters\">2023-07-14 21:11:08</span>\"
      +\"<span class=sf-dump-public title=\"Runtime added dynamic property\">estado</span>\": <span class=sf-dump-num>1</span>
      +\"<span class=sf-dump-public title=\"Runtime added dynamic property\">descrip</span>\": \"<span class=sf-dump-str title=\"6 characters\">ADMIN2</span>\"
    </samp>}
    <span class=sf-dump-index>76</span> => {<a class=sf-dump-ref>#1688</a><samp data-depth=3 class=sf-dump-compact>
      +\"<span class=sf-dump-public title=\"Runtime added dynamic property\">id</span>\": <span class=sf-dump-num>317</span>
      +\"<span class=sf-dump-public title=\"Runtime added dynamic property\">firstname</span>\": \"<span class=sf-dump-str title=\"16 characters\">ANDREA IZQUIERDO</span>\"
      +\"<span class=sf-dump-public title=\"Runtime added dynamic property\">lastname</span>\": \"<span class=sf-dump-str title=\"6 characters\">ARCILA</span>\"
      +\"<span class=sf-dump-public title=\"Runtime added dynamic property\">username</span>\": \"<span class=sf-dump-str title=\"24 characters\">aizquierdo@bancow.com.co</span>\"
      +\"<span class=sf-dump-public title=\"Runtime added dynamic property\">email</span>\": \"<span class=sf-dump-str title=\"24 characters\">aizquierdo@bancow.com.co</span>\"
      +\"<span class=sf-dump-public title=\"Runtime added dynamic property\">level</span>\": <span class=sf-dump-num>0</span>
      +\"<span class=sf-dump-public title=\"Runtime added dynamic property\">s_point</span>\": \"<span class=sf-dump-str title=\"18 characters\">199.00000000000000</span>\"
      +\"<span class=sf-dump-public title=\"Runtime added dynamic property\">i_point</span>\": <span class=sf-dump-num>160</span>
      +\"<span class=sf-dump-public title=\"Runtime added dynamic property\">g_point</span>\": <span class=sf-dump-num>30</span>
      +\"<span class=sf-dump-public title=\"Runtime added dynamic property\">created_at</span>\": \"<span class=sf-dump-str title=\"19 characters\">2023-07-14 21:11:08</span>\"
      +\"<span class=sf-dump-public title=\"Runtime added dynamic property\">estado</span>\": <span class=sf-dump-num>1</span>
      +\"<span class=sf-dump-public title=\"Runtime added dynamic property\">descrip</span>\": \"<span class=sf-dump-str title=\"6 characters\">ADMIN2</span>\"
    </samp>}
    <span class=sf-dump-index>77</span> => {<a class=sf-dump-ref>#1689</a><samp data-depth=3 class=sf-dump-compact>
      +\"<span class=sf-dump-public title=\"Runtime added dynamic property\">id</span>\": <span class=sf-dump-num>318</span>
      +\"<span class=sf-dump-public title=\"Runtime added dynamic property\">firstname</span>\": \"<span class=sf-dump-str title=\"9 characters\">ESTEFANIA</span>\"
      +\"<span class=sf-dump-public title=\"Runtime added dynamic property\">lastname</span>\": \"<span class=sf-dump-str title=\"17 characters\">GONZALEZ PALACIOS</span>\"
      +\"<span class=sf-dump-public title=\"Runtime added dynamic property\">username</span>\": \"<span class=sf-dump-str title=\"24 characters\">ecgonzalez@bancow.com.co</span>\"
      +\"<span class=sf-dump-public title=\"Runtime added dynamic property\">email</span>\": \"<span class=sf-dump-str title=\"24 characters\">ecgonzalez@bancow.com.co</span>\"
      +\"<span class=sf-dump-public title=\"Runtime added dynamic property\">level</span>\": <span class=sf-dump-num>0</span>
      +\"<span class=sf-dump-public title=\"Runtime added dynamic property\">s_point</span>\": \"<span class=sf-dump-str title=\"18 characters\">199.00000000000000</span>\"
      +\"<span class=sf-dump-public title=\"Runtime added dynamic property\">i_point</span>\": <span class=sf-dump-num>160</span>
      +\"<span class=sf-dump-public title=\"Runtime added dynamic property\">g_point</span>\": <span class=sf-dump-num>30</span>
      +\"<span class=sf-dump-public title=\"Runtime added dynamic property\">created_at</span>\": \"<span class=sf-dump-str title=\"19 characters\">2023-07-14 21:11:08</span>\"
      +\"<span class=sf-dump-public title=\"Runtime added dynamic property\">estado</span>\": <span class=sf-dump-num>1</span>
      +\"<span class=sf-dump-public title=\"Runtime added dynamic property\">descrip</span>\": \"<span class=sf-dump-str title=\"6 characters\">ADMIN2</span>\"
    </samp>}
    <span class=sf-dump-index>78</span> => {<a class=sf-dump-ref>#1690</a><samp data-depth=3 class=sf-dump-compact>
      +\"<span class=sf-dump-public title=\"Runtime added dynamic property\">id</span>\": <span class=sf-dump-num>319</span>
      +\"<span class=sf-dump-public title=\"Runtime added dynamic property\">firstname</span>\": \"<span class=sf-dump-str title=\"15 characters\">DANIELA GRANDAS</span>\"
      +\"<span class=sf-dump-public title=\"Runtime added dynamic property\">lastname</span>\": \"<span class=sf-dump-str title=\"6 characters\">LOZANO</span>\"
      +\"<span class=sf-dump-public title=\"Runtime added dynamic property\">username</span>\": \"<span class=sf-dump-str title=\"22 characters\">dgrandas@bancow.com.co</span>\"
      +\"<span class=sf-dump-public title=\"Runtime added dynamic property\">email</span>\": \"<span class=sf-dump-str title=\"22 characters\">dgrandas@bancow.com.co</span>\"
      +\"<span class=sf-dump-public title=\"Runtime added dynamic property\">level</span>\": <span class=sf-dump-num>0</span>
      +\"<span class=sf-dump-public title=\"Runtime added dynamic property\">s_point</span>\": \"<span class=sf-dump-str title=\"18 characters\">199.00000000000000</span>\"
      +\"<span class=sf-dump-public title=\"Runtime added dynamic property\">i_point</span>\": <span class=sf-dump-num>160</span>
      +\"<span class=sf-dump-public title=\"Runtime added dynamic property\">g_point</span>\": <span class=sf-dump-num>30</span>
      +\"<span class=sf-dump-public title=\"Runtime added dynamic property\">created_at</span>\": \"<span class=sf-dump-str title=\"19 characters\">2023-07-14 21:11:09</span>\"
      +\"<span class=sf-dump-public title=\"Runtime added dynamic property\">estado</span>\": <span class=sf-dump-num>1</span>
      +\"<span class=sf-dump-public title=\"Runtime added dynamic property\">descrip</span>\": \"<span class=sf-dump-str title=\"6 characters\">ADMIN2</span>\"
    </samp>}
    <span class=sf-dump-index>79</span> => {<a class=sf-dump-ref>#1691</a><samp data-depth=3 class=sf-dump-compact>
      +\"<span class=sf-dump-public title=\"Runtime added dynamic property\">id</span>\": <span class=sf-dump-num>320</span>
      +\"<span class=sf-dump-public title=\"Runtime added dynamic property\">firstname</span>\": \"<span class=sf-dump-str title=\"12 characters\">ARLEY ANDRES</span>\"
      +\"<span class=sf-dump-public title=\"Runtime added dynamic property\">lastname</span>\": \"<span class=sf-dump-str title=\"17 characters\">MARTINEZ  HURTADO</span>\"
      +\"<span class=sf-dump-public title=\"Runtime added dynamic property\">username</span>\": \"<span class=sf-dump-str title=\"23 characters\">amartinez@bancow.com.co</span>\"
      +\"<span class=sf-dump-public title=\"Runtime added dynamic property\">email</span>\": \"<span class=sf-dump-str title=\"23 characters\">amartinez@bancow.com.co</span>\"
      +\"<span class=sf-dump-public title=\"Runtime added dynamic property\">level</span>\": <span class=sf-dump-num>0</span>
      +\"<span class=sf-dump-public title=\"Runtime added dynamic property\">s_point</span>\": \"<span class=sf-dump-str title=\"18 characters\">199.00000000000000</span>\"
      +\"<span class=sf-dump-public title=\"Runtime added dynamic property\">i_point</span>\": <span class=sf-dump-num>160</span>
      +\"<span class=sf-dump-public title=\"Runtime added dynamic property\">g_point</span>\": <span class=sf-dump-num>30</span>
      +\"<span class=sf-dump-public title=\"Runtime added dynamic property\">created_at</span>\": \"<span class=sf-dump-str title=\"19 characters\">2023-07-14 21:11:09</span>\"
      +\"<span class=sf-dump-public title=\"Runtime added dynamic property\">estado</span>\": <span class=sf-dump-num>1</span>
      +\"<span class=sf-dump-public title=\"Runtime added dynamic property\">descrip</span>\": \"<span class=sf-dump-str title=\"6 characters\">ADMIN2</span>\"
    </samp>}
    <span class=sf-dump-index>80</span> => {<a class=sf-dump-ref>#1692</a><samp data-depth=3 class=sf-dump-compact>
      +\"<span class=sf-dump-public title=\"Runtime added dynamic property\">id</span>\": <span class=sf-dump-num>321</span>
      +\"<span class=sf-dump-public title=\"Runtime added dynamic property\">firstname</span>\": \"<span class=sf-dump-str title=\"16 characters\">ELISABETH ORTEGA</span>\"
      +\"<span class=sf-dump-public title=\"Runtime added dynamic property\">lastname</span>\": \"<span class=sf-dump-str title=\"6 characters\">IDROBO</span>\"
      +\"<span class=sf-dump-public title=\"Runtime added dynamic property\">username</span>\": \"<span class=sf-dump-str title=\"21 characters\">eortega@bancow.com.co</span>\"
      +\"<span class=sf-dump-public title=\"Runtime added dynamic property\">email</span>\": \"<span class=sf-dump-str title=\"21 characters\">eortega@bancow.com.co</span>\"
      +\"<span class=sf-dump-public title=\"Runtime added dynamic property\">level</span>\": <span class=sf-dump-num>0</span>
      +\"<span class=sf-dump-public title=\"Runtime added dynamic property\">s_point</span>\": \"<span class=sf-dump-str title=\"18 characters\">199.00000000000000</span>\"
      +\"<span class=sf-dump-public title=\"Runtime added dynamic property\">i_point</span>\": <span class=sf-dump-num>160</span>
      +\"<span class=sf-dump-public title=\"Runtime added dynamic property\">g_point</span>\": <span class=sf-dump-num>30</span>
      +\"<span class=sf-dump-public title=\"Runtime added dynamic property\">created_at</span>\": \"<span class=sf-dump-str title=\"19 characters\">2023-07-14 21:11:09</span>\"
      +\"<span class=sf-dump-public title=\"Runtime added dynamic property\">estado</span>\": <span class=sf-dump-num>1</span>
      +\"<span class=sf-dump-public title=\"Runtime added dynamic property\">descrip</span>\": \"<span class=sf-dump-str title=\"6 characters\">ADMIN2</span>\"
    </samp>}
    <span class=sf-dump-index>81</span> => {<a class=sf-dump-ref>#1693</a><samp data-depth=3 class=sf-dump-compact>
      +\"<span class=sf-dump-public title=\"Runtime added dynamic property\">id</span>\": <span class=sf-dump-num>322</span>
      +\"<span class=sf-dump-public title=\"Runtime added dynamic property\">firstname</span>\": \"<span class=sf-dump-str title=\"12 characters\">EDGAR DANIEL</span>\"
      +\"<span class=sf-dump-public title=\"Runtime added dynamic property\">lastname</span>\": \"<span class=sf-dump-str title=\"15 characters\">VIRGEN  SANCHEZ</span>\"
      +\"<span class=sf-dump-public title=\"Runtime added dynamic property\">username</span>\": \"<span class=sf-dump-str title=\"21 characters\">evirgen@bancow.com.co</span>\"
      +\"<span class=sf-dump-public title=\"Runtime added dynamic property\">email</span>\": \"<span class=sf-dump-str title=\"21 characters\">evirgen@bancow.com.co</span>\"
      +\"<span class=sf-dump-public title=\"Runtime added dynamic property\">level</span>\": <span class=sf-dump-num>0</span>
      +\"<span class=sf-dump-public title=\"Runtime added dynamic property\">s_point</span>\": \"<span class=sf-dump-str title=\"18 characters\">199.00000000000000</span>\"
      +\"<span class=sf-dump-public title=\"Runtime added dynamic property\">i_point</span>\": <span class=sf-dump-num>160</span>
      +\"<span class=sf-dump-public title=\"Runtime added dynamic property\">g_point</span>\": <span class=sf-dump-num>30</span>
      +\"<span class=sf-dump-public title=\"Runtime added dynamic property\">created_at</span>\": \"<span class=sf-dump-str title=\"19 characters\">2023-07-14 21:11:09</span>\"
      +\"<span class=sf-dump-public title=\"Runtime added dynamic property\">estado</span>\": <span class=sf-dump-num>1</span>
      +\"<span class=sf-dump-public title=\"Runtime added dynamic property\">descrip</span>\": \"<span class=sf-dump-str title=\"6 characters\">ADMIN2</span>\"
    </samp>}
    <span class=sf-dump-index>82</span> => {<a class=sf-dump-ref>#1694</a><samp data-depth=3 class=sf-dump-compact>
      +\"<span class=sf-dump-public title=\"Runtime added dynamic property\">id</span>\": <span class=sf-dump-num>323</span>
      +\"<span class=sf-dump-public title=\"Runtime added dynamic property\">firstname</span>\": \"<span class=sf-dump-str title=\"12 characters\">DAVID FELIPE</span>\"
      +\"<span class=sf-dump-public title=\"Runtime added dynamic property\">lastname</span>\": \"<span class=sf-dump-str title=\"18 characters\">RODRIGUEZ  ANDRADE</span>\"
      +\"<span class=sf-dump-public title=\"Runtime added dynamic property\">username</span>\": \"<span class=sf-dump-str title=\"26 characters\">davrodriguez@bancow.com.co</span>\"
      +\"<span class=sf-dump-public title=\"Runtime added dynamic property\">email</span>\": \"<span class=sf-dump-str title=\"26 characters\">davrodriguez@bancow.com.co</span>\"
      +\"<span class=sf-dump-public title=\"Runtime added dynamic property\">level</span>\": <span class=sf-dump-num>0</span>
      +\"<span class=sf-dump-public title=\"Runtime added dynamic property\">s_point</span>\": \"<span class=sf-dump-str title=\"18 characters\">199.00000000000000</span>\"
      +\"<span class=sf-dump-public title=\"Runtime added dynamic property\">i_point</span>\": <span class=sf-dump-num>160</span>
      +\"<span class=sf-dump-public title=\"Runtime added dynamic property\">g_point</span>\": <span class=sf-dump-num>30</span>
      +\"<span class=sf-dump-public title=\"Runtime added dynamic property\">created_at</span>\": \"<span class=sf-dump-str title=\"19 characters\">2023-07-14 21:11:09</span>\"
      +\"<span class=sf-dump-public title=\"Runtime added dynamic property\">estado</span>\": <span class=sf-dump-num>1</span>
      +\"<span class=sf-dump-public title=\"Runtime added dynamic property\">descrip</span>\": \"<span class=sf-dump-str title=\"6 characters\">ADMIN2</span>\"
    </samp>}
    <span class=sf-dump-index>83</span> => {<a class=sf-dump-ref>#1695</a><samp data-depth=3 class=sf-dump-compact>
      +\"<span class=sf-dump-public title=\"Runtime added dynamic property\">id</span>\": <span class=sf-dump-num>324</span>
      +\"<span class=sf-dump-public title=\"Runtime added dynamic property\">firstname</span>\": \"<span class=sf-dump-str title=\"13 characters\">BELKYS YASMIN</span>\"
      +\"<span class=sf-dump-public title=\"Runtime added dynamic property\">lastname</span>\": \"<span class=sf-dump-str title=\"12 characters\">LOPEZ  LOPEZ</span>\"
      +\"<span class=sf-dump-public title=\"Runtime added dynamic property\">username</span>\": \"<span class=sf-dump-str title=\"20 characters\">blopez@bancow.com.co</span>\"
      +\"<span class=sf-dump-public title=\"Runtime added dynamic property\">email</span>\": \"<span class=sf-dump-str title=\"20 characters\">blopez@bancow.com.co</span>\"
      +\"<span class=sf-dump-public title=\"Runtime added dynamic property\">level</span>\": <span class=sf-dump-num>0</span>
      +\"<span class=sf-dump-public title=\"Runtime added dynamic property\">s_point</span>\": \"<span class=sf-dump-str title=\"18 characters\">199.00000000000000</span>\"
      +\"<span class=sf-dump-public title=\"Runtime added dynamic property\">i_point</span>\": <span class=sf-dump-num>160</span>
      +\"<span class=sf-dump-public title=\"Runtime added dynamic property\">g_point</span>\": <span class=sf-dump-num>30</span>
      +\"<span class=sf-dump-public title=\"Runtime added dynamic property\">created_at</span>\": \"<span class=sf-dump-str title=\"19 characters\">2023-07-14 21:11:09</span>\"
      +\"<span class=sf-dump-public title=\"Runtime added dynamic property\">estado</span>\": <span class=sf-dump-num>1</span>
      +\"<span class=sf-dump-public title=\"Runtime added dynamic property\">descrip</span>\": \"<span class=sf-dump-str title=\"6 characters\">ADMIN2</span>\"
    </samp>}
    <span class=sf-dump-index>84</span> => {<a class=sf-dump-ref>#1696</a><samp data-depth=3 class=sf-dump-compact>
      +\"<span class=sf-dump-public title=\"Runtime added dynamic property\">id</span>\": <span class=sf-dump-num>325</span>
      +\"<span class=sf-dump-public title=\"Runtime added dynamic property\">firstname</span>\": \"<span class=sf-dump-str title=\"12 characters\">DIANA LORENA</span>\"
      +\"<span class=sf-dump-public title=\"Runtime added dynamic property\">lastname</span>\": \"<span class=sf-dump-str title=\"9 characters\">ECHEVERRY</span>\"
      +\"<span class=sf-dump-public title=\"Runtime added dynamic property\">username</span>\": \"<span class=sf-dump-str title=\"24 characters\">decheverry@bancow.com.co</span>\"
      +\"<span class=sf-dump-public title=\"Runtime added dynamic property\">email</span>\": \"<span class=sf-dump-str title=\"24 characters\">decheverry@bancow.com.co</span>\"
      +\"<span class=sf-dump-public title=\"Runtime added dynamic property\">level</span>\": <span class=sf-dump-num>0</span>
      +\"<span class=sf-dump-public title=\"Runtime added dynamic property\">s_point</span>\": \"<span class=sf-dump-str title=\"18 characters\">199.00000000000000</span>\"
      +\"<span class=sf-dump-public title=\"Runtime added dynamic property\">i_point</span>\": <span class=sf-dump-num>160</span>
      +\"<span class=sf-dump-public title=\"Runtime added dynamic property\">g_point</span>\": <span class=sf-dump-num>30</span>
      +\"<span class=sf-dump-public title=\"Runtime added dynamic property\">created_at</span>\": \"<span class=sf-dump-str title=\"19 characters\">2023-07-14 21:11:09</span>\"
      +\"<span class=sf-dump-public title=\"Runtime added dynamic property\">estado</span>\": <span class=sf-dump-num>1</span>
      +\"<span class=sf-dump-public title=\"Runtime added dynamic property\">descrip</span>\": \"<span class=sf-dump-str title=\"6 characters\">ADMIN3</span>\"
    </samp>}
    <span class=sf-dump-index>85</span> => {<a class=sf-dump-ref>#1697</a><samp data-depth=3 class=sf-dump-compact>
      +\"<span class=sf-dump-public title=\"Runtime added dynamic property\">id</span>\": <span class=sf-dump-num>326</span>
      +\"<span class=sf-dump-public title=\"Runtime added dynamic property\">firstname</span>\": \"<span class=sf-dump-str title=\"13 characters\">JORGE ELIECER</span>\"
      +\"<span class=sf-dump-public title=\"Runtime added dynamic property\">lastname</span>\": \"<span class=sf-dump-str title=\"19 characters\">GONZALEZ  CIFUENTES</span>\"
      +\"<span class=sf-dump-public title=\"Runtime added dynamic property\">username</span>\": \"<span class=sf-dump-str title=\"23 characters\">jgonzalez@bancow.com.co</span>\"
      +\"<span class=sf-dump-public title=\"Runtime added dynamic property\">email</span>\": \"<span class=sf-dump-str title=\"23 characters\">jgonzalez@bancow.com.co</span>\"
      +\"<span class=sf-dump-public title=\"Runtime added dynamic property\">level</span>\": <span class=sf-dump-num>0</span>
      +\"<span class=sf-dump-public title=\"Runtime added dynamic property\">s_point</span>\": \"<span class=sf-dump-str title=\"18 characters\">199.00000000000000</span>\"
      +\"<span class=sf-dump-public title=\"Runtime added dynamic property\">i_point</span>\": <span class=sf-dump-num>160</span>
      +\"<span class=sf-dump-public title=\"Runtime added dynamic property\">g_point</span>\": <span class=sf-dump-num>30</span>
      +\"<span class=sf-dump-public title=\"Runtime added dynamic property\">created_at</span>\": \"<span class=sf-dump-str title=\"19 characters\">2023-07-14 21:11:09</span>\"
      +\"<span class=sf-dump-public title=\"Runtime added dynamic property\">estado</span>\": <span class=sf-dump-num>1</span>
      +\"<span class=sf-dump-public title=\"Runtime added dynamic property\">descrip</span>\": \"<span class=sf-dump-str title=\"6 characters\">ADMIN3</span>\"
    </samp>}
    <span class=sf-dump-index>86</span> => {<a class=sf-dump-ref>#1698</a><samp data-depth=3 class=sf-dump-compact>
      +\"<span class=sf-dump-public title=\"Runtime added dynamic property\">id</span>\": <span class=sf-dump-num>327</span>
      +\"<span class=sf-dump-public title=\"Runtime added dynamic property\">firstname</span>\": \"<span class=sf-dump-str title=\"13 characters\">JOSE FERNANDO</span>\"
      +\"<span class=sf-dump-public title=\"Runtime added dynamic property\">lastname</span>\": \"<span class=sf-dump-str title=\"17 characters\">VALENCIA  MAPALLO</span>\"
      +\"<span class=sf-dump-public title=\"Runtime added dynamic property\">username</span>\": \"<span class=sf-dump-str title=\"24 characters\">jfvalencia@bancow.com.co</span>\"
      +\"<span class=sf-dump-public title=\"Runtime added dynamic property\">email</span>\": \"<span class=sf-dump-str title=\"24 characters\">jfvalencia@bancow.com.co</span>\"
      +\"<span class=sf-dump-public title=\"Runtime added dynamic property\">level</span>\": <span class=sf-dump-num>0</span>
      +\"<span class=sf-dump-public title=\"Runtime added dynamic property\">s_point</span>\": \"<span class=sf-dump-str title=\"18 characters\">199.00000000000000</span>\"
      +\"<span class=sf-dump-public title=\"Runtime added dynamic property\">i_point</span>\": <span class=sf-dump-num>160</span>
      +\"<span class=sf-dump-public title=\"Runtime added dynamic property\">g_point</span>\": <span class=sf-dump-num>30</span>
      +\"<span class=sf-dump-public title=\"Runtime added dynamic property\">created_at</span>\": \"<span class=sf-dump-str title=\"19 characters\">2023-07-14 21:11:09</span>\"
      +\"<span class=sf-dump-public title=\"Runtime added dynamic property\">estado</span>\": <span class=sf-dump-num>1</span>
      +\"<span class=sf-dump-public title=\"Runtime added dynamic property\">descrip</span>\": \"<span class=sf-dump-str title=\"6 characters\">ADMIN3</span>\"
    </samp>}
    <span class=sf-dump-index>87</span> => {<a class=sf-dump-ref>#1699</a><samp data-depth=3 class=sf-dump-compact>
      +\"<span class=sf-dump-public title=\"Runtime added dynamic property\">id</span>\": <span class=sf-dump-num>328</span>
      +\"<span class=sf-dump-public title=\"Runtime added dynamic property\">firstname</span>\": \"<span class=sf-dump-str title=\"14 characters\">KAROLAY CUTIVA</span>\"
      +\"<span class=sf-dump-public title=\"Runtime added dynamic property\">lastname</span>\": \"<span class=sf-dump-str title=\"7 characters\">ESCOBAR</span>\"
      +\"<span class=sf-dump-public title=\"Runtime added dynamic property\">username</span>\": \"<span class=sf-dump-str title=\"21 characters\">kcutiva@bancow.com.co</span>\"
      +\"<span class=sf-dump-public title=\"Runtime added dynamic property\">email</span>\": \"<span class=sf-dump-str title=\"21 characters\">kcutiva@bancow.com.co</span>\"
      +\"<span class=sf-dump-public title=\"Runtime added dynamic property\">level</span>\": <span class=sf-dump-num>0</span>
      +\"<span class=sf-dump-public title=\"Runtime added dynamic property\">s_point</span>\": \"<span class=sf-dump-str title=\"18 characters\">199.00000000000000</span>\"
      +\"<span class=sf-dump-public title=\"Runtime added dynamic property\">i_point</span>\": <span class=sf-dump-num>160</span>
      +\"<span class=sf-dump-public title=\"Runtime added dynamic property\">g_point</span>\": <span class=sf-dump-num>30</span>
      +\"<span class=sf-dump-public title=\"Runtime added dynamic property\">created_at</span>\": \"<span class=sf-dump-str title=\"19 characters\">2023-07-14 21:11:09</span>\"
      +\"<span class=sf-dump-public title=\"Runtime added dynamic property\">estado</span>\": <span class=sf-dump-num>1</span>
      +\"<span class=sf-dump-public title=\"Runtime added dynamic property\">descrip</span>\": \"<span class=sf-dump-str title=\"6 characters\">ADMIN3</span>\"
    </samp>}
    <span class=sf-dump-index>88</span> => {<a class=sf-dump-ref>#1700</a><samp data-depth=3 class=sf-dump-compact>
      +\"<span class=sf-dump-public title=\"Runtime added dynamic property\">id</span>\": <span class=sf-dump-num>329</span>
      +\"<span class=sf-dump-public title=\"Runtime added dynamic property\">firstname</span>\": \"<span class=sf-dump-str title=\"14 characters\">GERMAN ALBERTO</span>\"
      +\"<span class=sf-dump-public title=\"Runtime added dynamic property\">lastname</span>\": \"<span class=sf-dump-str title=\"13 characters\">LOPEZ  SANTOS</span>\"
      +\"<span class=sf-dump-public title=\"Runtime added dynamic property\">username</span>\": \"<span class=sf-dump-str title=\"20 characters\">glopez@bancow.com.co</span>\"
      +\"<span class=sf-dump-public title=\"Runtime added dynamic property\">email</span>\": \"<span class=sf-dump-str title=\"20 characters\">glopez@bancow.com.co</span>\"
      +\"<span class=sf-dump-public title=\"Runtime added dynamic property\">level</span>\": <span class=sf-dump-num>0</span>
      +\"<span class=sf-dump-public title=\"Runtime added dynamic property\">s_point</span>\": \"<span class=sf-dump-str title=\"18 characters\">199.00000000000000</span>\"
      +\"<span class=sf-dump-public title=\"Runtime added dynamic property\">i_point</span>\": <span class=sf-dump-num>160</span>
      +\"<span class=sf-dump-public title=\"Runtime added dynamic property\">g_point</span>\": <span class=sf-dump-num>30</span>
      +\"<span class=sf-dump-public title=\"Runtime added dynamic property\">created_at</span>\": \"<span class=sf-dump-str title=\"19 characters\">2023-07-14 21:11:10</span>\"
      +\"<span class=sf-dump-public title=\"Runtime added dynamic property\">estado</span>\": <span class=sf-dump-num>1</span>
      +\"<span class=sf-dump-public title=\"Runtime added dynamic property\">descrip</span>\": \"<span class=sf-dump-str title=\"6 characters\">ADMIN3</span>\"
    </samp>}
    <span class=sf-dump-index>89</span> => {<a class=sf-dump-ref>#1701</a><samp data-depth=3 class=sf-dump-compact>
      +\"<span class=sf-dump-public title=\"Runtime added dynamic property\">id</span>\": <span class=sf-dump-num>330</span>
      +\"<span class=sf-dump-public title=\"Runtime added dynamic property\">firstname</span>\": \"<span class=sf-dump-str title=\"13 characters\">VIVIAN ANDREA</span>\"
      +\"<span class=sf-dump-public title=\"Runtime added dynamic property\">lastname</span>\": \"<span class=sf-dump-str title=\"16 characters\">BOLA&#195;&#145;OS  QUEVED</span>\"
      +\"<span class=sf-dump-public title=\"Runtime added dynamic property\">username</span>\": \"<span class=sf-dump-str title=\"22 characters\">vbolanos@bancow.com.co</span>\"
      +\"<span class=sf-dump-public title=\"Runtime added dynamic property\">email</span>\": \"<span class=sf-dump-str title=\"22 characters\">vbolanos@bancow.com.co</span>\"
      +\"<span class=sf-dump-public title=\"Runtime added dynamic property\">level</span>\": <span class=sf-dump-num>0</span>
      +\"<span class=sf-dump-public title=\"Runtime added dynamic property\">s_point</span>\": \"<span class=sf-dump-str title=\"18 characters\">166.00000000000000</span>\"
      +\"<span class=sf-dump-public title=\"Runtime added dynamic property\">i_point</span>\": <span class=sf-dump-num>140</span>
      +\"<span class=sf-dump-public title=\"Runtime added dynamic property\">g_point</span>\": <span class=sf-dump-num>10</span>
      +\"<span class=sf-dump-public title=\"Runtime added dynamic property\">created_at</span>\": \"<span class=sf-dump-str title=\"19 characters\">2023-07-14 21:11:10</span>\"
      +\"<span class=sf-dump-public title=\"Runtime added dynamic property\">estado</span>\": <span class=sf-dump-num>1</span>
      +\"<span class=sf-dump-public title=\"Runtime added dynamic property\">descrip</span>\": \"<span class=sf-dump-str title=\"6 characters\">ADMIN3</span>\"
    </samp>}
    <span class=sf-dump-index>90</span> => {<a class=sf-dump-ref>#1702</a><samp data-depth=3 class=sf-dump-compact>
      +\"<span class=sf-dump-public title=\"Runtime added dynamic property\">id</span>\": <span class=sf-dump-num>331</span>
      +\"<span class=sf-dump-public title=\"Runtime added dynamic property\">firstname</span>\": \"<span class=sf-dump-str title=\"13 characters\">LICETH LORENA</span>\"
      +\"<span class=sf-dump-public title=\"Runtime added dynamic property\">lastname</span>\": \"<span class=sf-dump-str title=\"13 characters\">MU&#195;&#145;OZ  BARON</span>\"
      +\"<span class=sf-dump-public title=\"Runtime added dynamic property\">username</span>\": \"<span class=sf-dump-str title=\"21 characters\">limunoz@bancow.com.co</span>\"
      +\"<span class=sf-dump-public title=\"Runtime added dynamic property\">email</span>\": \"<span class=sf-dump-str title=\"21 characters\">limunoz@bancow.com.co</span>\"
      +\"<span class=sf-dump-public title=\"Runtime added dynamic property\">level</span>\": <span class=sf-dump-num>0</span>
      +\"<span class=sf-dump-public title=\"Runtime added dynamic property\">s_point</span>\": \"<span class=sf-dump-str title=\"16 characters\">0.00000000000000</span>\"
      +\"<span class=sf-dump-public title=\"Runtime added dynamic property\">i_point</span>\": <span class=sf-dump-num>0</span>
      +\"<span class=sf-dump-public title=\"Runtime added dynamic property\">g_point</span>\": <span class=sf-dump-num>0</span>
      +\"<span class=sf-dump-public title=\"Runtime added dynamic property\">created_at</span>\": \"<span class=sf-dump-str title=\"19 characters\">2023-07-14 21:11:10</span>\"
      +\"<span class=sf-dump-public title=\"Runtime added dynamic property\">estado</span>\": <span class=sf-dump-num>0</span>
      +\"<span class=sf-dump-public title=\"Runtime added dynamic property\">descrip</span>\": \"<span class=sf-dump-str title=\"6 characters\">ADMIN3</span>\"
    </samp>}
    <span class=sf-dump-index>91</span> => {<a class=sf-dump-ref>#1703</a><samp data-depth=3 class=sf-dump-compact>
      +\"<span class=sf-dump-public title=\"Runtime added dynamic property\">id</span>\": <span class=sf-dump-num>332</span>
      +\"<span class=sf-dump-public title=\"Runtime added dynamic property\">firstname</span>\": \"<span class=sf-dump-str title=\"14 characters\">MONICA CECILIA</span>\"
      +\"<span class=sf-dump-public title=\"Runtime added dynamic property\">lastname</span>\": \"<span class=sf-dump-str title=\"15 characters\">RIZO  FERNANDEZ</span>\"
      +\"<span class=sf-dump-public title=\"Runtime added dynamic property\">username</span>\": \"<span class=sf-dump-str title=\"19 characters\">mrizo@bancow.com.co</span>\"
      +\"<span class=sf-dump-public title=\"Runtime added dynamic property\">email</span>\": \"<span class=sf-dump-str title=\"19 characters\">mrizo@bancow.com.co</span>\"
      +\"<span class=sf-dump-public title=\"Runtime added dynamic property\">level</span>\": <span class=sf-dump-num>0</span>
      +\"<span class=sf-dump-public title=\"Runtime added dynamic property\">s_point</span>\": \"<span class=sf-dump-str title=\"18 characters\">199.00000000000000</span>\"
      +\"<span class=sf-dump-public title=\"Runtime added dynamic property\">i_point</span>\": <span class=sf-dump-num>160</span>
      +\"<span class=sf-dump-public title=\"Runtime added dynamic property\">g_point</span>\": <span class=sf-dump-num>30</span>
      +\"<span class=sf-dump-public title=\"Runtime added dynamic property\">created_at</span>\": \"<span class=sf-dump-str title=\"19 characters\">2023-07-14 21:11:10</span>\"
      +\"<span class=sf-dump-public title=\"Runtime added dynamic property\">estado</span>\": <span class=sf-dump-num>1</span>
      +\"<span class=sf-dump-public title=\"Runtime added dynamic property\">descrip</span>\": \"<span class=sf-dump-str title=\"6 characters\">ADMIN3</span>\"
    </samp>}
    <span class=sf-dump-index>92</span> => {<a class=sf-dump-ref>#1704</a><samp data-depth=3 class=sf-dump-compact>
      +\"<span class=sf-dump-public title=\"Runtime added dynamic property\">id</span>\": <span class=sf-dump-num>333</span>
      +\"<span class=sf-dump-public title=\"Runtime added dynamic property\">firstname</span>\": \"<span class=sf-dump-str title=\"17 characters\">JAQUELINE ADRIANA</span>\"
      +\"<span class=sf-dump-public title=\"Runtime added dynamic property\">lastname</span>\": \"<span class=sf-dump-str title=\"13 characters\">MIRANDA  LORA</span>\"
      +\"<span class=sf-dump-public title=\"Runtime added dynamic property\">username</span>\": \"<span class=sf-dump-str title=\"22 characters\">jmiranda@bancow.com.co</span>\"
      +\"<span class=sf-dump-public title=\"Runtime added dynamic property\">email</span>\": \"<span class=sf-dump-str title=\"22 characters\">jmiranda@bancow.com.co</span>\"
      +\"<span class=sf-dump-public title=\"Runtime added dynamic property\">level</span>\": <span class=sf-dump-num>0</span>
      +\"<span class=sf-dump-public title=\"Runtime added dynamic property\">s_point</span>\": \"<span class=sf-dump-str title=\"18 characters\">199.00000000000000</span>\"
      +\"<span class=sf-dump-public title=\"Runtime added dynamic property\">i_point</span>\": <span class=sf-dump-num>160</span>
      +\"<span class=sf-dump-public title=\"Runtime added dynamic property\">g_point</span>\": <span class=sf-dump-num>30</span>
      +\"<span class=sf-dump-public title=\"Runtime added dynamic property\">created_at</span>\": \"<span class=sf-dump-str title=\"19 characters\">2023-07-14 21:11:10</span>\"
      +\"<span class=sf-dump-public title=\"Runtime added dynamic property\">estado</span>\": <span class=sf-dump-num>1</span>
      +\"<span class=sf-dump-public title=\"Runtime added dynamic property\">descrip</span>\": \"<span class=sf-dump-str title=\"6 characters\">ADMIN3</span>\"
    </samp>}
    <span class=sf-dump-index>93</span> => {<a class=sf-dump-ref>#1705</a><samp data-depth=3 class=sf-dump-compact>
      +\"<span class=sf-dump-public title=\"Runtime added dynamic property\">id</span>\": <span class=sf-dump-num>334</span>
      +\"<span class=sf-dump-public title=\"Runtime added dynamic property\">firstname</span>\": \"<span class=sf-dump-str title=\"13 characters\">SANTIAGO RIOS</span>\"
      +\"<span class=sf-dump-public title=\"Runtime added dynamic property\">lastname</span>\": \"<span class=sf-dump-str title=\"8 characters\">SANABRIA</span>\"
      +\"<span class=sf-dump-public title=\"Runtime added dynamic property\">username</span>\": \"<span class=sf-dump-str title=\"19 characters\">srios@bancow.com.co</span>\"
      +\"<span class=sf-dump-public title=\"Runtime added dynamic property\">email</span>\": \"<span class=sf-dump-str title=\"19 characters\">srios@bancow.com.co</span>\"
      +\"<span class=sf-dump-public title=\"Runtime added dynamic property\">level</span>\": <span class=sf-dump-num>0</span>
      +\"<span class=sf-dump-public title=\"Runtime added dynamic property\">s_point</span>\": \"<span class=sf-dump-str title=\"18 characters\">199.00000000000000</span>\"
      +\"<span class=sf-dump-public title=\"Runtime added dynamic property\">i_point</span>\": <span class=sf-dump-num>160</span>
      +\"<span class=sf-dump-public title=\"Runtime added dynamic property\">g_point</span>\": <span class=sf-dump-num>30</span>
      +\"<span class=sf-dump-public title=\"Runtime added dynamic property\">created_at</span>\": \"<span class=sf-dump-str title=\"19 characters\">2023-07-14 21:11:10</span>\"
      +\"<span class=sf-dump-public title=\"Runtime added dynamic property\">estado</span>\": <span class=sf-dump-num>1</span>
      +\"<span class=sf-dump-public title=\"Runtime added dynamic property\">descrip</span>\": \"<span class=sf-dump-str title=\"6 characters\">ADMIN3</span>\"
    </samp>}
    <span class=sf-dump-index>94</span> => {<a class=sf-dump-ref>#1706</a><samp data-depth=3 class=sf-dump-compact>
      +\"<span class=sf-dump-public title=\"Runtime added dynamic property\">id</span>\": <span class=sf-dump-num>335</span>
      +\"<span class=sf-dump-public title=\"Runtime added dynamic property\">firstname</span>\": \"<span class=sf-dump-str title=\"17 characters\">SEBASTIAN HIDALGO</span>\"
      +\"<span class=sf-dump-public title=\"Runtime added dynamic property\">lastname</span>\": \"<span class=sf-dump-str title=\"5 characters\">DAGER</span>\"
      +\"<span class=sf-dump-public title=\"Runtime added dynamic property\">username</span>\": \"<span class=sf-dump-str title=\"22 characters\">shidalgo@bancow.com.co</span>\"
      +\"<span class=sf-dump-public title=\"Runtime added dynamic property\">email</span>\": \"<span class=sf-dump-str title=\"22 characters\">shidalgo@bancow.com.co</span>\"
      +\"<span class=sf-dump-public title=\"Runtime added dynamic property\">level</span>\": <span class=sf-dump-num>0</span>
      +\"<span class=sf-dump-public title=\"Runtime added dynamic property\">s_point</span>\": \"<span class=sf-dump-str title=\"18 characters\">199.00000000000000</span>\"
      +\"<span class=sf-dump-public title=\"Runtime added dynamic property\">i_point</span>\": <span class=sf-dump-num>160</span>
      +\"<span class=sf-dump-public title=\"Runtime added dynamic property\">g_point</span>\": <span class=sf-dump-num>30</span>
      +\"<span class=sf-dump-public title=\"Runtime added dynamic property\">created_at</span>\": \"<span class=sf-dump-str title=\"19 characters\">2023-07-14 21:11:10</span>\"
      +\"<span class=sf-dump-public title=\"Runtime added dynamic property\">estado</span>\": <span class=sf-dump-num>1</span>
      +\"<span class=sf-dump-public title=\"Runtime added dynamic property\">descrip</span>\": \"<span class=sf-dump-str title=\"6 characters\">ADMIN3</span>\"
    </samp>}
    <span class=sf-dump-index>95</span> => {<a class=sf-dump-ref>#1707</a><samp data-depth=3 class=sf-dump-compact>
      +\"<span class=sf-dump-public title=\"Runtime added dynamic property\">id</span>\": <span class=sf-dump-num>336</span>
      +\"<span class=sf-dump-public title=\"Runtime added dynamic property\">firstname</span>\": \"<span class=sf-dump-str title=\"16 characters\">LEONARDO SANCHEZ</span>\"
      +\"<span class=sf-dump-public title=\"Runtime added dynamic property\">lastname</span>\": \"<span class=sf-dump-str title=\"9 characters\">JARAMILLO</span>\"
      +\"<span class=sf-dump-public title=\"Runtime added dynamic property\">username</span>\": \"<span class=sf-dump-str title=\"23 characters\">ljsanchez@bancow.com.co</span>\"
      +\"<span class=sf-dump-public title=\"Runtime added dynamic property\">email</span>\": \"<span class=sf-dump-str title=\"23 characters\">ljsanchez@bancow.com.co</span>\"
      +\"<span class=sf-dump-public title=\"Runtime added dynamic property\">level</span>\": <span class=sf-dump-num>0</span>
      +\"<span class=sf-dump-public title=\"Runtime added dynamic property\">s_point</span>\": \"<span class=sf-dump-str title=\"18 characters\">150.00000000000000</span>\"
      +\"<span class=sf-dump-public title=\"Runtime added dynamic property\">i_point</span>\": <span class=sf-dump-num>100</span>
      +\"<span class=sf-dump-public title=\"Runtime added dynamic property\">g_point</span>\": <span class=sf-dump-num>10</span>
      +\"<span class=sf-dump-public title=\"Runtime added dynamic property\">created_at</span>\": \"<span class=sf-dump-str title=\"19 characters\">2023-07-14 21:11:10</span>\"
      +\"<span class=sf-dump-public title=\"Runtime added dynamic property\">estado</span>\": <span class=sf-dump-num>1</span>
      +\"<span class=sf-dump-public title=\"Runtime added dynamic property\">descrip</span>\": \"<span class=sf-dump-str title=\"6 characters\">ADMIN3</span>\"
    </samp>}
    <span class=sf-dump-index>96</span> => {<a class=sf-dump-ref>#1708</a><samp data-depth=3 class=sf-dump-compact>
      +\"<span class=sf-dump-public title=\"Runtime added dynamic property\">id</span>\": <span class=sf-dump-num>337</span>
      +\"<span class=sf-dump-public title=\"Runtime added dynamic property\">firstname</span>\": \"<span class=sf-dump-str title=\"15 characters\">JESSICA JOHANNA</span>\"
      +\"<span class=sf-dump-public title=\"Runtime added dynamic property\">lastname</span>\": \"<span class=sf-dump-str title=\"16 characters\">HURTADO  HURTADO</span>\"
      +\"<span class=sf-dump-public title=\"Runtime added dynamic property\">username</span>\": \"<span class=sf-dump-str title=\"22 characters\">jhurtado@bancow.com.co</span>\"
      +\"<span class=sf-dump-public title=\"Runtime added dynamic property\">email</span>\": \"<span class=sf-dump-str title=\"22 characters\">jhurtado@bancow.com.co</span>\"
      +\"<span class=sf-dump-public title=\"Runtime added dynamic property\">level</span>\": <span class=sf-dump-num>0</span>
      +\"<span class=sf-dump-public title=\"Runtime added dynamic property\">s_point</span>\": \"<span class=sf-dump-str title=\"18 characters\">199.00000000000000</span>\"
      +\"<span class=sf-dump-public title=\"Runtime added dynamic property\">i_point</span>\": <span class=sf-dump-num>160</span>
      +\"<span class=sf-dump-public title=\"Runtime added dynamic property\">g_point</span>\": <span class=sf-dump-num>30</span>
      +\"<span class=sf-dump-public title=\"Runtime added dynamic property\">created_at</span>\": \"<span class=sf-dump-str title=\"19 characters\">2023-07-14 21:11:10</span>\"
      +\"<span class=sf-dump-public title=\"Runtime added dynamic property\">estado</span>\": <span class=sf-dump-num>1</span>
      +\"<span class=sf-dump-public title=\"Runtime added dynamic property\">descrip</span>\": \"<span class=sf-dump-str title=\"6 characters\">ADMIN3</span>\"
    </samp>}
    <span class=sf-dump-index>97</span> => {<a class=sf-dump-ref>#1709</a><samp data-depth=3 class=sf-dump-compact>
      +\"<span class=sf-dump-public title=\"Runtime added dynamic property\">id</span>\": <span class=sf-dump-num>338</span>
      +\"<span class=sf-dump-public title=\"Runtime added dynamic property\">firstname</span>\": \"<span class=sf-dump-str title=\"15 characters\">CARLOS HUMBERTO</span>\"
      +\"<span class=sf-dump-public title=\"Runtime added dynamic property\">lastname</span>\": \"<span class=sf-dump-str title=\"14 characters\">CUERO  HURTADO</span>\"
      +\"<span class=sf-dump-public title=\"Runtime added dynamic property\">username</span>\": \"<span class=sf-dump-str title=\"20 characters\">ccuero@bancow.com.co</span>\"
      +\"<span class=sf-dump-public title=\"Runtime added dynamic property\">email</span>\": \"<span class=sf-dump-str title=\"20 characters\">ccuero@bancow.com.co</span>\"
      +\"<span class=sf-dump-public title=\"Runtime added dynamic property\">level</span>\": <span class=sf-dump-num>0</span>
      +\"<span class=sf-dump-public title=\"Runtime added dynamic property\">s_point</span>\": \"<span class=sf-dump-str title=\"18 characters\">166.00000000000000</span>\"
      +\"<span class=sf-dump-public title=\"Runtime added dynamic property\">i_point</span>\": <span class=sf-dump-num>140</span>
      +\"<span class=sf-dump-public title=\"Runtime added dynamic property\">g_point</span>\": <span class=sf-dump-num>10</span>
      +\"<span class=sf-dump-public title=\"Runtime added dynamic property\">created_at</span>\": \"<span class=sf-dump-str title=\"19 characters\">2023-07-14 21:11:11</span>\"
      +\"<span class=sf-dump-public title=\"Runtime added dynamic property\">estado</span>\": <span class=sf-dump-num>1</span>
      +\"<span class=sf-dump-public title=\"Runtime added dynamic property\">descrip</span>\": \"<span class=sf-dump-str title=\"6 characters\">ADMIN3</span>\"
    </samp>}
    <span class=sf-dump-index>98</span> => {<a class=sf-dump-ref>#1710</a><samp data-depth=3 class=sf-dump-compact>
      +\"<span class=sf-dump-public title=\"Runtime added dynamic property\">id</span>\": <span class=sf-dump-num>339</span>
      +\"<span class=sf-dump-public title=\"Runtime added dynamic property\">firstname</span>\": \"<span class=sf-dump-str title=\"13 characters\">SANDRA MILENA</span>\"
      +\"<span class=sf-dump-public title=\"Runtime added dynamic property\">lastname</span>\": \"<span class=sf-dump-str title=\"18 characters\">GORDILLO  GUERRERO</span>\"
      +\"<span class=sf-dump-public title=\"Runtime added dynamic property\">username</span>\": \"<span class=sf-dump-str title=\"23 characters\">sgordillo@bancow.com.co</span>\"
      +\"<span class=sf-dump-public title=\"Runtime added dynamic property\">email</span>\": \"<span class=sf-dump-str title=\"23 characters\">sgordillo@bancow.com.co</span>\"
      +\"<span class=sf-dump-public title=\"Runtime added dynamic property\">level</span>\": <span class=sf-dump-num>0</span>
      +\"<span class=sf-dump-public title=\"Runtime added dynamic property\">s_point</span>\": \"<span class=sf-dump-str title=\"18 characters\">199.00000000000000</span>\"
      +\"<span class=sf-dump-public title=\"Runtime added dynamic property\">i_point</span>\": <span class=sf-dump-num>160</span>
      +\"<span class=sf-dump-public title=\"Runtime added dynamic property\">g_point</span>\": <span class=sf-dump-num>30</span>
      +\"<span class=sf-dump-public title=\"Runtime added dynamic property\">created_at</span>\": \"<span class=sf-dump-str title=\"19 characters\">2023-07-14 21:11:11</span>\"
      +\"<span class=sf-dump-public title=\"Runtime added dynamic property\">estado</span>\": <span class=sf-dump-num>1</span>
      +\"<span class=sf-dump-public title=\"Runtime added dynamic property\">descrip</span>\": \"<span class=sf-dump-str title=\"6 characters\">ADMIN3</span>\"
    </samp>}
    <span class=sf-dump-index>99</span> => {<a class=sf-dump-ref>#1711</a><samp data-depth=3 class=sf-dump-compact>
      +\"<span class=sf-dump-public title=\"Runtime added dynamic property\">id</span>\": <span class=sf-dump-num>340</span>
      +\"<span class=sf-dump-public title=\"Runtime added dynamic property\">firstname</span>\": \"<span class=sf-dump-str title=\"9 characters\">ALEXANDER</span>\"
      +\"<span class=sf-dump-public title=\"Runtime added dynamic property\">lastname</span>\": \"<span class=sf-dump-str title=\"20 characters\">HERNANDEZ  HERNANDEZ</span>\"
      +\"<span class=sf-dump-public title=\"Runtime added dynamic property\">username</span>\": \"<span class=sf-dump-str title=\"25 characters\">yahernandez@bancow.com.co</span>\"
      +\"<span class=sf-dump-public title=\"Runtime added dynamic property\">email</span>\": \"<span class=sf-dump-str title=\"25 characters\">yahernandez@bancow.com.co</span>\"
      +\"<span class=sf-dump-public title=\"Runtime added dynamic property\">level</span>\": <span class=sf-dump-num>0</span>
      +\"<span class=sf-dump-public title=\"Runtime added dynamic property\">s_point</span>\": \"<span class=sf-dump-str title=\"18 characters\">199.00000000000000</span>\"
      +\"<span class=sf-dump-public title=\"Runtime added dynamic property\">i_point</span>\": <span class=sf-dump-num>160</span>
      +\"<span class=sf-dump-public title=\"Runtime added dynamic property\">g_point</span>\": <span class=sf-dump-num>30</span>
      +\"<span class=sf-dump-public title=\"Runtime added dynamic property\">created_at</span>\": \"<span class=sf-dump-str title=\"19 characters\">2023-07-14 21:11:11</span>\"
      +\"<span class=sf-dump-public title=\"Runtime added dynamic property\">estado</span>\": <span class=sf-dump-num>1</span>
      +\"<span class=sf-dump-public title=\"Runtime added dynamic property\">descrip</span>\": \"<span class=sf-dump-str title=\"6 characters\">ADMIN3</span>\"
    </samp>}
    <span class=sf-dump-index>100</span> => {<a class=sf-dump-ref>#1712</a><samp data-depth=3 class=sf-dump-compact>
      +\"<span class=sf-dump-public title=\"Runtime added dynamic property\">id</span>\": <span class=sf-dump-num>341</span>
      +\"<span class=sf-dump-public title=\"Runtime added dynamic property\">firstname</span>\": \"<span class=sf-dump-str title=\"16 characters\">CAMILA ALEJANDRA</span>\"
      +\"<span class=sf-dump-public title=\"Runtime added dynamic property\">lastname</span>\": \"<span class=sf-dump-str title=\"14 characters\">ROSERO  MURIEL</span>\"
      +\"<span class=sf-dump-public title=\"Runtime added dynamic property\">username</span>\": \"<span class=sf-dump-str title=\"21 characters\">crosero@bancow.com.co</span>\"
      +\"<span class=sf-dump-public title=\"Runtime added dynamic property\">email</span>\": \"<span class=sf-dump-str title=\"21 characters\">crosero@bancow.com.co</span>\"
      +\"<span class=sf-dump-public title=\"Runtime added dynamic property\">level</span>\": <span class=sf-dump-num>0</span>
      +\"<span class=sf-dump-public title=\"Runtime added dynamic property\">s_point</span>\": \"<span class=sf-dump-str title=\"18 characters\">199.00000000000000</span>\"
      +\"<span class=sf-dump-public title=\"Runtime added dynamic property\">i_point</span>\": <span class=sf-dump-num>160</span>
      +\"<span class=sf-dump-public title=\"Runtime added dynamic property\">g_point</span>\": <span class=sf-dump-num>30</span>
      +\"<span class=sf-dump-public title=\"Runtime added dynamic property\">created_at</span>\": \"<span class=sf-dump-str title=\"19 characters\">2023-07-14 21:11:11</span>\"
      +\"<span class=sf-dump-public title=\"Runtime added dynamic property\">estado</span>\": <span class=sf-dump-num>1</span>
      +\"<span class=sf-dump-public title=\"Runtime added dynamic property\">descrip</span>\": \"<span class=sf-dump-str title=\"6 characters\">ADMIN3</span>\"
    </samp>}
    <span class=sf-dump-index>101</span> => {<a class=sf-dump-ref>#1713</a><samp data-depth=3 class=sf-dump-compact>
      +\"<span class=sf-dump-public title=\"Runtime added dynamic property\">id</span>\": <span class=sf-dump-num>342</span>
      +\"<span class=sf-dump-public title=\"Runtime added dynamic property\">firstname</span>\": \"<span class=sf-dump-str title=\"15 characters\">MARIO ALEJANDRO</span>\"
      +\"<span class=sf-dump-public title=\"Runtime added dynamic property\">lastname</span>\": \"<span class=sf-dump-str title=\"17 characters\">BARRERA  GONZALEZ</span>\"
      +\"<span class=sf-dump-public title=\"Runtime added dynamic property\">username</span>\": \"<span class=sf-dump-str title=\"22 characters\">mbarrera@bancow.com.co</span>\"
      +\"<span class=sf-dump-public title=\"Runtime added dynamic property\">email</span>\": \"<span class=sf-dump-str title=\"22 characters\">mbarrera@bancow.com.co</span>\"
      +\"<span class=sf-dump-public title=\"Runtime added dynamic property\">level</span>\": <span class=sf-dump-num>0</span>
      +\"<span class=sf-dump-public title=\"Runtime added dynamic property\">s_point</span>\": \"<span class=sf-dump-str title=\"18 characters\">199.00000000000000</span>\"
      +\"<span class=sf-dump-public title=\"Runtime added dynamic property\">i_point</span>\": <span class=sf-dump-num>160</span>
      +\"<span class=sf-dump-public title=\"Runtime added dynamic property\">g_point</span>\": <span class=sf-dump-num>30</span>
      +\"<span class=sf-dump-public title=\"Runtime added dynamic property\">created_at</span>\": \"<span class=sf-dump-str title=\"19 characters\">2023-07-14 21:11:11</span>\"
      +\"<span class=sf-dump-public title=\"Runtime added dynamic property\">estado</span>\": <span class=sf-dump-num>1</span>
      +\"<span class=sf-dump-public title=\"Runtime added dynamic property\">descrip</span>\": \"<span class=sf-dump-str title=\"6 characters\">ADMIN3</span>\"
    </samp>}
    <span class=sf-dump-index>102</span> => {<a class=sf-dump-ref>#1714</a><samp data-depth=3 class=sf-dump-compact>
      +\"<span class=sf-dump-public title=\"Runtime added dynamic property\">id</span>\": <span class=sf-dump-num>343</span>
      +\"<span class=sf-dump-public title=\"Runtime added dynamic property\">firstname</span>\": \"<span class=sf-dump-str title=\"14 characters\">SIDNEY EDUARDO</span>\"
      +\"<span class=sf-dump-public title=\"Runtime added dynamic property\">lastname</span>\": \"<span class=sf-dump-str title=\"17 characters\">TABORDA  SANDOVAL</span>\"
      +\"<span class=sf-dump-public title=\"Runtime added dynamic property\">username</span>\": \"<span class=sf-dump-str title=\"22 characters\">staborda@bancow.com.co</span>\"
      +\"<span class=sf-dump-public title=\"Runtime added dynamic property\">email</span>\": \"<span class=sf-dump-str title=\"22 characters\">staborda@bancow.com.co</span>\"
      +\"<span class=sf-dump-public title=\"Runtime added dynamic property\">level</span>\": <span class=sf-dump-num>0</span>
      +\"<span class=sf-dump-public title=\"Runtime added dynamic property\">s_point</span>\": \"<span class=sf-dump-str title=\"17 characters\">84.00000000000000</span>\"
      +\"<span class=sf-dump-public title=\"Runtime added dynamic property\">i_point</span>\": <span class=sf-dump-num>35</span>
      +\"<span class=sf-dump-public title=\"Runtime added dynamic property\">g_point</span>\": <span class=sf-dump-num>0</span>
      +\"<span class=sf-dump-public title=\"Runtime added dynamic property\">created_at</span>\": \"<span class=sf-dump-str title=\"19 characters\">2023-07-14 21:11:11</span>\"
      +\"<span class=sf-dump-public title=\"Runtime added dynamic property\">estado</span>\": <span class=sf-dump-num>1</span>
      +\"<span class=sf-dump-public title=\"Runtime added dynamic property\">descrip</span>\": \"<span class=sf-dump-str title=\"6 characters\">ADMIN3</span>\"
    </samp>}
    <span class=sf-dump-index>103</span> => {<a class=sf-dump-ref>#1715</a><samp data-depth=3 class=sf-dump-compact>
      +\"<span class=sf-dump-public title=\"Runtime added dynamic property\">id</span>\": <span class=sf-dump-num>344</span>
      +\"<span class=sf-dump-public title=\"Runtime added dynamic property\">firstname</span>\": \"<span class=sf-dump-str title=\"10 characters\">LIZ AUDREY</span>\"
      +\"<span class=sf-dump-public title=\"Runtime added dynamic property\">lastname</span>\": \"<span class=sf-dump-str title=\"6 characters\">CASTRO</span>\"
      +\"<span class=sf-dump-public title=\"Runtime added dynamic property\">username</span>\": \"<span class=sf-dump-str title=\"22 characters\">licastro@bancow.com.co</span>\"
      +\"<span class=sf-dump-public title=\"Runtime added dynamic property\">email</span>\": \"<span class=sf-dump-str title=\"22 characters\">licastro@bancow.com.co</span>\"
      +\"<span class=sf-dump-public title=\"Runtime added dynamic property\">level</span>\": <span class=sf-dump-num>0</span>
      +\"<span class=sf-dump-public title=\"Runtime added dynamic property\">s_point</span>\": \"<span class=sf-dump-str title=\"16 characters\">0.00000000000000</span>\"
      +\"<span class=sf-dump-public title=\"Runtime added dynamic property\">i_point</span>\": <span class=sf-dump-num>0</span>
      +\"<span class=sf-dump-public title=\"Runtime added dynamic property\">g_point</span>\": <span class=sf-dump-num>0</span>
      +\"<span class=sf-dump-public title=\"Runtime added dynamic property\">created_at</span>\": \"<span class=sf-dump-str title=\"19 characters\">2023-07-14 21:11:11</span>\"
      +\"<span class=sf-dump-public title=\"Runtime added dynamic property\">estado</span>\": <span class=sf-dump-num>1</span>
      +\"<span class=sf-dump-public title=\"Runtime added dynamic property\">descrip</span>\": \"<span class=sf-dump-str title=\"6 characters\">ADMIN3</span>\"
    </samp>}
    <span class=sf-dump-index>104</span> => {<a class=sf-dump-ref>#1716</a><samp data-depth=3 class=sf-dump-compact>
      +\"<span class=sf-dump-public title=\"Runtime added dynamic property\">id</span>\": <span class=sf-dump-num>345</span>
      +\"<span class=sf-dump-public title=\"Runtime added dynamic property\">firstname</span>\": \"<span class=sf-dump-str title=\"13 characters\">FABIAN ANDRES</span>\"
      +\"<span class=sf-dump-public title=\"Runtime added dynamic property\">lastname</span>\": \"<span class=sf-dump-str title=\"14 characters\">CAMPO  BURBANO</span>\"
      +\"<span class=sf-dump-public title=\"Runtime added dynamic property\">username</span>\": \"<span class=sf-dump-str title=\"20 characters\">fcampo@bancow.com.co</span>\"
      +\"<span class=sf-dump-public title=\"Runtime added dynamic property\">email</span>\": \"<span class=sf-dump-str title=\"20 characters\">fcampo@bancow.com.co</span>\"
      +\"<span class=sf-dump-public title=\"Runtime added dynamic property\">level</span>\": <span class=sf-dump-num>0</span>
      +\"<span class=sf-dump-public title=\"Runtime added dynamic property\">s_point</span>\": \"<span class=sf-dump-str title=\"18 characters\">199.00000000000000</span>\"
      +\"<span class=sf-dump-public title=\"Runtime added dynamic property\">i_point</span>\": <span class=sf-dump-num>160</span>
      +\"<span class=sf-dump-public title=\"Runtime added dynamic property\">g_point</span>\": <span class=sf-dump-num>30</span>
      +\"<span class=sf-dump-public title=\"Runtime added dynamic property\">created_at</span>\": \"<span class=sf-dump-str title=\"19 characters\">2023-07-14 21:11:11</span>\"
      +\"<span class=sf-dump-public title=\"Runtime added dynamic property\">estado</span>\": <span class=sf-dump-num>1</span>
      +\"<span class=sf-dump-public title=\"Runtime added dynamic property\">descrip</span>\": \"<span class=sf-dump-str title=\"6 characters\">ADMIN3</span>\"
    </samp>}
    <span class=sf-dump-index>105</span> => {<a class=sf-dump-ref>#1717</a><samp data-depth=3 class=sf-dump-compact>
      +\"<span class=sf-dump-public title=\"Runtime added dynamic property\">id</span>\": <span class=sf-dump-num>346</span>
      +\"<span class=sf-dump-public title=\"Runtime added dynamic property\">firstname</span>\": \"<span class=sf-dump-str title=\"14 characters\">MARIA FERNANDA</span>\"
      +\"<span class=sf-dump-public title=\"Runtime added dynamic property\">lastname</span>\": \"<span class=sf-dump-str title=\"18 characters\">MOSQUERA  CHAVARRO</span>\"
      +\"<span class=sf-dump-public title=\"Runtime added dynamic property\">username</span>\": \"<span class=sf-dump-str title=\"23 characters\">mmosquera@bancow.com.co</span>\"
      +\"<span class=sf-dump-public title=\"Runtime added dynamic property\">email</span>\": \"<span class=sf-dump-str title=\"23 characters\">mmosquera@bancow.com.co</span>\"
      +\"<span class=sf-dump-public title=\"Runtime added dynamic property\">level</span>\": <span class=sf-dump-num>0</span>
      +\"<span class=sf-dump-public title=\"Runtime added dynamic property\">s_point</span>\": \"<span class=sf-dump-str title=\"18 characters\">199.00000000000000</span>\"
      +\"<span class=sf-dump-public title=\"Runtime added dynamic property\">i_point</span>\": <span class=sf-dump-num>160</span>
      +\"<span class=sf-dump-public title=\"Runtime added dynamic property\">g_point</span>\": <span class=sf-dump-num>30</span>
      +\"<span class=sf-dump-public title=\"Runtime added dynamic property\">created_at</span>\": \"<span class=sf-dump-str title=\"19 characters\">2023-07-14 21:11:11</span>\"
      +\"<span class=sf-dump-public title=\"Runtime added dynamic property\">estado</span>\": <span class=sf-dump-num>1</span>
      +\"<span class=sf-dump-public title=\"Runtime added dynamic property\">descrip</span>\": \"<span class=sf-dump-str title=\"6 characters\">ADMIN3</span>\"
    </samp>}
    <span class=sf-dump-index>106</span> => {<a class=sf-dump-ref>#1718</a><samp data-depth=3 class=sf-dump-compact>
      +\"<span class=sf-dump-public title=\"Runtime added dynamic property\">id</span>\": <span class=sf-dump-num>347</span>
      +\"<span class=sf-dump-public title=\"Runtime added dynamic property\">firstname</span>\": \"<span class=sf-dump-str title=\"12 characters\">PAOLA ANDREA</span>\"
      +\"<span class=sf-dump-public title=\"Runtime added dynamic property\">lastname</span>\": \"<span class=sf-dump-str title=\"15 characters\">VALENCIA  GOMEZ</span>\"
      +\"<span class=sf-dump-public title=\"Runtime added dynamic property\">username</span>\": \"<span class=sf-dump-str title=\"23 characters\">pvalencia@bancow.com.co</span>\"
      +\"<span class=sf-dump-public title=\"Runtime added dynamic property\">email</span>\": \"<span class=sf-dump-str title=\"23 characters\">pvalencia@bancow.com.co</span>\"
      +\"<span class=sf-dump-public title=\"Runtime added dynamic property\">level</span>\": <span class=sf-dump-num>0</span>
      +\"<span class=sf-dump-public title=\"Runtime added dynamic property\">s_point</span>\": \"<span class=sf-dump-str title=\"18 characters\">199.00000000000000</span>\"
      +\"<span class=sf-dump-public title=\"Runtime added dynamic property\">i_point</span>\": <span class=sf-dump-num>160</span>
      +\"<span class=sf-dump-public title=\"Runtime added dynamic property\">g_point</span>\": <span class=sf-dump-num>30</span>
      +\"<span class=sf-dump-public title=\"Runtime added dynamic property\">created_at</span>\": \"<span class=sf-dump-str title=\"19 characters\">2023-07-14 21:11:12</span>\"
      +\"<span class=sf-dump-public title=\"Runtime added dynamic property\">estado</span>\": <span class=sf-dump-num>1</span>
      +\"<span class=sf-dump-public title=\"Runtime added dynamic property\">descrip</span>\": \"<span class=sf-dump-str title=\"6 characters\">ADMIN3</span>\"
    </samp>}
    <span class=sf-dump-index>107</span> => {<a class=sf-dump-ref>#1719</a><samp data-depth=3 class=sf-dump-compact>
      +\"<span class=sf-dump-public title=\"Runtime added dynamic property\">id</span>\": <span class=sf-dump-num>348</span>
      +\"<span class=sf-dump-public title=\"Runtime added dynamic property\">firstname</span>\": \"<span class=sf-dump-str title=\"8 characters\">PATRICIA</span>\"
      +\"<span class=sf-dump-public title=\"Runtime added dynamic property\">lastname</span>\": \"<span class=sf-dump-str title=\"16 characters\">BETANCOURT SOLIS</span>\"
      +\"<span class=sf-dump-public title=\"Runtime added dynamic property\">username</span>\": \"<span class=sf-dump-str title=\"25 characters\">pbetancourt@bancow.com.co</span>\"
      +\"<span class=sf-dump-public title=\"Runtime added dynamic property\">email</span>\": \"<span class=sf-dump-str title=\"25 characters\">pbetancourt@bancow.com.co</span>\"
      +\"<span class=sf-dump-public title=\"Runtime added dynamic property\">level</span>\": <span class=sf-dump-num>0</span>
      +\"<span class=sf-dump-public title=\"Runtime added dynamic property\">s_point</span>\": \"<span class=sf-dump-str title=\"18 characters\">199.00000000000000</span>\"
      +\"<span class=sf-dump-public title=\"Runtime added dynamic property\">i_point</span>\": <span class=sf-dump-num>160</span>
      +\"<span class=sf-dump-public title=\"Runtime added dynamic property\">g_point</span>\": <span class=sf-dump-num>30</span>
      +\"<span class=sf-dump-public title=\"Runtime added dynamic property\">created_at</span>\": \"<span class=sf-dump-str title=\"19 characters\">2023-07-14 21:11:12</span>\"
      +\"<span class=sf-dump-public title=\"Runtime added dynamic property\">estado</span>\": <span class=sf-dump-num>1</span>
      +\"<span class=sf-dump-public title=\"Runtime added dynamic property\">descrip</span>\": \"<span class=sf-dump-str title=\"6 characters\">ADMIN3</span>\"
    </samp>}
    <span class=sf-dump-index>108</span> => {<a class=sf-dump-ref>#1720</a><samp data-depth=3 class=sf-dump-compact>
      +\"<span class=sf-dump-public title=\"Runtime added dynamic property\">id</span>\": <span class=sf-dump-num>349</span>
      +\"<span class=sf-dump-public title=\"Runtime added dynamic property\">firstname</span>\": \"<span class=sf-dump-str title=\"12 characters\">JOSE ALFREDO</span>\"
      +\"<span class=sf-dump-public title=\"Runtime added dynamic property\">lastname</span>\": \"<span class=sf-dump-str title=\"17 characters\">HOLGUIN  GRISALES</span>\"
      +\"<span class=sf-dump-public title=\"Runtime added dynamic property\">username</span>\": \"<span class=sf-dump-str title=\"22 characters\">jholguin@bancow.com.co</span>\"
      +\"<span class=sf-dump-public title=\"Runtime added dynamic property\">email</span>\": \"<span class=sf-dump-str title=\"22 characters\">jholguin@bancow.com.co</span>\"
      +\"<span class=sf-dump-public title=\"Runtime added dynamic property\">level</span>\": <span class=sf-dump-num>0</span>
      +\"<span class=sf-dump-public title=\"Runtime added dynamic property\">s_point</span>\": \"<span class=sf-dump-str title=\"18 characters\">199.00000000000000</span>\"
      +\"<span class=sf-dump-public title=\"Runtime added dynamic property\">i_point</span>\": <span class=sf-dump-num>160</span>
      +\"<span class=sf-dump-public title=\"Runtime added dynamic property\">g_point</span>\": <span class=sf-dump-num>30</span>
      +\"<span class=sf-dump-public title=\"Runtime added dynamic property\">created_at</span>\": \"<span class=sf-dump-str title=\"19 characters\">2023-07-14 21:11:12</span>\"
      +\"<span class=sf-dump-public title=\"Runtime added dynamic property\">estado</span>\": <span class=sf-dump-num>1</span>
      +\"<span class=sf-dump-public title=\"Runtime added dynamic property\">descrip</span>\": \"<span class=sf-dump-str title=\"6 characters\">ADMIN4</span>\"
    </samp>}
    <span class=sf-dump-index>109</span> => {<a class=sf-dump-ref>#1721</a><samp data-depth=3 class=sf-dump-compact>
      +\"<span class=sf-dump-public title=\"Runtime added dynamic property\">id</span>\": <span class=sf-dump-num>350</span>
      +\"<span class=sf-dump-public title=\"Runtime added dynamic property\">firstname</span>\": \"<span class=sf-dump-str title=\"16 characters\">LIZETH FERNANDEZ</span>\"
      +\"<span class=sf-dump-public title=\"Runtime added dynamic property\">lastname</span>\": \"<span class=sf-dump-str title=\"7 characters\">CARDONA</span>\"
      +\"<span class=sf-dump-public title=\"Runtime added dynamic property\">username</span>\": \"<span class=sf-dump-str title=\"24 characters\">lfernandez@bancow.com.co</span>\"
      +\"<span class=sf-dump-public title=\"Runtime added dynamic property\">email</span>\": \"<span class=sf-dump-str title=\"24 characters\">lfernandez@bancow.com.co</span>\"
      +\"<span class=sf-dump-public title=\"Runtime added dynamic property\">level</span>\": <span class=sf-dump-num>0</span>
      +\"<span class=sf-dump-public title=\"Runtime added dynamic property\">s_point</span>\": \"<span class=sf-dump-str title=\"18 characters\">199.00000000000000</span>\"
      +\"<span class=sf-dump-public title=\"Runtime added dynamic property\">i_point</span>\": <span class=sf-dump-num>160</span>
      +\"<span class=sf-dump-public title=\"Runtime added dynamic property\">g_point</span>\": <span class=sf-dump-num>30</span>
      +\"<span class=sf-dump-public title=\"Runtime added dynamic property\">created_at</span>\": \"<span class=sf-dump-str title=\"19 characters\">2023-07-14 21:11:12</span>\"
      +\"<span class=sf-dump-public title=\"Runtime added dynamic property\">estado</span>\": <span class=sf-dump-num>1</span>
      +\"<span class=sf-dump-public title=\"Runtime added dynamic property\">descrip</span>\": \"<span class=sf-dump-str title=\"3 characters\">OP1</span>\"
    </samp>}
    <span class=sf-dump-index>110</span> => {<a class=sf-dump-ref>#1722</a><samp data-depth=3 class=sf-dump-compact>
      +\"<span class=sf-dump-public title=\"Runtime added dynamic property\">id</span>\": <span class=sf-dump-num>351</span>
      +\"<span class=sf-dump-public title=\"Runtime added dynamic property\">firstname</span>\": \"<span class=sf-dump-str title=\"11 characters\">DIANA LUCIA</span>\"
      +\"<span class=sf-dump-public title=\"Runtime added dynamic property\">lastname</span>\": \"<span class=sf-dump-str title=\"18 characters\">RESTREPO  GRAJALES</span>\"
      +\"<span class=sf-dump-public title=\"Runtime added dynamic property\">username</span>\": \"<span class=sf-dump-str title=\"23 characters\">drestrepo@bancow.com.co</span>\"
      +\"<span class=sf-dump-public title=\"Runtime added dynamic property\">email</span>\": \"<span class=sf-dump-str title=\"23 characters\">drestrepo@bancow.com.co</span>\"
      +\"<span class=sf-dump-public title=\"Runtime added dynamic property\">level</span>\": <span class=sf-dump-num>0</span>
      +\"<span class=sf-dump-public title=\"Runtime added dynamic property\">s_point</span>\": \"<span class=sf-dump-str title=\"18 characters\">199.00000000000000</span>\"
      +\"<span class=sf-dump-public title=\"Runtime added dynamic property\">i_point</span>\": <span class=sf-dump-num>160</span>
      +\"<span class=sf-dump-public title=\"Runtime added dynamic property\">g_point</span>\": <span class=sf-dump-num>30</span>
      +\"<span class=sf-dump-public title=\"Runtime added dynamic property\">created_at</span>\": \"<span class=sf-dump-str title=\"19 characters\">2023-07-14 21:11:12</span>\"
      +\"<span class=sf-dump-public title=\"Runtime added dynamic property\">estado</span>\": <span class=sf-dump-num>1</span>
      +\"<span class=sf-dump-public title=\"Runtime added dynamic property\">descrip</span>\": \"<span class=sf-dump-str title=\"6 characters\">ADMIN4</span>\"
    </samp>}
    <span class=sf-dump-index>111</span> => {<a class=sf-dump-ref>#1723</a><samp data-depth=3 class=sf-dump-compact>
      +\"<span class=sf-dump-public title=\"Runtime added dynamic property\">id</span>\": <span class=sf-dump-num>352</span>
      +\"<span class=sf-dump-public title=\"Runtime added dynamic property\">firstname</span>\": \"<span class=sf-dump-str title=\"10 characters\">JHON JAIRO</span>\"
      +\"<span class=sf-dump-public title=\"Runtime added dynamic property\">lastname</span>\": \"<span class=sf-dump-str title=\"15 characters\">PAREJA  GIRALDO</span>\"
      +\"<span class=sf-dump-public title=\"Runtime added dynamic property\">username</span>\": \"<span class=sf-dump-str title=\"21 characters\">jpareja@bancow.com.co</span>\"
      +\"<span class=sf-dump-public title=\"Runtime added dynamic property\">email</span>\": \"<span class=sf-dump-str title=\"21 characters\">jpareja@bancow.com.co</span>\"
      +\"<span class=sf-dump-public title=\"Runtime added dynamic property\">level</span>\": <span class=sf-dump-num>0</span>
      +\"<span class=sf-dump-public title=\"Runtime added dynamic property\">s_point</span>\": \"<span class=sf-dump-str title=\"18 characters\">199.00000000000000</span>\"
      +\"<span class=sf-dump-public title=\"Runtime added dynamic property\">i_point</span>\": <span class=sf-dump-num>160</span>
      +\"<span class=sf-dump-public title=\"Runtime added dynamic property\">g_point</span>\": <span class=sf-dump-num>30</span>
      +\"<span class=sf-dump-public title=\"Runtime added dynamic property\">created_at</span>\": \"<span class=sf-dump-str title=\"19 characters\">2023-07-14 21:11:12</span>\"
      +\"<span class=sf-dump-public title=\"Runtime added dynamic property\">estado</span>\": <span class=sf-dump-num>1</span>
      +\"<span class=sf-dump-public title=\"Runtime added dynamic property\">descrip</span>\": \"<span class=sf-dump-str title=\"6 characters\">ADMIN4</span>\"
    </samp>}
    <span class=sf-dump-index>112</span> => {<a class=sf-dump-ref>#1724</a><samp data-depth=3 class=sf-dump-compact>
      +\"<span class=sf-dump-public title=\"Runtime added dynamic property\">id</span>\": <span class=sf-dump-num>353</span>
      +\"<span class=sf-dump-public title=\"Runtime added dynamic property\">firstname</span>\": \"<span class=sf-dump-str title=\"18 characters\">VALENTINA RENTERIA</span>\"
      +\"<span class=sf-dump-public title=\"Runtime added dynamic property\">lastname</span>\": \"<span class=sf-dump-str title=\"6 characters\">OBANDO</span>\"
      +\"<span class=sf-dump-public title=\"Runtime added dynamic property\">username</span>\": \"<span class=sf-dump-str title=\"23 characters\">vrenteria@bancow.com.co</span>\"
      +\"<span class=sf-dump-public title=\"Runtime added dynamic property\">email</span>\": \"<span class=sf-dump-str title=\"23 characters\">vrenteria@bancow.com.co</span>\"
      +\"<span class=sf-dump-public title=\"Runtime added dynamic property\">level</span>\": <span class=sf-dump-num>0</span>
      +\"<span class=sf-dump-public title=\"Runtime added dynamic property\">s_point</span>\": \"<span class=sf-dump-str title=\"18 characters\">199.00000000000000</span>\"
      +\"<span class=sf-dump-public title=\"Runtime added dynamic property\">i_point</span>\": <span class=sf-dump-num>160</span>
      +\"<span class=sf-dump-public title=\"Runtime added dynamic property\">g_point</span>\": <span class=sf-dump-num>30</span>
      +\"<span class=sf-dump-public title=\"Runtime added dynamic property\">created_at</span>\": \"<span class=sf-dump-str title=\"19 characters\">2023-07-14 21:11:12</span>\"
      +\"<span class=sf-dump-public title=\"Runtime added dynamic property\">estado</span>\": <span class=sf-dump-num>1</span>
      +\"<span class=sf-dump-public title=\"Runtime added dynamic property\">descrip</span>\": \"<span class=sf-dump-str title=\"6 characters\">ADMIN4</span>\"
    </samp>}
    <span class=sf-dump-index>113</span> => {<a class=sf-dump-ref>#1725</a><samp data-depth=3 class=sf-dump-compact>
      +\"<span class=sf-dump-public title=\"Runtime added dynamic property\">id</span>\": <span class=sf-dump-num>354</span>
      +\"<span class=sf-dump-public title=\"Runtime added dynamic property\">firstname</span>\": \"<span class=sf-dump-str title=\"14 characters\">LAURA CRISTINA</span>\"
      +\"<span class=sf-dump-public title=\"Runtime added dynamic property\">lastname</span>\": \"<span class=sf-dump-str title=\"17 characters\">MOSQUERA  CAICEDO</span>\"
      +\"<span class=sf-dump-public title=\"Runtime added dynamic property\">username</span>\": \"<span class=sf-dump-str title=\"22 characters\">lcaicedo@bancow.com.co</span>\"
      +\"<span class=sf-dump-public title=\"Runtime added dynamic property\">email</span>\": \"<span class=sf-dump-str title=\"22 characters\">lcaicedo@bancow.com.co</span>\"
      +\"<span class=sf-dump-public title=\"Runtime added dynamic property\">level</span>\": <span class=sf-dump-num>0</span>
      +\"<span class=sf-dump-public title=\"Runtime added dynamic property\">s_point</span>\": \"<span class=sf-dump-str title=\"18 characters\">200.00000000000000</span>\"
      +\"<span class=sf-dump-public title=\"Runtime added dynamic property\">i_point</span>\": <span class=sf-dump-num>160</span>
      +\"<span class=sf-dump-public title=\"Runtime added dynamic property\">g_point</span>\": <span class=sf-dump-num>30</span>
      +\"<span class=sf-dump-public title=\"Runtime added dynamic property\">created_at</span>\": \"<span class=sf-dump-str title=\"19 characters\">2023-07-14 21:11:12</span>\"
      +\"<span class=sf-dump-public title=\"Runtime added dynamic property\">estado</span>\": <span class=sf-dump-num>1</span>
      +\"<span class=sf-dump-public title=\"Runtime added dynamic property\">descrip</span>\": \"<span class=sf-dump-str title=\"6 characters\">ADMIN4</span>\"
    </samp>}
    <span class=sf-dump-index>114</span> => {<a class=sf-dump-ref>#1726</a><samp data-depth=3 class=sf-dump-compact>
      +\"<span class=sf-dump-public title=\"Runtime added dynamic property\">id</span>\": <span class=sf-dump-num>355</span>
      +\"<span class=sf-dump-public title=\"Runtime added dynamic property\">firstname</span>\": \"<span class=sf-dump-str title=\"14 characters\">CINTYA VANESSA</span>\"
      +\"<span class=sf-dump-public title=\"Runtime added dynamic property\">lastname</span>\": \"<span class=sf-dump-str title=\"18 characters\">PADILLA  HERNANDEZ</span>\"
      +\"<span class=sf-dump-public title=\"Runtime added dynamic property\">username</span>\": \"<span class=sf-dump-str title=\"23 characters\">cvpadilla@bancow.com.co</span>\"
      +\"<span class=sf-dump-public title=\"Runtime added dynamic property\">email</span>\": \"<span class=sf-dump-str title=\"23 characters\">cvpadilla@bancow.com.co</span>\"
      +\"<span class=sf-dump-public title=\"Runtime added dynamic property\">level</span>\": <span class=sf-dump-num>0</span>
      +\"<span class=sf-dump-public title=\"Runtime added dynamic property\">s_point</span>\": \"<span class=sf-dump-str title=\"18 characters\">199.00000000000000</span>\"
      +\"<span class=sf-dump-public title=\"Runtime added dynamic property\">i_point</span>\": <span class=sf-dump-num>160</span>
      +\"<span class=sf-dump-public title=\"Runtime added dynamic property\">g_point</span>\": <span class=sf-dump-num>30</span>
      +\"<span class=sf-dump-public title=\"Runtime added dynamic property\">created_at</span>\": \"<span class=sf-dump-str title=\"19 characters\">2023-07-14 21:11:12</span>\"
      +\"<span class=sf-dump-public title=\"Runtime added dynamic property\">estado</span>\": <span class=sf-dump-num>1</span>
      +\"<span class=sf-dump-public title=\"Runtime added dynamic property\">descrip</span>\": \"<span class=sf-dump-str title=\"6 characters\">ADMIN4</span>\"
    </samp>}
    <span class=sf-dump-index>115</span> => {<a class=sf-dump-ref>#1727</a><samp data-depth=3 class=sf-dump-compact>
      +\"<span class=sf-dump-public title=\"Runtime added dynamic property\">id</span>\": <span class=sf-dump-num>356</span>
      +\"<span class=sf-dump-public title=\"Runtime added dynamic property\">firstname</span>\": \"<span class=sf-dump-str title=\"12 characters\">YINNA LISETH</span>\"
      +\"<span class=sf-dump-public title=\"Runtime added dynamic property\">lastname</span>\": \"<span class=sf-dump-str title=\"14 characters\">MEDINA  SOLANO</span>\"
      +\"<span class=sf-dump-public title=\"Runtime added dynamic property\">username</span>\": \"<span class=sf-dump-str title=\"21 characters\">ymedina@bancow.com.co</span>\"
      +\"<span class=sf-dump-public title=\"Runtime added dynamic property\">email</span>\": \"<span class=sf-dump-str title=\"21 characters\">ymedina@bancow.com.co</span>\"
      +\"<span class=sf-dump-public title=\"Runtime added dynamic property\">level</span>\": <span class=sf-dump-num>0</span>
      +\"<span class=sf-dump-public title=\"Runtime added dynamic property\">s_point</span>\": \"<span class=sf-dump-str title=\"18 characters\">199.00000000000000</span>\"
      +\"<span class=sf-dump-public title=\"Runtime added dynamic property\">i_point</span>\": <span class=sf-dump-num>160</span>
      +\"<span class=sf-dump-public title=\"Runtime added dynamic property\">g_point</span>\": <span class=sf-dump-num>30</span>
      +\"<span class=sf-dump-public title=\"Runtime added dynamic property\">created_at</span>\": \"<span class=sf-dump-str title=\"19 characters\">2023-07-14 21:11:13</span>\"
      +\"<span class=sf-dump-public title=\"Runtime added dynamic property\">estado</span>\": <span class=sf-dump-num>1</span>
      +\"<span class=sf-dump-public title=\"Runtime added dynamic property\">descrip</span>\": \"<span class=sf-dump-str title=\"6 characters\">ADMIN4</span>\"
    </samp>}
    <span class=sf-dump-index>116</span> => {<a class=sf-dump-ref>#1728</a><samp data-depth=3 class=sf-dump-compact>
      +\"<span class=sf-dump-public title=\"Runtime added dynamic property\">id</span>\": <span class=sf-dump-num>357</span>
      +\"<span class=sf-dump-public title=\"Runtime added dynamic property\">firstname</span>\": \"<span class=sf-dump-str title=\"13 characters\">LINDA MARCELA</span>\"
      +\"<span class=sf-dump-public title=\"Runtime added dynamic property\">lastname</span>\": \"<span class=sf-dump-str title=\"12 characters\">GUZMAN  DIAZ</span>\"
      +\"<span class=sf-dump-public title=\"Runtime added dynamic property\">username</span>\": \"<span class=sf-dump-str title=\"21 characters\">lguzman@bancow.com.co</span>\"
      +\"<span class=sf-dump-public title=\"Runtime added dynamic property\">email</span>\": \"<span class=sf-dump-str title=\"21 characters\">lguzman@bancow.com.co</span>\"
      +\"<span class=sf-dump-public title=\"Runtime added dynamic property\">level</span>\": <span class=sf-dump-num>0</span>
      +\"<span class=sf-dump-public title=\"Runtime added dynamic property\">s_point</span>\": \"<span class=sf-dump-str title=\"18 characters\">199.00000000000000</span>\"
      +\"<span class=sf-dump-public title=\"Runtime added dynamic property\">i_point</span>\": <span class=sf-dump-num>160</span>
      +\"<span class=sf-dump-public title=\"Runtime added dynamic property\">g_point</span>\": <span class=sf-dump-num>30</span>
      +\"<span class=sf-dump-public title=\"Runtime added dynamic property\">created_at</span>\": \"<span class=sf-dump-str title=\"19 characters\">2023-07-14 21:11:13</span>\"
      +\"<span class=sf-dump-public title=\"Runtime added dynamic property\">estado</span>\": <span class=sf-dump-num>1</span>
      +\"<span class=sf-dump-public title=\"Runtime added dynamic property\">descrip</span>\": \"<span class=sf-dump-str title=\"6 characters\">ADMIN4</span>\"
    </samp>}
    <span class=sf-dump-index>117</span> => {<a class=sf-dump-ref>#1729</a><samp data-depth=3 class=sf-dump-compact>
      +\"<span class=sf-dump-public title=\"Runtime added dynamic property\">id</span>\": <span class=sf-dump-num>358</span>
      +\"<span class=sf-dump-public title=\"Runtime added dynamic property\">firstname</span>\": \"<span class=sf-dump-str title=\"14 characters\">VIVIANA STELLA</span>\"
      +\"<span class=sf-dump-public title=\"Runtime added dynamic property\">lastname</span>\": \"<span class=sf-dump-str title=\"18 characters\">VALENCIA  ALVARADO</span>\"
      +\"<span class=sf-dump-public title=\"Runtime added dynamic property\">username</span>\": \"<span class=sf-dump-str title=\"23 characters\">vvalencia@bancow.com.co</span>\"
      +\"<span class=sf-dump-public title=\"Runtime added dynamic property\">email</span>\": \"<span class=sf-dump-str title=\"23 characters\">vvalencia@bancow.com.co</span>\"
      +\"<span class=sf-dump-public title=\"Runtime added dynamic property\">level</span>\": <span class=sf-dump-num>0</span>
      +\"<span class=sf-dump-public title=\"Runtime added dynamic property\">s_point</span>\": \"<span class=sf-dump-str title=\"18 characters\">199.00000000000000</span>\"
      +\"<span class=sf-dump-public title=\"Runtime added dynamic property\">i_point</span>\": <span class=sf-dump-num>160</span>
      +\"<span class=sf-dump-public title=\"Runtime added dynamic property\">g_point</span>\": <span class=sf-dump-num>30</span>
      +\"<span class=sf-dump-public title=\"Runtime added dynamic property\">created_at</span>\": \"<span class=sf-dump-str title=\"19 characters\">2023-07-14 21:11:13</span>\"
      +\"<span class=sf-dump-public title=\"Runtime added dynamic property\">estado</span>\": <span class=sf-dump-num>1</span>
      +\"<span class=sf-dump-public title=\"Runtime added dynamic property\">descrip</span>\": \"<span class=sf-dump-str title=\"6 characters\">ADMIN4</span>\"
    </samp>}
    <span class=sf-dump-index>118</span> => {<a class=sf-dump-ref>#1730</a><samp data-depth=3 class=sf-dump-compact>
      +\"<span class=sf-dump-public title=\"Runtime added dynamic property\">id</span>\": <span class=sf-dump-num>359</span>
      +\"<span class=sf-dump-public title=\"Runtime added dynamic property\">firstname</span>\": \"<span class=sf-dump-str title=\"6 characters\">ANDRES</span>\"
      +\"<span class=sf-dump-public title=\"Runtime added dynamic property\">lastname</span>\": \"<span class=sf-dump-str title=\"5 characters\">SERNA</span>\"
      +\"<span class=sf-dump-public title=\"Runtime added dynamic property\">username</span>\": \"<span class=sf-dump-str title=\"20 characters\">ASerna@bancow.com.co</span>\"
      +\"<span class=sf-dump-public title=\"Runtime added dynamic property\">email</span>\": \"<span class=sf-dump-str title=\"20 characters\">ASerna@bancow.com.co</span>\"
      +\"<span class=sf-dump-public title=\"Runtime added dynamic property\">level</span>\": <span class=sf-dump-num>0</span>
      +\"<span class=sf-dump-public title=\"Runtime added dynamic property\">s_point</span>\": \"<span class=sf-dump-str title=\"18 characters\">166.00000000000000</span>\"
      +\"<span class=sf-dump-public title=\"Runtime added dynamic property\">i_point</span>\": <span class=sf-dump-num>140</span>
      +\"<span class=sf-dump-public title=\"Runtime added dynamic property\">g_point</span>\": <span class=sf-dump-num>10</span>
      +\"<span class=sf-dump-public title=\"Runtime added dynamic property\">created_at</span>\": \"<span class=sf-dump-str title=\"19 characters\">2023-07-14 21:11:13</span>\"
      +\"<span class=sf-dump-public title=\"Runtime added dynamic property\">estado</span>\": <span class=sf-dump-num>1</span>
      +\"<span class=sf-dump-public title=\"Runtime added dynamic property\">descrip</span>\": \"<span class=sf-dump-str title=\"6 characters\">ADMIN4</span>\"
    </samp>}
    <span class=sf-dump-index>119</span> => {<a class=sf-dump-ref>#1731</a><samp data-depth=3 class=sf-dump-compact>
      +\"<span class=sf-dump-public title=\"Runtime added dynamic property\">id</span>\": <span class=sf-dump-num>360</span>
      +\"<span class=sf-dump-public title=\"Runtime added dynamic property\">firstname</span>\": \"<span class=sf-dump-str title=\"12 characters\">LORENA PAOLA</span>\"
      +\"<span class=sf-dump-public title=\"Runtime added dynamic property\">lastname</span>\": \"<span class=sf-dump-str title=\"14 characters\">POLANCO  LOPEZ</span>\"
      +\"<span class=sf-dump-public title=\"Runtime added dynamic property\">username</span>\": \"<span class=sf-dump-str title=\"22 characters\">lpolanco@bancow.com.co</span>\"
      +\"<span class=sf-dump-public title=\"Runtime added dynamic property\">email</span>\": \"<span class=sf-dump-str title=\"22 characters\">lpolanco@bancow.com.co</span>\"
      +\"<span class=sf-dump-public title=\"Runtime added dynamic property\">level</span>\": <span class=sf-dump-num>0</span>
      +\"<span class=sf-dump-public title=\"Runtime added dynamic property\">s_point</span>\": \"<span class=sf-dump-str title=\"18 characters\">199.00000000000000</span>\"
      +\"<span class=sf-dump-public title=\"Runtime added dynamic property\">i_point</span>\": <span class=sf-dump-num>160</span>
      +\"<span class=sf-dump-public title=\"Runtime added dynamic property\">g_point</span>\": <span class=sf-dump-num>30</span>
      +\"<span class=sf-dump-public title=\"Runtime added dynamic property\">created_at</span>\": \"<span class=sf-dump-str title=\"19 characters\">2023-07-14 21:11:13</span>\"
      +\"<span class=sf-dump-public title=\"Runtime added dynamic property\">estado</span>\": <span class=sf-dump-num>1</span>
      +\"<span class=sf-dump-public title=\"Runtime added dynamic property\">descrip</span>\": \"<span class=sf-dump-str title=\"6 characters\">ADMIN4</span>\"
    </samp>}
    <span class=sf-dump-index>120</span> => {<a class=sf-dump-ref>#1732</a><samp data-depth=3 class=sf-dump-compact>
      +\"<span class=sf-dump-public title=\"Runtime added dynamic property\">id</span>\": <span class=sf-dump-num>361</span>
      +\"<span class=sf-dump-public title=\"Runtime added dynamic property\">firstname</span>\": \"<span class=sf-dump-str title=\"7 characters\">JOHANNA</span>\"
      +\"<span class=sf-dump-public title=\"Runtime added dynamic property\">lastname</span>\": \"<span class=sf-dump-str title=\"12 characters\">MARIN PELAEZ</span>\"
      +\"<span class=sf-dump-public title=\"Runtime added dynamic property\">username</span>\": \"<span class=sf-dump-str title=\"21 characters\">jomarin@bancow.com.co</span>\"
      +\"<span class=sf-dump-public title=\"Runtime added dynamic property\">email</span>\": \"<span class=sf-dump-str title=\"21 characters\">jomarin@bancow.com.co</span>\"
      +\"<span class=sf-dump-public title=\"Runtime added dynamic property\">level</span>\": <span class=sf-dump-num>0</span>
      +\"<span class=sf-dump-public title=\"Runtime added dynamic property\">s_point</span>\": \"<span class=sf-dump-str title=\"18 characters\">199.00000000000000</span>\"
      +\"<span class=sf-dump-public title=\"Runtime added dynamic property\">i_point</span>\": <span class=sf-dump-num>160</span>
      +\"<span class=sf-dump-public title=\"Runtime added dynamic property\">g_point</span>\": <span class=sf-dump-num>30</span>
      +\"<span class=sf-dump-public title=\"Runtime added dynamic property\">created_at</span>\": \"<span class=sf-dump-str title=\"19 characters\">2023-07-14 21:11:13</span>\"
      +\"<span class=sf-dump-public title=\"Runtime added dynamic property\">estado</span>\": <span class=sf-dump-num>1</span>
      +\"<span class=sf-dump-public title=\"Runtime added dynamic property\">descrip</span>\": \"<span class=sf-dump-str title=\"6 characters\">ADMIN4</span>\"
    </samp>}
    <span class=sf-dump-index>121</span> => {<a class=sf-dump-ref>#1733</a><samp data-depth=3 class=sf-dump-compact>
      +\"<span class=sf-dump-public title=\"Runtime added dynamic property\">id</span>\": <span class=sf-dump-num>362</span>
      +\"<span class=sf-dump-public title=\"Runtime added dynamic property\">firstname</span>\": \"<span class=sf-dump-str title=\"8 characters\">YAMILETH</span>\"
      +\"<span class=sf-dump-public title=\"Runtime added dynamic property\">lastname</span>\": \"<span class=sf-dump-str title=\"12 characters\">RODAS VARGAS</span>\"
      +\"<span class=sf-dump-public title=\"Runtime added dynamic property\">username</span>\": \"<span class=sf-dump-str title=\"20 characters\">yrodas@bancow.com.co</span>\"
      +\"<span class=sf-dump-public title=\"Runtime added dynamic property\">email</span>\": \"<span class=sf-dump-str title=\"20 characters\">yrodas@bancow.com.co</span>\"
      +\"<span class=sf-dump-public title=\"Runtime added dynamic property\">level</span>\": <span class=sf-dump-num>0</span>
      +\"<span class=sf-dump-public title=\"Runtime added dynamic property\">s_point</span>\": \"<span class=sf-dump-str title=\"18 characters\">199.00000000000000</span>\"
      +\"<span class=sf-dump-public title=\"Runtime added dynamic property\">i_point</span>\": <span class=sf-dump-num>160</span>
      +\"<span class=sf-dump-public title=\"Runtime added dynamic property\">g_point</span>\": <span class=sf-dump-num>30</span>
      +\"<span class=sf-dump-public title=\"Runtime added dynamic property\">created_at</span>\": \"<span class=sf-dump-str title=\"19 characters\">2023-07-14 21:11:13</span>\"
      +\"<span class=sf-dump-public title=\"Runtime added dynamic property\">estado</span>\": <span class=sf-dump-num>1</span>
      +\"<span class=sf-dump-public title=\"Runtime added dynamic property\">descrip</span>\": \"<span class=sf-dump-str title=\"6 characters\">ADMIN4</span>\"
    </samp>}
    <span class=sf-dump-index>122</span> => {<a class=sf-dump-ref>#1734</a><samp data-depth=3 class=sf-dump-compact>
      +\"<span class=sf-dump-public title=\"Runtime added dynamic property\">id</span>\": <span class=sf-dump-num>363</span>
      +\"<span class=sf-dump-public title=\"Runtime added dynamic property\">firstname</span>\": \"<span class=sf-dump-str title=\"14 characters\">ORLANDO ANDRES</span>\"
      +\"<span class=sf-dump-public title=\"Runtime added dynamic property\">lastname</span>\": \"<span class=sf-dump-str title=\"15 characters\">MORENO  VERNAZA</span>\"
      +\"<span class=sf-dump-public title=\"Runtime added dynamic property\">username</span>\": \"<span class=sf-dump-str title=\"21 characters\">omoreno@bancow.com.co</span>\"
      +\"<span class=sf-dump-public title=\"Runtime added dynamic property\">email</span>\": \"<span class=sf-dump-str title=\"21 characters\">omoreno@bancow.com.co</span>\"
      +\"<span class=sf-dump-public title=\"Runtime added dynamic property\">level</span>\": <span class=sf-dump-num>0</span>
      +\"<span class=sf-dump-public title=\"Runtime added dynamic property\">s_point</span>\": \"<span class=sf-dump-str title=\"18 characters\">199.00000000000000</span>\"
      +\"<span class=sf-dump-public title=\"Runtime added dynamic property\">i_point</span>\": <span class=sf-dump-num>160</span>
      +\"<span class=sf-dump-public title=\"Runtime added dynamic property\">g_point</span>\": <span class=sf-dump-num>30</span>
      +\"<span class=sf-dump-public title=\"Runtime added dynamic property\">created_at</span>\": \"<span class=sf-dump-str title=\"19 characters\">2023-07-14 21:11:13</span>\"
      +\"<span class=sf-dump-public title=\"Runtime added dynamic property\">estado</span>\": <span class=sf-dump-num>1</span>
      +\"<span class=sf-dump-public title=\"Runtime added dynamic property\">descrip</span>\": \"<span class=sf-dump-str title=\"6 characters\">ADMIN4</span>\"
    </samp>}
    <span class=sf-dump-index>123</span> => {<a class=sf-dump-ref>#1735</a><samp data-depth=3 class=sf-dump-compact>
      +\"<span class=sf-dump-public title=\"Runtime added dynamic property\">id</span>\": <span class=sf-dump-num>364</span>
      +\"<span class=sf-dump-public title=\"Runtime added dynamic property\">firstname</span>\": \"<span class=sf-dump-str title=\"13 characters\">SANDRA MILENA</span>\"
      +\"<span class=sf-dump-public title=\"Runtime added dynamic property\">lastname</span>\": \"<span class=sf-dump-str title=\"18 characters\">PALACIOS  PASCUAZA</span>\"
      +\"<span class=sf-dump-public title=\"Runtime added dynamic property\">username</span>\": \"<span class=sf-dump-str title=\"23 characters\">mpalacios@bancow.com.co</span>\"
      +\"<span class=sf-dump-public title=\"Runtime added dynamic property\">email</span>\": \"<span class=sf-dump-str title=\"23 characters\">mpalacios@bancow.com.co</span>\"
      +\"<span class=sf-dump-public title=\"Runtime added dynamic property\">level</span>\": <span class=sf-dump-num>0</span>
      +\"<span class=sf-dump-public title=\"Runtime added dynamic property\">s_point</span>\": \"<span class=sf-dump-str title=\"18 characters\">199.00000000000000</span>\"
      +\"<span class=sf-dump-public title=\"Runtime added dynamic property\">i_point</span>\": <span class=sf-dump-num>160</span>
      +\"<span class=sf-dump-public title=\"Runtime added dynamic property\">g_point</span>\": <span class=sf-dump-num>30</span>
      +\"<span class=sf-dump-public title=\"Runtime added dynamic property\">created_at</span>\": \"<span class=sf-dump-str title=\"19 characters\">2023-07-14 21:11:13</span>\"
      +\"<span class=sf-dump-public title=\"Runtime added dynamic property\">estado</span>\": <span class=sf-dump-num>1</span>
      +\"<span class=sf-dump-public title=\"Runtime added dynamic property\">descrip</span>\": \"<span class=sf-dump-str title=\"6 characters\">ADMIN4</span>\"
    </samp>}
    <span class=sf-dump-index>124</span> => {<a class=sf-dump-ref>#1736</a><samp data-depth=3 class=sf-dump-compact>
      +\"<span class=sf-dump-public title=\"Runtime added dynamic property\">id</span>\": <span class=sf-dump-num>365</span>
      +\"<span class=sf-dump-public title=\"Runtime added dynamic property\">firstname</span>\": \"<span class=sf-dump-str title=\"13 characters\">ADRIANA MARIA</span>\"
      +\"<span class=sf-dump-public title=\"Runtime added dynamic property\">lastname</span>\": \"<span class=sf-dump-str title=\"14 characters\">FORY  CALDERON</span>\"
      +\"<span class=sf-dump-public title=\"Runtime added dynamic property\">username</span>\": \"<span class=sf-dump-str title=\"19 characters\">afory@bancow.com.co</span>\"
      +\"<span class=sf-dump-public title=\"Runtime added dynamic property\">email</span>\": \"<span class=sf-dump-str title=\"19 characters\">afory@bancow.com.co</span>\"
      +\"<span class=sf-dump-public title=\"Runtime added dynamic property\">level</span>\": <span class=sf-dump-num>0</span>
      +\"<span class=sf-dump-public title=\"Runtime added dynamic property\">s_point</span>\": \"<span class=sf-dump-str title=\"18 characters\">199.00000000000000</span>\"
      +\"<span class=sf-dump-public title=\"Runtime added dynamic property\">i_point</span>\": <span class=sf-dump-num>160</span>
      +\"<span class=sf-dump-public title=\"Runtime added dynamic property\">g_point</span>\": <span class=sf-dump-num>30</span>
      +\"<span class=sf-dump-public title=\"Runtime added dynamic property\">created_at</span>\": \"<span class=sf-dump-str title=\"19 characters\">2023-07-14 21:11:14</span>\"
      +\"<span class=sf-dump-public title=\"Runtime added dynamic property\">estado</span>\": <span class=sf-dump-num>1</span>
      +\"<span class=sf-dump-public title=\"Runtime added dynamic property\">descrip</span>\": \"<span class=sf-dump-str title=\"6 characters\">ADMIN4</span>\"
    </samp>}
    <span class=sf-dump-index>125</span> => {<a class=sf-dump-ref>#1737</a><samp data-depth=3 class=sf-dump-compact>
      +\"<span class=sf-dump-public title=\"Runtime added dynamic property\">id</span>\": <span class=sf-dump-num>366</span>
      +\"<span class=sf-dump-public title=\"Runtime added dynamic property\">firstname</span>\": \"<span class=sf-dump-str title=\"13 characters\">CESAR AUGUSTO</span>\"
      +\"<span class=sf-dump-public title=\"Runtime added dynamic property\">lastname</span>\": \"<span class=sf-dump-str title=\"13 characters\">RINCON  PEREZ</span>\"
      +\"<span class=sf-dump-public title=\"Runtime added dynamic property\">username</span>\": \"<span class=sf-dump-str title=\"21 characters\">crincon@bancow.com.co</span>\"
      +\"<span class=sf-dump-public title=\"Runtime added dynamic property\">email</span>\": \"<span class=sf-dump-str title=\"21 characters\">crincon@bancow.com.co</span>\"
      +\"<span class=sf-dump-public title=\"Runtime added dynamic property\">level</span>\": <span class=sf-dump-num>0</span>
      +\"<span class=sf-dump-public title=\"Runtime added dynamic property\">s_point</span>\": \"<span class=sf-dump-str title=\"18 characters\">199.00000000000000</span>\"
      +\"<span class=sf-dump-public title=\"Runtime added dynamic property\">i_point</span>\": <span class=sf-dump-num>160</span>
      +\"<span class=sf-dump-public title=\"Runtime added dynamic property\">g_point</span>\": <span class=sf-dump-num>30</span>
      +\"<span class=sf-dump-public title=\"Runtime added dynamic property\">created_at</span>\": \"<span class=sf-dump-str title=\"19 characters\">2023-07-14 21:11:14</span>\"
      +\"<span class=sf-dump-public title=\"Runtime added dynamic property\">estado</span>\": <span class=sf-dump-num>1</span>
      +\"<span class=sf-dump-public title=\"Runtime added dynamic property\">descrip</span>\": \"<span class=sf-dump-str title=\"6 characters\">ADMIN4</span>\"
    </samp>}
    <span class=sf-dump-index>126</span> => {<a class=sf-dump-ref>#1738</a><samp data-depth=3 class=sf-dump-compact>
      +\"<span class=sf-dump-public title=\"Runtime added dynamic property\">id</span>\": <span class=sf-dump-num>367</span>
      +\"<span class=sf-dump-public title=\"Runtime added dynamic property\">firstname</span>\": \"<span class=sf-dump-str title=\"15 characters\">LAURA VALENTINA</span>\"
      +\"<span class=sf-dump-public title=\"Runtime added dynamic property\">lastname</span>\": \"<span class=sf-dump-str title=\"13 characters\">RIVAS  ANGULO</span>\"
      +\"<span class=sf-dump-public title=\"Runtime added dynamic property\">username</span>\": \"<span class=sf-dump-str title=\"20 characters\">lrivas@bancow.com.co</span>\"
      +\"<span class=sf-dump-public title=\"Runtime added dynamic property\">email</span>\": \"<span class=sf-dump-str title=\"20 characters\">lrivas@bancow.com.co</span>\"
      +\"<span class=sf-dump-public title=\"Runtime added dynamic property\">level</span>\": <span class=sf-dump-num>0</span>
      +\"<span class=sf-dump-public title=\"Runtime added dynamic property\">s_point</span>\": \"<span class=sf-dump-str title=\"18 characters\">298.00000000000000</span>\"
      +\"<span class=sf-dump-public title=\"Runtime added dynamic property\">i_point</span>\": <span class=sf-dump-num>240</span>
      +\"<span class=sf-dump-public title=\"Runtime added dynamic property\">g_point</span>\": <span class=sf-dump-num>45</span>
      +\"<span class=sf-dump-public title=\"Runtime added dynamic property\">created_at</span>\": \"<span class=sf-dump-str title=\"19 characters\">2023-07-14 21:11:14</span>\"
      +\"<span class=sf-dump-public title=\"Runtime added dynamic property\">estado</span>\": <span class=sf-dump-num>1</span>
      +\"<span class=sf-dump-public title=\"Runtime added dynamic property\">descrip</span>\": \"<span class=sf-dump-str title=\"3 characters\">OP1</span>\"
    </samp>}
    <span class=sf-dump-index>127</span> => {<a class=sf-dump-ref>#1739</a><samp data-depth=3 class=sf-dump-compact>
      +\"<span class=sf-dump-public title=\"Runtime added dynamic property\">id</span>\": <span class=sf-dump-num>368</span>
      +\"<span class=sf-dump-public title=\"Runtime added dynamic property\">firstname</span>\": \"<span class=sf-dump-str title=\"11 characters\">GUIDO LOPEZ</span>\"
      +\"<span class=sf-dump-public title=\"Runtime added dynamic property\">lastname</span>\": \"<span class=sf-dump-str title=\"7 characters\">PACHECO</span>\"
      +\"<span class=sf-dump-public title=\"Runtime added dynamic property\">username</span>\": \"<span class=sf-dump-str title=\"22 characters\">gpacheco@bancow.com.co</span>\"
      +\"<span class=sf-dump-public title=\"Runtime added dynamic property\">email</span>\": \"<span class=sf-dump-str title=\"22 characters\">gpacheco@bancow.com.co</span>\"
      +\"<span class=sf-dump-public title=\"Runtime added dynamic property\">level</span>\": <span class=sf-dump-num>0</span>
      +\"<span class=sf-dump-public title=\"Runtime added dynamic property\">s_point</span>\": \"<span class=sf-dump-str title=\"18 characters\">166.00000000000000</span>\"
      +\"<span class=sf-dump-public title=\"Runtime added dynamic property\">i_point</span>\": <span class=sf-dump-num>140</span>
      +\"<span class=sf-dump-public title=\"Runtime added dynamic property\">g_point</span>\": <span class=sf-dump-num>10</span>
      +\"<span class=sf-dump-public title=\"Runtime added dynamic property\">created_at</span>\": \"<span class=sf-dump-str title=\"19 characters\">2023-07-14 21:11:14</span>\"
      +\"<span class=sf-dump-public title=\"Runtime added dynamic property\">estado</span>\": <span class=sf-dump-num>1</span>
      +\"<span class=sf-dump-public title=\"Runtime added dynamic property\">descrip</span>\": \"<span class=sf-dump-str title=\"6 characters\">ADMIN4</span>\"
    </samp>}
    <span class=sf-dump-index>128</span> => {<a class=sf-dump-ref>#1740</a><samp data-depth=3 class=sf-dump-compact>
      +\"<span class=sf-dump-public title=\"Runtime added dynamic property\">id</span>\": <span class=sf-dump-num>369</span>
      +\"<span class=sf-dump-public title=\"Runtime added dynamic property\">firstname</span>\": \"<span class=sf-dump-str title=\"13 characters\">BRENDA CAMILA</span>\"
      +\"<span class=sf-dump-public title=\"Runtime added dynamic property\">lastname</span>\": \"<span class=sf-dump-str title=\"11 characters\">PRADO  PAEZ</span>\"
      +\"<span class=sf-dump-public title=\"Runtime added dynamic property\">username</span>\": \"<span class=sf-dump-str title=\"20 characters\">bprado@bancow.com.co</span>\"
      +\"<span class=sf-dump-public title=\"Runtime added dynamic property\">email</span>\": \"<span class=sf-dump-str title=\"20 characters\">bprado@bancow.com.co</span>\"
      +\"<span class=sf-dump-public title=\"Runtime added dynamic property\">level</span>\": <span class=sf-dump-num>0</span>
      +\"<span class=sf-dump-public title=\"Runtime added dynamic property\">s_point</span>\": \"<span class=sf-dump-str title=\"18 characters\">199.00000000000000</span>\"
      +\"<span class=sf-dump-public title=\"Runtime added dynamic property\">i_point</span>\": <span class=sf-dump-num>160</span>
      +\"<span class=sf-dump-public title=\"Runtime added dynamic property\">g_point</span>\": <span class=sf-dump-num>30</span>
      +\"<span class=sf-dump-public title=\"Runtime added dynamic property\">created_at</span>\": \"<span class=sf-dump-str title=\"19 characters\">2023-07-14 21:11:14</span>\"
      +\"<span class=sf-dump-public title=\"Runtime added dynamic property\">estado</span>\": <span class=sf-dump-num>1</span>
      +\"<span class=sf-dump-public title=\"Runtime added dynamic property\">descrip</span>\": \"<span class=sf-dump-str title=\"6 characters\">ADMIN4</span>\"
    </samp>}
    <span class=sf-dump-index>129</span> => {<a class=sf-dump-ref>#1741</a><samp data-depth=3 class=sf-dump-compact>
      +\"<span class=sf-dump-public title=\"Runtime added dynamic property\">id</span>\": <span class=sf-dump-num>370</span>
      +\"<span class=sf-dump-public title=\"Runtime added dynamic property\">firstname</span>\": \"<span class=sf-dump-str title=\"13 characters\">LEIDY VANESSA</span>\"
      +\"<span class=sf-dump-public title=\"Runtime added dynamic property\">lastname</span>\": \"<span class=sf-dump-str title=\"12 characters\">REYES  MU&#195;&#145;O</span>\"
      +\"<span class=sf-dump-public title=\"Runtime added dynamic property\">username</span>\": \"<span class=sf-dump-str title=\"21 characters\">lvreyes@bancow.com.co</span>\"
      +\"<span class=sf-dump-public title=\"Runtime added dynamic property\">email</span>\": \"<span class=sf-dump-str title=\"21 characters\">lvreyes@bancow.com.co</span>\"
      +\"<span class=sf-dump-public title=\"Runtime added dynamic property\">level</span>\": <span class=sf-dump-num>0</span>
      +\"<span class=sf-dump-public title=\"Runtime added dynamic property\">s_point</span>\": \"<span class=sf-dump-str title=\"18 characters\">199.00000000000000</span>\"
      +\"<span class=sf-dump-public title=\"Runtime added dynamic property\">i_point</span>\": <span class=sf-dump-num>160</span>
      +\"<span class=sf-dump-public title=\"Runtime added dynamic property\">g_point</span>\": <span class=sf-dump-num>30</span>
      +\"<span class=sf-dump-public title=\"Runtime added dynamic property\">created_at</span>\": \"<span class=sf-dump-str title=\"19 characters\">2023-07-14 21:11:14</span>\"
      +\"<span class=sf-dump-public title=\"Runtime added dynamic property\">estado</span>\": <span class=sf-dump-num>1</span>
      +\"<span class=sf-dump-public title=\"Runtime added dynamic property\">descrip</span>\": \"<span class=sf-dump-str title=\"6 characters\">ADMIN4</span>\"
    </samp>}
    <span class=sf-dump-index>130</span> => {<a class=sf-dump-ref>#1742</a><samp data-depth=3 class=sf-dump-compact>
      +\"<span class=sf-dump-public title=\"Runtime added dynamic property\">id</span>\": <span class=sf-dump-num>371</span>
      +\"<span class=sf-dump-public title=\"Runtime added dynamic property\">firstname</span>\": \"<span class=sf-dump-str title=\"15 characters\">CHRISTIAN DAVID</span>\"
      +\"<span class=sf-dump-public title=\"Runtime added dynamic property\">lastname</span>\": \"<span class=sf-dump-str title=\"17 characters\">GUTIERREZ  RIVERA</span>\"
      +\"<span class=sf-dump-public title=\"Runtime added dynamic property\">username</span>\": \"<span class=sf-dump-str title=\"24 characters\">cgutierrez@bancow.com.co</span>\"
      +\"<span class=sf-dump-public title=\"Runtime added dynamic property\">email</span>\": \"<span class=sf-dump-str title=\"24 characters\">cgutierrez@bancow.com.co</span>\"
      +\"<span class=sf-dump-public title=\"Runtime added dynamic property\">level</span>\": <span class=sf-dump-num>0</span>
      +\"<span class=sf-dump-public title=\"Runtime added dynamic property\">s_point</span>\": \"<span class=sf-dump-str title=\"18 characters\">199.00000000000000</span>\"
      +\"<span class=sf-dump-public title=\"Runtime added dynamic property\">i_point</span>\": <span class=sf-dump-num>160</span>
      +\"<span class=sf-dump-public title=\"Runtime added dynamic property\">g_point</span>\": <span class=sf-dump-num>30</span>
      +\"<span class=sf-dump-public title=\"Runtime added dynamic property\">created_at</span>\": \"<span class=sf-dump-str title=\"19 characters\">2023-07-14 21:11:14</span>\"
      +\"<span class=sf-dump-public title=\"Runtime added dynamic property\">estado</span>\": <span class=sf-dump-num>1</span>
      +\"<span class=sf-dump-public title=\"Runtime added dynamic property\">descrip</span>\": \"<span class=sf-dump-str title=\"6 characters\">ADMIN4</span>\"
    </samp>}
    <span class=sf-dump-index>131</span> => {<a class=sf-dump-ref>#1743</a><samp data-depth=3 class=sf-dump-compact>
      +\"<span class=sf-dump-public title=\"Runtime added dynamic property\">id</span>\": <span class=sf-dump-num>372</span>
      +\"<span class=sf-dump-public title=\"Runtime added dynamic property\">firstname</span>\": \"<span class=sf-dump-str title=\"12 characters\">ASTRID ELENA</span>\"
      +\"<span class=sf-dump-public title=\"Runtime added dynamic property\">lastname</span>\": \"<span class=sf-dump-str title=\"15 characters\">SERNA  QUINTERO</span>\"
      +\"<span class=sf-dump-public title=\"Runtime added dynamic property\">username</span>\": \"<span class=sf-dump-str title=\"21 characters\">aeserna@bancow.com.co</span>\"
      +\"<span class=sf-dump-public title=\"Runtime added dynamic property\">email</span>\": \"<span class=sf-dump-str title=\"21 characters\">aeserna@bancow.com.co</span>\"
      +\"<span class=sf-dump-public title=\"Runtime added dynamic property\">level</span>\": <span class=sf-dump-num>0</span>
      +\"<span class=sf-dump-public title=\"Runtime added dynamic property\">s_point</span>\": \"<span class=sf-dump-str title=\"18 characters\">199.00000000000000</span>\"
      +\"<span class=sf-dump-public title=\"Runtime added dynamic property\">i_point</span>\": <span class=sf-dump-num>160</span>
      +\"<span class=sf-dump-public title=\"Runtime added dynamic property\">g_point</span>\": <span class=sf-dump-num>30</span>
      +\"<span class=sf-dump-public title=\"Runtime added dynamic property\">created_at</span>\": \"<span class=sf-dump-str title=\"19 characters\">2023-07-14 21:11:14</span>\"
      +\"<span class=sf-dump-public title=\"Runtime added dynamic property\">estado</span>\": <span class=sf-dump-num>1</span>
      +\"<span class=sf-dump-public title=\"Runtime added dynamic property\">descrip</span>\": \"<span class=sf-dump-str title=\"6 characters\">ADMIN4</span>\"
    </samp>}
    <span class=sf-dump-index>132</span> => {<a class=sf-dump-ref>#1744</a><samp data-depth=3 class=sf-dump-compact>
      +\"<span class=sf-dump-public title=\"Runtime added dynamic property\">id</span>\": <span class=sf-dump-num>373</span>
      +\"<span class=sf-dump-public title=\"Runtime added dynamic property\">firstname</span>\": \"<span class=sf-dump-str title=\"14 characters\">VIVIAN TATIANA</span>\"
      +\"<span class=sf-dump-public title=\"Runtime added dynamic property\">lastname</span>\": \"<span class=sf-dump-str title=\"13 characters\">CAMPOS GUZMAN</span>\"
      +\"<span class=sf-dump-public title=\"Runtime added dynamic property\">username</span>\": \"<span class=sf-dump-str title=\"21 characters\">vcampos@bancow.com.co</span>\"
      +\"<span class=sf-dump-public title=\"Runtime added dynamic property\">email</span>\": \"<span class=sf-dump-str title=\"21 characters\">vcampos@bancow.com.co</span>\"
      +\"<span class=sf-dump-public title=\"Runtime added dynamic property\">level</span>\": <span class=sf-dump-num>0</span>
      +\"<span class=sf-dump-public title=\"Runtime added dynamic property\">s_point</span>\": \"<span class=sf-dump-str title=\"18 characters\">238.00000000000000</span>\"
      +\"<span class=sf-dump-public title=\"Runtime added dynamic property\">i_point</span>\": <span class=sf-dump-num>180</span>
      +\"<span class=sf-dump-public title=\"Runtime added dynamic property\">g_point</span>\": <span class=sf-dump-num>30</span>
      +\"<span class=sf-dump-public title=\"Runtime added dynamic property\">created_at</span>\": \"<span class=sf-dump-str title=\"19 characters\">2023-07-14 22:12:22</span>\"
      +\"<span class=sf-dump-public title=\"Runtime added dynamic property\">estado</span>\": <span class=sf-dump-num>1</span>
      +\"<span class=sf-dump-public title=\"Runtime added dynamic property\">descrip</span>\": \"<span class=sf-dump-str title=\"3 characters\">OP1</span>\"
    </samp>}
    <span class=sf-dump-index>133</span> => {<a class=sf-dump-ref>#1745</a><samp data-depth=3 class=sf-dump-compact>
      +\"<span class=sf-dump-public title=\"Runtime added dynamic property\">id</span>\": <span class=sf-dump-num>374</span>
      +\"<span class=sf-dump-public title=\"Runtime added dynamic property\">firstname</span>\": \"<span class=sf-dump-str title=\"15 characters\">JURITZA FABIANA</span>\"
      +\"<span class=sf-dump-public title=\"Runtime added dynamic property\">lastname</span>\": \"<span class=sf-dump-str title=\"13 characters\">RINCON TRIGOS</span>\"
      +\"<span class=sf-dump-public title=\"Runtime added dynamic property\">username</span>\": \"<span class=sf-dump-str title=\"22 characters\">farincon@bancow.com.co</span>\"
      +\"<span class=sf-dump-public title=\"Runtime added dynamic property\">email</span>\": \"<span class=sf-dump-str title=\"22 characters\">farincon@bancow.com.co</span>\"
      +\"<span class=sf-dump-public title=\"Runtime added dynamic property\">level</span>\": <span class=sf-dump-num>0</span>
      +\"<span class=sf-dump-public title=\"Runtime added dynamic property\">s_point</span>\": \"<span class=sf-dump-str title=\"18 characters\">298.00000000000000</span>\"
      +\"<span class=sf-dump-public title=\"Runtime added dynamic property\">i_point</span>\": <span class=sf-dump-num>240</span>
      +\"<span class=sf-dump-public title=\"Runtime added dynamic property\">g_point</span>\": <span class=sf-dump-num>45</span>
      +\"<span class=sf-dump-public title=\"Runtime added dynamic property\">created_at</span>\": \"<span class=sf-dump-str title=\"19 characters\">2023-07-14 22:12:23</span>\"
      +\"<span class=sf-dump-public title=\"Runtime added dynamic property\">estado</span>\": <span class=sf-dump-num>1</span>
      +\"<span class=sf-dump-public title=\"Runtime added dynamic property\">descrip</span>\": \"<span class=sf-dump-str title=\"3 characters\">OP1</span>\"
    </samp>}
    <span class=sf-dump-index>134</span> => {<a class=sf-dump-ref>#1746</a><samp data-depth=3 class=sf-dump-compact>
      +\"<span class=sf-dump-public title=\"Runtime added dynamic property\">id</span>\": <span class=sf-dump-num>375</span>
      +\"<span class=sf-dump-public title=\"Runtime added dynamic property\">firstname</span>\": \"<span class=sf-dump-str title=\"16 characters\">JHOANNA ESTEFANY</span>\"
      +\"<span class=sf-dump-public title=\"Runtime added dynamic property\">lastname</span>\": \"<span class=sf-dump-str title=\"14 characters\">PORRAS HURTADO</span>\"
      +\"<span class=sf-dump-public title=\"Runtime added dynamic property\">username</span>\": \"<span class=sf-dump-str title=\"21 characters\">jporras@bancow.com.co</span>\"
      +\"<span class=sf-dump-public title=\"Runtime added dynamic property\">email</span>\": \"<span class=sf-dump-str title=\"21 characters\">jporras@bancow.com.co</span>\"
      +\"<span class=sf-dump-public title=\"Runtime added dynamic property\">level</span>\": <span class=sf-dump-num>0</span>
      +\"<span class=sf-dump-public title=\"Runtime added dynamic property\">s_point</span>\": \"<span class=sf-dump-str title=\"18 characters\">232.00000000000000</span>\"
      +\"<span class=sf-dump-public title=\"Runtime added dynamic property\">i_point</span>\": <span class=sf-dump-num>175</span>
      +\"<span class=sf-dump-public title=\"Runtime added dynamic property\">g_point</span>\": <span class=sf-dump-num>30</span>
      +\"<span class=sf-dump-public title=\"Runtime added dynamic property\">created_at</span>\": \"<span class=sf-dump-str title=\"19 characters\">2023-07-14 22:12:23</span>\"
      +\"<span class=sf-dump-public title=\"Runtime added dynamic property\">estado</span>\": <span class=sf-dump-num>1</span>
      +\"<span class=sf-dump-public title=\"Runtime added dynamic property\">descrip</span>\": \"<span class=sf-dump-str title=\"3 characters\">OP1</span>\"
    </samp>}
    <span class=sf-dump-index>135</span> => {<a class=sf-dump-ref>#1747</a><samp data-depth=3 class=sf-dump-compact>
      +\"<span class=sf-dump-public title=\"Runtime added dynamic property\">id</span>\": <span class=sf-dump-num>376</span>
      +\"<span class=sf-dump-public title=\"Runtime added dynamic property\">firstname</span>\": \"<span class=sf-dump-str title=\"13 characters\">ALVARO JAVIER</span>\"
      +\"<span class=sf-dump-public title=\"Runtime added dynamic property\">lastname</span>\": \"<span class=sf-dump-str title=\"14 characters\">GUERRA SERRATO</span>\"
      +\"<span class=sf-dump-public title=\"Runtime added dynamic property\">username</span>\": \"<span class=sf-dump-str title=\"22 characters\">ajguerra@bancow.com.co</span>\"
      +\"<span class=sf-dump-public title=\"Runtime added dynamic property\">email</span>\": \"<span class=sf-dump-str title=\"22 characters\">ajguerra@bancow.com.co</span>\"
      +\"<span class=sf-dump-public title=\"Runtime added dynamic property\">level</span>\": <span class=sf-dump-num>0</span>
      +\"<span class=sf-dump-public title=\"Runtime added dynamic property\">s_point</span>\": \"<span class=sf-dump-str title=\"18 characters\">298.00000000000000</span>\"
      +\"<span class=sf-dump-public title=\"Runtime added dynamic property\">i_point</span>\": <span class=sf-dump-num>240</span>
      +\"<span class=sf-dump-public title=\"Runtime added dynamic property\">g_point</span>\": <span class=sf-dump-num>45</span>
      +\"<span class=sf-dump-public title=\"Runtime added dynamic property\">created_at</span>\": \"<span class=sf-dump-str title=\"19 characters\">2023-07-14 22:12:23</span>\"
      +\"<span class=sf-dump-public title=\"Runtime added dynamic property\">estado</span>\": <span class=sf-dump-num>1</span>
      +\"<span class=sf-dump-public title=\"Runtime added dynamic property\">descrip</span>\": \"<span class=sf-dump-str title=\"3 characters\">OP1</span>\"
    </samp>}
    <span class=sf-dump-index>136</span> => {<a class=sf-dump-ref>#1748</a><samp data-depth=3 class=sf-dump-compact>
      +\"<span class=sf-dump-public title=\"Runtime added dynamic property\">id</span>\": <span class=sf-dump-num>377</span>
      +\"<span class=sf-dump-public title=\"Runtime added dynamic property\">firstname</span>\": \"<span class=sf-dump-str title=\"15 characters\">GLORIA PATRICIA</span>\"
      +\"<span class=sf-dump-public title=\"Runtime added dynamic property\">lastname</span>\": \"<span class=sf-dump-str title=\"12 characters\">CORTES VARON</span>\"
      +\"<span class=sf-dump-public title=\"Runtime added dynamic property\">username</span>\": \"<span class=sf-dump-str title=\"21 characters\">gcortes@bancow.com.co</span>\"
      +\"<span class=sf-dump-public title=\"Runtime added dynamic property\">email</span>\": \"<span class=sf-dump-str title=\"21 characters\">gcortes@bancow.com.co</span>\"
      +\"<span class=sf-dump-public title=\"Runtime added dynamic property\">level</span>\": <span class=sf-dump-num>0</span>
      +\"<span class=sf-dump-public title=\"Runtime added dynamic property\">s_point</span>\": \"<span class=sf-dump-str title=\"18 characters\">232.00000000000000</span>\"
      +\"<span class=sf-dump-public title=\"Runtime added dynamic property\">i_point</span>\": <span class=sf-dump-num>175</span>
      +\"<span class=sf-dump-public title=\"Runtime added dynamic property\">g_point</span>\": <span class=sf-dump-num>30</span>
      +\"<span class=sf-dump-public title=\"Runtime added dynamic property\">created_at</span>\": \"<span class=sf-dump-str title=\"19 characters\">2023-07-14 22:12:23</span>\"
      +\"<span class=sf-dump-public title=\"Runtime added dynamic property\">estado</span>\": <span class=sf-dump-num>1</span>
      +\"<span class=sf-dump-public title=\"Runtime added dynamic property\">descrip</span>\": \"<span class=sf-dump-str title=\"3 characters\">OP1</span>\"
    </samp>}
    <span class=sf-dump-index>137</span> => {<a class=sf-dump-ref>#1749</a><samp data-depth=3 class=sf-dump-compact>
      +\"<span class=sf-dump-public title=\"Runtime added dynamic property\">id</span>\": <span class=sf-dump-num>378</span>
      +\"<span class=sf-dump-public title=\"Runtime added dynamic property\">firstname</span>\": \"<span class=sf-dump-str title=\"14 characters\">JENNY FERNANDA</span>\"
      +\"<span class=sf-dump-public title=\"Runtime added dynamic property\">lastname</span>\": \"<span class=sf-dump-str title=\"15 characters\">SALAZAR TABARES</span>\"
      +\"<span class=sf-dump-public title=\"Runtime added dynamic property\">username</span>\": \"<span class=sf-dump-str title=\"22 characters\">jsalazar@bancow.com.co</span>\"
      +\"<span class=sf-dump-public title=\"Runtime added dynamic property\">email</span>\": \"<span class=sf-dump-str title=\"22 characters\">jsalazar@bancow.com.co</span>\"
      +\"<span class=sf-dump-public title=\"Runtime added dynamic property\">level</span>\": <span class=sf-dump-num>0</span>
      +\"<span class=sf-dump-public title=\"Runtime added dynamic property\">s_point</span>\": \"<span class=sf-dump-str title=\"18 characters\">298.00000000000000</span>\"
      +\"<span class=sf-dump-public title=\"Runtime added dynamic property\">i_point</span>\": <span class=sf-dump-num>240</span>
      +\"<span class=sf-dump-public title=\"Runtime added dynamic property\">g_point</span>\": <span class=sf-dump-num>45</span>
      +\"<span class=sf-dump-public title=\"Runtime added dynamic property\">created_at</span>\": \"<span class=sf-dump-str title=\"19 characters\">2023-07-14 22:12:23</span>\"
      +\"<span class=sf-dump-public title=\"Runtime added dynamic property\">estado</span>\": <span class=sf-dump-num>1</span>
      +\"<span class=sf-dump-public title=\"Runtime added dynamic property\">descrip</span>\": \"<span class=sf-dump-str title=\"3 characters\">OP1</span>\"
    </samp>}
    <span class=sf-dump-index>138</span> => {<a class=sf-dump-ref>#1750</a><samp data-depth=3 class=sf-dump-compact>
      +\"<span class=sf-dump-public title=\"Runtime added dynamic property\">id</span>\": <span class=sf-dump-num>379</span>
      +\"<span class=sf-dump-public title=\"Runtime added dynamic property\">firstname</span>\": \"<span class=sf-dump-str title=\"13 characters\">LEIDY MAGALLY</span>\"
      +\"<span class=sf-dump-public title=\"Runtime added dynamic property\">lastname</span>\": \"<span class=sf-dump-str title=\"13 characters\">ARANGO FRANCO</span>\"
      +\"<span class=sf-dump-public title=\"Runtime added dynamic property\">username</span>\": \"<span class=sf-dump-str title=\"22 characters\">learango@bancow.com.co</span>\"
      +\"<span class=sf-dump-public title=\"Runtime added dynamic property\">email</span>\": \"<span class=sf-dump-str title=\"22 characters\">learango@bancow.com.co</span>\"
      +\"<span class=sf-dump-public title=\"Runtime added dynamic property\">level</span>\": <span class=sf-dump-num>0</span>
      +\"<span class=sf-dump-public title=\"Runtime added dynamic property\">s_point</span>\": \"<span class=sf-dump-str title=\"18 characters\">298.00000000000000</span>\"
      +\"<span class=sf-dump-public title=\"Runtime added dynamic property\">i_point</span>\": <span class=sf-dump-num>240</span>
      +\"<span class=sf-dump-public title=\"Runtime added dynamic property\">g_point</span>\": <span class=sf-dump-num>45</span>
      +\"<span class=sf-dump-public title=\"Runtime added dynamic property\">created_at</span>\": \"<span class=sf-dump-str title=\"19 characters\">2023-07-14 22:12:23</span>\"
      +\"<span class=sf-dump-public title=\"Runtime added dynamic property\">estado</span>\": <span class=sf-dump-num>1</span>
      +\"<span class=sf-dump-public title=\"Runtime added dynamic property\">descrip</span>\": \"<span class=sf-dump-str title=\"3 characters\">OP1</span>\"
    </samp>}
    <span class=sf-dump-index>139</span> => {<a class=sf-dump-ref>#1751</a><samp data-depth=3 class=sf-dump-compact>
      +\"<span class=sf-dump-public title=\"Runtime added dynamic property\">id</span>\": <span class=sf-dump-num>380</span>
      +\"<span class=sf-dump-public title=\"Runtime added dynamic property\">firstname</span>\": \"<span class=sf-dump-str title=\"15 characters\">MARTHA PATRICIA</span>\"
      +\"<span class=sf-dump-public title=\"Runtime added dynamic property\">lastname</span>\": \"<span class=sf-dump-str title=\"16 characters\">MOLINA HERNANDEZ</span>\"
      +\"<span class=sf-dump-public title=\"Runtime added dynamic property\">username</span>\": \"<span class=sf-dump-str title=\"21 characters\">mmolina@bancow.com.co</span>\"
      +\"<span class=sf-dump-public title=\"Runtime added dynamic property\">email</span>\": \"<span class=sf-dump-str title=\"21 characters\">mmolina@bancow.com.co</span>\"
      +\"<span class=sf-dump-public title=\"Runtime added dynamic property\">level</span>\": <span class=sf-dump-num>0</span>
      +\"<span class=sf-dump-public title=\"Runtime added dynamic property\">s_point</span>\": \"<span class=sf-dump-str title=\"18 characters\">298.00000000000000</span>\"
      +\"<span class=sf-dump-public title=\"Runtime added dynamic property\">i_point</span>\": <span class=sf-dump-num>240</span>
      +\"<span class=sf-dump-public title=\"Runtime added dynamic property\">g_point</span>\": <span class=sf-dump-num>45</span>
      +\"<span class=sf-dump-public title=\"Runtime added dynamic property\">created_at</span>\": \"<span class=sf-dump-str title=\"19 characters\">2023-07-14 22:12:23</span>\"
      +\"<span class=sf-dump-public title=\"Runtime added dynamic property\">estado</span>\": <span class=sf-dump-num>1</span>
      +\"<span class=sf-dump-public title=\"Runtime added dynamic property\">descrip</span>\": \"<span class=sf-dump-str title=\"3 characters\">OP1</span>\"
    </samp>}
    <span class=sf-dump-index>140</span> => {<a class=sf-dump-ref>#1752</a><samp data-depth=3 class=sf-dump-compact>
      +\"<span class=sf-dump-public title=\"Runtime added dynamic property\">id</span>\": <span class=sf-dump-num>381</span>
      +\"<span class=sf-dump-public title=\"Runtime added dynamic property\">firstname</span>\": \"<span class=sf-dump-str title=\"12 characters\">PAOLA ANDREA</span>\"
      +\"<span class=sf-dump-public title=\"Runtime added dynamic property\">lastname</span>\": \"<span class=sf-dump-str title=\"12 characters\">PALACIOS PAZ</span>\"
      +\"<span class=sf-dump-public title=\"Runtime added dynamic property\">username</span>\": \"<span class=sf-dump-str title=\"23 characters\">ppalacios@bancow.com.co</span>\"
      +\"<span class=sf-dump-public title=\"Runtime added dynamic property\">email</span>\": \"<span class=sf-dump-str title=\"23 characters\">ppalacios@bancow.com.co</span>\"
      +\"<span class=sf-dump-public title=\"Runtime added dynamic property\">level</span>\": <span class=sf-dump-num>0</span>
      +\"<span class=sf-dump-public title=\"Runtime added dynamic property\">s_point</span>\": \"<span class=sf-dump-str title=\"18 characters\">298.00000000000000</span>\"
      +\"<span class=sf-dump-public title=\"Runtime added dynamic property\">i_point</span>\": <span class=sf-dump-num>240</span>
      +\"<span class=sf-dump-public title=\"Runtime added dynamic property\">g_point</span>\": <span class=sf-dump-num>45</span>
      +\"<span class=sf-dump-public title=\"Runtime added dynamic property\">created_at</span>\": \"<span class=sf-dump-str title=\"19 characters\">2023-07-14 22:12:23</span>\"
      +\"<span class=sf-dump-public title=\"Runtime added dynamic property\">estado</span>\": <span class=sf-dump-num>1</span>
      +\"<span class=sf-dump-public title=\"Runtime added dynamic property\">descrip</span>\": \"<span class=sf-dump-str title=\"3 characters\">OP1</span>\"
    </samp>}
    <span class=sf-dump-index>141</span> => {<a class=sf-dump-ref>#1753</a><samp data-depth=3 class=sf-dump-compact>
      +\"<span class=sf-dump-public title=\"Runtime added dynamic property\">id</span>\": <span class=sf-dump-num>382</span>
      +\"<span class=sf-dump-public title=\"Runtime added dynamic property\">firstname</span>\": \"<span class=sf-dump-str title=\"11 characters\">LUISA MARIA</span>\"
      +\"<span class=sf-dump-public title=\"Runtime added dynamic property\">lastname</span>\": \"<span class=sf-dump-str title=\"16 characters\">URIBE SINISTERRA</span>\"
      +\"<span class=sf-dump-public title=\"Runtime added dynamic property\">username</span>\": \"<span class=sf-dump-str title=\"21 characters\">lmuribe@bancow.com.co</span>\"
      +\"<span class=sf-dump-public title=\"Runtime added dynamic property\">email</span>\": \"<span class=sf-dump-str title=\"21 characters\">lmuribe@bancow.com.co</span>\"
      +\"<span class=sf-dump-public title=\"Runtime added dynamic property\">level</span>\": <span class=sf-dump-num>0</span>
      +\"<span class=sf-dump-public title=\"Runtime added dynamic property\">s_point</span>\": \"<span class=sf-dump-str title=\"18 characters\">298.00000000000000</span>\"
      +\"<span class=sf-dump-public title=\"Runtime added dynamic property\">i_point</span>\": <span class=sf-dump-num>240</span>
      +\"<span class=sf-dump-public title=\"Runtime added dynamic property\">g_point</span>\": <span class=sf-dump-num>45</span>
      +\"<span class=sf-dump-public title=\"Runtime added dynamic property\">created_at</span>\": \"<span class=sf-dump-str title=\"19 characters\">2023-07-14 22:12:24</span>\"
      +\"<span class=sf-dump-public title=\"Runtime added dynamic property\">estado</span>\": <span class=sf-dump-num>1</span>
      +\"<span class=sf-dump-public title=\"Runtime added dynamic property\">descrip</span>\": \"<span class=sf-dump-str title=\"3 characters\">OP1</span>\"
    </samp>}
    <span class=sf-dump-index>142</span> => {<a class=sf-dump-ref>#1754</a><samp data-depth=3 class=sf-dump-compact>
      +\"<span class=sf-dump-public title=\"Runtime added dynamic property\">id</span>\": <span class=sf-dump-num>383</span>
      +\"<span class=sf-dump-public title=\"Runtime added dynamic property\">firstname</span>\": \"<span class=sf-dump-str title=\"12 characters\">LINA MARCELA</span>\"
      +\"<span class=sf-dump-public title=\"Runtime added dynamic property\">lastname</span>\": \"<span class=sf-dump-str title=\"15 characters\">ECHEVERRY NA&#209;EZ</span>\"
      +\"<span class=sf-dump-public title=\"Runtime added dynamic property\">username</span>\": \"<span class=sf-dump-str title=\"25 characters\">liecheverry@bancow.com.co</span>\"
      +\"<span class=sf-dump-public title=\"Runtime added dynamic property\">email</span>\": \"<span class=sf-dump-str title=\"25 characters\">liecheverry@bancow.com.co</span>\"
      +\"<span class=sf-dump-public title=\"Runtime added dynamic property\">level</span>\": <span class=sf-dump-num>0</span>
      +\"<span class=sf-dump-public title=\"Runtime added dynamic property\">s_point</span>\": \"<span class=sf-dump-str title=\"18 characters\">298.00000000000000</span>\"
      +\"<span class=sf-dump-public title=\"Runtime added dynamic property\">i_point</span>\": <span class=sf-dump-num>240</span>
      +\"<span class=sf-dump-public title=\"Runtime added dynamic property\">g_point</span>\": <span class=sf-dump-num>45</span>
      +\"<span class=sf-dump-public title=\"Runtime added dynamic property\">created_at</span>\": \"<span class=sf-dump-str title=\"19 characters\">2023-07-14 22:12:24</span>\"
      +\"<span class=sf-dump-public title=\"Runtime added dynamic property\">estado</span>\": <span class=sf-dump-num>1</span>
      +\"<span class=sf-dump-public title=\"Runtime added dynamic property\">descrip</span>\": \"<span class=sf-dump-str title=\"3 characters\">OP1</span>\"
    </samp>}
    <span class=sf-dump-index>143</span> => {<a class=sf-dump-ref>#1755</a><samp data-depth=3 class=sf-dump-compact>
      +\"<span class=sf-dump-public title=\"Runtime added dynamic property\">id</span>\": <span class=sf-dump-num>384</span>
      +\"<span class=sf-dump-public title=\"Runtime added dynamic property\">firstname</span>\": \"<span class=sf-dump-str title=\"10 characters\">LUZ ADIELA</span>\"
      +\"<span class=sf-dump-public title=\"Runtime added dynamic property\">lastname</span>\": \"<span class=sf-dump-str title=\"12 characters\">LOPEZ FLOREZ</span>\"
      +\"<span class=sf-dump-public title=\"Runtime added dynamic property\">username</span>\": \"<span class=sf-dump-str title=\"20 characters\">llopez@bancow.com.co</span>\"
      +\"<span class=sf-dump-public title=\"Runtime added dynamic property\">email</span>\": \"<span class=sf-dump-str title=\"20 characters\">llopez@bancow.com.co</span>\"
      +\"<span class=sf-dump-public title=\"Runtime added dynamic property\">level</span>\": <span class=sf-dump-num>0</span>
      +\"<span class=sf-dump-public title=\"Runtime added dynamic property\">s_point</span>\": \"<span class=sf-dump-str title=\"18 characters\">199.00000000000000</span>\"
      +\"<span class=sf-dump-public title=\"Runtime added dynamic property\">i_point</span>\": <span class=sf-dump-num>160</span>
      +\"<span class=sf-dump-public title=\"Runtime added dynamic property\">g_point</span>\": <span class=sf-dump-num>30</span>
      +\"<span class=sf-dump-public title=\"Runtime added dynamic property\">created_at</span>\": \"<span class=sf-dump-str title=\"19 characters\">2023-07-14 22:12:24</span>\"
      +\"<span class=sf-dump-public title=\"Runtime added dynamic property\">estado</span>\": <span class=sf-dump-num>1</span>
      +\"<span class=sf-dump-public title=\"Runtime added dynamic property\">descrip</span>\": \"<span class=sf-dump-str title=\"3 characters\">OP1</span>\"
    </samp>}
    <span class=sf-dump-index>144</span> => {<a class=sf-dump-ref>#1756</a><samp data-depth=3 class=sf-dump-compact>
      +\"<span class=sf-dump-public title=\"Runtime added dynamic property\">id</span>\": <span class=sf-dump-num>385</span>
      +\"<span class=sf-dump-public title=\"Runtime added dynamic property\">firstname</span>\": \"<span class=sf-dump-str title=\"12 characters\">PAOLA ANDREA</span>\"
      +\"<span class=sf-dump-public title=\"Runtime added dynamic property\">lastname</span>\": \"<span class=sf-dump-str title=\"14 characters\">MONTOYA ARANGO</span>\"
      +\"<span class=sf-dump-public title=\"Runtime added dynamic property\">username</span>\": \"<span class=sf-dump-str title=\"22 characters\">pmontoya@bancow.com.co</span>\"
      +\"<span class=sf-dump-public title=\"Runtime added dynamic property\">email</span>\": \"<span class=sf-dump-str title=\"22 characters\">pmontoya@bancow.com.co</span>\"
      +\"<span class=sf-dump-public title=\"Runtime added dynamic property\">level</span>\": <span class=sf-dump-num>0</span>
      +\"<span class=sf-dump-public title=\"Runtime added dynamic property\">s_point</span>\": \"<span class=sf-dump-str title=\"18 characters\">298.00000000000000</span>\"
      +\"<span class=sf-dump-public title=\"Runtime added dynamic property\">i_point</span>\": <span class=sf-dump-num>240</span>
      +\"<span class=sf-dump-public title=\"Runtime added dynamic property\">g_point</span>\": <span class=sf-dump-num>45</span>
      +\"<span class=sf-dump-public title=\"Runtime added dynamic property\">created_at</span>\": \"<span class=sf-dump-str title=\"19 characters\">2023-07-14 22:12:24</span>\"
      +\"<span class=sf-dump-public title=\"Runtime added dynamic property\">estado</span>\": <span class=sf-dump-num>1</span>
      +\"<span class=sf-dump-public title=\"Runtime added dynamic property\">descrip</span>\": \"<span class=sf-dump-str title=\"3 characters\">OP1</span>\"
    </samp>}
    <span class=sf-dump-index>145</span> => {<a class=sf-dump-ref>#1757</a><samp data-depth=3 class=sf-dump-compact>
      +\"<span class=sf-dump-public title=\"Runtime added dynamic property\">id</span>\": <span class=sf-dump-num>386</span>
      +\"<span class=sf-dump-public title=\"Runtime added dynamic property\">firstname</span>\": \"<span class=sf-dump-str title=\"12 characters\">SANDRA MARIA</span>\"
      +\"<span class=sf-dump-public title=\"Runtime added dynamic property\">lastname</span>\": \"<span class=sf-dump-str title=\"13 characters\">MU&#195;&#145;OZ SAMBON</span>\"
      +\"<span class=sf-dump-public title=\"Runtime added dynamic property\">username</span>\": \"<span class=sf-dump-str title=\"20 characters\">smunoz@bancow.com.co</span>\"
      +\"<span class=sf-dump-public title=\"Runtime added dynamic property\">email</span>\": \"<span class=sf-dump-str title=\"20 characters\">smunoz@bancow.com.co</span>\"
      +\"<span class=sf-dump-public title=\"Runtime added dynamic property\">level</span>\": <span class=sf-dump-num>0</span>
      +\"<span class=sf-dump-public title=\"Runtime added dynamic property\">s_point</span>\": \"<span class=sf-dump-str title=\"18 characters\">298.00000000000000</span>\"
      +\"<span class=sf-dump-public title=\"Runtime added dynamic property\">i_point</span>\": <span class=sf-dump-num>240</span>
      +\"<span class=sf-dump-public title=\"Runtime added dynamic property\">g_point</span>\": <span class=sf-dump-num>45</span>
      +\"<span class=sf-dump-public title=\"Runtime added dynamic property\">created_at</span>\": \"<span class=sf-dump-str title=\"19 characters\">2023-07-14 22:12:24</span>\"
      +\"<span class=sf-dump-public title=\"Runtime added dynamic property\">estado</span>\": <span class=sf-dump-num>1</span>
      +\"<span class=sf-dump-public title=\"Runtime added dynamic property\">descrip</span>\": \"<span class=sf-dump-str title=\"3 characters\">OP1</span>\"
    </samp>}
    <span class=sf-dump-index>146</span> => {<a class=sf-dump-ref>#1758</a><samp data-depth=3 class=sf-dump-compact>
      +\"<span class=sf-dump-public title=\"Runtime added dynamic property\">id</span>\": <span class=sf-dump-num>387</span>
      +\"<span class=sf-dump-public title=\"Runtime added dynamic property\">firstname</span>\": \"<span class=sf-dump-str title=\"11 characters\">MARIA EDITH</span>\"
      +\"<span class=sf-dump-public title=\"Runtime added dynamic property\">lastname</span>\": \"<span class=sf-dump-str title=\"14 characters\">SUAREZ RAMIREZ</span>\"
      +\"<span class=sf-dump-public title=\"Runtime added dynamic property\">username</span>\": \"<span class=sf-dump-str title=\"22 characters\">mesuarez@bancow.com.co</span>\"
      +\"<span class=sf-dump-public title=\"Runtime added dynamic property\">email</span>\": \"<span class=sf-dump-str title=\"22 characters\">mesuarez@bancow.com.co</span>\"
      +\"<span class=sf-dump-public title=\"Runtime added dynamic property\">level</span>\": <span class=sf-dump-num>0</span>
      +\"<span class=sf-dump-public title=\"Runtime added dynamic property\">s_point</span>\": \"<span class=sf-dump-str title=\"18 characters\">298.00000000000000</span>\"
      +\"<span class=sf-dump-public title=\"Runtime added dynamic property\">i_point</span>\": <span class=sf-dump-num>240</span>
      +\"<span class=sf-dump-public title=\"Runtime added dynamic property\">g_point</span>\": <span class=sf-dump-num>45</span>
      +\"<span class=sf-dump-public title=\"Runtime added dynamic property\">created_at</span>\": \"<span class=sf-dump-str title=\"19 characters\">2023-07-14 22:12:24</span>\"
      +\"<span class=sf-dump-public title=\"Runtime added dynamic property\">estado</span>\": <span class=sf-dump-num>1</span>
      +\"<span class=sf-dump-public title=\"Runtime added dynamic property\">descrip</span>\": \"<span class=sf-dump-str title=\"3 characters\">OP1</span>\"
    </samp>}
    <span class=sf-dump-index>147</span> => {<a class=sf-dump-ref>#1759</a><samp data-depth=3 class=sf-dump-compact>
      +\"<span class=sf-dump-public title=\"Runtime added dynamic property\">id</span>\": <span class=sf-dump-num>388</span>
      +\"<span class=sf-dump-public title=\"Runtime added dynamic property\">firstname</span>\": \"<span class=sf-dump-str title=\"15 characters\">FABIAN MAURICIO</span>\"
      +\"<span class=sf-dump-public title=\"Runtime added dynamic property\">lastname</span>\": \"<span class=sf-dump-str title=\"16 characters\">FRANCO VELASQUEZ</span>\"
      +\"<span class=sf-dump-public title=\"Runtime added dynamic property\">username</span>\": \"<span class=sf-dump-str title=\"21 characters\">ffranco@bancow.com.co</span>\"
      +\"<span class=sf-dump-public title=\"Runtime added dynamic property\">email</span>\": \"<span class=sf-dump-str title=\"21 characters\">ffranco@bancow.com.co</span>\"
      +\"<span class=sf-dump-public title=\"Runtime added dynamic property\">level</span>\": <span class=sf-dump-num>0</span>
      +\"<span class=sf-dump-public title=\"Runtime added dynamic property\">s_point</span>\": \"<span class=sf-dump-str title=\"18 characters\">243.00000000000000</span>\"
      +\"<span class=sf-dump-public title=\"Runtime added dynamic property\">i_point</span>\": <span class=sf-dump-num>190</span>
      +\"<span class=sf-dump-public title=\"Runtime added dynamic property\">g_point</span>\": <span class=sf-dump-num>30</span>
      +\"<span class=sf-dump-public title=\"Runtime added dynamic property\">created_at</span>\": \"<span class=sf-dump-str title=\"19 characters\">2023-07-14 22:12:24</span>\"
      +\"<span class=sf-dump-public title=\"Runtime added dynamic property\">estado</span>\": <span class=sf-dump-num>1</span>
      +\"<span class=sf-dump-public title=\"Runtime added dynamic property\">descrip</span>\": \"<span class=sf-dump-str title=\"3 characters\">OP1</span>\"
    </samp>}
    <span class=sf-dump-index>148</span> => {<a class=sf-dump-ref>#1760</a><samp data-depth=3 class=sf-dump-compact>
      +\"<span class=sf-dump-public title=\"Runtime added dynamic property\">id</span>\": <span class=sf-dump-num>389</span>
      +\"<span class=sf-dump-public title=\"Runtime added dynamic property\">firstname</span>\": \"<span class=sf-dump-str title=\"12 characters\">DEYSI JOHANA</span>\"
      +\"<span class=sf-dump-public title=\"Runtime added dynamic property\">lastname</span>\": \"<span class=sf-dump-str title=\"18 characters\">GONZALEZ BENAVIDEZ</span>\"
      +\"<span class=sf-dump-public title=\"Runtime added dynamic property\">username</span>\": \"<span class=sf-dump-str title=\"24 characters\">degonzalez@bancow.com.co</span>\"
      +\"<span class=sf-dump-public title=\"Runtime added dynamic property\">email</span>\": \"<span class=sf-dump-str title=\"24 characters\">degonzalez@bancow.com.co</span>\"
      +\"<span class=sf-dump-public title=\"Runtime added dynamic property\">level</span>\": <span class=sf-dump-num>0</span>
      +\"<span class=sf-dump-public title=\"Runtime added dynamic property\">s_point</span>\": \"<span class=sf-dump-str title=\"18 characters\">238.00000000000000</span>\"
      +\"<span class=sf-dump-public title=\"Runtime added dynamic property\">i_point</span>\": <span class=sf-dump-num>180</span>
      +\"<span class=sf-dump-public title=\"Runtime added dynamic property\">g_point</span>\": <span class=sf-dump-num>30</span>
      +\"<span class=sf-dump-public title=\"Runtime added dynamic property\">created_at</span>\": \"<span class=sf-dump-str title=\"19 characters\">2023-07-14 22:12:24</span>\"
      +\"<span class=sf-dump-public title=\"Runtime added dynamic property\">estado</span>\": <span class=sf-dump-num>1</span>
      +\"<span class=sf-dump-public title=\"Runtime added dynamic property\">descrip</span>\": \"<span class=sf-dump-str title=\"3 characters\">OP1</span>\"
    </samp>}
    <span class=sf-dump-index>149</span> => {<a class=sf-dump-ref>#1761</a><samp data-depth=3 class=sf-dump-compact>
      +\"<span class=sf-dump-public title=\"Runtime added dynamic property\">id</span>\": <span class=sf-dump-num>390</span>
      +\"<span class=sf-dump-public title=\"Runtime added dynamic property\">firstname</span>\": \"<span class=sf-dump-str title=\"12 characters\">MARYI LORENA</span>\"
      +\"<span class=sf-dump-public title=\"Runtime added dynamic property\">lastname</span>\": \"<span class=sf-dump-str title=\"16 characters\">CASTA&#195;&#145;O MARTINE</span>\"
      +\"<span class=sf-dump-public title=\"Runtime added dynamic property\">username</span>\": \"<span class=sf-dump-str title=\"23 characters\">mlcastano@bancow.com.co</span>\"
      +\"<span class=sf-dump-public title=\"Runtime added dynamic property\">email</span>\": \"<span class=sf-dump-str title=\"23 characters\">mlcastano@bancow.com.co</span>\"
      +\"<span class=sf-dump-public title=\"Runtime added dynamic property\">level</span>\": <span class=sf-dump-num>0</span>
      +\"<span class=sf-dump-public title=\"Runtime added dynamic property\">s_point</span>\": \"<span class=sf-dump-str title=\"18 characters\">298.00000000000000</span>\"
      +\"<span class=sf-dump-public title=\"Runtime added dynamic property\">i_point</span>\": <span class=sf-dump-num>240</span>
      +\"<span class=sf-dump-public title=\"Runtime added dynamic property\">g_point</span>\": <span class=sf-dump-num>45</span>
      +\"<span class=sf-dump-public title=\"Runtime added dynamic property\">created_at</span>\": \"<span class=sf-dump-str title=\"19 characters\">2023-07-14 22:12:24</span>\"
      +\"<span class=sf-dump-public title=\"Runtime added dynamic property\">estado</span>\": <span class=sf-dump-num>1</span>
      +\"<span class=sf-dump-public title=\"Runtime added dynamic property\">descrip</span>\": \"<span class=sf-dump-str title=\"3 characters\">OP1</span>\"
    </samp>}
    <span class=sf-dump-index>150</span> => {<a class=sf-dump-ref>#1762</a><samp data-depth=3 class=sf-dump-compact>
      +\"<span class=sf-dump-public title=\"Runtime added dynamic property\">id</span>\": <span class=sf-dump-num>391</span>
      +\"<span class=sf-dump-public title=\"Runtime added dynamic property\">firstname</span>\": \"<span class=sf-dump-str title=\"11 characters\">JUAN CARLOS</span>\"
      +\"<span class=sf-dump-public title=\"Runtime added dynamic property\">lastname</span>\": \"<span class=sf-dump-str title=\"17 characters\">SANCHEZ MARMOLEJO</span>\"
      +\"<span class=sf-dump-public title=\"Runtime added dynamic property\">username</span>\": \"<span class=sf-dump-str title=\"23 characters\">jcsanchez@bancow.com.co</span>\"
      +\"<span class=sf-dump-public title=\"Runtime added dynamic property\">email</span>\": \"<span class=sf-dump-str title=\"23 characters\">jcsanchez@bancow.com.co</span>\"
      +\"<span class=sf-dump-public title=\"Runtime added dynamic property\">level</span>\": <span class=sf-dump-num>0</span>
      +\"<span class=sf-dump-public title=\"Runtime added dynamic property\">s_point</span>\": \"<span class=sf-dump-str title=\"18 characters\">298.00000000000000</span>\"
      +\"<span class=sf-dump-public title=\"Runtime added dynamic property\">i_point</span>\": <span class=sf-dump-num>240</span>
      +\"<span class=sf-dump-public title=\"Runtime added dynamic property\">g_point</span>\": <span class=sf-dump-num>45</span>
      +\"<span class=sf-dump-public title=\"Runtime added dynamic property\">created_at</span>\": \"<span class=sf-dump-str title=\"19 characters\">2023-07-14 22:12:24</span>\"
      +\"<span class=sf-dump-public title=\"Runtime added dynamic property\">estado</span>\": <span class=sf-dump-num>1</span>
      +\"<span class=sf-dump-public title=\"Runtime added dynamic property\">descrip</span>\": \"<span class=sf-dump-str title=\"3 characters\">OP1</span>\"
    </samp>}
    <span class=sf-dump-index>151</span> => {<a class=sf-dump-ref>#1763</a><samp data-depth=3 class=sf-dump-compact>
      +\"<span class=sf-dump-public title=\"Runtime added dynamic property\">id</span>\": <span class=sf-dump-num>392</span>
      +\"<span class=sf-dump-public title=\"Runtime added dynamic property\">firstname</span>\": \"<span class=sf-dump-str title=\"13 characters\">KAROOL YISELA</span>\"
      +\"<span class=sf-dump-public title=\"Runtime added dynamic property\">lastname</span>\": \"<span class=sf-dump-str title=\"12 characters\">MARIN MOJICA</span>\"
      +\"<span class=sf-dump-public title=\"Runtime added dynamic property\">username</span>\": \"<span class=sf-dump-str title=\"20 characters\">kmarin@bancow.com.co</span>\"
      +\"<span class=sf-dump-public title=\"Runtime added dynamic property\">email</span>\": \"<span class=sf-dump-str title=\"20 characters\">kmarin@bancow.com.co</span>\"
      +\"<span class=sf-dump-public title=\"Runtime added dynamic property\">level</span>\": <span class=sf-dump-num>0</span>
      +\"<span class=sf-dump-public title=\"Runtime added dynamic property\">s_point</span>\": \"<span class=sf-dump-str title=\"18 characters\">298.00000000000000</span>\"
      +\"<span class=sf-dump-public title=\"Runtime added dynamic property\">i_point</span>\": <span class=sf-dump-num>240</span>
      +\"<span class=sf-dump-public title=\"Runtime added dynamic property\">g_point</span>\": <span class=sf-dump-num>45</span>
      +\"<span class=sf-dump-public title=\"Runtime added dynamic property\">created_at</span>\": \"<span class=sf-dump-str title=\"19 characters\">2023-07-14 22:12:25</span>\"
      +\"<span class=sf-dump-public title=\"Runtime added dynamic property\">estado</span>\": <span class=sf-dump-num>1</span>
      +\"<span class=sf-dump-public title=\"Runtime added dynamic property\">descrip</span>\": \"<span class=sf-dump-str title=\"3 characters\">OP1</span>\"
    </samp>}
    <span class=sf-dump-index>152</span> => {<a class=sf-dump-ref>#1764</a><samp data-depth=3 class=sf-dump-compact>
      +\"<span class=sf-dump-public title=\"Runtime added dynamic property\">id</span>\": <span class=sf-dump-num>393</span>
      +\"<span class=sf-dump-public title=\"Runtime added dynamic property\">firstname</span>\": \"<span class=sf-dump-str title=\"16 characters\">RONALD VELASQUEZ</span>\"
      +\"<span class=sf-dump-public title=\"Runtime added dynamic property\">lastname</span>\": \"<span class=sf-dump-str title=\"7 characters\">CHOACHI</span>\"
      +\"<span class=sf-dump-public title=\"Runtime added dynamic property\">username</span>\": \"<span class=sf-dump-str title=\"24 characters\">rvelasquez@bancow.com.co</span>\"
      +\"<span class=sf-dump-public title=\"Runtime added dynamic property\">email</span>\": \"<span class=sf-dump-str title=\"24 characters\">rvelasquez@bancow.com.co</span>\"
      +\"<span class=sf-dump-public title=\"Runtime added dynamic property\">level</span>\": <span class=sf-dump-num>0</span>
      +\"<span class=sf-dump-public title=\"Runtime added dynamic property\">s_point</span>\": \"<span class=sf-dump-str title=\"18 characters\">298.00000000000000</span>\"
      +\"<span class=sf-dump-public title=\"Runtime added dynamic property\">i_point</span>\": <span class=sf-dump-num>240</span>
      +\"<span class=sf-dump-public title=\"Runtime added dynamic property\">g_point</span>\": <span class=sf-dump-num>45</span>
      +\"<span class=sf-dump-public title=\"Runtime added dynamic property\">created_at</span>\": \"<span class=sf-dump-str title=\"19 characters\">2023-07-14 22:12:25</span>\"
      +\"<span class=sf-dump-public title=\"Runtime added dynamic property\">estado</span>\": <span class=sf-dump-num>1</span>
      +\"<span class=sf-dump-public title=\"Runtime added dynamic property\">descrip</span>\": \"<span class=sf-dump-str title=\"3 characters\">OP1</span>\"
    </samp>}
    <span class=sf-dump-index>153</span> => {<a class=sf-dump-ref>#1765</a><samp data-depth=3 class=sf-dump-compact>
      +\"<span class=sf-dump-public title=\"Runtime added dynamic property\">id</span>\": <span class=sf-dump-num>394</span>
      +\"<span class=sf-dump-public title=\"Runtime added dynamic property\">firstname</span>\": \"<span class=sf-dump-str title=\"11 characters\">BEISY ELENA</span>\"
      +\"<span class=sf-dump-public title=\"Runtime added dynamic property\">lastname</span>\": \"<span class=sf-dump-str title=\"12 characters\">ARAUJO BAGUI</span>\"
      +\"<span class=sf-dump-public title=\"Runtime added dynamic property\">username</span>\": \"<span class=sf-dump-str title=\"21 characters\">baraujo@bancow.com.co</span>\"
      +\"<span class=sf-dump-public title=\"Runtime added dynamic property\">email</span>\": \"<span class=sf-dump-str title=\"21 characters\">baraujo@bancow.com.co</span>\"
      +\"<span class=sf-dump-public title=\"Runtime added dynamic property\">level</span>\": <span class=sf-dump-num>0</span>
      +\"<span class=sf-dump-public title=\"Runtime added dynamic property\">s_point</span>\": \"<span class=sf-dump-str title=\"18 characters\">298.00000000000000</span>\"
      +\"<span class=sf-dump-public title=\"Runtime added dynamic property\">i_point</span>\": <span class=sf-dump-num>240</span>
      +\"<span class=sf-dump-public title=\"Runtime added dynamic property\">g_point</span>\": <span class=sf-dump-num>45</span>
      +\"<span class=sf-dump-public title=\"Runtime added dynamic property\">created_at</span>\": \"<span class=sf-dump-str title=\"19 characters\">2023-07-14 22:12:25</span>\"
      +\"<span class=sf-dump-public title=\"Runtime added dynamic property\">estado</span>\": <span class=sf-dump-num>1</span>
      +\"<span class=sf-dump-public title=\"Runtime added dynamic property\">descrip</span>\": \"<span class=sf-dump-str title=\"3 characters\">OP2</span>\"
    </samp>}
    <span class=sf-dump-index>154</span> => {<a class=sf-dump-ref>#1766</a><samp data-depth=3 class=sf-dump-compact>
      +\"<span class=sf-dump-public title=\"Runtime added dynamic property\">id</span>\": <span class=sf-dump-num>395</span>
      +\"<span class=sf-dump-public title=\"Runtime added dynamic property\">firstname</span>\": \"<span class=sf-dump-str title=\"13 characters\">LEIDY VIVIANA</span>\"
      +\"<span class=sf-dump-public title=\"Runtime added dynamic property\">lastname</span>\": \"<span class=sf-dump-str title=\"16 characters\">VALENCIA CAMACHO</span>\"
      +\"<span class=sf-dump-public title=\"Runtime added dynamic property\">username</span>\": \"<span class=sf-dump-str title=\"24 characters\">lvvalencia@bancow.com.co</span>\"
      +\"<span class=sf-dump-public title=\"Runtime added dynamic property\">email</span>\": \"<span class=sf-dump-str title=\"24 characters\">lvvalencia@bancow.com.co</span>\"
      +\"<span class=sf-dump-public title=\"Runtime added dynamic property\">level</span>\": <span class=sf-dump-num>0</span>
      +\"<span class=sf-dump-public title=\"Runtime added dynamic property\">s_point</span>\": \"<span class=sf-dump-str title=\"18 characters\">244.00000000000000</span>\"
      +\"<span class=sf-dump-public title=\"Runtime added dynamic property\">i_point</span>\": <span class=sf-dump-num>190</span>
      +\"<span class=sf-dump-public title=\"Runtime added dynamic property\">g_point</span>\": <span class=sf-dump-num>30</span>
      +\"<span class=sf-dump-public title=\"Runtime added dynamic property\">created_at</span>\": \"<span class=sf-dump-str title=\"19 characters\">2023-07-14 22:12:25</span>\"
      +\"<span class=sf-dump-public title=\"Runtime added dynamic property\">estado</span>\": <span class=sf-dump-num>1</span>
      +\"<span class=sf-dump-public title=\"Runtime added dynamic property\">descrip</span>\": \"<span class=sf-dump-str title=\"3 characters\">OP2</span>\"
    </samp>}
    <span class=sf-dump-index>155</span> => {<a class=sf-dump-ref>#1767</a><samp data-depth=3 class=sf-dump-compact>
      +\"<span class=sf-dump-public title=\"Runtime added dynamic property\">id</span>\": <span class=sf-dump-num>396</span>
      +\"<span class=sf-dump-public title=\"Runtime added dynamic property\">firstname</span>\": \"<span class=sf-dump-str title=\"13 characters\">MONICA YASMIN</span>\"
      +\"<span class=sf-dump-public title=\"Runtime added dynamic property\">lastname</span>\": \"<span class=sf-dump-str title=\"11 characters\">AGREDA YELA</span>\"
      +\"<span class=sf-dump-public title=\"Runtime added dynamic property\">username</span>\": \"<span class=sf-dump-str title=\"21 characters\">magreda@bancow.com.co</span>\"
      +\"<span class=sf-dump-public title=\"Runtime added dynamic property\">email</span>\": \"<span class=sf-dump-str title=\"21 characters\">magreda@bancow.com.co</span>\"
      +\"<span class=sf-dump-public title=\"Runtime added dynamic property\">level</span>\": <span class=sf-dump-num>0</span>
      +\"<span class=sf-dump-public title=\"Runtime added dynamic property\">s_point</span>\": \"<span class=sf-dump-str title=\"18 characters\">298.00000000000000</span>\"
      +\"<span class=sf-dump-public title=\"Runtime added dynamic property\">i_point</span>\": <span class=sf-dump-num>240</span>
      +\"<span class=sf-dump-public title=\"Runtime added dynamic property\">g_point</span>\": <span class=sf-dump-num>45</span>
      +\"<span class=sf-dump-public title=\"Runtime added dynamic property\">created_at</span>\": \"<span class=sf-dump-str title=\"19 characters\">2023-07-14 22:12:25</span>\"
      +\"<span class=sf-dump-public title=\"Runtime added dynamic property\">estado</span>\": <span class=sf-dump-num>1</span>
      +\"<span class=sf-dump-public title=\"Runtime added dynamic property\">descrip</span>\": \"<span class=sf-dump-str title=\"3 characters\">OP2</span>\"
    </samp>}
    <span class=sf-dump-index>156</span> => {<a class=sf-dump-ref>#1768</a><samp data-depth=3 class=sf-dump-compact>
      +\"<span class=sf-dump-public title=\"Runtime added dynamic property\">id</span>\": <span class=sf-dump-num>397</span>
      +\"<span class=sf-dump-public title=\"Runtime added dynamic property\">firstname</span>\": \"<span class=sf-dump-str title=\"13 characters\">SANDRA MILENA</span>\"
      +\"<span class=sf-dump-public title=\"Runtime added dynamic property\">lastname</span>\": \"<span class=sf-dump-str title=\"11 characters\">CUMBE CERON</span>\"
      +\"<span class=sf-dump-public title=\"Runtime added dynamic property\">username</span>\": \"<span class=sf-dump-str title=\"21 characters\">smcumbe@bancow.com.co</span>\"
      +\"<span class=sf-dump-public title=\"Runtime added dynamic property\">email</span>\": \"<span class=sf-dump-str title=\"21 characters\">smcumbe@bancow.com.co</span>\"
      +\"<span class=sf-dump-public title=\"Runtime added dynamic property\">level</span>\": <span class=sf-dump-num>0</span>
      +\"<span class=sf-dump-public title=\"Runtime added dynamic property\">s_point</span>\": \"<span class=sf-dump-str title=\"18 characters\">260.00000000000000</span>\"
      +\"<span class=sf-dump-public title=\"Runtime added dynamic property\">i_point</span>\": <span class=sf-dump-num>205</span>
      +\"<span class=sf-dump-public title=\"Runtime added dynamic property\">g_point</span>\": <span class=sf-dump-num>30</span>
      +\"<span class=sf-dump-public title=\"Runtime added dynamic property\">created_at</span>\": \"<span class=sf-dump-str title=\"19 characters\">2023-07-14 22:12:25</span>\"
      +\"<span class=sf-dump-public title=\"Runtime added dynamic property\">estado</span>\": <span class=sf-dump-num>1</span>
      +\"<span class=sf-dump-public title=\"Runtime added dynamic property\">descrip</span>\": \"<span class=sf-dump-str title=\"3 characters\">OP2</span>\"
    </samp>}
    <span class=sf-dump-index>157</span> => {<a class=sf-dump-ref>#1769</a><samp data-depth=3 class=sf-dump-compact>
      +\"<span class=sf-dump-public title=\"Runtime added dynamic property\">id</span>\": <span class=sf-dump-num>398</span>
      +\"<span class=sf-dump-public title=\"Runtime added dynamic property\">firstname</span>\": \"<span class=sf-dump-str title=\"14 characters\">ERIKA PATRICIA</span>\"
      +\"<span class=sf-dump-public title=\"Runtime added dynamic property\">lastname</span>\": \"<span class=sf-dump-str title=\"15 characters\">CHAUX RODRIGUEZ</span>\"
      +\"<span class=sf-dump-public title=\"Runtime added dynamic property\">username</span>\": \"<span class=sf-dump-str title=\"20 characters\">echaux@bancow.com.co</span>\"
      +\"<span class=sf-dump-public title=\"Runtime added dynamic property\">email</span>\": \"<span class=sf-dump-str title=\"20 characters\">echaux@bancow.com.co</span>\"
      +\"<span class=sf-dump-public title=\"Runtime added dynamic property\">level</span>\": <span class=sf-dump-num>0</span>
      +\"<span class=sf-dump-public title=\"Runtime added dynamic property\">s_point</span>\": \"<span class=sf-dump-str title=\"18 characters\">265.00000000000000</span>\"
      +\"<span class=sf-dump-public title=\"Runtime added dynamic property\">i_point</span>\": <span class=sf-dump-num>215</span>
      +\"<span class=sf-dump-public title=\"Runtime added dynamic property\">g_point</span>\": <span class=sf-dump-num>35</span>
      +\"<span class=sf-dump-public title=\"Runtime added dynamic property\">created_at</span>\": \"<span class=sf-dump-str title=\"19 characters\">2023-07-14 22:12:25</span>\"
      +\"<span class=sf-dump-public title=\"Runtime added dynamic property\">estado</span>\": <span class=sf-dump-num>1</span>
      +\"<span class=sf-dump-public title=\"Runtime added dynamic property\">descrip</span>\": \"<span class=sf-dump-str title=\"3 characters\">OP2</span>\"
    </samp>}
    <span class=sf-dump-index>158</span> => {<a class=sf-dump-ref>#1770</a><samp data-depth=3 class=sf-dump-compact>
      +\"<span class=sf-dump-public title=\"Runtime added dynamic property\">id</span>\": <span class=sf-dump-num>399</span>
      +\"<span class=sf-dump-public title=\"Runtime added dynamic property\">firstname</span>\": \"<span class=sf-dump-str title=\"14 characters\">RIGOBERTO POLO</span>\"
      +\"<span class=sf-dump-public title=\"Runtime added dynamic property\">lastname</span>\": \"<span class=sf-dump-str title=\"7 characters\">SALAZAR</span>\"
      +\"<span class=sf-dump-public title=\"Runtime added dynamic property\">username</span>\": \"<span class=sf-dump-str title=\"19 characters\">rpolo@bancow.com.co</span>\"
      +\"<span class=sf-dump-public title=\"Runtime added dynamic property\">email</span>\": \"<span class=sf-dump-str title=\"19 characters\">rpolo@bancow.com.co</span>\"
      +\"<span class=sf-dump-public title=\"Runtime added dynamic property\">level</span>\": <span class=sf-dump-num>0</span>
      +\"<span class=sf-dump-public title=\"Runtime added dynamic property\">s_point</span>\": \"<span class=sf-dump-str title=\"18 characters\">298.00000000000000</span>\"
      +\"<span class=sf-dump-public title=\"Runtime added dynamic property\">i_point</span>\": <span class=sf-dump-num>240</span>
      +\"<span class=sf-dump-public title=\"Runtime added dynamic property\">g_point</span>\": <span class=sf-dump-num>45</span>
      +\"<span class=sf-dump-public title=\"Runtime added dynamic property\">created_at</span>\": \"<span class=sf-dump-str title=\"19 characters\">2023-07-14 22:12:25</span>\"
      +\"<span class=sf-dump-public title=\"Runtime added dynamic property\">estado</span>\": <span class=sf-dump-num>1</span>
      +\"<span class=sf-dump-public title=\"Runtime added dynamic property\">descrip</span>\": \"<span class=sf-dump-str title=\"3 characters\">OP2</span>\"
    </samp>}
    <span class=sf-dump-index>159</span> => {<a class=sf-dump-ref>#1771</a><samp data-depth=3 class=sf-dump-compact>
      +\"<span class=sf-dump-public title=\"Runtime added dynamic property\">id</span>\": <span class=sf-dump-num>400</span>
      +\"<span class=sf-dump-public title=\"Runtime added dynamic property\">firstname</span>\": \"<span class=sf-dump-str title=\"13 characters\">GERMAN ADOLFO</span>\"
      +\"<span class=sf-dump-public title=\"Runtime added dynamic property\">lastname</span>\": \"<span class=sf-dump-str title=\"16 characters\">RODRIGUEZ ALBINO</span>\"
      +\"<span class=sf-dump-public title=\"Runtime added dynamic property\">username</span>\": \"<span class=sf-dump-str title=\"25 characters\">gerodriguez@bancow.com.co</span>\"
      +\"<span class=sf-dump-public title=\"Runtime added dynamic property\">email</span>\": \"<span class=sf-dump-str title=\"25 characters\">gerodriguez@bancow.com.co</span>\"
      +\"<span class=sf-dump-public title=\"Runtime added dynamic property\">level</span>\": <span class=sf-dump-num>0</span>
      +\"<span class=sf-dump-public title=\"Runtime added dynamic property\">s_point</span>\": \"<span class=sf-dump-str title=\"18 characters\">298.00000000000000</span>\"
      +\"<span class=sf-dump-public title=\"Runtime added dynamic property\">i_point</span>\": <span class=sf-dump-num>240</span>
      +\"<span class=sf-dump-public title=\"Runtime added dynamic property\">g_point</span>\": <span class=sf-dump-num>45</span>
      +\"<span class=sf-dump-public title=\"Runtime added dynamic property\">created_at</span>\": \"<span class=sf-dump-str title=\"19 characters\">2023-07-14 22:12:25</span>\"
      +\"<span class=sf-dump-public title=\"Runtime added dynamic property\">estado</span>\": <span class=sf-dump-num>1</span>
      +\"<span class=sf-dump-public title=\"Runtime added dynamic property\">descrip</span>\": \"<span class=sf-dump-str title=\"3 characters\">OP2</span>\"
    </samp>}
    <span class=sf-dump-index>160</span> => {<a class=sf-dump-ref>#1772</a><samp data-depth=3 class=sf-dump-compact>
      +\"<span class=sf-dump-public title=\"Runtime added dynamic property\">id</span>\": <span class=sf-dump-num>401</span>
      +\"<span class=sf-dump-public title=\"Runtime added dynamic property\">firstname</span>\": \"<span class=sf-dump-str title=\"9 characters\">LUZ ELENA</span>\"
      +\"<span class=sf-dump-public title=\"Runtime added dynamic property\">lastname</span>\": \"<span class=sf-dump-str title=\"14 characters\">PAYARES ZU&#209;IGA</span>\"
      +\"<span class=sf-dump-public title=\"Runtime added dynamic property\">username</span>\": \"<span class=sf-dump-str title=\"22 characters\">lpayares@bancow.com.co</span>\"
      +\"<span class=sf-dump-public title=\"Runtime added dynamic property\">email</span>\": \"<span class=sf-dump-str title=\"22 characters\">lpayares@bancow.com.co</span>\"
      +\"<span class=sf-dump-public title=\"Runtime added dynamic property\">level</span>\": <span class=sf-dump-num>0</span>
      +\"<span class=sf-dump-public title=\"Runtime added dynamic property\">s_point</span>\": \"<span class=sf-dump-str title=\"18 characters\">232.00000000000000</span>\"
      +\"<span class=sf-dump-public title=\"Runtime added dynamic property\">i_point</span>\": <span class=sf-dump-num>175</span>
      +\"<span class=sf-dump-public title=\"Runtime added dynamic property\">g_point</span>\": <span class=sf-dump-num>30</span>
      +\"<span class=sf-dump-public title=\"Runtime added dynamic property\">created_at</span>\": \"<span class=sf-dump-str title=\"19 characters\">2023-07-14 22:12:25</span>\"
      +\"<span class=sf-dump-public title=\"Runtime added dynamic property\">estado</span>\": <span class=sf-dump-num>1</span>
      +\"<span class=sf-dump-public title=\"Runtime added dynamic property\">descrip</span>\": \"<span class=sf-dump-str title=\"3 characters\">OP2</span>\"
    </samp>}
    <span class=sf-dump-index>161</span> => {<a class=sf-dump-ref>#1773</a><samp data-depth=3 class=sf-dump-compact>
      +\"<span class=sf-dump-public title=\"Runtime added dynamic property\">id</span>\": <span class=sf-dump-num>402</span>
      +\"<span class=sf-dump-public title=\"Runtime added dynamic property\">firstname</span>\": \"<span class=sf-dump-str title=\"14 characters\">MABEL CONSUELO</span>\"
      +\"<span class=sf-dump-public title=\"Runtime added dynamic property\">lastname</span>\": \"<span class=sf-dump-str title=\"11 characters\">GOMEZ GOMEZ</span>\"
      +\"<span class=sf-dump-public title=\"Runtime added dynamic property\">username</span>\": \"<span class=sf-dump-str title=\"21 characters\">mggomez@bancow.com.co</span>\"
      +\"<span class=sf-dump-public title=\"Runtime added dynamic property\">email</span>\": \"<span class=sf-dump-str title=\"21 characters\">mggomez@bancow.com.co</span>\"
      +\"<span class=sf-dump-public title=\"Runtime added dynamic property\">level</span>\": <span class=sf-dump-num>0</span>
      +\"<span class=sf-dump-public title=\"Runtime added dynamic property\">s_point</span>\": \"<span class=sf-dump-str title=\"18 characters\">265.00000000000000</span>\"
      +\"<span class=sf-dump-public title=\"Runtime added dynamic property\">i_point</span>\": <span class=sf-dump-num>215</span>
      +\"<span class=sf-dump-public title=\"Runtime added dynamic property\">g_point</span>\": <span class=sf-dump-num>35</span>
      +\"<span class=sf-dump-public title=\"Runtime added dynamic property\">created_at</span>\": \"<span class=sf-dump-str title=\"19 characters\">2023-07-14 22:12:26</span>\"
      +\"<span class=sf-dump-public title=\"Runtime added dynamic property\">estado</span>\": <span class=sf-dump-num>1</span>
      +\"<span class=sf-dump-public title=\"Runtime added dynamic property\">descrip</span>\": \"<span class=sf-dump-str title=\"3 characters\">OP2</span>\"
    </samp>}
    <span class=sf-dump-index>162</span> => {<a class=sf-dump-ref>#1774</a><samp data-depth=3 class=sf-dump-compact>
      +\"<span class=sf-dump-public title=\"Runtime added dynamic property\">id</span>\": <span class=sf-dump-num>403</span>
      +\"<span class=sf-dump-public title=\"Runtime added dynamic property\">firstname</span>\": \"<span class=sf-dump-str title=\"16 characters\">MAICOL ALEXANDER</span>\"
      +\"<span class=sf-dump-public title=\"Runtime added dynamic property\">lastname</span>\": \"<span class=sf-dump-str title=\"13 characters\">MU&#209;OZ PERDOMO</span>\"
      +\"<span class=sf-dump-public title=\"Runtime added dynamic property\">username</span>\": \"<span class=sf-dump-str title=\"21 characters\">mamunoz@bancow.com.co</span>\"
      +\"<span class=sf-dump-public title=\"Runtime added dynamic property\">email</span>\": \"<span class=sf-dump-str title=\"21 characters\">mamunoz@bancow.com.co</span>\"
      +\"<span class=sf-dump-public title=\"Runtime added dynamic property\">level</span>\": <span class=sf-dump-num>0</span>
      +\"<span class=sf-dump-public title=\"Runtime added dynamic property\">s_point</span>\": \"<span class=sf-dump-str title=\"18 characters\">298.00000000000000</span>\"
      +\"<span class=sf-dump-public title=\"Runtime added dynamic property\">i_point</span>\": <span class=sf-dump-num>240</span>
      +\"<span class=sf-dump-public title=\"Runtime added dynamic property\">g_point</span>\": <span class=sf-dump-num>45</span>
      +\"<span class=sf-dump-public title=\"Runtime added dynamic property\">created_at</span>\": \"<span class=sf-dump-str title=\"19 characters\">2023-07-14 22:12:26</span>\"
      +\"<span class=sf-dump-public title=\"Runtime added dynamic property\">estado</span>\": <span class=sf-dump-num>1</span>
      +\"<span class=sf-dump-public title=\"Runtime added dynamic property\">descrip</span>\": \"<span class=sf-dump-str title=\"3 characters\">OP2</span>\"
    </samp>}
    <span class=sf-dump-index>163</span> => {<a class=sf-dump-ref>#1775</a><samp data-depth=3 class=sf-dump-compact>
      +\"<span class=sf-dump-public title=\"Runtime added dynamic property\">id</span>\": <span class=sf-dump-num>404</span>
      +\"<span class=sf-dump-public title=\"Runtime added dynamic property\">firstname</span>\": \"<span class=sf-dump-str title=\"14 characters\">LUISA FERNANDA</span>\"
      +\"<span class=sf-dump-public title=\"Runtime added dynamic property\">lastname</span>\": \"<span class=sf-dump-str title=\"13 characters\">ORTEGON PEREZ</span>\"
      +\"<span class=sf-dump-public title=\"Runtime added dynamic property\">username</span>\": \"<span class=sf-dump-str title=\"22 characters\">lortegon@bancow.com.co</span>\"
      +\"<span class=sf-dump-public title=\"Runtime added dynamic property\">email</span>\": \"<span class=sf-dump-str title=\"22 characters\">lortegon@bancow.com.co</span>\"
      +\"<span class=sf-dump-public title=\"Runtime added dynamic property\">level</span>\": <span class=sf-dump-num>0</span>
      +\"<span class=sf-dump-public title=\"Runtime added dynamic property\">s_point</span>\": \"<span class=sf-dump-str title=\"16 characters\">0.00000000000000</span>\"
      +\"<span class=sf-dump-public title=\"Runtime added dynamic property\">i_point</span>\": <span class=sf-dump-num>0</span>
      +\"<span class=sf-dump-public title=\"Runtime added dynamic property\">g_point</span>\": <span class=sf-dump-num>0</span>
      +\"<span class=sf-dump-public title=\"Runtime added dynamic property\">created_at</span>\": \"<span class=sf-dump-str title=\"19 characters\">2023-07-14 22:12:26</span>\"
      +\"<span class=sf-dump-public title=\"Runtime added dynamic property\">estado</span>\": <span class=sf-dump-num>0</span>
      +\"<span class=sf-dump-public title=\"Runtime added dynamic property\">descrip</span>\": \"<span class=sf-dump-str title=\"3 characters\">OP2</span>\"
    </samp>}
    <span class=sf-dump-index>164</span> => {<a class=sf-dump-ref>#1776</a><samp data-depth=3 class=sf-dump-compact>
      +\"<span class=sf-dump-public title=\"Runtime added dynamic property\">id</span>\": <span class=sf-dump-num>405</span>
      +\"<span class=sf-dump-public title=\"Runtime added dynamic property\">firstname</span>\": \"<span class=sf-dump-str title=\"13 characters\">WILMER OLIVAR</span>\"
      +\"<span class=sf-dump-public title=\"Runtime added dynamic property\">lastname</span>\": \"<span class=sf-dump-str title=\"8 characters\">MURILLO </span>\"
      +\"<span class=sf-dump-public title=\"Runtime added dynamic property\">username</span>\": \"<span class=sf-dump-str title=\"37 characters\">sneiderw091@gmail.com                </span>\"
      +\"<span class=sf-dump-public title=\"Runtime added dynamic property\">email</span>\": \"<span class=sf-dump-str title=\"37 characters\">sneiderw091@gmail.com                </span>\"
      +\"<span class=sf-dump-public title=\"Runtime added dynamic property\">level</span>\": <span class=sf-dump-num>0</span>
      +\"<span class=sf-dump-public title=\"Runtime added dynamic property\">s_point</span>\": \"<span class=sf-dump-str title=\"16 characters\">0.00000000000000</span>\"
      +\"<span class=sf-dump-public title=\"Runtime added dynamic property\">i_point</span>\": <span class=sf-dump-num>0</span>
      +\"<span class=sf-dump-public title=\"Runtime added dynamic property\">g_point</span>\": <span class=sf-dump-num>0</span>
      +\"<span class=sf-dump-public title=\"Runtime added dynamic property\">created_at</span>\": \"<span class=sf-dump-str title=\"19 characters\">2023-07-14 22:12:26</span>\"
      +\"<span class=sf-dump-public title=\"Runtime added dynamic property\">estado</span>\": <span class=sf-dump-num>1</span>
      +\"<span class=sf-dump-public title=\"Runtime added dynamic property\">descrip</span>\": \"<span class=sf-dump-str title=\"3 characters\">OP2</span>\"
    </samp>}
    <span class=sf-dump-index>165</span> => {<a class=sf-dump-ref>#1777</a><samp data-depth=3 class=sf-dump-compact>
      +\"<span class=sf-dump-public title=\"Runtime added dynamic property\">id</span>\": <span class=sf-dump-num>406</span>
      +\"<span class=sf-dump-public title=\"Runtime added dynamic property\">firstname</span>\": \"<span class=sf-dump-str title=\"8 characters\">NATHALIA</span>\"
      +\"<span class=sf-dump-public title=\"Runtime added dynamic property\">lastname</span>\": \"<span class=sf-dump-str title=\"13 characters\">Mu&#241;oz WILCHES</span>\"
      +\"<span class=sf-dump-public title=\"Runtime added dynamic property\">username</span>\": \"<span class=sf-dump-str title=\"18 characters\">w.nati@hotmail.com</span>\"
      +\"<span class=sf-dump-public title=\"Runtime added dynamic property\">email</span>\": \"<span class=sf-dump-str title=\"18 characters\">w.nati@hotmail.com</span>\"
      +\"<span class=sf-dump-public title=\"Runtime added dynamic property\">level</span>\": <span class=sf-dump-num>0</span>
      +\"<span class=sf-dump-public title=\"Runtime added dynamic property\">s_point</span>\": \"<span class=sf-dump-str title=\"18 characters\">238.00000000000000</span>\"
      +\"<span class=sf-dump-public title=\"Runtime added dynamic property\">i_point</span>\": <span class=sf-dump-num>180</span>
      +\"<span class=sf-dump-public title=\"Runtime added dynamic property\">g_point</span>\": <span class=sf-dump-num>30</span>
      +\"<span class=sf-dump-public title=\"Runtime added dynamic property\">created_at</span>\": \"<span class=sf-dump-str title=\"19 characters\">2023-07-14 22:12:26</span>\"
      +\"<span class=sf-dump-public title=\"Runtime added dynamic property\">estado</span>\": <span class=sf-dump-num>1</span>
      +\"<span class=sf-dump-public title=\"Runtime added dynamic property\">descrip</span>\": \"<span class=sf-dump-str title=\"3 characters\">OP2</span>\"
    </samp>}
    <span class=sf-dump-index>166</span> => {<a class=sf-dump-ref>#1778</a><samp data-depth=3 class=sf-dump-compact>
      +\"<span class=sf-dump-public title=\"Runtime added dynamic property\">id</span>\": <span class=sf-dump-num>407</span>
      +\"<span class=sf-dump-public title=\"Runtime added dynamic property\">firstname</span>\": \"<span class=sf-dump-str title=\"13 characters\">CAMILO ANDRES</span>\"
      +\"<span class=sf-dump-public title=\"Runtime added dynamic property\">lastname</span>\": \"<span class=sf-dump-str title=\"13 characters\">PRIETO BOTERO</span>\"
      +\"<span class=sf-dump-public title=\"Runtime added dynamic property\">username</span>\": \"<span class=sf-dump-str title=\"18 characters\">tolimi92@gmail.com</span>\"
      +\"<span class=sf-dump-public title=\"Runtime added dynamic property\">email</span>\": \"<span class=sf-dump-str title=\"18 characters\">tolimi92@gmail.com</span>\"
      +\"<span class=sf-dump-public title=\"Runtime added dynamic property\">level</span>\": <span class=sf-dump-num>0</span>
      +\"<span class=sf-dump-public title=\"Runtime added dynamic property\">s_point</span>\": \"<span class=sf-dump-str title=\"18 characters\">298.00000000000000</span>\"
      +\"<span class=sf-dump-public title=\"Runtime added dynamic property\">i_point</span>\": <span class=sf-dump-num>240</span>
      +\"<span class=sf-dump-public title=\"Runtime added dynamic property\">g_point</span>\": <span class=sf-dump-num>45</span>
      +\"<span class=sf-dump-public title=\"Runtime added dynamic property\">created_at</span>\": \"<span class=sf-dump-str title=\"19 characters\">2023-07-14 22:12:26</span>\"
      +\"<span class=sf-dump-public title=\"Runtime added dynamic property\">estado</span>\": <span class=sf-dump-num>1</span>
      +\"<span class=sf-dump-public title=\"Runtime added dynamic property\">descrip</span>\": \"<span class=sf-dump-str title=\"3 characters\">OP2</span>\"
    </samp>}
    <span class=sf-dump-index>167</span> => {<a class=sf-dump-ref>#1779</a><samp data-depth=3 class=sf-dump-compact>
      +\"<span class=sf-dump-public title=\"Runtime added dynamic property\">id</span>\": <span class=sf-dump-num>408</span>
      +\"<span class=sf-dump-public title=\"Runtime added dynamic property\">firstname</span>\": \"<span class=sf-dump-str title=\"13 characters\">HAROLD DURLEY</span>\"
      +\"<span class=sf-dump-public title=\"Runtime added dynamic property\">lastname</span>\": \"<span class=sf-dump-str title=\"16 characters\">HURTADO RESTREPO</span>\"
      +\"<span class=sf-dump-public title=\"Runtime added dynamic property\">username</span>\": \"<span class=sf-dump-str title=\"22 characters\">hhurtado@bancow.com.co</span>\"
      +\"<span class=sf-dump-public title=\"Runtime added dynamic property\">email</span>\": \"<span class=sf-dump-str title=\"22 characters\">hhurtado@bancow.com.co</span>\"
      +\"<span class=sf-dump-public title=\"Runtime added dynamic property\">level</span>\": <span class=sf-dump-num>0</span>
      +\"<span class=sf-dump-public title=\"Runtime added dynamic property\">s_point</span>\": \"<span class=sf-dump-str title=\"18 characters\">298.00000000000000</span>\"
      +\"<span class=sf-dump-public title=\"Runtime added dynamic property\">i_point</span>\": <span class=sf-dump-num>240</span>
      +\"<span class=sf-dump-public title=\"Runtime added dynamic property\">g_point</span>\": <span class=sf-dump-num>45</span>
      +\"<span class=sf-dump-public title=\"Runtime added dynamic property\">created_at</span>\": \"<span class=sf-dump-str title=\"19 characters\">2023-07-14 22:12:26</span>\"
      +\"<span class=sf-dump-public title=\"Runtime added dynamic property\">estado</span>\": <span class=sf-dump-num>1</span>
      +\"<span class=sf-dump-public title=\"Runtime added dynamic property\">descrip</span>\": \"<span class=sf-dump-str title=\"3 characters\">OP2</span>\"
    </samp>}
    <span class=sf-dump-index>168</span> => {<a class=sf-dump-ref>#1780</a><samp data-depth=3 class=sf-dump-compact>
      +\"<span class=sf-dump-public title=\"Runtime added dynamic property\">id</span>\": <span class=sf-dump-num>409</span>
      +\"<span class=sf-dump-public title=\"Runtime added dynamic property\">firstname</span>\": \"<span class=sf-dump-str title=\"8 characters\"> CLAUDIA</span>\"
      +\"<span class=sf-dump-public title=\"Runtime added dynamic property\">lastname</span>\": \"<span class=sf-dump-str title=\"13 characters\">MILENA SUAREZ</span>\"
      +\"<span class=sf-dump-public title=\"Runtime added dynamic property\">username</span>\": \"<span class=sf-dump-str title=\"32 characters\">claudiaxiomarasuarez@hotmail.com</span>\"
      +\"<span class=sf-dump-public title=\"Runtime added dynamic property\">email</span>\": \"<span class=sf-dump-str title=\"32 characters\">claudiaxiomarasuarez@hotmail.com</span>\"
      +\"<span class=sf-dump-public title=\"Runtime added dynamic property\">level</span>\": <span class=sf-dump-num>0</span>
      +\"<span class=sf-dump-public title=\"Runtime added dynamic property\">s_point</span>\": \"<span class=sf-dump-str title=\"16 characters\">0.00000000000000</span>\"
      +\"<span class=sf-dump-public title=\"Runtime added dynamic property\">i_point</span>\": <span class=sf-dump-num>0</span>
      +\"<span class=sf-dump-public title=\"Runtime added dynamic property\">g_point</span>\": <span class=sf-dump-num>0</span>
      +\"<span class=sf-dump-public title=\"Runtime added dynamic property\">created_at</span>\": \"<span class=sf-dump-str title=\"19 characters\">2023-07-14 22:12:26</span>\"
      +\"<span class=sf-dump-public title=\"Runtime added dynamic property\">estado</span>\": <span class=sf-dump-num>0</span>
      +\"<span class=sf-dump-public title=\"Runtime added dynamic property\">descrip</span>\": \"<span class=sf-dump-str title=\"3 characters\">OP2</span>\"
    </samp>}
    <span class=sf-dump-index>169</span> => {<a class=sf-dump-ref>#1781</a><samp data-depth=3 class=sf-dump-compact>
      +\"<span class=sf-dump-public title=\"Runtime added dynamic property\">id</span>\": <span class=sf-dump-num>410</span>
      +\"<span class=sf-dump-public title=\"Runtime added dynamic property\">firstname</span>\": \"<span class=sf-dump-str title=\"13 characters\">JAIME ALBERTO</span>\"
      +\"<span class=sf-dump-public title=\"Runtime added dynamic property\">lastname</span>\": \"<span class=sf-dump-str title=\"17 characters\">LONDO&#209;O JARAMILLO</span>\"
      +\"<span class=sf-dump-public title=\"Runtime added dynamic property\">username</span>\": \"<span class=sf-dump-str title=\"23 characters\">jalondono@bancow.com.co</span>\"
      +\"<span class=sf-dump-public title=\"Runtime added dynamic property\">email</span>\": \"<span class=sf-dump-str title=\"23 characters\">jalondono@bancow.com.co</span>\"
      +\"<span class=sf-dump-public title=\"Runtime added dynamic property\">level</span>\": <span class=sf-dump-num>0</span>
      +\"<span class=sf-dump-public title=\"Runtime added dynamic property\">s_point</span>\": \"<span class=sf-dump-str title=\"18 characters\">265.00000000000000</span>\"
      +\"<span class=sf-dump-public title=\"Runtime added dynamic property\">i_point</span>\": <span class=sf-dump-num>215</span>
      +\"<span class=sf-dump-public title=\"Runtime added dynamic property\">g_point</span>\": <span class=sf-dump-num>35</span>
      +\"<span class=sf-dump-public title=\"Runtime added dynamic property\">created_at</span>\": \"<span class=sf-dump-str title=\"19 characters\">2023-07-14 22:12:26</span>\"
      +\"<span class=sf-dump-public title=\"Runtime added dynamic property\">estado</span>\": <span class=sf-dump-num>1</span>
      +\"<span class=sf-dump-public title=\"Runtime added dynamic property\">descrip</span>\": \"<span class=sf-dump-str title=\"3 characters\">OP2</span>\"
    </samp>}
    <span class=sf-dump-index>170</span> => {<a class=sf-dump-ref>#1782</a><samp data-depth=3 class=sf-dump-compact>
      +\"<span class=sf-dump-public title=\"Runtime added dynamic property\">id</span>\": <span class=sf-dump-num>411</span>
      +\"<span class=sf-dump-public title=\"Runtime added dynamic property\">firstname</span>\": \"<span class=sf-dump-str title=\"9 characters\">Katherine</span>\"
      +\"<span class=sf-dump-public title=\"Runtime added dynamic property\">lastname</span>\": \"<span class=sf-dump-str title=\"7 characters\">Tabares</span>\"
      +\"<span class=sf-dump-public title=\"Runtime added dynamic property\">username</span>\": \"<span class=sf-dump-str title=\"20 characters\">yekatago@hotmail.com</span>\"
      +\"<span class=sf-dump-public title=\"Runtime added dynamic property\">email</span>\": \"<span class=sf-dump-str title=\"20 characters\">yekatago@hotmail.com</span>\"
      +\"<span class=sf-dump-public title=\"Runtime added dynamic property\">level</span>\": <span class=sf-dump-num>0</span>
      +\"<span class=sf-dump-public title=\"Runtime added dynamic property\">s_point</span>\": \"<span class=sf-dump-str title=\"18 characters\">315.00000000000000</span>\"
      +\"<span class=sf-dump-public title=\"Runtime added dynamic property\">i_point</span>\": <span class=sf-dump-num>240</span>
      +\"<span class=sf-dump-public title=\"Runtime added dynamic property\">g_point</span>\": <span class=sf-dump-num>45</span>
      +\"<span class=sf-dump-public title=\"Runtime added dynamic property\">created_at</span>\": \"<span class=sf-dump-str title=\"19 characters\">2023-07-14 22:12:26</span>\"
      +\"<span class=sf-dump-public title=\"Runtime added dynamic property\">estado</span>\": <span class=sf-dump-num>1</span>
      +\"<span class=sf-dump-public title=\"Runtime added dynamic property\">descrip</span>\": \"<span class=sf-dump-str title=\"3 characters\">OP2</span>\"
    </samp>}
    <span class=sf-dump-index>171</span> => {<a class=sf-dump-ref>#1783</a><samp data-depth=3 class=sf-dump-compact>
      +\"<span class=sf-dump-public title=\"Runtime added dynamic property\">id</span>\": <span class=sf-dump-num>412</span>
      +\"<span class=sf-dump-public title=\"Runtime added dynamic property\">firstname</span>\": \"<span class=sf-dump-str title=\"12 characters\">YINA SILVANA</span>\"
      +\"<span class=sf-dump-public title=\"Runtime added dynamic property\">lastname</span>\": \"<span class=sf-dump-str title=\"8 characters\">BUITRAGO</span>\"
      +\"<span class=sf-dump-public title=\"Runtime added dynamic property\">username</span>\": \"<span class=sf-dump-str title=\"22 characters\">ysilvana.lpb@gmail.com</span>\"
      +\"<span class=sf-dump-public title=\"Runtime added dynamic property\">email</span>\": \"<span class=sf-dump-str title=\"22 characters\">ysilvana.lpb@gmail.com</span>\"
      +\"<span class=sf-dump-public title=\"Runtime added dynamic property\">level</span>\": <span class=sf-dump-num>0</span>
      +\"<span class=sf-dump-public title=\"Runtime added dynamic property\">s_point</span>\": \"<span class=sf-dump-str title=\"18 characters\">298.00000000000000</span>\"
      +\"<span class=sf-dump-public title=\"Runtime added dynamic property\">i_point</span>\": <span class=sf-dump-num>240</span>
      +\"<span class=sf-dump-public title=\"Runtime added dynamic property\">g_point</span>\": <span class=sf-dump-num>45</span>
      +\"<span class=sf-dump-public title=\"Runtime added dynamic property\">created_at</span>\": \"<span class=sf-dump-str title=\"19 characters\">2023-07-14 22:12:26</span>\"
      +\"<span class=sf-dump-public title=\"Runtime added dynamic property\">estado</span>\": <span class=sf-dump-num>1</span>
      +\"<span class=sf-dump-public title=\"Runtime added dynamic property\">descrip</span>\": \"<span class=sf-dump-str title=\"3 characters\">OP2</span>\"
    </samp>}
    <span class=sf-dump-index>172</span> => {<a class=sf-dump-ref>#1784</a><samp data-depth=3 class=sf-dump-compact>
      +\"<span class=sf-dump-public title=\"Runtime added dynamic property\">id</span>\": <span class=sf-dump-num>413</span>
      +\"<span class=sf-dump-public title=\"Runtime added dynamic property\">firstname</span>\": \"<span class=sf-dump-str title=\"12 characters\">GLENIS MARIA</span>\"
      +\"<span class=sf-dump-public title=\"Runtime added dynamic property\">lastname</span>\": \"<span class=sf-dump-str title=\"14 characters\">COGOLLO AGAMEZ</span>\"
      +\"<span class=sf-dump-public title=\"Runtime added dynamic property\">username</span>\": \"<span class=sf-dump-str title=\"19 characters\">glenmar@hotmail.com</span>\"
      +\"<span class=sf-dump-public title=\"Runtime added dynamic property\">email</span>\": \"<span class=sf-dump-str title=\"19 characters\">glenmar@hotmail.com</span>\"
      +\"<span class=sf-dump-public title=\"Runtime added dynamic property\">level</span>\": <span class=sf-dump-num>0</span>
      +\"<span class=sf-dump-public title=\"Runtime added dynamic property\">s_point</span>\": \"<span class=sf-dump-str title=\"18 characters\">298.00000000000000</span>\"
      +\"<span class=sf-dump-public title=\"Runtime added dynamic property\">i_point</span>\": <span class=sf-dump-num>240</span>
      +\"<span class=sf-dump-public title=\"Runtime added dynamic property\">g_point</span>\": <span class=sf-dump-num>45</span>
      +\"<span class=sf-dump-public title=\"Runtime added dynamic property\">created_at</span>\": \"<span class=sf-dump-str title=\"19 characters\">2023-07-14 22:12:27</span>\"
      +\"<span class=sf-dump-public title=\"Runtime added dynamic property\">estado</span>\": <span class=sf-dump-num>1</span>
      +\"<span class=sf-dump-public title=\"Runtime added dynamic property\">descrip</span>\": \"<span class=sf-dump-str title=\"3 characters\">OP2</span>\"
    </samp>}
    <span class=sf-dump-index>173</span> => {<a class=sf-dump-ref>#1785</a><samp data-depth=3 class=sf-dump-compact>
      +\"<span class=sf-dump-public title=\"Runtime added dynamic property\">id</span>\": <span class=sf-dump-num>414</span>
      +\"<span class=sf-dump-public title=\"Runtime added dynamic property\">firstname</span>\": \"<span class=sf-dump-str title=\"16 characters\">MICHELLE STEFANY</span>\"
      +\"<span class=sf-dump-public title=\"Runtime added dynamic property\">lastname</span>\": \"<span class=sf-dump-str title=\"7 characters\">PACHECO</span>\"
      +\"<span class=sf-dump-public title=\"Runtime added dynamic property\">username</span>\": \"<span class=sf-dump-str title=\"25 characters\">miche-stefany@hotmail.com</span>\"
      +\"<span class=sf-dump-public title=\"Runtime added dynamic property\">email</span>\": \"<span class=sf-dump-str title=\"25 characters\">miche-stefany@hotmail.com</span>\"
      +\"<span class=sf-dump-public title=\"Runtime added dynamic property\">level</span>\": <span class=sf-dump-num>0</span>
      +\"<span class=sf-dump-public title=\"Runtime added dynamic property\">s_point</span>\": \"<span class=sf-dump-str title=\"18 characters\">199.00000000000000</span>\"
      +\"<span class=sf-dump-public title=\"Runtime added dynamic property\">i_point</span>\": <span class=sf-dump-num>160</span>
      +\"<span class=sf-dump-public title=\"Runtime added dynamic property\">g_point</span>\": <span class=sf-dump-num>30</span>
      +\"<span class=sf-dump-public title=\"Runtime added dynamic property\">created_at</span>\": \"<span class=sf-dump-str title=\"19 characters\">2023-07-14 22:12:27</span>\"
      +\"<span class=sf-dump-public title=\"Runtime added dynamic property\">estado</span>\": <span class=sf-dump-num>1</span>
      +\"<span class=sf-dump-public title=\"Runtime added dynamic property\">descrip</span>\": \"<span class=sf-dump-str title=\"3 characters\">OP2</span>\"
    </samp>}
    <span class=sf-dump-index>174</span> => {<a class=sf-dump-ref>#1786</a><samp data-depth=3 class=sf-dump-compact>
      +\"<span class=sf-dump-public title=\"Runtime added dynamic property\">id</span>\": <span class=sf-dump-num>416</span>
      +\"<span class=sf-dump-public title=\"Runtime added dynamic property\">firstname</span>\": \"<span class=sf-dump-str title=\"14 characters\">OSCAR MAURICIO</span>\"
      +\"<span class=sf-dump-public title=\"Runtime added dynamic property\">lastname</span>\": \"<span class=sf-dump-str title=\"9 characters\">VELASQUEZ</span>\"
      +\"<span class=sf-dump-public title=\"Runtime added dynamic property\">username</span>\": \"<span class=sf-dump-str title=\"25 characters\">osvelasquez@bancow.com.co</span>\"
      +\"<span class=sf-dump-public title=\"Runtime added dynamic property\">email</span>\": \"<span class=sf-dump-str title=\"25 characters\">osvelasquez@bancow.com.co</span>\"
      +\"<span class=sf-dump-public title=\"Runtime added dynamic property\">level</span>\": <span class=sf-dump-num>0</span>
      +\"<span class=sf-dump-public title=\"Runtime added dynamic property\">s_point</span>\": \"<span class=sf-dump-str title=\"18 characters\">298.00000000000000</span>\"
      +\"<span class=sf-dump-public title=\"Runtime added dynamic property\">i_point</span>\": <span class=sf-dump-num>240</span>
      +\"<span class=sf-dump-public title=\"Runtime added dynamic property\">g_point</span>\": <span class=sf-dump-num>45</span>
      +\"<span class=sf-dump-public title=\"Runtime added dynamic property\">created_at</span>\": \"<span class=sf-dump-str title=\"19 characters\">2023-07-14 23:22:12</span>\"
      +\"<span class=sf-dump-public title=\"Runtime added dynamic property\">estado</span>\": <span class=sf-dump-num>1</span>
      +\"<span class=sf-dump-public title=\"Runtime added dynamic property\">descrip</span>\": \"<span class=sf-dump-str title=\"11 characters\">ANALISTAS_1</span>\"
    </samp>}
    <span class=sf-dump-index>175</span> => {<a class=sf-dump-ref>#1787</a><samp data-depth=3 class=sf-dump-compact>
      +\"<span class=sf-dump-public title=\"Runtime added dynamic property\">id</span>\": <span class=sf-dump-num>417</span>
      +\"<span class=sf-dump-public title=\"Runtime added dynamic property\">firstname</span>\": \"<span class=sf-dump-str title=\"11 characters\">NICOLE POLO</span>\"
      +\"<span class=sf-dump-public title=\"Runtime added dynamic property\">lastname</span>\": \"<span class=sf-dump-str title=\"5 characters\">LOPEZ</span>\"
      +\"<span class=sf-dump-public title=\"Runtime added dynamic property\">username</span>\": \"<span class=sf-dump-str title=\"26 characters\">nicolevaleria2@hotmail.com</span>\"
      +\"<span class=sf-dump-public title=\"Runtime added dynamic property\">email</span>\": \"<span class=sf-dump-str title=\"26 characters\">nicolevaleria2@hotmail.com</span>\"
      +\"<span class=sf-dump-public title=\"Runtime added dynamic property\">level</span>\": <span class=sf-dump-num>0</span>
      +\"<span class=sf-dump-public title=\"Runtime added dynamic property\">s_point</span>\": \"<span class=sf-dump-str title=\"16 characters\">0.00000000000000</span>\"
      +\"<span class=sf-dump-public title=\"Runtime added dynamic property\">i_point</span>\": <span class=sf-dump-num>0</span>
      +\"<span class=sf-dump-public title=\"Runtime added dynamic property\">g_point</span>\": <span class=sf-dump-num>0</span>
      +\"<span class=sf-dump-public title=\"Runtime added dynamic property\">created_at</span>\": \"<span class=sf-dump-str title=\"19 characters\">2023-07-14 23:22:13</span>\"
      +\"<span class=sf-dump-public title=\"Runtime added dynamic property\">estado</span>\": <span class=sf-dump-num>0</span>
      +\"<span class=sf-dump-public title=\"Runtime added dynamic property\">descrip</span>\": \"<span class=sf-dump-str title=\"11 characters\">ANALISTAS_1</span>\"
    </samp>}
    <span class=sf-dump-index>176</span> => {<a class=sf-dump-ref>#1788</a><samp data-depth=3 class=sf-dump-compact>
      +\"<span class=sf-dump-public title=\"Runtime added dynamic property\">id</span>\": <span class=sf-dump-num>418</span>
      +\"<span class=sf-dump-public title=\"Runtime added dynamic property\">firstname</span>\": \"<span class=sf-dump-str title=\"11 characters\">JOSE MANUEL</span>\"
      +\"<span class=sf-dump-public title=\"Runtime added dynamic property\">lastname</span>\": \"<span class=sf-dump-str title=\"6 characters\">MADRID</span>\"
      +\"<span class=sf-dump-public title=\"Runtime added dynamic property\">username</span>\": \"<span class=sf-dump-str title=\"23 characters\">manuelmadridz@gmail.com</span>\"
      +\"<span class=sf-dump-public title=\"Runtime added dynamic property\">email</span>\": \"<span class=sf-dump-str title=\"23 characters\">manuelmadridz@gmail.com</span>\"
      +\"<span class=sf-dump-public title=\"Runtime added dynamic property\">level</span>\": <span class=sf-dump-num>0</span>
      +\"<span class=sf-dump-public title=\"Runtime added dynamic property\">s_point</span>\": \"<span class=sf-dump-str title=\"18 characters\">199.00000000000000</span>\"
       &#8230;5
    </samp>}
    <span class=sf-dump-index>177</span> => {<a class=sf-dump-ref>#1789</a> &#8230;12}
    <span class=sf-dump-index>178</span> => {<a class=sf-dump-ref>#1790</a> &#8230;12}
    <span class=sf-dump-index>179</span> => {<a class=sf-dump-ref>#1791</a> &#8230;12}
    <span class=sf-dump-index>180</span> => {<a class=sf-dump-ref>#1792</a> &#8230;12}
    <span class=sf-dump-index>181</span> => {<a class=sf-dump-ref>#1793</a> &#8230;12}
    <span class=sf-dump-index>182</span> => {<a class=sf-dump-ref>#1794</a> &#8230;12}
    <span class=sf-dump-index>183</span> => {<a class=sf-dump-ref>#1795</a> &#8230;12}
    <span class=sf-dump-index>184</span> => {<a class=sf-dump-ref>#1796</a> &#8230;12}
    <span class=sf-dump-index>185</span> => {<a class=sf-dump-ref>#1797</a> &#8230;12}
    <span class=sf-dump-index>186</span> => {<a class=sf-dump-ref>#1798</a> &#8230;12}
    <span class=sf-dump-index>187</span> => {<a class=sf-dump-ref>#1799</a> &#8230;12}
    <span class=sf-dump-index>188</span> => {<a class=sf-dump-ref>#1800</a> &#8230;12}
    <span class=sf-dump-index>189</span> => {<a class=sf-dump-ref>#1801</a> &#8230;12}
    <span class=sf-dump-index>190</span> => {<a class=sf-dump-ref>#1802</a> &#8230;12}
    <span class=sf-dump-index>191</span> => {<a class=sf-dump-ref>#1803</a> &#8230;12}
    <span class=sf-dump-index>192</span> => {<a class=sf-dump-ref>#1804</a> &#8230;12}
    <span class=sf-dump-index>193</span> => {<a class=sf-dump-ref>#1805</a> &#8230;12}
    <span class=sf-dump-index>194</span> => {<a class=sf-dump-ref>#1806</a> &#8230;12}
    <span class=sf-dump-index>195</span> => {<a class=sf-dump-ref>#1807</a> &#8230;12}
    <span class=sf-dump-index>196</span> => {<a class=sf-dump-ref>#1808</a> &#8230;12}
    <span class=sf-dump-index>197</span> => {<a class=sf-dump-ref>#1809</a> &#8230;12}
    <span class=sf-dump-index>198</span> => {<a class=sf-dump-ref>#1810</a> &#8230;12}
    <span class=sf-dump-index>199</span> => {<a class=sf-dump-ref>#1811</a> &#8230;12}
    <span class=sf-dump-index>200</span> => {<a class=sf-dump-ref>#1812</a> &#8230;12}
    <span class=sf-dump-index>201</span> => {<a class=sf-dump-ref>#1813</a> &#8230;12}
    <span class=sf-dump-index>202</span> => {<a class=sf-dump-ref>#1814</a> &#8230;12}
    <span class=sf-dump-index>203</span> => {<a class=sf-dump-ref>#1815</a> &#8230;12}
    <span class=sf-dump-index>204</span> => {<a class=sf-dump-ref>#1816</a> &#8230;12}
    <span class=sf-dump-index>205</span> => {<a class=sf-dump-ref>#1817</a> &#8230;12}
    <span class=sf-dump-index>206</span> => {<a class=sf-dump-ref>#1818</a> &#8230;12}
    <span class=sf-dump-index>207</span> => {<a class=sf-dump-ref>#1819</a> &#8230;12}
    <span class=sf-dump-index>208</span> => {<a class=sf-dump-ref>#1820</a> &#8230;12}
    <span class=sf-dump-index>209</span> => {<a class=sf-dump-ref>#1821</a> &#8230;12}
    <span class=sf-dump-index>210</span> => {<a class=sf-dump-ref>#1822</a> &#8230;12}
    <span class=sf-dump-index>211</span> => {<a class=sf-dump-ref>#1823</a> &#8230;12}
    <span class=sf-dump-index>212</span> => {<a class=sf-dump-ref>#1824</a> &#8230;12}
    <span class=sf-dump-index>213</span> => {<a class=sf-dump-ref>#1825</a> &#8230;12}
    <span class=sf-dump-index>214</span> => {<a class=sf-dump-ref>#1826</a> &#8230;12}
    <span class=sf-dump-index>215</span> => {<a class=sf-dump-ref>#1827</a> &#8230;12}
    <span class=sf-dump-index>216</span> => {<a class=sf-dump-ref>#1828</a> &#8230;12}
    <span class=sf-dump-index>217</span> => {<a class=sf-dump-ref>#1829</a> &#8230;12}
    <span class=sf-dump-index>218</span> => {<a class=sf-dump-ref>#1830</a> &#8230;12}
    <span class=sf-dump-index>219</span> => {<a class=sf-dump-ref>#1831</a> &#8230;12}
    <span class=sf-dump-index>220</span> => {<a class=sf-dump-ref>#1832</a> &#8230;12}
    <span class=sf-dump-index>221</span> => {<a class=sf-dump-ref>#1833</a> &#8230;12}
    <span class=sf-dump-index>222</span> => {<a class=sf-dump-ref>#1834</a> &#8230;12}
    <span class=sf-dump-index>223</span> => {<a class=sf-dump-ref>#1835</a> &#8230;12}
    <span class=sf-dump-index>224</span> => {<a class=sf-dump-ref>#1836</a> &#8230;12}
    <span class=sf-dump-index>225</span> => {<a class=sf-dump-ref>#1837</a> &#8230;12}
    <span class=sf-dump-index>226</span> => {<a class=sf-dump-ref>#1838</a> &#8230;12}
    <span class=sf-dump-index>227</span> => {<a class=sf-dump-ref>#1839</a> &#8230;12}
    <span class=sf-dump-index>228</span> => {<a class=sf-dump-ref>#1840</a> &#8230;12}
    <span class=sf-dump-index>229</span> => {<a class=sf-dump-ref>#1841</a> &#8230;12}
    <span class=sf-dump-index>230</span> => {<a class=sf-dump-ref>#1842</a> &#8230;12}
    <span class=sf-dump-index>231</span> => {<a class=sf-dump-ref>#1843</a> &#8230;12}
    <span class=sf-dump-index>232</span> => {<a class=sf-dump-ref>#1844</a> &#8230;12}
    <span class=sf-dump-index>233</span> => {<a class=sf-dump-ref>#1845</a> &#8230;12}
    <span class=sf-dump-index>234</span> => {<a class=sf-dump-ref>#1846</a> &#8230;12}
    <span class=sf-dump-index>235</span> => {<a class=sf-dump-ref>#1847</a> &#8230;12}
    <span class=sf-dump-index>236</span> => {<a class=sf-dump-ref>#1848</a> &#8230;12}
    <span class=sf-dump-index>237</span> => {<a class=sf-dump-ref>#1849</a> &#8230;12}
    <span class=sf-dump-index>238</span> => {<a class=sf-dump-ref>#1850</a> &#8230;12}
    <span class=sf-dump-index>239</span> => {<a class=sf-dump-ref>#1851</a> &#8230;12}
    <span class=sf-dump-index>240</span> => {<a class=sf-dump-ref>#1852</a> &#8230;12}
    <span class=sf-dump-index>241</span> => {<a class=sf-dump-ref>#1853</a> &#8230;12}
    <span class=sf-dump-index>242</span> => {<a class=sf-dump-ref>#1854</a> &#8230;12}
    <span class=sf-dump-index>243</span> => {<a class=sf-dump-ref>#1855</a> &#8230;12}
    <span class=sf-dump-index>244</span> => {<a class=sf-dump-ref>#1856</a> &#8230;12}
    <span class=sf-dump-index>245</span> => {<a class=sf-dump-ref>#1857</a> &#8230;12}
    <span class=sf-dump-index>246</span> => {<a class=sf-dump-ref>#1858</a> &#8230;12}
    <span class=sf-dump-index>247</span> => {<a class=sf-dump-ref>#1859</a> &#8230;12}
    <span class=sf-dump-index>248</span> => {<a class=sf-dump-ref>#1860</a> &#8230;12}
    <span class=sf-dump-index>249</span> => {<a class=sf-dump-ref>#1861</a> &#8230;12}
    <span class=sf-dump-index>250</span> => {<a class=sf-dump-ref>#1862</a> &#8230;12}
    <span class=sf-dump-index>251</span> => {<a class=sf-dump-ref>#1863</a> &#8230;12}
    <span class=sf-dump-index>252</span> => {<a class=sf-dump-ref>#1864</a> &#8230;12}
    <span class=sf-dump-index>253</span> => {<a class=sf-dump-ref>#1865</a> &#8230;12}
    <span class=sf-dump-index>254</span> => {<a class=sf-dump-ref>#1866</a> &#8230;12}
    <span class=sf-dump-index>255</span> => {<a class=sf-dump-ref>#1867</a> &#8230;12}
    <span class=sf-dump-index>256</span> => {<a class=sf-dump-ref>#1868</a> &#8230;12}
    <span class=sf-dump-index>257</span> => {<a class=sf-dump-ref>#1869</a> &#8230;12}
    <span class=sf-dump-index>258</span> => {<a class=sf-dump-ref>#1870</a> &#8230;12}
    <span class=sf-dump-index>259</span> => {<a class=sf-dump-ref>#1871</a> &#8230;12}
    <span class=sf-dump-index>260</span> => {<a class=sf-dump-ref>#1872</a> &#8230;12}
    <span class=sf-dump-index>261</span> => {<a class=sf-dump-ref>#1873</a> &#8230;12}
    <span class=sf-dump-index>262</span> => {<a class=sf-dump-ref>#1874</a> &#8230;12}
    <span class=sf-dump-index>263</span> => {<a class=sf-dump-ref>#1875</a> &#8230;12}
    <span class=sf-dump-index>264</span> => {<a class=sf-dump-ref>#1876</a> &#8230;12}
    <span class=sf-dump-index>265</span> => {<a class=sf-dump-ref>#1877</a> &#8230;12}
    <span class=sf-dump-index>266</span> => {<a class=sf-dump-ref>#1878</a> &#8230;12}
    <span class=sf-dump-index>267</span> => {<a class=sf-dump-ref>#1879</a> &#8230;12}
    <span class=sf-dump-index>268</span> => {<a class=sf-dump-ref>#1880</a> &#8230;12}
    <span class=sf-dump-index>269</span> => {<a class=sf-dump-ref>#1881</a> &#8230;12}
    <span class=sf-dump-index>270</span> => {<a class=sf-dump-ref>#1882</a> &#8230;12}
    <span class=sf-dump-index>271</span> => {<a class=sf-dump-ref>#1883</a> &#8230;12}
    <span class=sf-dump-index>272</span> => {<a class=sf-dump-ref>#1884</a> &#8230;12}
    <span class=sf-dump-index>273</span> => {<a class=sf-dump-ref>#1885</a> &#8230;12}
    <span class=sf-dump-index>274</span> => {<a class=sf-dump-ref>#1886</a> &#8230;12}
    <span class=sf-dump-index>275</span> => {<a class=sf-dump-ref>#1887</a> &#8230;12}
    <span class=sf-dump-index>276</span> => {<a class=sf-dump-ref>#1888</a> &#8230;12}
    <span class=sf-dump-index>277</span> => {<a class=sf-dump-ref>#1889</a> &#8230;12}
    <span class=sf-dump-index>278</span> => {<a class=sf-dump-ref>#1890</a> &#8230;12}
    <span class=sf-dump-index>279</span> => {<a class=sf-dump-ref>#1891</a> &#8230;12}
    <span class=sf-dump-index>280</span> => {<a class=sf-dump-ref>#1892</a> &#8230;12}
    <span class=sf-dump-index>281</span> => {<a class=sf-dump-ref>#1893</a> &#8230;12}
    <span class=sf-dump-index>282</span> => {<a class=sf-dump-ref>#1894</a> &#8230;12}
    <span class=sf-dump-index>283</span> => {<a class=sf-dump-ref>#1895</a> &#8230;12}
    <span class=sf-dump-index>284</span> => {<a class=sf-dump-ref>#1896</a> &#8230;12}
    <span class=sf-dump-index>285</span> => {<a class=sf-dump-ref>#1897</a> &#8230;12}
    <span class=sf-dump-index>286</span> => {<a class=sf-dump-ref>#1898</a> &#8230;12}
    <span class=sf-dump-index>287</span> => {<a class=sf-dump-ref>#1899</a> &#8230;12}
    <span class=sf-dump-index>288</span> => {<a class=sf-dump-ref>#1900</a> &#8230;12}
    <span class=sf-dump-index>289</span> => {<a class=sf-dump-ref>#1901</a> &#8230;12}
    <span class=sf-dump-index>290</span> => {<a class=sf-dump-ref>#1902</a> &#8230;12}
    <span class=sf-dump-index>291</span> => {<a class=sf-dump-ref>#1903</a> &#8230;12}
    <span class=sf-dump-index>292</span> => {<a class=sf-dump-ref>#1904</a> &#8230;12}
    <span class=sf-dump-index>293</span> => {<a class=sf-dump-ref>#1905</a> &#8230;12}
    <span class=sf-dump-index>294</span> => {<a class=sf-dump-ref>#1906</a> &#8230;12}
    <span class=sf-dump-index>295</span> => {<a class=sf-dump-ref>#1907</a> &#8230;12}
    <span class=sf-dump-index>296</span> => {<a class=sf-dump-ref>#1908</a> &#8230;12}
    <span class=sf-dump-index>297</span> => {<a class=sf-dump-ref>#1909</a> &#8230;12}
    <span class=sf-dump-index>298</span> => {<a class=sf-dump-ref>#1910</a> &#8230;12}
    <span class=sf-dump-index>299</span> => {<a class=sf-dump-ref>#1911</a> &#8230;12}
    <span class=sf-dump-index>300</span> => {<a class=sf-dump-ref>#1912</a> &#8230;12}
    <span class=sf-dump-index>301</span> => {<a class=sf-dump-ref>#1913</a> &#8230;12}
    <span class=sf-dump-index>302</span> => {<a class=sf-dump-ref>#1914</a> &#8230;12}
    <span class=sf-dump-index>303</span> => {<a class=sf-dump-ref>#1915</a> &#8230;12}
    <span class=sf-dump-index>304</span> => {<a class=sf-dump-ref>#1916</a> &#8230;12}
    <span class=sf-dump-index>305</span> => {<a class=sf-dump-ref>#1917</a> &#8230;12}
    <span class=sf-dump-index>306</span> => {<a class=sf-dump-ref>#1918</a> &#8230;12}
    <span class=sf-dump-index>307</span> => {<a class=sf-dump-ref>#1919</a> &#8230;12}
    <span class=sf-dump-index>308</span> => {<a class=sf-dump-ref>#1920</a> &#8230;12}
    <span class=sf-dump-index>309</span> => {<a class=sf-dump-ref>#1921</a> &#8230;12}
    <span class=sf-dump-index>310</span> => {<a class=sf-dump-ref>#1922</a> &#8230;12}
    <span class=sf-dump-index>311</span> => {<a class=sf-dump-ref>#1923</a> &#8230;12}
    <span class=sf-dump-index>312</span> => {<a class=sf-dump-ref>#1924</a> &#8230;12}
    <span class=sf-dump-index>313</span> => {<a class=sf-dump-ref>#1925</a> &#8230;12}
    <span class=sf-dump-index>314</span> => {<a class=sf-dump-ref>#1926</a> &#8230;12}
    <span class=sf-dump-index>315</span> => {<a class=sf-dump-ref>#1927</a> &#8230;12}
    <span class=sf-dump-index>316</span> => {<a class=sf-dump-ref>#1928</a> &#8230;12}
    <span class=sf-dump-index>317</span> => {<a class=sf-dump-ref>#1929</a> &#8230;12}
    <span class=sf-dump-index>318</span> => {<a class=sf-dump-ref>#1930</a> &#8230;12}
    <span class=sf-dump-index>319</span> => {<a class=sf-dump-ref>#1931</a> &#8230;12}
    <span class=sf-dump-index>320</span> => {<a class=sf-dump-ref>#1932</a> &#8230;12}
    <span class=sf-dump-index>321</span> => {<a class=sf-dump-ref>#1933</a> &#8230;12}
    <span class=sf-dump-index>322</span> => {<a class=sf-dump-ref>#1934</a> &#8230;12}
    <span class=sf-dump-index>323</span> => {<a class=sf-dump-ref>#1935</a> &#8230;12}
    <span class=sf-dump-index>324</span> => {<a class=sf-dump-ref>#1936</a> &#8230;12}
    <span class=sf-dump-index>325</span> => {<a class=sf-dump-ref>#1937</a> &#8230;12}
    <span class=sf-dump-index>326</span> => {<a class=sf-dump-ref>#1938</a> &#8230;12}
    <span class=sf-dump-index>327</span> => {<a class=sf-dump-ref>#1939</a> &#8230;12}
    <span class=sf-dump-index>328</span> => {<a class=sf-dump-ref>#1940</a> &#8230;12}
    <span class=sf-dump-index>329</span> => {<a class=sf-dump-ref>#1941</a> &#8230;12}
    <span class=sf-dump-index>330</span> => {<a class=sf-dump-ref>#1942</a> &#8230;12}
    <span class=sf-dump-index>331</span> => {<a class=sf-dump-ref>#1943</a> &#8230;12}
    <span class=sf-dump-index>332</span> => {<a class=sf-dump-ref>#1944</a> &#8230;12}
    <span class=sf-dump-index>333</span> => {<a class=sf-dump-ref>#1945</a> &#8230;12}
    <span class=sf-dump-index>334</span> => {<a class=sf-dump-ref>#1946</a> &#8230;12}
    <span class=sf-dump-index>335</span> => {<a class=sf-dump-ref>#1947</a> &#8230;12}
    <span class=sf-dump-index>336</span> => {<a class=sf-dump-ref>#1948</a> &#8230;12}
    <span class=sf-dump-index>337</span> => {<a class=sf-dump-ref>#1949</a> &#8230;12}
    <span class=sf-dump-index>338</span> => {<a class=sf-dump-ref>#1950</a> &#8230;12}
    <span class=sf-dump-index>339</span> => {<a class=sf-dump-ref>#1951</a> &#8230;12}
    <span class=sf-dump-index>340</span> => {<a class=sf-dump-ref>#1952</a> &#8230;12}
    <span class=sf-dump-index>341</span> => {<a class=sf-dump-ref>#1953</a> &#8230;12}
    <span class=sf-dump-index>342</span> => {<a class=sf-dump-ref>#1954</a> &#8230;12}
    <span class=sf-dump-index>343</span> => {<a class=sf-dump-ref>#1955</a> &#8230;12}
    <span class=sf-dump-index>344</span> => {<a class=sf-dump-ref>#1956</a> &#8230;12}
    <span class=sf-dump-index>345</span> => {<a class=sf-dump-ref>#1957</a> &#8230;12}
    <span class=sf-dump-index>346</span> => {<a class=sf-dump-ref>#1958</a> &#8230;12}
    <span class=sf-dump-index>347</span> => {<a class=sf-dump-ref>#1959</a> &#8230;12}
    <span class=sf-dump-index>348</span> => {<a class=sf-dump-ref>#1960</a> &#8230;12}
    <span class=sf-dump-index>349</span> => {<a class=sf-dump-ref>#1961</a> &#8230;12}
    <span class=sf-dump-index>350</span> => {<a class=sf-dump-ref>#1962</a> &#8230;12}
    <span class=sf-dump-index>351</span> => {<a class=sf-dump-ref>#1963</a> &#8230;12}
    <span class=sf-dump-index>352</span> => {<a class=sf-dump-ref>#1964</a> &#8230;12}
    <span class=sf-dump-index>353</span> => {<a class=sf-dump-ref>#1965</a> &#8230;12}
    <span class=sf-dump-index>354</span> => {<a class=sf-dump-ref>#1966</a> &#8230;12}
    <span class=sf-dump-index>355</span> => {<a class=sf-dump-ref>#1967</a> &#8230;12}
    <span class=sf-dump-index>356</span> => {<a class=sf-dump-ref>#1968</a> &#8230;12}
    <span class=sf-dump-index>357</span> => {<a class=sf-dump-ref>#1969</a> &#8230;12}
    <span class=sf-dump-index>358</span> => {<a class=sf-dump-ref>#1970</a> &#8230;12}
    <span class=sf-dump-index>359</span> => {<a class=sf-dump-ref>#1971</a> &#8230;12}
    <span class=sf-dump-index>360</span> => {<a class=sf-dump-ref>#1972</a> &#8230;12}
    <span class=sf-dump-index>361</span> => {<a class=sf-dump-ref>#1973</a> &#8230;12}
    <span class=sf-dump-index>362</span> => {<a class=sf-dump-ref>#1974</a> &#8230;12}
    <span class=sf-dump-index>363</span> => {<a class=sf-dump-ref>#1975</a> &#8230;12}
    <span class=sf-dump-index>364</span> => {<a class=sf-dump-ref>#1976</a> &#8230;12}
    <span class=sf-dump-index>365</span> => {<a class=sf-dump-ref>#1977</a> &#8230;12}
    <span class=sf-dump-index>366</span> => {<a class=sf-dump-ref>#1978</a> &#8230;12}
    <span class=sf-dump-index>367</span> => {<a class=sf-dump-ref>#1979</a> &#8230;12}
    <span class=sf-dump-index>368</span> => {<a class=sf-dump-ref>#1980</a> &#8230;12}
    <span class=sf-dump-index>369</span> => {<a class=sf-dump-ref>#1981</a> &#8230;12}
    <span class=sf-dump-index>370</span> => {<a class=sf-dump-ref>#1982</a> &#8230;12}
    <span class=sf-dump-index>371</span> => {<a class=sf-dump-ref>#1983</a> &#8230;12}
    <span class=sf-dump-index>372</span> => {<a class=sf-dump-ref>#1984</a> &#8230;12}
    <span class=sf-dump-index>373</span> => {<a class=sf-dump-ref>#1985</a> &#8230;12}
    <span class=sf-dump-index>374</span> => {<a class=sf-dump-ref>#1986</a> &#8230;12}
    <span class=sf-dump-index>375</span> => {<a class=sf-dump-ref>#1987</a> &#8230;12}
    <span class=sf-dump-index>376</span> => {<a class=sf-dump-ref>#1988</a> &#8230;12}
    <span class=sf-dump-index>377</span> => {<a class=sf-dump-ref>#1989</a> &#8230;12}
    <span class=sf-dump-index>378</span> => {<a class=sf-dump-ref>#1990</a> &#8230;12}
    <span class=sf-dump-index>379</span> => {<a class=sf-dump-ref>#1991</a> &#8230;12}
    <span class=sf-dump-index>380</span> => {<a class=sf-dump-ref>#1992</a> &#8230;12}
  </samp>]
  #<span class=sf-dump-protected title=\"Protected property\">escapeWhenCastingToString</span>: <span class=sf-dump-const>false</span>
</samp>}
</pre><script>Sfdump(\"sf-dump-386446917\", {\"maxDepth\":3,\"maxStringLength\":160})</script>
","countusers":"<pre class=sf-dump id=sf-dump-1350475823 data-indent-pad=\"  \"><span class=sf-dump-num>381</span>
</pre><script>Sfdump(\"sf-dump-1350475823\", {\"maxDepth\":3,\"maxStringLength\":160})</script>
","grupos":"<pre class=sf-dump id=sf-dump-551912992 data-indent-pad=\"  \"><span class=sf-dump-note>Illuminate\\Support\\Collection</span> {<a class=sf-dump-ref>#1598</a><samp data-depth=1 class=sf-dump-expanded>
  #<span class=sf-dump-protected title=\"Protected property\">items</span>: <span class=sf-dump-note>array:26</span> [<samp data-depth=2 class=sf-dump-compact>
    <span class=sf-dump-index>0</span> => {<a class=sf-dump-ref>#1993</a><samp data-depth=3 class=sf-dump-compact>
      +\"<span class=sf-dump-public title=\"Runtime added dynamic property\">id</span>\": <span class=sf-dump-num>2</span>
      +\"<span class=sf-dump-public title=\"Runtime added dynamic property\">descrip</span>\": \"<span class=sf-dump-str title=\"3 characters\">RB1</span>\"
      +\"<span class=sf-dump-public title=\"Runtime added dynamic property\">created_at</span>\": \"<span class=sf-dump-str title=\"19 characters\">2023-04-27 09:04:13</span>\"
      +\"<span class=sf-dump-public title=\"Runtime added dynamic property\">updated_at</span>\": \"<span class=sf-dump-str title=\"19 characters\">2023-07-14 21:09:02</span>\"
      +\"<span class=sf-dump-public title=\"Runtime added dynamic property\">estado_grup</span>\": <span class=sf-dump-num>0</span>
    </samp>}
    <span class=sf-dump-index>1</span> => {<a class=sf-dump-ref>#1997</a><samp data-depth=3 class=sf-dump-compact>
      +\"<span class=sf-dump-public title=\"Runtime added dynamic property\">id</span>\": <span class=sf-dump-num>3</span>
      +\"<span class=sf-dump-public title=\"Runtime added dynamic property\">descrip</span>\": \"<span class=sf-dump-str title=\"7 characters\">Pruebas</span>\"
      +\"<span class=sf-dump-public title=\"Runtime added dynamic property\">created_at</span>\": \"<span class=sf-dump-str title=\"19 characters\">2023-04-27 14:08:03</span>\"
      +\"<span class=sf-dump-public title=\"Runtime added dynamic property\">updated_at</span>\": \"<span class=sf-dump-str title=\"19 characters\">2023-07-11 16:55:43</span>\"
      +\"<span class=sf-dump-public title=\"Runtime added dynamic property\">estado_grup</span>\": <span class=sf-dump-num>1</span>
    </samp>}
    <span class=sf-dump-index>2</span> => {<a class=sf-dump-ref>#1995</a><samp data-depth=3 class=sf-dump-compact>
      +\"<span class=sf-dump-public title=\"Runtime added dynamic property\">id</span>\": <span class=sf-dump-num>4</span>
      +\"<span class=sf-dump-public title=\"Runtime added dynamic property\">descrip</span>\": \"<span class=sf-dump-str title=\"8 characters\">Diamante</span>\"
      +\"<span class=sf-dump-public title=\"Runtime added dynamic property\">created_at</span>\": \"<span class=sf-dump-str title=\"19 characters\">2023-06-01 19:11:22</span>\"
      +\"<span class=sf-dump-public title=\"Runtime added dynamic property\">updated_at</span>\": \"<span class=sf-dump-str title=\"19 characters\">2023-06-01 19:11:22</span>\"
      +\"<span class=sf-dump-public title=\"Runtime added dynamic property\">estado_grup</span>\": <span class=sf-dump-num>1</span>
    </samp>}
    <span class=sf-dump-index>3</span> => {<a class=sf-dump-ref>#1996</a><samp data-depth=3 class=sf-dump-compact>
      +\"<span class=sf-dump-public title=\"Runtime added dynamic property\">id</span>\": <span class=sf-dump-num>5</span>
      +\"<span class=sf-dump-public title=\"Runtime added dynamic property\">descrip</span>\": \"<span class=sf-dump-str title=\"6 characters\">ADMIN1</span>\"
      +\"<span class=sf-dump-public title=\"Runtime added dynamic property\">created_at</span>\": \"<span class=sf-dump-str title=\"19 characters\">2023-07-14 19:43:16</span>\"
      +\"<span class=sf-dump-public title=\"Runtime added dynamic property\">updated_at</span>\": \"<span class=sf-dump-str title=\"19 characters\">2023-07-14 19:43:16</span>\"
      +\"<span class=sf-dump-public title=\"Runtime added dynamic property\">estado_grup</span>\": <span class=sf-dump-num>1</span>
    </samp>}
    <span class=sf-dump-index>4</span> => {<a class=sf-dump-ref>#1998</a><samp data-depth=3 class=sf-dump-compact>
      +\"<span class=sf-dump-public title=\"Runtime added dynamic property\">id</span>\": <span class=sf-dump-num>6</span>
      +\"<span class=sf-dump-public title=\"Runtime added dynamic property\">descrip</span>\": \"<span class=sf-dump-str title=\"6 characters\">ADMIN2</span>\"
      +\"<span class=sf-dump-public title=\"Runtime added dynamic property\">created_at</span>\": \"<span class=sf-dump-str title=\"19 characters\">2023-07-14 19:45:46</span>\"
      +\"<span class=sf-dump-public title=\"Runtime added dynamic property\">updated_at</span>\": \"<span class=sf-dump-str title=\"19 characters\">2023-07-14 19:45:46</span>\"
      +\"<span class=sf-dump-public title=\"Runtime added dynamic property\">estado_grup</span>\": <span class=sf-dump-num>1</span>
    </samp>}
    <span class=sf-dump-index>5</span> => {<a class=sf-dump-ref>#1999</a><samp data-depth=3 class=sf-dump-compact>
      +\"<span class=sf-dump-public title=\"Runtime added dynamic property\">id</span>\": <span class=sf-dump-num>7</span>
      +\"<span class=sf-dump-public title=\"Runtime added dynamic property\">descrip</span>\": \"<span class=sf-dump-str title=\"6 characters\">ADMIN3</span>\"
      +\"<span class=sf-dump-public title=\"Runtime added dynamic property\">created_at</span>\": \"<span class=sf-dump-str title=\"19 characters\">2023-07-14 19:48:35</span>\"
      +\"<span class=sf-dump-public title=\"Runtime added dynamic property\">updated_at</span>\": \"<span class=sf-dump-str title=\"19 characters\">2023-07-14 19:48:35</span>\"
      +\"<span class=sf-dump-public title=\"Runtime added dynamic property\">estado_grup</span>\": <span class=sf-dump-num>1</span>
    </samp>}
    <span class=sf-dump-index>6</span> => {<a class=sf-dump-ref>#2000</a><samp data-depth=3 class=sf-dump-compact>
      +\"<span class=sf-dump-public title=\"Runtime added dynamic property\">id</span>\": <span class=sf-dump-num>8</span>
      +\"<span class=sf-dump-public title=\"Runtime added dynamic property\">descrip</span>\": \"<span class=sf-dump-str title=\"6 characters\">ADMIN4</span>\"
      +\"<span class=sf-dump-public title=\"Runtime added dynamic property\">created_at</span>\": \"<span class=sf-dump-str title=\"19 characters\">2023-07-14 19:50:26</span>\"
      +\"<span class=sf-dump-public title=\"Runtime added dynamic property\">updated_at</span>\": \"<span class=sf-dump-str title=\"19 characters\">2023-07-14 19:50:26</span>\"
      +\"<span class=sf-dump-public title=\"Runtime added dynamic property\">estado_grup</span>\": <span class=sf-dump-num>1</span>
    </samp>}
    <span class=sf-dump-index>7</span> => {<a class=sf-dump-ref>#2001</a><samp data-depth=3 class=sf-dump-compact>
      +\"<span class=sf-dump-public title=\"Runtime added dynamic property\">id</span>\": <span class=sf-dump-num>9</span>
      +\"<span class=sf-dump-public title=\"Runtime added dynamic property\">descrip</span>\": \"<span class=sf-dump-str title=\"3 characters\">OP1</span>\"
      +\"<span class=sf-dump-public title=\"Runtime added dynamic property\">created_at</span>\": \"<span class=sf-dump-str title=\"19 characters\">2023-07-14 21:57:26</span>\"
      +\"<span class=sf-dump-public title=\"Runtime added dynamic property\">updated_at</span>\": \"<span class=sf-dump-str title=\"19 characters\">2023-07-14 21:57:26</span>\"
      +\"<span class=sf-dump-public title=\"Runtime added dynamic property\">estado_grup</span>\": <span class=sf-dump-num>1</span>
    </samp>}
    <span class=sf-dump-index>8</span> => {<a class=sf-dump-ref>#2002</a><samp data-depth=3 class=sf-dump-compact>
      +\"<span class=sf-dump-public title=\"Runtime added dynamic property\">id</span>\": <span class=sf-dump-num>10</span>
      +\"<span class=sf-dump-public title=\"Runtime added dynamic property\">descrip</span>\": \"<span class=sf-dump-str title=\"3 characters\">OP2</span>\"
      +\"<span class=sf-dump-public title=\"Runtime added dynamic property\">created_at</span>\": \"<span class=sf-dump-str title=\"19 characters\">2023-07-14 21:57:39</span>\"
      +\"<span class=sf-dump-public title=\"Runtime added dynamic property\">updated_at</span>\": \"<span class=sf-dump-str title=\"19 characters\">2023-07-14 21:57:39</span>\"
      +\"<span class=sf-dump-public title=\"Runtime added dynamic property\">estado_grup</span>\": <span class=sf-dump-num>1</span>
    </samp>}
    <span class=sf-dump-index>9</span> => {<a class=sf-dump-ref>#2003</a><samp data-depth=3 class=sf-dump-compact>
      +\"<span class=sf-dump-public title=\"Runtime added dynamic property\">id</span>\": <span class=sf-dump-num>11</span>
      +\"<span class=sf-dump-public title=\"Runtime added dynamic property\">descrip</span>\": \"<span class=sf-dump-str title=\"11 characters\">ANALISTAS_1</span>\"
      +\"<span class=sf-dump-public title=\"Runtime added dynamic property\">created_at</span>\": \"<span class=sf-dump-str title=\"19 characters\">2023-07-14 22:48:22</span>\"
      +\"<span class=sf-dump-public title=\"Runtime added dynamic property\">updated_at</span>\": \"<span class=sf-dump-str title=\"19 characters\">2023-07-14 22:48:22</span>\"
      +\"<span class=sf-dump-public title=\"Runtime added dynamic property\">estado_grup</span>\": <span class=sf-dump-num>1</span>
    </samp>}
    <span class=sf-dump-index>10</span> => {<a class=sf-dump-ref>#2004</a><samp data-depth=3 class=sf-dump-compact>
      +\"<span class=sf-dump-public title=\"Runtime added dynamic property\">id</span>\": <span class=sf-dump-num>12</span>
      +\"<span class=sf-dump-public title=\"Runtime added dynamic property\">descrip</span>\": \"<span class=sf-dump-str title=\"11 characters\">ANALISTAS_2</span>\"
      +\"<span class=sf-dump-public title=\"Runtime added dynamic property\">created_at</span>\": \"<span class=sf-dump-str title=\"19 characters\">2023-07-14 22:48:31</span>\"
      +\"<span class=sf-dump-public title=\"Runtime added dynamic property\">updated_at</span>\": \"<span class=sf-dump-str title=\"19 characters\">2023-07-14 22:48:31</span>\"
      +\"<span class=sf-dump-public title=\"Runtime added dynamic property\">estado_grup</span>\": <span class=sf-dump-num>1</span>
    </samp>}
    <span class=sf-dump-index>11</span> => {<a class=sf-dump-ref>#2005</a><samp data-depth=3 class=sf-dump-compact>
      +\"<span class=sf-dump-public title=\"Runtime added dynamic property\">id</span>\": <span class=sf-dump-num>13</span>
      +\"<span class=sf-dump-public title=\"Runtime added dynamic property\">descrip</span>\": \"<span class=sf-dump-str title=\"11 characters\">ANALISTAS_3</span>\"
      +\"<span class=sf-dump-public title=\"Runtime added dynamic property\">created_at</span>\": \"<span class=sf-dump-str title=\"19 characters\">2023-07-14 22:48:41</span>\"
      +\"<span class=sf-dump-public title=\"Runtime added dynamic property\">updated_at</span>\": \"<span class=sf-dump-str title=\"19 characters\">2023-07-14 22:48:41</span>\"
      +\"<span class=sf-dump-public title=\"Runtime added dynamic property\">estado_grup</span>\": <span class=sf-dump-num>1</span>
    </samp>}
    <span class=sf-dump-index>12</span> => {<a class=sf-dump-ref>#2006</a><samp data-depth=3 class=sf-dump-compact>
      +\"<span class=sf-dump-public title=\"Runtime added dynamic property\">id</span>\": <span class=sf-dump-num>14</span>
      +\"<span class=sf-dump-public title=\"Runtime added dynamic property\">descrip</span>\": \"<span class=sf-dump-str title=\"4 characters\">Demo</span>\"
      +\"<span class=sf-dump-public title=\"Runtime added dynamic property\">created_at</span>\": \"<span class=sf-dump-str title=\"19 characters\">2023-09-18 15:32:27</span>\"
      +\"<span class=sf-dump-public title=\"Runtime added dynamic property\">updated_at</span>\": \"<span class=sf-dump-str title=\"19 characters\">2023-09-18 15:32:27</span>\"
      +\"<span class=sf-dump-public title=\"Runtime added dynamic property\">estado_grup</span>\": <span class=sf-dump-num>1</span>
    </samp>}
    <span class=sf-dump-index>13</span> => {<a class=sf-dump-ref>#2007</a><samp data-depth=3 class=sf-dump-compact>
      +\"<span class=sf-dump-public title=\"Runtime added dynamic property\">id</span>\": <span class=sf-dump-num>15</span>
      +\"<span class=sf-dump-public title=\"Runtime added dynamic property\">descrip</span>\": \"<span class=sf-dump-str title=\"9 characters\">FamiliasW</span>\"
      +\"<span class=sf-dump-public title=\"Runtime added dynamic property\">created_at</span>\": \"<span class=sf-dump-str title=\"19 characters\">2023-09-25 08:31:14</span>\"
      +\"<span class=sf-dump-public title=\"Runtime added dynamic property\">updated_at</span>\": \"<span class=sf-dump-str title=\"19 characters\">2023-09-25 08:31:14</span>\"
      +\"<span class=sf-dump-public title=\"Runtime added dynamic property\">estado_grup</span>\": <span class=sf-dump-num>1</span>
    </samp>}
    <span class=sf-dump-index>14</span> => {<a class=sf-dump-ref>#2008</a><samp data-depth=3 class=sf-dump-compact>
      +\"<span class=sf-dump-public title=\"Runtime added dynamic property\">id</span>\": <span class=sf-dump-num>16</span>
      +\"<span class=sf-dump-public title=\"Runtime added dynamic property\">descrip</span>\": \"<span class=sf-dump-str title=\"7 characters\">prueba2</span>\"
      +\"<span class=sf-dump-public title=\"Runtime added dynamic property\">created_at</span>\": \"<span class=sf-dump-str title=\"19 characters\">2023-10-02 09:22:59</span>\"
      +\"<span class=sf-dump-public title=\"Runtime added dynamic property\">updated_at</span>\": \"<span class=sf-dump-str title=\"19 characters\">2023-10-02 09:22:59</span>\"
      +\"<span class=sf-dump-public title=\"Runtime added dynamic property\">estado_grup</span>\": <span class=sf-dump-num>1</span>
    </samp>}
    <span class=sf-dump-index>15</span> => {<a class=sf-dump-ref>#2009</a><samp data-depth=3 class=sf-dump-compact>
      +\"<span class=sf-dump-public title=\"Runtime added dynamic property\">id</span>\": <span class=sf-dump-num>17</span>
      +\"<span class=sf-dump-public title=\"Runtime added dynamic property\">descrip</span>\": \"<span class=sf-dump-str title=\"7 characters\">JGB2024</span>\"
      +\"<span class=sf-dump-public title=\"Runtime added dynamic property\">created_at</span>\": \"<span class=sf-dump-str title=\"19 characters\">2024-04-26 10:12:34</span>\"
      +\"<span class=sf-dump-public title=\"Runtime added dynamic property\">updated_at</span>\": \"<span class=sf-dump-str title=\"19 characters\">2024-04-26 10:12:34</span>\"
      +\"<span class=sf-dump-public title=\"Runtime added dynamic property\">estado_grup</span>\": <span class=sf-dump-num>1</span>
    </samp>}
    <span class=sf-dump-index>16</span> => {<a class=sf-dump-ref>#2010</a><samp data-depth=3 class=sf-dump-compact>
      +\"<span class=sf-dump-public title=\"Runtime added dynamic property\">id</span>\": <span class=sf-dump-num>18</span>
      +\"<span class=sf-dump-public title=\"Runtime added dynamic property\">descrip</span>\": \"<span class=sf-dump-str title=\"13 characters\">Demo_Melendez</span>\"
      +\"<span class=sf-dump-public title=\"Runtime added dynamic property\">created_at</span>\": \"<span class=sf-dump-str title=\"19 characters\">2024-05-02 09:42:36</span>\"
      +\"<span class=sf-dump-public title=\"Runtime added dynamic property\">updated_at</span>\": \"<span class=sf-dump-str title=\"19 characters\">2024-05-02 09:42:36</span>\"
      +\"<span class=sf-dump-public title=\"Runtime added dynamic property\">estado_grup</span>\": <span class=sf-dump-num>1</span>
    </samp>}
    <span class=sf-dump-index>17</span> => {<a class=sf-dump-ref>#2011</a><samp data-depth=3 class=sf-dump-compact>
      +\"<span class=sf-dump-public title=\"Runtime added dynamic property\">id</span>\": <span class=sf-dump-num>19</span>
      +\"<span class=sf-dump-public title=\"Runtime added dynamic property\">descrip</span>\": \"<span class=sf-dump-str title=\"18 characters\">Grupo_pruebas_2024</span>\"
      +\"<span class=sf-dump-public title=\"Runtime added dynamic property\">created_at</span>\": \"<span class=sf-dump-str title=\"19 characters\">2024-05-17 10:05:31</span>\"
      +\"<span class=sf-dump-public title=\"Runtime added dynamic property\">updated_at</span>\": \"<span class=sf-dump-str title=\"19 characters\">2024-05-17 10:05:31</span>\"
      +\"<span class=sf-dump-public title=\"Runtime added dynamic property\">estado_grup</span>\": <span class=sf-dump-num>1</span>
    </samp>}
    <span class=sf-dump-index>18</span> => {<a class=sf-dump-ref>#2012</a><samp data-depth=3 class=sf-dump-compact>
      +\"<span class=sf-dump-public title=\"Runtime added dynamic property\">id</span>\": <span class=sf-dump-num>20</span>
      +\"<span class=sf-dump-public title=\"Runtime added dynamic property\">descrip</span>\": \"<span class=sf-dump-str title=\"15 characters\">Demo Prot&#233;cnica</span>\"
      +\"<span class=sf-dump-public title=\"Runtime added dynamic property\">created_at</span>\": \"<span class=sf-dump-str title=\"19 characters\">2024-05-17 10:17:50</span>\"
      +\"<span class=sf-dump-public title=\"Runtime added dynamic property\">updated_at</span>\": \"<span class=sf-dump-str title=\"19 characters\">2024-05-17 10:17:50</span>\"
      +\"<span class=sf-dump-public title=\"Runtime added dynamic property\">estado_grup</span>\": <span class=sf-dump-num>1</span>
    </samp>}
    <span class=sf-dump-index>19</span> => {<a class=sf-dump-ref>#2013</a><samp data-depth=3 class=sf-dump-compact>
      +\"<span class=sf-dump-public title=\"Runtime added dynamic property\">id</span>\": <span class=sf-dump-num>21</span>
      +\"<span class=sf-dump-public title=\"Runtime added dynamic property\">descrip</span>\": \"<span class=sf-dump-str title=\"18 characters\">Nuevo_grupo_prueba</span>\"
      +\"<span class=sf-dump-public title=\"Runtime added dynamic property\">created_at</span>\": \"<span class=sf-dump-str title=\"19 characters\">2024-07-04 10:35:09</span>\"
      +\"<span class=sf-dump-public title=\"Runtime added dynamic property\">updated_at</span>\": \"<span class=sf-dump-str title=\"19 characters\">2024-07-04 10:35:09</span>\"
      +\"<span class=sf-dump-public title=\"Runtime added dynamic property\">estado_grup</span>\": <span class=sf-dump-num>1</span>
    </samp>}
    <span class=sf-dump-index>20</span> => {<a class=sf-dump-ref>#2014</a><samp data-depth=3 class=sf-dump-compact>
      +\"<span class=sf-dump-public title=\"Runtime added dynamic property\">id</span>\": <span class=sf-dump-num>22</span>
      +\"<span class=sf-dump-public title=\"Runtime added dynamic property\">descrip</span>\": \"<span class=sf-dump-str title=\"11 characters\">JGB Grupo I</span>\"
      +\"<span class=sf-dump-public title=\"Runtime added dynamic property\">created_at</span>\": \"<span class=sf-dump-str title=\"19 characters\">2024-07-05 14:06:45</span>\"
      +\"<span class=sf-dump-public title=\"Runtime added dynamic property\">updated_at</span>\": \"<span class=sf-dump-str title=\"19 characters\">2024-07-05 14:06:45</span>\"
      +\"<span class=sf-dump-public title=\"Runtime added dynamic property\">estado_grup</span>\": <span class=sf-dump-num>1</span>
    </samp>}
    <span class=sf-dump-index>21</span> => {<a class=sf-dump-ref>#2015</a><samp data-depth=3 class=sf-dump-compact>
      +\"<span class=sf-dump-public title=\"Runtime added dynamic property\">id</span>\": <span class=sf-dump-num>23</span>
      +\"<span class=sf-dump-public title=\"Runtime added dynamic property\">descrip</span>\": \"<span class=sf-dump-str title=\"12 characters\">JGB Grupo II</span>\"
      +\"<span class=sf-dump-public title=\"Runtime added dynamic property\">created_at</span>\": \"<span class=sf-dump-str title=\"19 characters\">2024-07-05 14:07:02</span>\"
      +\"<span class=sf-dump-public title=\"Runtime added dynamic property\">updated_at</span>\": \"<span class=sf-dump-str title=\"19 characters\">2024-07-05 14:07:02</span>\"
      +\"<span class=sf-dump-public title=\"Runtime added dynamic property\">estado_grup</span>\": <span class=sf-dump-num>1</span>
    </samp>}
    <span class=sf-dump-index>22</span> => {<a class=sf-dump-ref>#2016</a><samp data-depth=3 class=sf-dump-compact>
      +\"<span class=sf-dump-public title=\"Runtime added dynamic property\">id</span>\": <span class=sf-dump-num>24</span>
      +\"<span class=sf-dump-public title=\"Runtime added dynamic property\">descrip</span>\": \"<span class=sf-dump-str title=\"13 characters\">JGB Grupo III</span>\"
      +\"<span class=sf-dump-public title=\"Runtime added dynamic property\">created_at</span>\": \"<span class=sf-dump-str title=\"19 characters\">2024-07-05 14:07:20</span>\"
      +\"<span class=sf-dump-public title=\"Runtime added dynamic property\">updated_at</span>\": \"<span class=sf-dump-str title=\"19 characters\">2024-07-05 14:07:20</span>\"
      +\"<span class=sf-dump-public title=\"Runtime added dynamic property\">estado_grup</span>\": <span class=sf-dump-num>1</span>
    </samp>}
    <span class=sf-dump-index>23</span> => {<a class=sf-dump-ref>#2017</a><samp data-depth=3 class=sf-dump-compact>
      +\"<span class=sf-dump-public title=\"Runtime added dynamic property\">id</span>\": <span class=sf-dump-num>25</span>
      +\"<span class=sf-dump-public title=\"Runtime added dynamic property\">descrip</span>\": \"<span class=sf-dump-str title=\"12 characters\">JGB Grupo IV</span>\"
      +\"<span class=sf-dump-public title=\"Runtime added dynamic property\">created_at</span>\": \"<span class=sf-dump-str title=\"19 characters\">2024-07-05 14:07:36</span>\"
      +\"<span class=sf-dump-public title=\"Runtime added dynamic property\">updated_at</span>\": \"<span class=sf-dump-str title=\"19 characters\">2024-07-05 14:07:36</span>\"
      +\"<span class=sf-dump-public title=\"Runtime added dynamic property\">estado_grup</span>\": <span class=sf-dump-num>1</span>
    </samp>}
    <span class=sf-dump-index>24</span> => {<a class=sf-dump-ref>#2018</a><samp data-depth=3 class=sf-dump-compact>
      +\"<span class=sf-dump-public title=\"Runtime added dynamic property\">id</span>\": <span class=sf-dump-num>26</span>
      +\"<span class=sf-dump-public title=\"Runtime added dynamic property\">descrip</span>\": \"<span class=sf-dump-str title=\"11 characters\">ASA grupo I</span>\"
      +\"<span class=sf-dump-public title=\"Runtime added dynamic property\">created_at</span>\": \"<span class=sf-dump-str title=\"19 characters\">2024-07-25 09:02:42</span>\"
      +\"<span class=sf-dump-public title=\"Runtime added dynamic property\">updated_at</span>\": \"<span class=sf-dump-str title=\"19 characters\">2024-07-25 09:02:42</span>\"
      +\"<span class=sf-dump-public title=\"Runtime added dynamic property\">estado_grup</span>\": <span class=sf-dump-num>1</span>
    </samp>}
    <span class=sf-dump-index>25</span> => {<a class=sf-dump-ref>#2019</a><samp data-depth=3 class=sf-dump-compact>
      +\"<span class=sf-dump-public title=\"Runtime added dynamic property\">id</span>\": <span class=sf-dump-num>28</span>
      +\"<span class=sf-dump-public title=\"Runtime added dynamic property\">descrip</span>\": \"<span class=sf-dump-str title=\"17 characters\">Negocios Nutibara</span>\"
      +\"<span class=sf-dump-public title=\"Runtime added dynamic property\">created_at</span>\": \"<span class=sf-dump-str title=\"19 characters\">2024-08-27 08:52:20</span>\"
      +\"<span class=sf-dump-public title=\"Runtime added dynamic property\">updated_at</span>\": \"<span class=sf-dump-str title=\"19 characters\">2024-08-27 08:52:20</span>\"
      +\"<span class=sf-dump-public title=\"Runtime added dynamic property\">estado_grup</span>\": <span class=sf-dump-num>1</span>
    </samp>}
  </samp>]
  #<span class=sf-dump-protected title=\"Protected property\">escapeWhenCastingToString</span>: <span class=sf-dump-const>false</span>
</samp>}
</pre><script>Sfdump(\"sf-dump-551912992\", {\"maxDepth\":3,\"maxStringLength\":160})</script>
","status":"<pre class=sf-dump id=sf-dump-1680509119 data-indent-pad=\"  \">\"\"
</pre><script>Sfdump(\"sf-dump-1680509119\", {\"maxDepth\":3,\"maxStringLength\":160})</script>
"}},"userId":1,"exception":"[object] (Spatie\\LaravelIgnition\\Exceptions\\ViewException(code: 0): Undefined property: stdClass::$admin at C:\\xampp\\htdocs\\evolucion2024\\resources\\views\\admin\\usuarios.blade.php:191)
[stacktrace]
#0 C:\\xampp\\htdocs\\evolucion2024\\vendor\\laravel\\framework\\src\\Illuminate\\Foundation\\Bootstrap\\HandleExceptions.php(270): Illuminate\\Foundation\\Bootstrap\\HandleExceptions->handleError(2, 'Undefined prope...', 'C:\\\\xampp\\\\htdocs...', 190)
#1 C:\\xampp\\htdocs\\evolucion2024\\resources\\views\\admin\\usuarios.blade.php(191): Illuminate\\Foundation\\Bootstrap\\HandleExceptions->Illuminate\\Foundation\\Bootstrap\\{closure}(2, 'Undefined prope...', 'C:\\\\xampp\\\\htdocs...', 190)
#2 C:\\xampp\\htdocs\\evolucion2024\\vendor\\laravel\\framework\\src\\Illuminate\\Filesystem\\Filesystem.php(109): require('C:\\\\xampp\\\\htdocs...')
#3 C:\\xampp\\htdocs\\evolucion2024\\vendor\\laravel\\framework\\src\\Illuminate\\Filesystem\\Filesystem.php(110): Illuminate\\Filesystem\\Filesystem::Illuminate\\Filesystem\\{closure}()
#4 C:\\xampp\\htdocs\\evolucion2024\\vendor\\laravel\\framework\\src\\Illuminate\\View\\Engines\\PhpEngine.php(58): Illuminate\\Filesystem\\Filesystem->getRequire('C:\\\\xampp\\\\htdocs...', Array)
#5 C:\\xampp\\htdocs\\evolucion2024\\vendor\\laravel\\framework\\src\\Illuminate\\View\\Engines\\CompilerEngine.php(70): Illuminate\\View\\Engines\\PhpEngine->evaluatePath('C:\\\\xampp\\\\htdocs...', Array)
#6 C:\\xampp\\htdocs\\evolucion2024\\vendor\\laravel\\framework\\src\\Illuminate\\View\\View.php(195): Illuminate\\View\\Engines\\CompilerEngine->get('C:\\\\xampp\\\\htdocs...', Array)
#7 C:\\xampp\\htdocs\\evolucion2024\\vendor\\laravel\\framework\\src\\Illuminate\\View\\View.php(178): Illuminate\\View\\View->getContents()
#8 C:\\xampp\\htdocs\\evolucion2024\\vendor\\laravel\\framework\\src\\Illuminate\\View\\View.php(147): Illuminate\\View\\View->renderContents()
#9 C:\\xampp\\htdocs\\evolucion2024\\vendor\\laravel\\framework\\src\\Illuminate\\Http\\Response.php(69): Illuminate\\View\\View->render()
#10 C:\\xampp\\htdocs\\evolucion2024\\vendor\\laravel\\framework\\src\\Illuminate\\Http\\Response.php(35): Illuminate\\Http\\Response->setContent(Object(Illuminate\\View\\View))
#11 C:\\xampp\\htdocs\\evolucion2024\\vendor\\laravel\\framework\\src\\Illuminate\\Routing\\Router.php(906): Illuminate\\Http\\Response->__construct(Object(Illuminate\\View\\View), 200, Array)
#12 C:\\xampp\\htdocs\\evolucion2024\\vendor\\laravel\\framework\\src\\Illuminate\\Routing\\Router.php(875): Illuminate\\Routing\\Router::toResponse(Object(Illuminate\\Http\\Request), Object(Illuminate\\View\\View))
#13 C:\\xampp\\htdocs\\evolucion2024\\vendor\\laravel\\framework\\src\\Illuminate\\Routing\\Router.php(798): Illuminate\\Routing\\Router->prepareResponse(Object(Illuminate\\Http\\Request), Object(Illuminate\\View\\View))
#14 C:\\xampp\\htdocs\\evolucion2024\\vendor\\laravel\\framework\\src\\Illuminate\\Pipeline\\Pipeline.php(141): Illuminate\\Routing\\Router->Illuminate\\Routing\\{closure}(Object(Illuminate\\Http\\Request))
#15 C:\\xampp\\htdocs\\evolucion2024\\app\\Http\\Middleware\\RedirectIfSessionExpired.php(25): Illuminate\\Pipeline\\Pipeline->Illuminate\\Pipeline\\{closure}(Object(Illuminate\\Http\\Request))
#16 C:\\xampp\\htdocs\\evolucion2024\\vendor\\laravel\\framework\\src\\Illuminate\\Pipeline\\Pipeline.php(180): App\\Http\\Middleware\\RedirectIfSessionExpired->handle(Object(Illuminate\\Http\\Request), Object(Closure))
#17 C:\\xampp\\htdocs\\evolucion2024\\vendor\\laravel\\framework\\src\\Illuminate\\Routing\\Middleware\\SubstituteBindings.php(50): Illuminate\\Pipeline\\Pipeline->Illuminate\\Pipeline\\{closure}(Object(Illuminate\\Http\\Request))
#18 C:\\xampp\\htdocs\\evolucion2024\\vendor\\laravel\\framework\\src\\Illuminate\\Pipeline\\Pipeline.php(180): Illuminate\\Routing\\Middleware\\SubstituteBindings->handle(Object(Illuminate\\Http\\Request), Object(Closure))
#19 C:\\xampp\\htdocs\\evolucion2024\\vendor\\laravel\\framework\\src\\Illuminate\\Foundation\\Http\\Middleware\\VerifyCsrfToken.php(78): Illuminate\\Pipeline\\Pipeline->Illuminate\\Pipeline\\{closure}(Object(Illuminate\\Http\\Request))
#20 C:\\xampp\\htdocs\\evolucion2024\\vendor\\laravel\\framework\\src\\Illuminate\\Pipeline\\Pipeline.php(180): Illuminate\\Foundation\\Http\\Middleware\\VerifyCsrfToken->handle(Object(Illuminate\\Http\\Request), Object(Closure))
#21 C:\\xampp\\htdocs\\evolucion2024\\vendor\\laravel\\framework\\src\\Illuminate\\View\\Middleware\\ShareErrorsFromSession.php(49): Illuminate\\Pipeline\\Pipeline->Illuminate\\Pipeline\\{closure}(Object(Illuminate\\Http\\Request))
#22 C:\\xampp\\htdocs\\evolucion2024\\vendor\\laravel\\framework\\src\\Illuminate\\Pipeline\\Pipeline.php(180): Illuminate\\View\\Middleware\\ShareErrorsFromSession->handle(Object(Illuminate\\Http\\Request), Object(Closure))
#23 C:\\xampp\\htdocs\\evolucion2024\\vendor\\laravel\\framework\\src\\Illuminate\\Session\\Middleware\\StartSession.php(121): Illuminate\\Pipeline\\Pipeline->Illuminate\\Pipeline\\{closure}(Object(Illuminate\\Http\\Request))
#24 C:\\xampp\\htdocs\\evolucion2024\\vendor\\laravel\\framework\\src\\Illuminate\\Session\\Middleware\\StartSession.php(64): Illuminate\\Session\\Middleware\\StartSession->handleStatefulRequest(Object(Illuminate\\Http\\Request), Object(Illuminate\\Session\\Store), Object(Closure))
#25 C:\\xampp\\htdocs\\evolucion2024\\vendor\\laravel\\framework\\src\\Illuminate\\Pipeline\\Pipeline.php(180): Illuminate\\Session\\Middleware\\StartSession->handle(Object(Illuminate\\Http\\Request), Object(Closure))
#26 C:\\xampp\\htdocs\\evolucion2024\\vendor\\laravel\\framework\\src\\Illuminate\\Cookie\\Middleware\\AddQueuedCookiesToResponse.php(37): Illuminate\\Pipeline\\Pipeline->Illuminate\\Pipeline\\{closure}(Object(Illuminate\\Http\\Request))
#27 C:\\xampp\\htdocs\\evolucion2024\\vendor\\laravel\\framework\\src\\Illuminate\\Pipeline\\Pipeline.php(180): Illuminate\\Cookie\\Middleware\\AddQueuedCookiesToResponse->handle(Object(Illuminate\\Http\\Request), Object(Closure))
#28 C:\\xampp\\htdocs\\evolucion2024\\vendor\\laravel\\framework\\src\\Illuminate\\Cookie\\Middleware\\EncryptCookies.php(67): Illuminate\\Pipeline\\Pipeline->Illuminate\\Pipeline\\{closure}(Object(Illuminate\\Http\\Request))
#29 C:\\xampp\\htdocs\\evolucion2024\\vendor\\laravel\\framework\\src\\Illuminate\\Pipeline\\Pipeline.php(180): Illuminate\\Cookie\\Middleware\\EncryptCookies->handle(Object(Illuminate\\Http\\Request), Object(Closure))
#30 C:\\xampp\\htdocs\\evolucion2024\\vendor\\laravel\\framework\\src\\Illuminate\\Pipeline\\Pipeline.php(116): Illuminate\\Pipeline\\Pipeline->Illuminate\\Pipeline\\{closure}(Object(Illuminate\\Http\\Request))
#31 C:\\xampp\\htdocs\\evolucion2024\\vendor\\laravel\\framework\\src\\Illuminate\\Routing\\Router.php(799): Illuminate\\Pipeline\\Pipeline->then(Object(Closure))
#32 C:\\xampp\\htdocs\\evolucion2024\\vendor\\laravel\\framework\\src\\Illuminate\\Routing\\Router.php(776): Illuminate\\Routing\\Router->runRouteWithinStack(Object(Illuminate\\Routing\\Route), Object(Illuminate\\Http\\Request))
#33 C:\\xampp\\htdocs\\evolucion2024\\vendor\\laravel\\framework\\src\\Illuminate\\Routing\\Router.php(740): Illuminate\\Routing\\Router->runRoute(Object(Illuminate\\Http\\Request), Object(Illuminate\\Routing\\Route))
#34 C:\\xampp\\htdocs\\evolucion2024\\vendor\\laravel\\framework\\src\\Illuminate\\Routing\\Router.php(729): Illuminate\\Routing\\Router->dispatchToRoute(Object(Illuminate\\Http\\Request))
#35 C:\\xampp\\htdocs\\evolucion2024\\vendor\\laravel\\framework\\src\\Illuminate\\Foundation\\Http\\Kernel.php(190): Illuminate\\Routing\\Router->dispatch(Object(Illuminate\\Http\\Request))
#36 C:\\xampp\\htdocs\\evolucion2024\\vendor\\laravel\\framework\\src\\Illuminate\\Pipeline\\Pipeline.php(141): Illuminate\\Foundation\\Http\\Kernel->Illuminate\\Foundation\\Http\\{closure}(Object(Illuminate\\Http\\Request))
#37 C:\\xampp\\htdocs\\evolucion2024\\vendor\\laravel\\framework\\src\\Illuminate\\Http\\Middleware\\TrustProxies.php(39): Illuminate\\Pipeline\\Pipeline->Illuminate\\Pipeline\\{closure}(Object(Illuminate\\Http\\Request))
#38 C:\\xampp\\htdocs\\evolucion2024\\vendor\\laravel\\framework\\src\\Illuminate\\Pipeline\\Pipeline.php(180): Illuminate\\Http\\Middleware\\TrustProxies->handle(Object(Illuminate\\Http\\Request), Object(Closure))
#39 C:\\xampp\\htdocs\\evolucion2024\\vendor\\laravel\\framework\\src\\Illuminate\\Foundation\\Http\\Middleware\\TransformsRequest.php(21): Illuminate\\Pipeline\\Pipeline->Illuminate\\Pipeline\\{closure}(Object(Illuminate\\Http\\Request))
#40 C:\\xampp\\htdocs\\evolucion2024\\vendor\\laravel\\framework\\src\\Illuminate\\Foundation\\Http\\Middleware\\ConvertEmptyStringsToNull.php(31): Illuminate\\Foundation\\Http\\Middleware\\TransformsRequest->handle(Object(Illuminate\\Http\\Request), Object(Closure))
#41 C:\\xampp\\htdocs\\evolucion2024\\vendor\\laravel\\framework\\src\\Illuminate\\Pipeline\\Pipeline.php(180): Illuminate\\Foundation\\Http\\Middleware\\ConvertEmptyStringsToNull->handle(Object(Illuminate\\Http\\Request), Object(Closure))
#42 C:\\xampp\\htdocs\\evolucion2024\\vendor\\laravel\\framework\\src\\Illuminate\\Foundation\\Http\\Middleware\\TransformsRequest.php(21): Illuminate\\Pipeline\\Pipeline->Illuminate\\Pipeline\\{closure}(Object(Illuminate\\Http\\Request))
#43 C:\\xampp\\htdocs\\evolucion2024\\vendor\\laravel\\framework\\src\\Illuminate\\Foundation\\Http\\Middleware\\TrimStrings.php(40): Illuminate\\Foundation\\Http\\Middleware\\TransformsRequest->handle(Object(Illuminate\\Http\\Request), Object(Closure))
#44 C:\\xampp\\htdocs\\evolucion2024\\vendor\\laravel\\framework\\src\\Illuminate\\Pipeline\\Pipeline.php(180): Illuminate\\Foundation\\Http\\Middleware\\TrimStrings->handle(Object(Illuminate\\Http\\Request), Object(Closure))
#45 C:\\xampp\\htdocs\\evolucion2024\\vendor\\laravel\\framework\\src\\Illuminate\\Foundation\\Http\\Middleware\\ValidatePostSize.php(27): Illuminate\\Pipeline\\Pipeline->Illuminate\\Pipeline\\{closure}(Object(Illuminate\\Http\\Request))
#46 C:\\xampp\\htdocs\\evolucion2024\\vendor\\laravel\\framework\\src\\Illuminate\\Pipeline\\Pipeline.php(180): Illuminate\\Foundation\\Http\\Middleware\\ValidatePostSize->handle(Object(Illuminate\\Http\\Request), Object(Closure))
#47 C:\\xampp\\htdocs\\evolucion2024\\vendor\\laravel\\framework\\src\\Illuminate\\Foundation\\Http\\Middleware\\PreventRequestsDuringMaintenance.php(86): Illuminate\\Pipeline\\Pipeline->Illuminate\\Pipeline\\{closure}(Object(Illuminate\\Http\\Request))
#48 C:\\xampp\\htdocs\\evolucion2024\\vendor\\laravel\\framework\\src\\Illuminate\\Pipeline\\Pipeline.php(180): Illuminate\\Foundation\\Http\\Middleware\\PreventRequestsDuringMaintenance->handle(Object(Illuminate\\Http\\Request), Object(Closure))
#49 C:\\xampp\\htdocs\\evolucion2024\\vendor\\laravel\\framework\\src\\Illuminate\\Pipeline\\Pipeline.php(116): Illuminate\\Pipeline\\Pipeline->Illuminate\\Pipeline\\{closure}(Object(Illuminate\\Http\\Request))
#50 C:\\xampp\\htdocs\\evolucion2024\\vendor\\laravel\\framework\\src\\Illuminate\\Foundation\\Http\\Kernel.php(165): Illuminate\\Pipeline\\Pipeline->then(Object(Closure))
#51 C:\\xampp\\htdocs\\evolucion2024\\vendor\\laravel\\framework\\src\\Illuminate\\Foundation\\Http\\Kernel.php(134): Illuminate\\Foundation\\Http\\Kernel->sendRequestThroughRouter(Object(Illuminate\\Http\\Request))
#52 C:\\xampp\\htdocs\\evolucion2024\\public\\index.php(55): Illuminate\\Foundation\\Http\\Kernel->handle(Object(Illuminate\\Http\\Request))
#53 C:\\xampp\\htdocs\\evolucion2024\\server.php(21): require_once('C:\\\\xampp\\\\htdocs...')
#54 {main}

[previous exception] [object] (ErrorException(code: 0): Undefined property: stdClass::$admin at C:\\xampp\\htdocs\\evolucion2024\\storage\\framework\\views\\1bdc4dd6b6161f5cc03d6234b77412ba5bb7845e.php:190)
[stacktrace]
#0 C:\\xampp\\htdocs\\evolucion2024\\vendor\\laravel\\framework\\src\\Illuminate\\Foundation\\Bootstrap\\HandleExceptions.php(270): Illuminate\\Foundation\\Bootstrap\\HandleExceptions->handleError(2, 'Undefined prope...', 'C:\\\\xampp\\\\htdocs...', 190)
#1 C:\\xampp\\htdocs\\evolucion2024\\storage\\framework\\views\\1bdc4dd6b6161f5cc03d6234b77412ba5bb7845e.php(190): Illuminate\\Foundation\\Bootstrap\\HandleExceptions->Illuminate\\Foundation\\Bootstrap\\{closure}(2, 'Undefined prope...', 'C:\\\\xampp\\\\htdocs...', 190)
#2 C:\\xampp\\htdocs\\evolucion2024\\vendor\\laravel\\framework\\src\\Illuminate\\Filesystem\\Filesystem.php(109): require('C:\\\\xampp\\\\htdocs...')
#3 C:\\xampp\\htdocs\\evolucion2024\\vendor\\laravel\\framework\\src\\Illuminate\\Filesystem\\Filesystem.php(110): Illuminate\\Filesystem\\Filesystem::Illuminate\\Filesystem\\{closure}()
#4 C:\\xampp\\htdocs\\evolucion2024\\vendor\\laravel\\framework\\src\\Illuminate\\View\\Engines\\PhpEngine.php(58): Illuminate\\Filesystem\\Filesystem->getRequire('C:\\\\xampp\\\\htdocs...', Array)
#5 C:\\xampp\\htdocs\\evolucion2024\\vendor\\laravel\\framework\\src\\Illuminate\\View\\Engines\\CompilerEngine.php(70): Illuminate\\View\\Engines\\PhpEngine->evaluatePath('C:\\\\xampp\\\\htdocs...', Array)
#6 C:\\xampp\\htdocs\\evolucion2024\\vendor\\laravel\\framework\\src\\Illuminate\\View\\View.php(195): Illuminate\\View\\Engines\\CompilerEngine->get('C:\\\\xampp\\\\htdocs...', Array)
#7 C:\\xampp\\htdocs\\evolucion2024\\vendor\\laravel\\framework\\src\\Illuminate\\View\\View.php(178): Illuminate\\View\\View->getContents()
#8 C:\\xampp\\htdocs\\evolucion2024\\vendor\\laravel\\framework\\src\\Illuminate\\View\\View.php(147): Illuminate\\View\\View->renderContents()
#9 C:\\xampp\\htdocs\\evolucion2024\\vendor\\laravel\\framework\\src\\Illuminate\\Http\\Response.php(69): Illuminate\\View\\View->render()
#10 C:\\xampp\\htdocs\\evolucion2024\\vendor\\laravel\\framework\\src\\Illuminate\\Http\\Response.php(35): Illuminate\\Http\\Response->setContent(Object(Illuminate\\View\\View))
#11 C:\\xampp\\htdocs\\evolucion2024\\vendor\\laravel\\framework\\src\\Illuminate\\Routing\\Router.php(906): Illuminate\\Http\\Response->__construct(Object(Illuminate\\View\\View), 200, Array)
#12 C:\\xampp\\htdocs\\evolucion2024\\vendor\\laravel\\framework\\src\\Illuminate\\Routing\\Router.php(875): Illuminate\\Routing\\Router::toResponse(Object(Illuminate\\Http\\Request), Object(Illuminate\\View\\View))
#13 C:\\xampp\\htdocs\\evolucion2024\\vendor\\laravel\\framework\\src\\Illuminate\\Routing\\Router.php(798): Illuminate\\Routing\\Router->prepareResponse(Object(Illuminate\\Http\\Request), Object(Illuminate\\View\\View))
#14 C:\\xampp\\htdocs\\evolucion2024\\vendor\\laravel\\framework\\src\\Illuminate\\Pipeline\\Pipeline.php(141): Illuminate\\Routing\\Router->Illuminate\\Routing\\{closure}(Object(Illuminate\\Http\\Request))
#15 C:\\xampp\\htdocs\\evolucion2024\\app\\Http\\Middleware\\RedirectIfSessionExpired.php(25): Illuminate\\Pipeline\\Pipeline->Illuminate\\Pipeline\\{closure}(Object(Illuminate\\Http\\Request))
#16 C:\\xampp\\htdocs\\evolucion2024\\vendor\\laravel\\framework\\src\\Illuminate\\Pipeline\\Pipeline.php(180): App\\Http\\Middleware\\RedirectIfSessionExpired->handle(Object(Illuminate\\Http\\Request), Object(Closure))
#17 C:\\xampp\\htdocs\\evolucion2024\\vendor\\laravel\\framework\\src\\Illuminate\\Routing\\Middleware\\SubstituteBindings.php(50): Illuminate\\Pipeline\\Pipeline->Illuminate\\Pipeline\\{closure}(Object(Illuminate\\Http\\Request))
#18 C:\\xampp\\htdocs\\evolucion2024\\vendor\\laravel\\framework\\src\\Illuminate\\Pipeline\\Pipeline.php(180): Illuminate\\Routing\\Middleware\\SubstituteBindings->handle(Object(Illuminate\\Http\\Request), Object(Closure))
#19 C:\\xampp\\htdocs\\evolucion2024\\vendor\\laravel\\framework\\src\\Illuminate\\Foundation\\Http\\Middleware\\VerifyCsrfToken.php(78): Illuminate\\Pipeline\\Pipeline->Illuminate\\Pipeline\\{closure}(Object(Illuminate\\Http\\Request))
#20 C:\\xampp\\htdocs\\evolucion2024\\vendor\\laravel\\framework\\src\\Illuminate\\Pipeline\\Pipeline.php(180): Illuminate\\Foundation\\Http\\Middleware\\VerifyCsrfToken->handle(Object(Illuminate\\Http\\Request), Object(Closure))
#21 C:\\xampp\\htdocs\\evolucion2024\\vendor\\laravel\\framework\\src\\Illuminate\\View\\Middleware\\ShareErrorsFromSession.php(49): Illuminate\\Pipeline\\Pipeline->Illuminate\\Pipeline\\{closure}(Object(Illuminate\\Http\\Request))
#22 C:\\xampp\\htdocs\\evolucion2024\\vendor\\laravel\\framework\\src\\Illuminate\\Pipeline\\Pipeline.php(180): Illuminate\\View\\Middleware\\ShareErrorsFromSession->handle(Object(Illuminate\\Http\\Request), Object(Closure))
#23 C:\\xampp\\htdocs\\evolucion2024\\vendor\\laravel\\framework\\src\\Illuminate\\Session\\Middleware\\StartSession.php(121): Illuminate\\Pipeline\\Pipeline->Illuminate\\Pipeline\\{closure}(Object(Illuminate\\Http\\Request))
#24 C:\\xampp\\htdocs\\evolucion2024\\vendor\\laravel\\framework\\src\\Illuminate\\Session\\Middleware\\StartSession.php(64): Illuminate\\Session\\Middleware\\StartSession->handleStatefulRequest(Object(Illuminate\\Http\\Request), Object(Illuminate\\Session\\Store), Object(Closure))
#25 C:\\xampp\\htdocs\\evolucion2024\\vendor\\laravel\\framework\\src\\Illuminate\\Pipeline\\Pipeline.php(180): Illuminate\\Session\\Middleware\\StartSession->handle(Object(Illuminate\\Http\\Request), Object(Closure))
#26 C:\\xampp\\htdocs\\evolucion2024\\vendor\\laravel\\framework\\src\\Illuminate\\Cookie\\Middleware\\AddQueuedCookiesToResponse.php(37): Illuminate\\Pipeline\\Pipeline->Illuminate\\Pipeline\\{closure}(Object(Illuminate\\Http\\Request))
#27 C:\\xampp\\htdocs\\evolucion2024\\vendor\\laravel\\framework\\src\\Illuminate\\Pipeline\\Pipeline.php(180): Illuminate\\Cookie\\Middleware\\AddQueuedCookiesToResponse->handle(Object(Illuminate\\Http\\Request), Object(Closure))
#28 C:\\xampp\\htdocs\\evolucion2024\\vendor\\laravel\\framework\\src\\Illuminate\\Cookie\\Middleware\\EncryptCookies.php(67): Illuminate\\Pipeline\\Pipeline->Illuminate\\Pipeline\\{closure}(Object(Illuminate\\Http\\Request))
#29 C:\\xampp\\htdocs\\evolucion2024\\vendor\\laravel\\framework\\src\\Illuminate\\Pipeline\\Pipeline.php(180): Illuminate\\Cookie\\Middleware\\EncryptCookies->handle(Object(Illuminate\\Http\\Request), Object(Closure))
#30 C:\\xampp\\htdocs\\evolucion2024\\vendor\\laravel\\framework\\src\\Illuminate\\Pipeline\\Pipeline.php(116): Illuminate\\Pipeline\\Pipeline->Illuminate\\Pipeline\\{closure}(Object(Illuminate\\Http\\Request))
#31 C:\\xampp\\htdocs\\evolucion2024\\vendor\\laravel\\framework\\src\\Illuminate\\Routing\\Router.php(799): Illuminate\\Pipeline\\Pipeline->then(Object(Closure))
#32 C:\\xampp\\htdocs\\evolucion2024\\vendor\\laravel\\framework\\src\\Illuminate\\Routing\\Router.php(776): Illuminate\\Routing\\Router->runRouteWithinStack(Object(Illuminate\\Routing\\Route), Object(Illuminate\\Http\\Request))
#33 C:\\xampp\\htdocs\\evolucion2024\\vendor\\laravel\\framework\\src\\Illuminate\\Routing\\Router.php(740): Illuminate\\Routing\\Router->runRoute(Object(Illuminate\\Http\\Request), Object(Illuminate\\Routing\\Route))
#34 C:\\xampp\\htdocs\\evolucion2024\\vendor\\laravel\\framework\\src\\Illuminate\\Routing\\Router.php(729): Illuminate\\Routing\\Router->dispatchToRoute(Object(Illuminate\\Http\\Request))
#35 C:\\xampp\\htdocs\\evolucion2024\\vendor\\laravel\\framework\\src\\Illuminate\\Foundation\\Http\\Kernel.php(190): Illuminate\\Routing\\Router->dispatch(Object(Illuminate\\Http\\Request))
#36 C:\\xampp\\htdocs\\evolucion2024\\vendor\\laravel\\framework\\src\\Illuminate\\Pipeline\\Pipeline.php(141): Illuminate\\Foundation\\Http\\Kernel->Illuminate\\Foundation\\Http\\{closure}(Object(Illuminate\\Http\\Request))
#37 C:\\xampp\\htdocs\\evolucion2024\\vendor\\laravel\\framework\\src\\Illuminate\\Http\\Middleware\\TrustProxies.php(39): Illuminate\\Pipeline\\Pipeline->Illuminate\\Pipeline\\{closure}(Object(Illuminate\\Http\\Request))
#38 C:\\xampp\\htdocs\\evolucion2024\\vendor\\laravel\\framework\\src\\Illuminate\\Pipeline\\Pipeline.php(180): Illuminate\\Http\\Middleware\\TrustProxies->handle(Object(Illuminate\\Http\\Request), Object(Closure))
#39 C:\\xampp\\htdocs\\evolucion2024\\vendor\\laravel\\framework\\src\\Illuminate\\Foundation\\Http\\Middleware\\TransformsRequest.php(21): Illuminate\\Pipeline\\Pipeline->Illuminate\\Pipeline\\{closure}(Object(Illuminate\\Http\\Request))
#40 C:\\xampp\\htdocs\\evolucion2024\\vendor\\laravel\\framework\\src\\Illuminate\\Foundation\\Http\\Middleware\\ConvertEmptyStringsToNull.php(31): Illuminate\\Foundation\\Http\\Middleware\\TransformsRequest->handle(Object(Illuminate\\Http\\Request), Object(Closure))
#41 C:\\xampp\\htdocs\\evolucion2024\\vendor\\laravel\\framework\\src\\Illuminate\\Pipeline\\Pipeline.php(180): Illuminate\\Foundation\\Http\\Middleware\\ConvertEmptyStringsToNull->handle(Object(Illuminate\\Http\\Request), Object(Closure))
#42 C:\\xampp\\htdocs\\evolucion2024\\vendor\\laravel\\framework\\src\\Illuminate\\Foundation\\Http\\Middleware\\TransformsRequest.php(21): Illuminate\\Pipeline\\Pipeline->Illuminate\\Pipeline\\{closure}(Object(Illuminate\\Http\\Request))
#43 C:\\xampp\\htdocs\\evolucion2024\\vendor\\laravel\\framework\\src\\Illuminate\\Foundation\\Http\\Middleware\\TrimStrings.php(40): Illuminate\\Foundation\\Http\\Middleware\\TransformsRequest->handle(Object(Illuminate\\Http\\Request), Object(Closure))
#44 C:\\xampp\\htdocs\\evolucion2024\\vendor\\laravel\\framework\\src\\Illuminate\\Pipeline\\Pipeline.php(180): Illuminate\\Foundation\\Http\\Middleware\\TrimStrings->handle(Object(Illuminate\\Http\\Request), Object(Closure))
#45 C:\\xampp\\htdocs\\evolucion2024\\vendor\\laravel\\framework\\src\\Illuminate\\Foundation\\Http\\Middleware\\ValidatePostSize.php(27): Illuminate\\Pipeline\\Pipeline->Illuminate\\Pipeline\\{closure}(Object(Illuminate\\Http\\Request))
#46 C:\\xampp\\htdocs\\evolucion2024\\vendor\\laravel\\framework\\src\\Illuminate\\Pipeline\\Pipeline.php(180): Illuminate\\Foundation\\Http\\Middleware\\ValidatePostSize->handle(Object(Illuminate\\Http\\Request), Object(Closure))
#47 C:\\xampp\\htdocs\\evolucion2024\\vendor\\laravel\\framework\\src\\Illuminate\\Foundation\\Http\\Middleware\\PreventRequestsDuringMaintenance.php(86): Illuminate\\Pipeline\\Pipeline->Illuminate\\Pipeline\\{closure}(Object(Illuminate\\Http\\Request))
#48 C:\\xampp\\htdocs\\evolucion2024\\vendor\\laravel\\framework\\src\\Illuminate\\Pipeline\\Pipeline.php(180): Illuminate\\Foundation\\Http\\Middleware\\PreventRequestsDuringMaintenance->handle(Object(Illuminate\\Http\\Request), Object(Closure))
#49 C:\\xampp\\htdocs\\evolucion2024\\vendor\\laravel\\framework\\src\\Illuminate\\Pipeline\\Pipeline.php(116): Illuminate\\Pipeline\\Pipeline->Illuminate\\Pipeline\\{closure}(Object(Illuminate\\Http\\Request))
#50 C:\\xampp\\htdocs\\evolucion2024\\vendor\\laravel\\framework\\src\\Illuminate\\Foundation\\Http\\Kernel.php(165): Illuminate\\Pipeline\\Pipeline->then(Object(Closure))
#51 C:\\xampp\\htdocs\\evolucion2024\\vendor\\laravel\\framework\\src\\Illuminate\\Foundation\\Http\\Kernel.php(134): Illuminate\\Foundation\\Http\\Kernel->sendRequestThroughRouter(Object(Illuminate\\Http\\Request))
#52 C:\\xampp\\htdocs\\evolucion2024\\public\\index.php(55): Illuminate\\Foundation\\Http\\Kernel->handle(Object(Illuminate\\Http\\Request))
#53 C:\\xampp\\htdocs\\evolucion2024\\server.php(21): require_once('C:\\\\xampp\\\\htdocs...')
#54 {main}
"} 
[2025-02-10 21:09:11] production.ERROR: syntax error, unexpected token "endif" {"view":{"view":"C:\\xampp\\htdocs\\evolucion2024\\resources\\views\\player\\capitulos.blade.php","data":{"errors":"<pre class=sf-dump id=sf-dump-528171647 data-indent-pad=\"  \"><span class=sf-dump-note>Illuminate\\Support\\ViewErrorBag</span> {<a class=sf-dump-ref>#1620</a><samp data-depth=1 class=sf-dump-expanded>
  #<span class=sf-dump-protected title=\"Protected property\">bags</span>: []
</samp>}
</pre><script>Sfdump(\"sf-dump-528171647\", {\"maxDepth\":3,\"maxStringLength\":160})</script>
","capitulos":"<pre class=sf-dump id=sf-dump-1162277304 data-indent-pad=\"  \"><span class=sf-dump-note>App\\PosUsuModel\\CapituloModel</span> {<a class=sf-dump-ref>#1691</a><samp data-depth=1 class=sf-dump-expanded>
  #<span class=sf-dump-protected title=\"Protected property\">connection</span>: \"<span class=sf-dump-str title=\"5 characters\">mysql</span>\"
  #<span class=sf-dump-protected title=\"Protected property\">table</span>: \"<span class=sf-dump-str title=\"8 characters\">chapters</span>\"
  #<span class=sf-dump-protected title=\"Protected property\">primaryKey</span>: \"<span class=sf-dump-str title=\"2 characters\">id</span>\"
  #<span class=sf-dump-protected title=\"Protected property\">keyType</span>: \"<span class=sf-dump-str title=\"3 characters\">int</span>\"
  +<span class=sf-dump-public title=\"Public property\">incrementing</span>: <span class=sf-dump-const>true</span>
  #<span class=sf-dump-protected title=\"Protected property\">with</span>: []
  #<span class=sf-dump-protected title=\"Protected property\">withCount</span>: []
  +<span class=sf-dump-public title=\"Public property\">preventsLazyLoading</span>: <span class=sf-dump-const>false</span>
  #<span class=sf-dump-protected title=\"Protected property\">perPage</span>: <span class=sf-dump-num>15</span>
  +<span class=sf-dump-public title=\"Public property\">exists</span>: <span class=sf-dump-const>true</span>
  +<span class=sf-dump-public title=\"Public property\">wasRecentlyCreated</span>: <span class=sf-dump-const>false</span>
  #<span class=sf-dump-protected title=\"Protected property\">escapeWhenCastingToString</span>: <span class=sf-dump-const>false</span>
  #<span class=sf-dump-protected title=\"Protected property\">attributes</span>: <span class=sf-dump-note>array:10</span> [<samp data-depth=2 class=sf-dump-compact>
    \"<span class=sf-dump-key>id</span>\" => <span class=sf-dump-num>2</span>
    \"<span class=sf-dump-key>name</span>\" => \"<span class=sf-dump-str title=\"10 characters\">Cap&#237;tulo 2</span>\"
    \"<span class=sf-dump-key>title</span>\" => \"<span class=sf-dump-str title=\"15 characters\">Auto Liderarnos</span>\"
    \"<span class=sf-dump-key>order</span>\" => <span class=sf-dump-num>2</span>
    \"<span class=sf-dump-key>videoIntro</span>\" => \"<span class=sf-dump-str title=\"14 characters\">Capitulo_1.mp4</span>\"
    \"<span class=sf-dump-key>imgintro</span>\" => \"<span class=sf-dump-str title=\"25 characters\">dist/img/chapter02_bg.jpg</span>\"
    \"<span class=sf-dump-key>description</span>\" => \"<span class=sf-dump-str title=\"122 characters\">La nave no debe estar m&#225;s tiempo en el espacio exterior, debemos aprender a influenciar sobre lo que sucede en el espacio.</span>\"
    \"<span class=sf-dump-key>time</span>\" => <span class=sf-dump-num>15</span>
    \"<span class=sf-dump-key>created_at</span>\" => \"<span class=sf-dump-str title=\"19 characters\">2020-05-05 09:27:34</span>\"
    \"<span class=sf-dump-key>updated_at</span>\" => \"<span class=sf-dump-str title=\"19 characters\">2023-07-11 10:22:56</span>\"
  </samp>]
  #<span class=sf-dump-protected title=\"Protected property\">original</span>: <span class=sf-dump-note>array:10</span> [<samp data-depth=2 class=sf-dump-compact>
    \"<span class=sf-dump-key>id</span>\" => <span class=sf-dump-num>2</span>
    \"<span class=sf-dump-key>name</span>\" => \"<span class=sf-dump-str title=\"10 characters\">Cap&#237;tulo 2</span>\"
    \"<span class=sf-dump-key>title</span>\" => \"<span class=sf-dump-str title=\"15 characters\">Auto Liderarnos</span>\"
    \"<span class=sf-dump-key>order</span>\" => <span class=sf-dump-num>2</span>
    \"<span class=sf-dump-key>videoIntro</span>\" => \"<span class=sf-dump-str title=\"14 characters\">Capitulo_1.mp4</span>\"
    \"<span class=sf-dump-key>imgintro</span>\" => \"<span class=sf-dump-str title=\"25 characters\">dist/img/chapter02_bg.jpg</span>\"
    \"<span class=sf-dump-key>description</span>\" => \"<span class=sf-dump-str title=\"122 characters\">La nave no debe estar m&#225;s tiempo en el espacio exterior, debemos aprender a influenciar sobre lo que sucede en el espacio.</span>\"
    \"<span class=sf-dump-key>time</span>\" => <span class=sf-dump-num>15</span>
    \"<span class=sf-dump-key>created_at</span>\" => \"<span class=sf-dump-str title=\"19 characters\">2020-05-05 09:27:34</span>\"
    \"<span class=sf-dump-key>updated_at</span>\" => \"<span class=sf-dump-str title=\"19 characters\">2023-07-11 10:22:56</span>\"
  </samp>]
  #<span class=sf-dump-protected title=\"Protected property\">changes</span>: []
  #<span class=sf-dump-protected title=\"Protected property\">casts</span>: []
  #<span class=sf-dump-protected title=\"Protected property\">classCastCache</span>: []
  #<span class=sf-dump-protected title=\"Protected property\">attributeCastCache</span>: []
  #<span class=sf-dump-protected title=\"Protected property\">dates</span>: []
  #<span class=sf-dump-protected title=\"Protected property\">dateFormat</span>: <span class=sf-dump-const>null</span>
  #<span class=sf-dump-protected title=\"Protected property\">appends</span>: []
  #<span class=sf-dump-protected title=\"Protected property\">dispatchesEvents</span>: []
  #<span class=sf-dump-protected title=\"Protected property\">observables</span>: []
  #<span class=sf-dump-protected title=\"Protected property\">relations</span>: []
  #<span class=sf-dump-protected title=\"Protected property\">touches</span>: []
  +<span class=sf-dump-public title=\"Public property\">timestamps</span>: <span class=sf-dump-const>true</span>
  #<span class=sf-dump-protected title=\"Protected property\">hidden</span>: []
  #<span class=sf-dump-protected title=\"Protected property\">visible</span>: []
  #<span class=sf-dump-protected title=\"Protected property\">fillable</span>: []
  #<span class=sf-dump-protected title=\"Protected property\">guarded</span>: <span class=sf-dump-note>array:1</span> [<samp data-depth=2 class=sf-dump-compact>
    <span class=sf-dump-index>0</span> => \"<span class=sf-dump-str>*</span>\"
  </samp>]
  #<span class=sf-dump-protected title=\"Protected property\">primarykey</span>: \"<span class=sf-dump-str title=\"2 characters\">id</span>\"
</samp>}
</pre><script>Sfdump(\"sf-dump-1162277304\", {\"maxDepth\":3,\"maxStringLength\":160})</script>
","mensaje":"<pre class=sf-dump id=sf-dump-1162239027 data-indent-pad=\"  \"><span class=sf-dump-num>1</span>
</pre><script>Sfdump(\"sf-dump-1162239027\", {\"maxDepth\":3,\"maxStringLength\":160})</script>
","retp":"<pre class=sf-dump id=sf-dump-1198037544 data-indent-pad=\"  \">[]
</pre><script>Sfdump(\"sf-dump-1198037544\", {\"maxDepth\":3,\"maxStringLength\":160})</script>
","tareacap":"<pre class=sf-dump id=sf-dump-508929729 data-indent-pad=\"  \"><span class=sf-dump-note>Illuminate\\Support\\Collection</span> {<a class=sf-dump-ref>#1692</a><samp data-depth=1 class=sf-dump-expanded>
  #<span class=sf-dump-protected title=\"Protected property\">items</span>: <span class=sf-dump-note>array:11</span> [<samp data-depth=2 class=sf-dump-compact>
    <span class=sf-dump-index>0</span> => {<a class=sf-dump-ref>#1658</a><samp data-depth=3 class=sf-dump-compact>
      +\"<span class=sf-dump-public title=\"Runtime added dynamic property\">cap</span>\": <span class=sf-dump-num>2</span>
      +\"<span class=sf-dump-public title=\"Runtime added dynamic property\">idt</span>\": <span class=sf-dump-num>10</span>
      +\"<span class=sf-dump-public title=\"Runtime added dynamic property\">name</span>\": \"<span class=sf-dump-str title=\"44 characters\">1.1.1  &#191;Porqu&#233; es importante auto liderazgo?</span>\"
    </samp>}
    <span class=sf-dump-index>1</span> => {<a class=sf-dump-ref>#1693</a><samp data-depth=3 class=sf-dump-compact>
      +\"<span class=sf-dump-public title=\"Runtime added dynamic property\">cap</span>\": <span class=sf-dump-num>2</span>
      +\"<span class=sf-dump-public title=\"Runtime added dynamic property\">idt</span>\": <span class=sf-dump-num>12</span>
      +\"<span class=sf-dump-public title=\"Runtime added dynamic property\">name</span>\": \"<span class=sf-dump-str title=\"26 characters\">1.1.2 Preg&#250;ntale a alguien</span>\"
    </samp>}
    <span class=sf-dump-index>2</span> => {<a class=sf-dump-ref>#1694</a><samp data-depth=3 class=sf-dump-compact>
      +\"<span class=sf-dump-public title=\"Runtime added dynamic property\">cap</span>\": <span class=sf-dump-num>2</span>
      +\"<span class=sf-dump-public title=\"Runtime added dynamic property\">idt</span>\": <span class=sf-dump-num>13</span>
      +\"<span class=sf-dump-public title=\"Runtime added dynamic property\">name</span>\": \"<span class=sf-dump-str title=\"26 characters\">1.2.1 Proactivo o Reactivo</span>\"
    </samp>}
    <span class=sf-dump-index>3</span> => {<a class=sf-dump-ref>#1696</a><samp data-depth=3 class=sf-dump-compact>
      +\"<span class=sf-dump-public title=\"Runtime added dynamic property\">cap</span>\": <span class=sf-dump-num>2</span>
      +\"<span class=sf-dump-public title=\"Runtime added dynamic property\">idt</span>\": <span class=sf-dump-num>14</span>
      +\"<span class=sf-dump-public title=\"Runtime added dynamic property\">name</span>\": \"<span class=sf-dump-str title=\"21 characters\">1.2.2 Reto - C&#237;rculos</span>\"
    </samp>}
    <span class=sf-dump-index>4</span> => {<a class=sf-dump-ref>#1697</a><samp data-depth=3 class=sf-dump-compact>
      +\"<span class=sf-dump-public title=\"Runtime added dynamic property\">cap</span>\": <span class=sf-dump-num>2</span>
      +\"<span class=sf-dump-public title=\"Runtime added dynamic property\">idt</span>\": <span class=sf-dump-num>15</span>
      +\"<span class=sf-dump-public title=\"Runtime added dynamic property\">name</span>\": \"<span class=sf-dump-str title=\"34 characters\">1.2.3 Ampliando circulo influencia</span>\"
    </samp>}
    <span class=sf-dump-index>5</span> => {<a class=sf-dump-ref>#1698</a><samp data-depth=3 class=sf-dump-compact>
      +\"<span class=sf-dump-public title=\"Runtime added dynamic property\">cap</span>\": <span class=sf-dump-num>2</span>
      +\"<span class=sf-dump-public title=\"Runtime added dynamic property\">idt</span>\": <span class=sf-dump-num>16</span>
      +\"<span class=sf-dump-public title=\"Runtime added dynamic property\">name</span>\": \"<span class=sf-dump-str title=\"42 characters\">1.2.4 Reto - Cambiar los tener por los Ser</span>\"
    </samp>}
    <span class=sf-dump-index>6</span> => {<a class=sf-dump-ref>#1701</a><samp data-depth=3 class=sf-dump-compact>
      +\"<span class=sf-dump-public title=\"Runtime added dynamic property\">cap</span>\": <span class=sf-dump-num>2</span>
      +\"<span class=sf-dump-public title=\"Runtime added dynamic property\">idt</span>\": <span class=sf-dump-num>17</span>
      +\"<span class=sf-dump-public title=\"Runtime added dynamic property\">name</span>\": \"<span class=sf-dump-str title=\"36 characters\">1.2.5 Autoconocimiento / Auto Estima</span>\"
    </samp>}
    <span class=sf-dump-index>7</span> => {<a class=sf-dump-ref>#1700</a><samp data-depth=3 class=sf-dump-compact>
      +\"<span class=sf-dump-public title=\"Runtime added dynamic property\">cap</span>\": <span class=sf-dump-num>2</span>
      +\"<span class=sf-dump-public title=\"Runtime added dynamic property\">idt</span>\": <span class=sf-dump-num>18</span>
      +\"<span class=sf-dump-public title=\"Runtime added dynamic property\">name</span>\": \"<span class=sf-dump-str title=\"42 characters\">1.2.6 Reto Auto Estima / Auto Conocimiento</span>\"
    </samp>}
    <span class=sf-dump-index>8</span> => {<a class=sf-dump-ref>#1702</a><samp data-depth=3 class=sf-dump-compact>
      +\"<span class=sf-dump-public title=\"Runtime added dynamic property\">cap</span>\": <span class=sf-dump-num>2</span>
      +\"<span class=sf-dump-public title=\"Runtime added dynamic property\">idt</span>\": <span class=sf-dump-num>19</span>
      +\"<span class=sf-dump-public title=\"Runtime added dynamic property\">name</span>\": \"<span class=sf-dump-str title=\"33 characters\">1.2.7 Autonomia / Auto motivaci&#243;n</span>\"
    </samp>}
    <span class=sf-dump-index>9</span> => {<a class=sf-dump-ref>#1699</a><samp data-depth=3 class=sf-dump-compact>
      +\"<span class=sf-dump-public title=\"Runtime added dynamic property\">cap</span>\": <span class=sf-dump-num>2</span>
      +\"<span class=sf-dump-public title=\"Runtime added dynamic property\">idt</span>\": <span class=sf-dump-num>20</span>
      +\"<span class=sf-dump-public title=\"Runtime added dynamic property\">name</span>\": \"<span class=sf-dump-str title=\"33 characters\">1.2.8 Reto Autonomia / Motivaci&#243;n</span>\"
    </samp>}
    <span class=sf-dump-index>10</span> => {<a class=sf-dump-ref>#1703</a><samp data-depth=3 class=sf-dump-compact>
      +\"<span class=sf-dump-public title=\"Runtime added dynamic property\">cap</span>\": <span class=sf-dump-num>2</span>
      +\"<span class=sf-dump-public title=\"Runtime added dynamic property\">idt</span>\": <span class=sf-dump-num>21</span>
      +\"<span class=sf-dump-public title=\"Runtime added dynamic property\">name</span>\": \"<span class=sf-dump-str title=\"32 characters\">1.3.1 &#191;C&#243;mo ponerlo en practica?</span>\"
    </samp>}
  </samp>]
  #<span class=sf-dump-protected title=\"Protected property\">escapeWhenCastingToString</span>: <span class=sf-dump-const>false</span>
</samp>}
</pre><script>Sfdump(\"sf-dump-508929729\", {\"maxDepth\":3,\"maxStringLength\":160})</script>
","tareasusu":"<pre class=sf-dump id=sf-dump-1603663361 data-indent-pad=\"  \"><span class=sf-dump-note>Illuminate\\Support\\Collection</span> {<a class=sf-dump-ref>#1689</a><samp data-depth=1 class=sf-dump-expanded>
  #<span class=sf-dump-protected title=\"Protected property\">items</span>: []
  #<span class=sf-dump-protected title=\"Protected property\">escapeWhenCastingToString</span>: <span class=sf-dump-const>false</span>
</samp>}
</pre><script>Sfdump(\"sf-dump-1603663361\", {\"maxDepth\":3,\"maxStringLength\":160})</script>
","tem":"<pre class=sf-dump id=sf-dump-550994928 data-indent-pad=\"  \"><span class=sf-dump-num>1</span>
</pre><script>Sfdump(\"sf-dump-550994928\", {\"maxDepth\":3,\"maxStringLength\":160})</script>
","cap":"<pre class=sf-dump id=sf-dump-2132026356 data-indent-pad=\"  \">\"<span class=sf-dump-str>2</span>\"
</pre><script>Sfdump(\"sf-dump-2132026356\", {\"maxDepth\":3,\"maxStringLength\":160})</script>
"}},"userId":671,"exception":"[object] (Spatie\\LaravelIgnition\\Exceptions\\ViewException(code: 0): syntax error, unexpected token \"endif\" at C:\\xampp\\htdocs\\evolucion2024\\resources\\views\\player\\capitulos.blade.php:221)
[stacktrace]
#0 C:\\xampp\\htdocs\\evolucion2024\\vendor\\laravel\\framework\\src\\Illuminate\\Filesystem\\Filesystem.php(110): Illuminate\\Filesystem\\Filesystem::Illuminate\\Filesystem\\{closure}()
#1 C:\\xampp\\htdocs\\evolucion2024\\vendor\\laravel\\framework\\src\\Illuminate\\View\\Engines\\PhpEngine.php(58): Illuminate\\Filesystem\\Filesystem->getRequire('C:\\\\xampp\\\\htdocs...', Array)
#2 C:\\xampp\\htdocs\\evolucion2024\\vendor\\laravel\\framework\\src\\Illuminate\\View\\Engines\\CompilerEngine.php(70): Illuminate\\View\\Engines\\PhpEngine->evaluatePath('C:\\\\xampp\\\\htdocs...', Array)
#3 C:\\xampp\\htdocs\\evolucion2024\\vendor\\laravel\\framework\\src\\Illuminate\\View\\View.php(195): Illuminate\\View\\Engines\\CompilerEngine->get('C:\\\\xampp\\\\htdocs...', Array)
#4 C:\\xampp\\htdocs\\evolucion2024\\vendor\\laravel\\framework\\src\\Illuminate\\View\\View.php(178): Illuminate\\View\\View->getContents()
#5 C:\\xampp\\htdocs\\evolucion2024\\vendor\\laravel\\framework\\src\\Illuminate\\View\\View.php(147): Illuminate\\View\\View->renderContents()
#6 C:\\xampp\\htdocs\\evolucion2024\\vendor\\laravel\\framework\\src\\Illuminate\\Http\\Response.php(69): Illuminate\\View\\View->render()
#7 C:\\xampp\\htdocs\\evolucion2024\\vendor\\laravel\\framework\\src\\Illuminate\\Http\\Response.php(35): Illuminate\\Http\\Response->setContent(Object(Illuminate\\View\\View))
#8 C:\\xampp\\htdocs\\evolucion2024\\vendor\\laravel\\framework\\src\\Illuminate\\Routing\\Router.php(906): Illuminate\\Http\\Response->__construct(Object(Illuminate\\View\\View), 200, Array)
#9 C:\\xampp\\htdocs\\evolucion2024\\vendor\\laravel\\framework\\src\\Illuminate\\Routing\\Router.php(875): Illuminate\\Routing\\Router::toResponse(Object(Illuminate\\Http\\Request), Object(Illuminate\\View\\View))
#10 C:\\xampp\\htdocs\\evolucion2024\\vendor\\laravel\\framework\\src\\Illuminate\\Routing\\Router.php(798): Illuminate\\Routing\\Router->prepareResponse(Object(Illuminate\\Http\\Request), Object(Illuminate\\View\\View))
#11 C:\\xampp\\htdocs\\evolucion2024\\vendor\\laravel\\framework\\src\\Illuminate\\Pipeline\\Pipeline.php(141): Illuminate\\Routing\\Router->Illuminate\\Routing\\{closure}(Object(Illuminate\\Http\\Request))
#12 C:\\xampp\\htdocs\\evolucion2024\\app\\Http\\Middleware\\RedirectIfSessionExpired.php(25): Illuminate\\Pipeline\\Pipeline->Illuminate\\Pipeline\\{closure}(Object(Illuminate\\Http\\Request))
#13 C:\\xampp\\htdocs\\evolucion2024\\vendor\\laravel\\framework\\src\\Illuminate\\Pipeline\\Pipeline.php(180): App\\Http\\Middleware\\RedirectIfSessionExpired->handle(Object(Illuminate\\Http\\Request), Object(Closure))
#14 C:\\xampp\\htdocs\\evolucion2024\\vendor\\laravel\\framework\\src\\Illuminate\\Routing\\Middleware\\SubstituteBindings.php(50): Illuminate\\Pipeline\\Pipeline->Illuminate\\Pipeline\\{closure}(Object(Illuminate\\Http\\Request))
#15 C:\\xampp\\htdocs\\evolucion2024\\vendor\\laravel\\framework\\src\\Illuminate\\Pipeline\\Pipeline.php(180): Illuminate\\Routing\\Middleware\\SubstituteBindings->handle(Object(Illuminate\\Http\\Request), Object(Closure))
#16 C:\\xampp\\htdocs\\evolucion2024\\vendor\\laravel\\framework\\src\\Illuminate\\Foundation\\Http\\Middleware\\VerifyCsrfToken.php(78): Illuminate\\Pipeline\\Pipeline->Illuminate\\Pipeline\\{closure}(Object(Illuminate\\Http\\Request))
#17 C:\\xampp\\htdocs\\evolucion2024\\vendor\\laravel\\framework\\src\\Illuminate\\Pipeline\\Pipeline.php(180): Illuminate\\Foundation\\Http\\Middleware\\VerifyCsrfToken->handle(Object(Illuminate\\Http\\Request), Object(Closure))
#18 C:\\xampp\\htdocs\\evolucion2024\\vendor\\laravel\\framework\\src\\Illuminate\\View\\Middleware\\ShareErrorsFromSession.php(49): Illuminate\\Pipeline\\Pipeline->Illuminate\\Pipeline\\{closure}(Object(Illuminate\\Http\\Request))
#19 C:\\xampp\\htdocs\\evolucion2024\\vendor\\laravel\\framework\\src\\Illuminate\\Pipeline\\Pipeline.php(180): Illuminate\\View\\Middleware\\ShareErrorsFromSession->handle(Object(Illuminate\\Http\\Request), Object(Closure))
#20 C:\\xampp\\htdocs\\evolucion2024\\vendor\\laravel\\framework\\src\\Illuminate\\Session\\Middleware\\StartSession.php(121): Illuminate\\Pipeline\\Pipeline->Illuminate\\Pipeline\\{closure}(Object(Illuminate\\Http\\Request))
#21 C:\\xampp\\htdocs\\evolucion2024\\vendor\\laravel\\framework\\src\\Illuminate\\Session\\Middleware\\StartSession.php(64): Illuminate\\Session\\Middleware\\StartSession->handleStatefulRequest(Object(Illuminate\\Http\\Request), Object(Illuminate\\Session\\Store), Object(Closure))
#22 C:\\xampp\\htdocs\\evolucion2024\\vendor\\laravel\\framework\\src\\Illuminate\\Pipeline\\Pipeline.php(180): Illuminate\\Session\\Middleware\\StartSession->handle(Object(Illuminate\\Http\\Request), Object(Closure))
#23 C:\\xampp\\htdocs\\evolucion2024\\vendor\\laravel\\framework\\src\\Illuminate\\Cookie\\Middleware\\AddQueuedCookiesToResponse.php(37): Illuminate\\Pipeline\\Pipeline->Illuminate\\Pipeline\\{closure}(Object(Illuminate\\Http\\Request))
#24 C:\\xampp\\htdocs\\evolucion2024\\vendor\\laravel\\framework\\src\\Illuminate\\Pipeline\\Pipeline.php(180): Illuminate\\Cookie\\Middleware\\AddQueuedCookiesToResponse->handle(Object(Illuminate\\Http\\Request), Object(Closure))
#25 C:\\xampp\\htdocs\\evolucion2024\\vendor\\laravel\\framework\\src\\Illuminate\\Cookie\\Middleware\\EncryptCookies.php(67): Illuminate\\Pipeline\\Pipeline->Illuminate\\Pipeline\\{closure}(Object(Illuminate\\Http\\Request))
#26 C:\\xampp\\htdocs\\evolucion2024\\vendor\\laravel\\framework\\src\\Illuminate\\Pipeline\\Pipeline.php(180): Illuminate\\Cookie\\Middleware\\EncryptCookies->handle(Object(Illuminate\\Http\\Request), Object(Closure))
#27 C:\\xampp\\htdocs\\evolucion2024\\vendor\\laravel\\framework\\src\\Illuminate\\Pipeline\\Pipeline.php(116): Illuminate\\Pipeline\\Pipeline->Illuminate\\Pipeline\\{closure}(Object(Illuminate\\Http\\Request))
#28 C:\\xampp\\htdocs\\evolucion2024\\vendor\\laravel\\framework\\src\\Illuminate\\Routing\\Router.php(799): Illuminate\\Pipeline\\Pipeline->then(Object(Closure))
#29 C:\\xampp\\htdocs\\evolucion2024\\vendor\\laravel\\framework\\src\\Illuminate\\Routing\\Router.php(776): Illuminate\\Routing\\Router->runRouteWithinStack(Object(Illuminate\\Routing\\Route), Object(Illuminate\\Http\\Request))
#30 C:\\xampp\\htdocs\\evolucion2024\\vendor\\laravel\\framework\\src\\Illuminate\\Routing\\Router.php(740): Illuminate\\Routing\\Router->runRoute(Object(Illuminate\\Http\\Request), Object(Illuminate\\Routing\\Route))
#31 C:\\xampp\\htdocs\\evolucion2024\\vendor\\laravel\\framework\\src\\Illuminate\\Routing\\Router.php(729): Illuminate\\Routing\\Router->dispatchToRoute(Object(Illuminate\\Http\\Request))
#32 C:\\xampp\\htdocs\\evolucion2024\\vendor\\laravel\\framework\\src\\Illuminate\\Foundation\\Http\\Kernel.php(190): Illuminate\\Routing\\Router->dispatch(Object(Illuminate\\Http\\Request))
#33 C:\\xampp\\htdocs\\evolucion2024\\vendor\\laravel\\framework\\src\\Illuminate\\Pipeline\\Pipeline.php(141): Illuminate\\Foundation\\Http\\Kernel->Illuminate\\Foundation\\Http\\{closure}(Object(Illuminate\\Http\\Request))
#34 C:\\xampp\\htdocs\\evolucion2024\\vendor\\laravel\\framework\\src\\Illuminate\\Http\\Middleware\\TrustProxies.php(39): Illuminate\\Pipeline\\Pipeline->Illuminate\\Pipeline\\{closure}(Object(Illuminate\\Http\\Request))
#35 C:\\xampp\\htdocs\\evolucion2024\\vendor\\laravel\\framework\\src\\Illuminate\\Pipeline\\Pipeline.php(180): Illuminate\\Http\\Middleware\\TrustProxies->handle(Object(Illuminate\\Http\\Request), Object(Closure))
#36 C:\\xampp\\htdocs\\evolucion2024\\vendor\\laravel\\framework\\src\\Illuminate\\Foundation\\Http\\Middleware\\TransformsRequest.php(21): Illuminate\\Pipeline\\Pipeline->Illuminate\\Pipeline\\{closure}(Object(Illuminate\\Http\\Request))
#37 C:\\xampp\\htdocs\\evolucion2024\\vendor\\laravel\\framework\\src\\Illuminate\\Foundation\\Http\\Middleware\\ConvertEmptyStringsToNull.php(31): Illuminate\\Foundation\\Http\\Middleware\\TransformsRequest->handle(Object(Illuminate\\Http\\Request), Object(Closure))
#38 C:\\xampp\\htdocs\\evolucion2024\\vendor\\laravel\\framework\\src\\Illuminate\\Pipeline\\Pipeline.php(180): Illuminate\\Foundation\\Http\\Middleware\\ConvertEmptyStringsToNull->handle(Object(Illuminate\\Http\\Request), Object(Closure))
#39 C:\\xampp\\htdocs\\evolucion2024\\vendor\\laravel\\framework\\src\\Illuminate\\Foundation\\Http\\Middleware\\TransformsRequest.php(21): Illuminate\\Pipeline\\Pipeline->Illuminate\\Pipeline\\{closure}(Object(Illuminate\\Http\\Request))
#40 C:\\xampp\\htdocs\\evolucion2024\\vendor\\laravel\\framework\\src\\Illuminate\\Foundation\\Http\\Middleware\\TrimStrings.php(40): Illuminate\\Foundation\\Http\\Middleware\\TransformsRequest->handle(Object(Illuminate\\Http\\Request), Object(Closure))
#41 C:\\xampp\\htdocs\\evolucion2024\\vendor\\laravel\\framework\\src\\Illuminate\\Pipeline\\Pipeline.php(180): Illuminate\\Foundation\\Http\\Middleware\\TrimStrings->handle(Object(Illuminate\\Http\\Request), Object(Closure))
#42 C:\\xampp\\htdocs\\evolucion2024\\vendor\\laravel\\framework\\src\\Illuminate\\Foundation\\Http\\Middleware\\ValidatePostSize.php(27): Illuminate\\Pipeline\\Pipeline->Illuminate\\Pipeline\\{closure}(Object(Illuminate\\Http\\Request))
#43 C:\\xampp\\htdocs\\evolucion2024\\vendor\\laravel\\framework\\src\\Illuminate\\Pipeline\\Pipeline.php(180): Illuminate\\Foundation\\Http\\Middleware\\ValidatePostSize->handle(Object(Illuminate\\Http\\Request), Object(Closure))
#44 C:\\xampp\\htdocs\\evolucion2024\\vendor\\laravel\\framework\\src\\Illuminate\\Foundation\\Http\\Middleware\\PreventRequestsDuringMaintenance.php(86): Illuminate\\Pipeline\\Pipeline->Illuminate\\Pipeline\\{closure}(Object(Illuminate\\Http\\Request))
#45 C:\\xampp\\htdocs\\evolucion2024\\vendor\\laravel\\framework\\src\\Illuminate\\Pipeline\\Pipeline.php(180): Illuminate\\Foundation\\Http\\Middleware\\PreventRequestsDuringMaintenance->handle(Object(Illuminate\\Http\\Request), Object(Closure))
#46 C:\\xampp\\htdocs\\evolucion2024\\vendor\\laravel\\framework\\src\\Illuminate\\Pipeline\\Pipeline.php(116): Illuminate\\Pipeline\\Pipeline->Illuminate\\Pipeline\\{closure}(Object(Illuminate\\Http\\Request))
#47 C:\\xampp\\htdocs\\evolucion2024\\vendor\\laravel\\framework\\src\\Illuminate\\Foundation\\Http\\Kernel.php(165): Illuminate\\Pipeline\\Pipeline->then(Object(Closure))
#48 C:\\xampp\\htdocs\\evolucion2024\\vendor\\laravel\\framework\\src\\Illuminate\\Foundation\\Http\\Kernel.php(134): Illuminate\\Foundation\\Http\\Kernel->sendRequestThroughRouter(Object(Illuminate\\Http\\Request))
#49 C:\\xampp\\htdocs\\evolucion2024\\public\\index.php(55): Illuminate\\Foundation\\Http\\Kernel->handle(Object(Illuminate\\Http\\Request))
#50 C:\\xampp\\htdocs\\evolucion2024\\server.php(21): require_once('C:\\\\xampp\\\\htdocs...')
#51 {main}

[previous exception] [object] (ParseError(code: 0): syntax error, unexpected token \"endif\" at C:\\xampp\\htdocs\\evolucion2024\\storage\\framework\\views\\7b81b531a2b5422499a03d9c46ed57388093c5b1.php:218)
[stacktrace]
#0 C:\\xampp\\htdocs\\evolucion2024\\vendor\\laravel\\framework\\src\\Illuminate\\Filesystem\\Filesystem.php(110): Illuminate\\Filesystem\\Filesystem::Illuminate\\Filesystem\\{closure}()
#1 C:\\xampp\\htdocs\\evolucion2024\\vendor\\laravel\\framework\\src\\Illuminate\\View\\Engines\\PhpEngine.php(58): Illuminate\\Filesystem\\Filesystem->getRequire('C:\\\\xampp\\\\htdocs...', Array)
#2 C:\\xampp\\htdocs\\evolucion2024\\vendor\\laravel\\framework\\src\\Illuminate\\View\\Engines\\CompilerEngine.php(70): Illuminate\\View\\Engines\\PhpEngine->evaluatePath('C:\\\\xampp\\\\htdocs...', Array)
#3 C:\\xampp\\htdocs\\evolucion2024\\vendor\\laravel\\framework\\src\\Illuminate\\View\\View.php(195): Illuminate\\View\\Engines\\CompilerEngine->get('C:\\\\xampp\\\\htdocs...', Array)
#4 C:\\xampp\\htdocs\\evolucion2024\\vendor\\laravel\\framework\\src\\Illuminate\\View\\View.php(178): Illuminate\\View\\View->getContents()
#5 C:\\xampp\\htdocs\\evolucion2024\\vendor\\laravel\\framework\\src\\Illuminate\\View\\View.php(147): Illuminate\\View\\View->renderContents()
#6 C:\\xampp\\htdocs\\evolucion2024\\vendor\\laravel\\framework\\src\\Illuminate\\Http\\Response.php(69): Illuminate\\View\\View->render()
#7 C:\\xampp\\htdocs\\evolucion2024\\vendor\\laravel\\framework\\src\\Illuminate\\Http\\Response.php(35): Illuminate\\Http\\Response->setContent(Object(Illuminate\\View\\View))
#8 C:\\xampp\\htdocs\\evolucion2024\\vendor\\laravel\\framework\\src\\Illuminate\\Routing\\Router.php(906): Illuminate\\Http\\Response->__construct(Object(Illuminate\\View\\View), 200, Array)
#9 C:\\xampp\\htdocs\\evolucion2024\\vendor\\laravel\\framework\\src\\Illuminate\\Routing\\Router.php(875): Illuminate\\Routing\\Router::toResponse(Object(Illuminate\\Http\\Request), Object(Illuminate\\View\\View))
#10 C:\\xampp\\htdocs\\evolucion2024\\vendor\\laravel\\framework\\src\\Illuminate\\Routing\\Router.php(798): Illuminate\\Routing\\Router->prepareResponse(Object(Illuminate\\Http\\Request), Object(Illuminate\\View\\View))
#11 C:\\xampp\\htdocs\\evolucion2024\\vendor\\laravel\\framework\\src\\Illuminate\\Pipeline\\Pipeline.php(141): Illuminate\\Routing\\Router->Illuminate\\Routing\\{closure}(Object(Illuminate\\Http\\Request))
#12 C:\\xampp\\htdocs\\evolucion2024\\app\\Http\\Middleware\\RedirectIfSessionExpired.php(25): Illuminate\\Pipeline\\Pipeline->Illuminate\\Pipeline\\{closure}(Object(Illuminate\\Http\\Request))
#13 C:\\xampp\\htdocs\\evolucion2024\\vendor\\laravel\\framework\\src\\Illuminate\\Pipeline\\Pipeline.php(180): App\\Http\\Middleware\\RedirectIfSessionExpired->handle(Object(Illuminate\\Http\\Request), Object(Closure))
#14 C:\\xampp\\htdocs\\evolucion2024\\vendor\\laravel\\framework\\src\\Illuminate\\Routing\\Middleware\\SubstituteBindings.php(50): Illuminate\\Pipeline\\Pipeline->Illuminate\\Pipeline\\{closure}(Object(Illuminate\\Http\\Request))
#15 C:\\xampp\\htdocs\\evolucion2024\\vendor\\laravel\\framework\\src\\Illuminate\\Pipeline\\Pipeline.php(180): Illuminate\\Routing\\Middleware\\SubstituteBindings->handle(Object(Illuminate\\Http\\Request), Object(Closure))
#16 C:\\xampp\\htdocs\\evolucion2024\\vendor\\laravel\\framework\\src\\Illuminate\\Foundation\\Http\\Middleware\\VerifyCsrfToken.php(78): Illuminate\\Pipeline\\Pipeline->Illuminate\\Pipeline\\{closure}(Object(Illuminate\\Http\\Request))
#17 C:\\xampp\\htdocs\\evolucion2024\\vendor\\laravel\\framework\\src\\Illuminate\\Pipeline\\Pipeline.php(180): Illuminate\\Foundation\\Http\\Middleware\\VerifyCsrfToken->handle(Object(Illuminate\\Http\\Request), Object(Closure))
#18 C:\\xampp\\htdocs\\evolucion2024\\vendor\\laravel\\framework\\src\\Illuminate\\View\\Middleware\\ShareErrorsFromSession.php(49): Illuminate\\Pipeline\\Pipeline->Illuminate\\Pipeline\\{closure}(Object(Illuminate\\Http\\Request))
#19 C:\\xampp\\htdocs\\evolucion2024\\vendor\\laravel\\framework\\src\\Illuminate\\Pipeline\\Pipeline.php(180): Illuminate\\View\\Middleware\\ShareErrorsFromSession->handle(Object(Illuminate\\Http\\Request), Object(Closure))
#20 C:\\xampp\\htdocs\\evolucion2024\\vendor\\laravel\\framework\\src\\Illuminate\\Session\\Middleware\\StartSession.php(121): Illuminate\\Pipeline\\Pipeline->Illuminate\\Pipeline\\{closure}(Object(Illuminate\\Http\\Request))
#21 C:\\xampp\\htdocs\\evolucion2024\\vendor\\laravel\\framework\\src\\Illuminate\\Session\\Middleware\\StartSession.php(64): Illuminate\\Session\\Middleware\\StartSession->handleStatefulRequest(Object(Illuminate\\Http\\Request), Object(Illuminate\\Session\\Store), Object(Closure))
#22 C:\\xampp\\htdocs\\evolucion2024\\vendor\\laravel\\framework\\src\\Illuminate\\Pipeline\\Pipeline.php(180): Illuminate\\Session\\Middleware\\StartSession->handle(Object(Illuminate\\Http\\Request), Object(Closure))
#23 C:\\xampp\\htdocs\\evolucion2024\\vendor\\laravel\\framework\\src\\Illuminate\\Cookie\\Middleware\\AddQueuedCookiesToResponse.php(37): Illuminate\\Pipeline\\Pipeline->Illuminate\\Pipeline\\{closure}(Object(Illuminate\\Http\\Request))
#24 C:\\xampp\\htdocs\\evolucion2024\\vendor\\laravel\\framework\\src\\Illuminate\\Pipeline\\Pipeline.php(180): Illuminate\\Cookie\\Middleware\\AddQueuedCookiesToResponse->handle(Object(Illuminate\\Http\\Request), Object(Closure))
#25 C:\\xampp\\htdocs\\evolucion2024\\vendor\\laravel\\framework\\src\\Illuminate\\Cookie\\Middleware\\EncryptCookies.php(67): Illuminate\\Pipeline\\Pipeline->Illuminate\\Pipeline\\{closure}(Object(Illuminate\\Http\\Request))
#26 C:\\xampp\\htdocs\\evolucion2024\\vendor\\laravel\\framework\\src\\Illuminate\\Pipeline\\Pipeline.php(180): Illuminate\\Cookie\\Middleware\\EncryptCookies->handle(Object(Illuminate\\Http\\Request), Object(Closure))
#27 C:\\xampp\\htdocs\\evolucion2024\\vendor\\laravel\\framework\\src\\Illuminate\\Pipeline\\Pipeline.php(116): Illuminate\\Pipeline\\Pipeline->Illuminate\\Pipeline\\{closure}(Object(Illuminate\\Http\\Request))
#28 C:\\xampp\\htdocs\\evolucion2024\\vendor\\laravel\\framework\\src\\Illuminate\\Routing\\Router.php(799): Illuminate\\Pipeline\\Pipeline->then(Object(Closure))
#29 C:\\xampp\\htdocs\\evolucion2024\\vendor\\laravel\\framework\\src\\Illuminate\\Routing\\Router.php(776): Illuminate\\Routing\\Router->runRouteWithinStack(Object(Illuminate\\Routing\\Route), Object(Illuminate\\Http\\Request))
#30 C:\\xampp\\htdocs\\evolucion2024\\vendor\\laravel\\framework\\src\\Illuminate\\Routing\\Router.php(740): Illuminate\\Routing\\Router->runRoute(Object(Illuminate\\Http\\Request), Object(Illuminate\\Routing\\Route))
#31 C:\\xampp\\htdocs\\evolucion2024\\vendor\\laravel\\framework\\src\\Illuminate\\Routing\\Router.php(729): Illuminate\\Routing\\Router->dispatchToRoute(Object(Illuminate\\Http\\Request))
#32 C:\\xampp\\htdocs\\evolucion2024\\vendor\\laravel\\framework\\src\\Illuminate\\Foundation\\Http\\Kernel.php(190): Illuminate\\Routing\\Router->dispatch(Object(Illuminate\\Http\\Request))
#33 C:\\xampp\\htdocs\\evolucion2024\\vendor\\laravel\\framework\\src\\Illuminate\\Pipeline\\Pipeline.php(141): Illuminate\\Foundation\\Http\\Kernel->Illuminate\\Foundation\\Http\\{closure}(Object(Illuminate\\Http\\Request))
#34 C:\\xampp\\htdocs\\evolucion2024\\vendor\\laravel\\framework\\src\\Illuminate\\Http\\Middleware\\TrustProxies.php(39): Illuminate\\Pipeline\\Pipeline->Illuminate\\Pipeline\\{closure}(Object(Illuminate\\Http\\Request))
#35 C:\\xampp\\htdocs\\evolucion2024\\vendor\\laravel\\framework\\src\\Illuminate\\Pipeline\\Pipeline.php(180): Illuminate\\Http\\Middleware\\TrustProxies->handle(Object(Illuminate\\Http\\Request), Object(Closure))
#36 C:\\xampp\\htdocs\\evolucion2024\\vendor\\laravel\\framework\\src\\Illuminate\\Foundation\\Http\\Middleware\\TransformsRequest.php(21): Illuminate\\Pipeline\\Pipeline->Illuminate\\Pipeline\\{closure}(Object(Illuminate\\Http\\Request))
#37 C:\\xampp\\htdocs\\evolucion2024\\vendor\\laravel\\framework\\src\\Illuminate\\Foundation\\Http\\Middleware\\ConvertEmptyStringsToNull.php(31): Illuminate\\Foundation\\Http\\Middleware\\TransformsRequest->handle(Object(Illuminate\\Http\\Request), Object(Closure))
#38 C:\\xampp\\htdocs\\evolucion2024\\vendor\\laravel\\framework\\src\\Illuminate\\Pipeline\\Pipeline.php(180): Illuminate\\Foundation\\Http\\Middleware\\ConvertEmptyStringsToNull->handle(Object(Illuminate\\Http\\Request), Object(Closure))
#39 C:\\xampp\\htdocs\\evolucion2024\\vendor\\laravel\\framework\\src\\Illuminate\\Foundation\\Http\\Middleware\\TransformsRequest.php(21): Illuminate\\Pipeline\\Pipeline->Illuminate\\Pipeline\\{closure}(Object(Illuminate\\Http\\Request))
#40 C:\\xampp\\htdocs\\evolucion2024\\vendor\\laravel\\framework\\src\\Illuminate\\Foundation\\Http\\Middleware\\TrimStrings.php(40): Illuminate\\Foundation\\Http\\Middleware\\TransformsRequest->handle(Object(Illuminate\\Http\\Request), Object(Closure))
#41 C:\\xampp\\htdocs\\evolucion2024\\vendor\\laravel\\framework\\src\\Illuminate\\Pipeline\\Pipeline.php(180): Illuminate\\Foundation\\Http\\Middleware\\TrimStrings->handle(Object(Illuminate\\Http\\Request), Object(Closure))
#42 C:\\xampp\\htdocs\\evolucion2024\\vendor\\laravel\\framework\\src\\Illuminate\\Foundation\\Http\\Middleware\\ValidatePostSize.php(27): Illuminate\\Pipeline\\Pipeline->Illuminate\\Pipeline\\{closure}(Object(Illuminate\\Http\\Request))
#43 C:\\xampp\\htdocs\\evolucion2024\\vendor\\laravel\\framework\\src\\Illuminate\\Pipeline\\Pipeline.php(180): Illuminate\\Foundation\\Http\\Middleware\\ValidatePostSize->handle(Object(Illuminate\\Http\\Request), Object(Closure))
#44 C:\\xampp\\htdocs\\evolucion2024\\vendor\\laravel\\framework\\src\\Illuminate\\Foundation\\Http\\Middleware\\PreventRequestsDuringMaintenance.php(86): Illuminate\\Pipeline\\Pipeline->Illuminate\\Pipeline\\{closure}(Object(Illuminate\\Http\\Request))
#45 C:\\xampp\\htdocs\\evolucion2024\\vendor\\laravel\\framework\\src\\Illuminate\\Pipeline\\Pipeline.php(180): Illuminate\\Foundation\\Http\\Middleware\\PreventRequestsDuringMaintenance->handle(Object(Illuminate\\Http\\Request), Object(Closure))
#46 C:\\xampp\\htdocs\\evolucion2024\\vendor\\laravel\\framework\\src\\Illuminate\\Pipeline\\Pipeline.php(116): Illuminate\\Pipeline\\Pipeline->Illuminate\\Pipeline\\{closure}(Object(Illuminate\\Http\\Request))
#47 C:\\xampp\\htdocs\\evolucion2024\\vendor\\laravel\\framework\\src\\Illuminate\\Foundation\\Http\\Kernel.php(165): Illuminate\\Pipeline\\Pipeline->then(Object(Closure))
#48 C:\\xampp\\htdocs\\evolucion2024\\vendor\\laravel\\framework\\src\\Illuminate\\Foundation\\Http\\Kernel.php(134): Illuminate\\Foundation\\Http\\Kernel->sendRequestThroughRouter(Object(Illuminate\\Http\\Request))
#49 C:\\xampp\\htdocs\\evolucion2024\\public\\index.php(55): Illuminate\\Foundation\\Http\\Kernel->handle(Object(Illuminate\\Http\\Request))
#50 C:\\xampp\\htdocs\\evolucion2024\\server.php(21): require_once('C:\\\\xampp\\\\htdocs...')
#51 {main}
"} 
