[2025-02-12 14:42:36] production.ERROR: Cannot use object of type stdClass as array {"view":{"view":"C:\\xampp\\htdocs\\evolucion2024\\resources\\views\\player\\capitulos.blade.php","data":{"errors":"<pre class=sf-dump id=sf-dump-1962955576 data-indent-pad=\"  \"><span class=sf-dump-note>Illuminate\\Support\\ViewErrorBag</span> {<a class=sf-dump-ref>#1620</a><samp data-depth=1 class=sf-dump-expanded>
  #<span class=sf-dump-protected title=\"Protected property\">bags</span>: []
</samp>}
</pre><script>Sfdump(\"sf-dump-1962955576\", {\"maxDepth\":3,\"maxStringLength\":160})</script>
","capitulos":"<pre class=sf-dump id=sf-dump-916841913 data-indent-pad=\"  \"><span class=sf-dump-note>App\\PosUsuModel\\CapituloModel</span> {<a class=sf-dump-ref>#1691</a><samp data-depth=1 class=sf-dump-expanded>
  #<span class=sf-dump-protected title=\"Protected property\">connection</span>: \"<span class=sf-dump-str title=\"5 characters\">mysql</span>\"
  #<span class=sf-dump-protected title=\"Protected property\">table</span>: \"<span class=sf-dump-str title=\"8 characters\">chapters</span>\"
  #<span class=sf-dump-protected title=\"Protected property\">primaryKey</span>: \"<span class=sf-dump-str title=\"2 characters\">id</span>\"
  #<span class=sf-dump-protected title=\"Protected property\">keyType</span>: \"<span class=sf-dump-str title=\"3 characters\">int</span>\"
  +<span class=sf-dump-public title=\"Public property\">incrementing</span>: <span class=sf-dump-const>true</span>
  #<span class=sf-dump-protected title=\"Protected property\">with</span>: []
  #<span class=sf-dump-protected title=\"Protected property\">withCount</span>: []
  +<span class=sf-dump-public title=\"Public property\">preventsLazyLoading</span>: <span class=sf-dump-const>false</span>
  #<span class=sf-dump-protected title=\"Protected property\">perPage</span>: <span class=sf-dump-num>15</span>
  +<span class=sf-dump-public title=\"Public property\">exists</span>: <span class=sf-dump-const>true</span>
  +<span class=sf-dump-public title=\"Public property\">wasRecentlyCreated</span>: <span class=sf-dump-const>false</span>
  #<span class=sf-dump-protected title=\"Protected property\">escapeWhenCastingToString</span>: <span class=sf-dump-const>false</span>
  #<span class=sf-dump-protected title=\"Protected property\">attributes</span>: <span class=sf-dump-note>array:10</span> [<samp data-depth=2 class=sf-dump-compact>
    \"<span class=sf-dump-key>id</span>\" => <span class=sf-dump-num>2</span>
    \"<span class=sf-dump-key>name</span>\" => \"<span class=sf-dump-str title=\"10 characters\">Cap&#237;tulo 2</span>\"
    \"<span class=sf-dump-key>title</span>\" => \"<span class=sf-dump-str title=\"15 characters\">Auto Liderarnos</span>\"
    \"<span class=sf-dump-key>order</span>\" => <span class=sf-dump-num>2</span>
    \"<span class=sf-dump-key>videoIntro</span>\" => \"<span class=sf-dump-str title=\"14 characters\">Capitulo_1.mp4</span>\"
    \"<span class=sf-dump-key>imgintro</span>\" => \"<span class=sf-dump-str title=\"25 characters\">dist/img/chapter02_bg.jpg</span>\"
    \"<span class=sf-dump-key>description</span>\" => \"<span class=sf-dump-str title=\"122 characters\">La nave no debe estar m&#225;s tiempo en el espacio exterior, debemos aprender a influenciar sobre lo que sucede en el espacio.</span>\"
    \"<span class=sf-dump-key>time</span>\" => <span class=sf-dump-num>15</span>
    \"<span class=sf-dump-key>created_at</span>\" => \"<span class=sf-dump-str title=\"19 characters\">2020-05-05 09:27:34</span>\"
    \"<span class=sf-dump-key>updated_at</span>\" => \"<span class=sf-dump-str title=\"19 characters\">2023-07-11 10:22:56</span>\"
  </samp>]
  #<span class=sf-dump-protected title=\"Protected property\">original</span>: <span class=sf-dump-note>array:10</span> [<samp data-depth=2 class=sf-dump-compact>
    \"<span class=sf-dump-key>id</span>\" => <span class=sf-dump-num>2</span>
    \"<span class=sf-dump-key>name</span>\" => \"<span class=sf-dump-str title=\"10 characters\">Cap&#237;tulo 2</span>\"
    \"<span class=sf-dump-key>title</span>\" => \"<span class=sf-dump-str title=\"15 characters\">Auto Liderarnos</span>\"
    \"<span class=sf-dump-key>order</span>\" => <span class=sf-dump-num>2</span>
    \"<span class=sf-dump-key>videoIntro</span>\" => \"<span class=sf-dump-str title=\"14 characters\">Capitulo_1.mp4</span>\"
    \"<span class=sf-dump-key>imgintro</span>\" => \"<span class=sf-dump-str title=\"25 characters\">dist/img/chapter02_bg.jpg</span>\"
    \"<span class=sf-dump-key>description</span>\" => \"<span class=sf-dump-str title=\"122 characters\">La nave no debe estar m&#225;s tiempo en el espacio exterior, debemos aprender a influenciar sobre lo que sucede en el espacio.</span>\"
    \"<span class=sf-dump-key>time</span>\" => <span class=sf-dump-num>15</span>
    \"<span class=sf-dump-key>created_at</span>\" => \"<span class=sf-dump-str title=\"19 characters\">2020-05-05 09:27:34</span>\"
    \"<span class=sf-dump-key>updated_at</span>\" => \"<span class=sf-dump-str title=\"19 characters\">2023-07-11 10:22:56</span>\"
  </samp>]
  #<span class=sf-dump-protected title=\"Protected property\">changes</span>: []
  #<span class=sf-dump-protected title=\"Protected property\">casts</span>: []
  #<span class=sf-dump-protected title=\"Protected property\">classCastCache</span>: []
  #<span class=sf-dump-protected title=\"Protected property\">attributeCastCache</span>: []
  #<span class=sf-dump-protected title=\"Protected property\">dates</span>: []
  #<span class=sf-dump-protected title=\"Protected property\">dateFormat</span>: <span class=sf-dump-const>null</span>
  #<span class=sf-dump-protected title=\"Protected property\">appends</span>: []
  #<span class=sf-dump-protected title=\"Protected property\">dispatchesEvents</span>: []
  #<span class=sf-dump-protected title=\"Protected property\">observables</span>: []
  #<span class=sf-dump-protected title=\"Protected property\">relations</span>: []
  #<span class=sf-dump-protected title=\"Protected property\">touches</span>: []
  +<span class=sf-dump-public title=\"Public property\">timestamps</span>: <span class=sf-dump-const>true</span>
  #<span class=sf-dump-protected title=\"Protected property\">hidden</span>: []
  #<span class=sf-dump-protected title=\"Protected property\">visible</span>: []
  #<span class=sf-dump-protected title=\"Protected property\">fillable</span>: []
  #<span class=sf-dump-protected title=\"Protected property\">guarded</span>: <span class=sf-dump-note>array:1</span> [<samp data-depth=2 class=sf-dump-compact>
    <span class=sf-dump-index>0</span> => \"<span class=sf-dump-str>*</span>\"
  </samp>]
  #<span class=sf-dump-protected title=\"Protected property\">primarykey</span>: \"<span class=sf-dump-str title=\"2 characters\">id</span>\"
</samp>}
</pre><script>Sfdump(\"sf-dump-916841913\", {\"maxDepth\":3,\"maxStringLength\":160})</script>
","mensaje":"<pre class=sf-dump id=sf-dump-93229797 data-indent-pad=\"  \"><span class=sf-dump-num>1</span>
</pre><script>Sfdump(\"sf-dump-93229797\", {\"maxDepth\":3,\"maxStringLength\":160})</script>
","retp":"<pre class=sf-dump id=sf-dump-2064252839 data-indent-pad=\"  \"><span class=sf-dump-const>null</span>
</pre><script>Sfdump(\"sf-dump-2064252839\", {\"maxDepth\":3,\"maxStringLength\":160})</script>
","tareacap":"<pre class=sf-dump id=sf-dump-1141418478 data-indent-pad=\"  \"><span class=sf-dump-note>Illuminate\\Support\\Collection</span> {<a class=sf-dump-ref>#1688</a><samp data-depth=1 class=sf-dump-expanded>
  #<span class=sf-dump-protected title=\"Protected property\">items</span>: <span class=sf-dump-note>array:11</span> [<samp data-depth=2 class=sf-dump-compact>
    <span class=sf-dump-index>0</span> => {<a class=sf-dump-ref>#1693</a><samp data-depth=3 class=sf-dump-compact>
      +\"<span class=sf-dump-public title=\"Runtime added dynamic property\">cap</span>\": <span class=sf-dump-num>2</span>
      +\"<span class=sf-dump-public title=\"Runtime added dynamic property\">idt</span>\": <span class=sf-dump-num>10</span>
      +\"<span class=sf-dump-public title=\"Runtime added dynamic property\">name</span>\": \"<span class=sf-dump-str title=\"44 characters\">1.1.1  &#191;Porqu&#233; es importante auto liderazgo?</span>\"
    </samp>}
    <span class=sf-dump-index>1</span> => {<a class=sf-dump-ref>#1696</a><samp data-depth=3 class=sf-dump-compact>
      +\"<span class=sf-dump-public title=\"Runtime added dynamic property\">cap</span>\": <span class=sf-dump-num>2</span>
      +\"<span class=sf-dump-public title=\"Runtime added dynamic property\">idt</span>\": <span class=sf-dump-num>12</span>
      +\"<span class=sf-dump-public title=\"Runtime added dynamic property\">name</span>\": \"<span class=sf-dump-str title=\"26 characters\">1.1.2 Preg&#250;ntale a alguien</span>\"
    </samp>}
    <span class=sf-dump-index>2</span> => {<a class=sf-dump-ref>#1697</a><samp data-depth=3 class=sf-dump-compact>
      +\"<span class=sf-dump-public title=\"Runtime added dynamic property\">cap</span>\": <span class=sf-dump-num>2</span>
      +\"<span class=sf-dump-public title=\"Runtime added dynamic property\">idt</span>\": <span class=sf-dump-num>13</span>
      +\"<span class=sf-dump-public title=\"Runtime added dynamic property\">name</span>\": \"<span class=sf-dump-str title=\"26 characters\">1.2.1 Proactivo o Reactivo</span>\"
    </samp>}
    <span class=sf-dump-index>3</span> => {<a class=sf-dump-ref>#1698</a><samp data-depth=3 class=sf-dump-compact>
      +\"<span class=sf-dump-public title=\"Runtime added dynamic property\">cap</span>\": <span class=sf-dump-num>2</span>
      +\"<span class=sf-dump-public title=\"Runtime added dynamic property\">idt</span>\": <span class=sf-dump-num>14</span>
      +\"<span class=sf-dump-public title=\"Runtime added dynamic property\">name</span>\": \"<span class=sf-dump-str title=\"21 characters\">1.2.2 Reto - C&#237;rculos</span>\"
    </samp>}
    <span class=sf-dump-index>4</span> => {<a class=sf-dump-ref>#1701</a><samp data-depth=3 class=sf-dump-compact>
      +\"<span class=sf-dump-public title=\"Runtime added dynamic property\">cap</span>\": <span class=sf-dump-num>2</span>
      +\"<span class=sf-dump-public title=\"Runtime added dynamic property\">idt</span>\": <span class=sf-dump-num>15</span>
      +\"<span class=sf-dump-public title=\"Runtime added dynamic property\">name</span>\": \"<span class=sf-dump-str title=\"34 characters\">1.2.3 Ampliando circulo influencia</span>\"
    </samp>}
    <span class=sf-dump-index>5</span> => {<a class=sf-dump-ref>#1699</a><samp data-depth=3 class=sf-dump-compact>
      +\"<span class=sf-dump-public title=\"Runtime added dynamic property\">cap</span>\": <span class=sf-dump-num>2</span>
      +\"<span class=sf-dump-public title=\"Runtime added dynamic property\">idt</span>\": <span class=sf-dump-num>16</span>
      +\"<span class=sf-dump-public title=\"Runtime added dynamic property\">name</span>\": \"<span class=sf-dump-str title=\"42 characters\">1.2.4 Reto - Cambiar los tener por los Ser</span>\"
    </samp>}
    <span class=sf-dump-index>6</span> => {<a class=sf-dump-ref>#1700</a><samp data-depth=3 class=sf-dump-compact>
      +\"<span class=sf-dump-public title=\"Runtime added dynamic property\">cap</span>\": <span class=sf-dump-num>2</span>
      +\"<span class=sf-dump-public title=\"Runtime added dynamic property\">idt</span>\": <span class=sf-dump-num>17</span>
      +\"<span class=sf-dump-public title=\"Runtime added dynamic property\">name</span>\": \"<span class=sf-dump-str title=\"36 characters\">1.2.5 Autoconocimiento / Auto Estima</span>\"
    </samp>}
    <span class=sf-dump-index>7</span> => {<a class=sf-dump-ref>#1703</a><samp data-depth=3 class=sf-dump-compact>
      +\"<span class=sf-dump-public title=\"Runtime added dynamic property\">cap</span>\": <span class=sf-dump-num>2</span>
      +\"<span class=sf-dump-public title=\"Runtime added dynamic property\">idt</span>\": <span class=sf-dump-num>18</span>
      +\"<span class=sf-dump-public title=\"Runtime added dynamic property\">name</span>\": \"<span class=sf-dump-str title=\"42 characters\">1.2.6 Reto Auto Estima / Auto Conocimiento</span>\"
    </samp>}
    <span class=sf-dump-index>8</span> => {<a class=sf-dump-ref>#1704</a><samp data-depth=3 class=sf-dump-compact>
      +\"<span class=sf-dump-public title=\"Runtime added dynamic property\">cap</span>\": <span class=sf-dump-num>2</span>
      +\"<span class=sf-dump-public title=\"Runtime added dynamic property\">idt</span>\": <span class=sf-dump-num>19</span>
      +\"<span class=sf-dump-public title=\"Runtime added dynamic property\">name</span>\": \"<span class=sf-dump-str title=\"33 characters\">1.2.7 Autonomia / Auto motivaci&#243;n</span>\"
    </samp>}
    <span class=sf-dump-index>9</span> => {<a class=sf-dump-ref>#1702</a><samp data-depth=3 class=sf-dump-compact>
      +\"<span class=sf-dump-public title=\"Runtime added dynamic property\">cap</span>\": <span class=sf-dump-num>2</span>
      +\"<span class=sf-dump-public title=\"Runtime added dynamic property\">idt</span>\": <span class=sf-dump-num>20</span>
      +\"<span class=sf-dump-public title=\"Runtime added dynamic property\">name</span>\": \"<span class=sf-dump-str title=\"33 characters\">1.2.8 Reto Autonomia / Motivaci&#243;n</span>\"
    </samp>}
    <span class=sf-dump-index>10</span> => {<a class=sf-dump-ref>#1705</a><samp data-depth=3 class=sf-dump-compact>
      +\"<span class=sf-dump-public title=\"Runtime added dynamic property\">cap</span>\": <span class=sf-dump-num>2</span>
      +\"<span class=sf-dump-public title=\"Runtime added dynamic property\">idt</span>\": <span class=sf-dump-num>21</span>
      +\"<span class=sf-dump-public title=\"Runtime added dynamic property\">name</span>\": \"<span class=sf-dump-str title=\"32 characters\">1.3.1 &#191;C&#243;mo ponerlo en practica?</span>\"
    </samp>}
  </samp>]
  #<span class=sf-dump-protected title=\"Protected property\">escapeWhenCastingToString</span>: <span class=sf-dump-const>false</span>
</samp>}
</pre><script>Sfdump(\"sf-dump-1141418478\", {\"maxDepth\":3,\"maxStringLength\":160})</script>
","tareasusu":"<pre class=sf-dump id=sf-dump-2003155815 data-indent-pad=\"  \"><span class=sf-dump-note>Illuminate\\Support\\Collection</span> {<a class=sf-dump-ref>#1689</a><samp data-depth=1 class=sf-dump-expanded>
  #<span class=sf-dump-protected title=\"Protected property\">items</span>: <span class=sf-dump-note>array:2</span> [<samp data-depth=2 class=sf-dump-compact>
    <span class=sf-dump-index>0</span> => {<a class=sf-dump-ref>#1658</a><samp data-depth=3 class=sf-dump-compact>
      +\"<span class=sf-dump-public title=\"Runtime added dynamic property\">cap</span>\": <span class=sf-dump-num>2</span>
      +\"<span class=sf-dump-public title=\"Runtime added dynamic property\">ids</span>\": <span class=sf-dump-num>3</span>
      +\"<span class=sf-dump-public title=\"Runtime added dynamic property\">idt</span>\": <span class=sf-dump-num>10</span>
      +\"<span class=sf-dump-public title=\"Runtime added dynamic property\">name</span>\": \"<span class=sf-dump-str title=\"44 characters\">1.1.1  &#191;Porqu&#233; es importante auto liderazgo?</span>\"
    </samp>}
    <span class=sf-dump-index>1</span> => {<a class=sf-dump-ref>#1695</a><samp data-depth=3 class=sf-dump-compact>
      +\"<span class=sf-dump-public title=\"Runtime added dynamic property\">cap</span>\": <span class=sf-dump-num>2</span>
      +\"<span class=sf-dump-public title=\"Runtime added dynamic property\">ids</span>\": <span class=sf-dump-num>3</span>
      +\"<span class=sf-dump-public title=\"Runtime added dynamic property\">idt</span>\": <span class=sf-dump-num>12</span>
      +\"<span class=sf-dump-public title=\"Runtime added dynamic property\">name</span>\": \"<span class=sf-dump-str title=\"26 characters\">1.1.2 Preg&#250;ntale a alguien</span>\"
    </samp>}
  </samp>]
  #<span class=sf-dump-protected title=\"Protected property\">escapeWhenCastingToString</span>: <span class=sf-dump-const>false</span>
</samp>}
</pre><script>Sfdump(\"sf-dump-2003155815\", {\"maxDepth\":3,\"maxStringLength\":160})</script>
","tem":"<pre class=sf-dump id=sf-dump-343101610 data-indent-pad=\"  \"><span class=sf-dump-num>1</span>
</pre><script>Sfdump(\"sf-dump-343101610\", {\"maxDepth\":3,\"maxStringLength\":160})</script>
","cap":"<pre class=sf-dump id=sf-dump-2025758718 data-indent-pad=\"  \">\"<span class=sf-dump-str>2</span>\"
</pre><script>Sfdump(\"sf-dump-2025758718\", {\"maxDepth\":3,\"maxStringLength\":160})</script>
","tareasCompletadas":"<pre class=sf-dump id=sf-dump-19365567 data-indent-pad=\"  \"><span class=sf-dump-note>array:2</span> [<samp data-depth=1 class=sf-dump-expanded>
  <span class=sf-dump-index>0</span> => <span class=sf-dump-num>10</span>
  <span class=sf-dump-index>1</span> => <span class=sf-dump-num>12</span>
</samp>]
</pre><script>Sfdump(\"sf-dump-19365567\", {\"maxDepth\":3,\"maxStringLength\":160})</script>
"}},"userId":671,"exception":"[object] (Spatie\\LaravelIgnition\\Exceptions\\ViewException(code: 0): Cannot use object of type stdClass as array at C:\\xampp\\htdocs\\evolucion2024\\resources\\views\\player\\capitulos.blade.php:224)
[stacktrace]
#0 C:\\xampp\\htdocs\\evolucion2024\\vendor\\laravel\\framework\\src\\Illuminate\\Filesystem\\Filesystem.php(109): require()
#1 C:\\xampp\\htdocs\\evolucion2024\\vendor\\laravel\\framework\\src\\Illuminate\\Filesystem\\Filesystem.php(110): Illuminate\\Filesystem\\Filesystem::Illuminate\\Filesystem\\{closure}()
#2 C:\\xampp\\htdocs\\evolucion2024\\vendor\\laravel\\framework\\src\\Illuminate\\View\\Engines\\PhpEngine.php(58): Illuminate\\Filesystem\\Filesystem->getRequire('C:\\\\xampp\\\\htdocs...', Array)
#3 C:\\xampp\\htdocs\\evolucion2024\\vendor\\laravel\\framework\\src\\Illuminate\\View\\Engines\\CompilerEngine.php(70): Illuminate\\View\\Engines\\PhpEngine->evaluatePath('C:\\\\xampp\\\\htdocs...', Array)
#4 C:\\xampp\\htdocs\\evolucion2024\\vendor\\laravel\\framework\\src\\Illuminate\\View\\View.php(195): Illuminate\\View\\Engines\\CompilerEngine->get('C:\\\\xampp\\\\htdocs...', Array)
#5 C:\\xampp\\htdocs\\evolucion2024\\vendor\\laravel\\framework\\src\\Illuminate\\View\\View.php(178): Illuminate\\View\\View->getContents()
#6 C:\\xampp\\htdocs\\evolucion2024\\vendor\\laravel\\framework\\src\\Illuminate\\View\\View.php(147): Illuminate\\View\\View->renderContents()
#7 C:\\xampp\\htdocs\\evolucion2024\\vendor\\laravel\\framework\\src\\Illuminate\\Http\\Response.php(69): Illuminate\\View\\View->render()
#8 C:\\xampp\\htdocs\\evolucion2024\\vendor\\laravel\\framework\\src\\Illuminate\\Http\\Response.php(35): Illuminate\\Http\\Response->setContent(Object(Illuminate\\View\\View))
#9 C:\\xampp\\htdocs\\evolucion2024\\vendor\\laravel\\framework\\src\\Illuminate\\Routing\\Router.php(906): Illuminate\\Http\\Response->__construct(Object(Illuminate\\View\\View), 200, Array)
#10 C:\\xampp\\htdocs\\evolucion2024\\vendor\\laravel\\framework\\src\\Illuminate\\Routing\\Router.php(875): Illuminate\\Routing\\Router::toResponse(Object(Illuminate\\Http\\Request), Object(Illuminate\\View\\View))
#11 C:\\xampp\\htdocs\\evolucion2024\\vendor\\laravel\\framework\\src\\Illuminate\\Routing\\Router.php(798): Illuminate\\Routing\\Router->prepareResponse(Object(Illuminate\\Http\\Request), Object(Illuminate\\View\\View))
#12 C:\\xampp\\htdocs\\evolucion2024\\vendor\\laravel\\framework\\src\\Illuminate\\Pipeline\\Pipeline.php(141): Illuminate\\Routing\\Router->Illuminate\\Routing\\{closure}(Object(Illuminate\\Http\\Request))
#13 C:\\xampp\\htdocs\\evolucion2024\\app\\Http\\Middleware\\RedirectIfSessionExpired.php(25): Illuminate\\Pipeline\\Pipeline->Illuminate\\Pipeline\\{closure}(Object(Illuminate\\Http\\Request))
#14 C:\\xampp\\htdocs\\evolucion2024\\vendor\\laravel\\framework\\src\\Illuminate\\Pipeline\\Pipeline.php(180): App\\Http\\Middleware\\RedirectIfSessionExpired->handle(Object(Illuminate\\Http\\Request), Object(Closure))
#15 C:\\xampp\\htdocs\\evolucion2024\\vendor\\laravel\\framework\\src\\Illuminate\\Routing\\Middleware\\SubstituteBindings.php(50): Illuminate\\Pipeline\\Pipeline->Illuminate\\Pipeline\\{closure}(Object(Illuminate\\Http\\Request))
#16 C:\\xampp\\htdocs\\evolucion2024\\vendor\\laravel\\framework\\src\\Illuminate\\Pipeline\\Pipeline.php(180): Illuminate\\Routing\\Middleware\\SubstituteBindings->handle(Object(Illuminate\\Http\\Request), Object(Closure))
#17 C:\\xampp\\htdocs\\evolucion2024\\vendor\\laravel\\framework\\src\\Illuminate\\Foundation\\Http\\Middleware\\VerifyCsrfToken.php(78): Illuminate\\Pipeline\\Pipeline->Illuminate\\Pipeline\\{closure}(Object(Illuminate\\Http\\Request))
#18 C:\\xampp\\htdocs\\evolucion2024\\vendor\\laravel\\framework\\src\\Illuminate\\Pipeline\\Pipeline.php(180): Illuminate\\Foundation\\Http\\Middleware\\VerifyCsrfToken->handle(Object(Illuminate\\Http\\Request), Object(Closure))
#19 C:\\xampp\\htdocs\\evolucion2024\\vendor\\laravel\\framework\\src\\Illuminate\\View\\Middleware\\ShareErrorsFromSession.php(49): Illuminate\\Pipeline\\Pipeline->Illuminate\\Pipeline\\{closure}(Object(Illuminate\\Http\\Request))
#20 C:\\xampp\\htdocs\\evolucion2024\\vendor\\laravel\\framework\\src\\Illuminate\\Pipeline\\Pipeline.php(180): Illuminate\\View\\Middleware\\ShareErrorsFromSession->handle(Object(Illuminate\\Http\\Request), Object(Closure))
#21 C:\\xampp\\htdocs\\evolucion2024\\vendor\\laravel\\framework\\src\\Illuminate\\Session\\Middleware\\StartSession.php(121): Illuminate\\Pipeline\\Pipeline->Illuminate\\Pipeline\\{closure}(Object(Illuminate\\Http\\Request))
#22 C:\\xampp\\htdocs\\evolucion2024\\vendor\\laravel\\framework\\src\\Illuminate\\Session\\Middleware\\StartSession.php(64): Illuminate\\Session\\Middleware\\StartSession->handleStatefulRequest(Object(Illuminate\\Http\\Request), Object(Illuminate\\Session\\Store), Object(Closure))
#23 C:\\xampp\\htdocs\\evolucion2024\\vendor\\laravel\\framework\\src\\Illuminate\\Pipeline\\Pipeline.php(180): Illuminate\\Session\\Middleware\\StartSession->handle(Object(Illuminate\\Http\\Request), Object(Closure))
#24 C:\\xampp\\htdocs\\evolucion2024\\vendor\\laravel\\framework\\src\\Illuminate\\Cookie\\Middleware\\AddQueuedCookiesToResponse.php(37): Illuminate\\Pipeline\\Pipeline->Illuminate\\Pipeline\\{closure}(Object(Illuminate\\Http\\Request))
#25 C:\\xampp\\htdocs\\evolucion2024\\vendor\\laravel\\framework\\src\\Illuminate\\Pipeline\\Pipeline.php(180): Illuminate\\Cookie\\Middleware\\AddQueuedCookiesToResponse->handle(Object(Illuminate\\Http\\Request), Object(Closure))
#26 C:\\xampp\\htdocs\\evolucion2024\\vendor\\laravel\\framework\\src\\Illuminate\\Cookie\\Middleware\\EncryptCookies.php(67): Illuminate\\Pipeline\\Pipeline->Illuminate\\Pipeline\\{closure}(Object(Illuminate\\Http\\Request))
#27 C:\\xampp\\htdocs\\evolucion2024\\vendor\\laravel\\framework\\src\\Illuminate\\Pipeline\\Pipeline.php(180): Illuminate\\Cookie\\Middleware\\EncryptCookies->handle(Object(Illuminate\\Http\\Request), Object(Closure))
#28 C:\\xampp\\htdocs\\evolucion2024\\vendor\\laravel\\framework\\src\\Illuminate\\Pipeline\\Pipeline.php(116): Illuminate\\Pipeline\\Pipeline->Illuminate\\Pipeline\\{closure}(Object(Illuminate\\Http\\Request))
#29 C:\\xampp\\htdocs\\evolucion2024\\vendor\\laravel\\framework\\src\\Illuminate\\Routing\\Router.php(799): Illuminate\\Pipeline\\Pipeline->then(Object(Closure))
#30 C:\\xampp\\htdocs\\evolucion2024\\vendor\\laravel\\framework\\src\\Illuminate\\Routing\\Router.php(776): Illuminate\\Routing\\Router->runRouteWithinStack(Object(Illuminate\\Routing\\Route), Object(Illuminate\\Http\\Request))
#31 C:\\xampp\\htdocs\\evolucion2024\\vendor\\laravel\\framework\\src\\Illuminate\\Routing\\Router.php(740): Illuminate\\Routing\\Router->runRoute(Object(Illuminate\\Http\\Request), Object(Illuminate\\Routing\\Route))
#32 C:\\xampp\\htdocs\\evolucion2024\\vendor\\laravel\\framework\\src\\Illuminate\\Routing\\Router.php(729): Illuminate\\Routing\\Router->dispatchToRoute(Object(Illuminate\\Http\\Request))
#33 C:\\xampp\\htdocs\\evolucion2024\\vendor\\laravel\\framework\\src\\Illuminate\\Foundation\\Http\\Kernel.php(190): Illuminate\\Routing\\Router->dispatch(Object(Illuminate\\Http\\Request))
#34 C:\\xampp\\htdocs\\evolucion2024\\vendor\\laravel\\framework\\src\\Illuminate\\Pipeline\\Pipeline.php(141): Illuminate\\Foundation\\Http\\Kernel->Illuminate\\Foundation\\Http\\{closure}(Object(Illuminate\\Http\\Request))
#35 C:\\xampp\\htdocs\\evolucion2024\\vendor\\laravel\\framework\\src\\Illuminate\\Http\\Middleware\\TrustProxies.php(39): Illuminate\\Pipeline\\Pipeline->Illuminate\\Pipeline\\{closure}(Object(Illuminate\\Http\\Request))
#36 C:\\xampp\\htdocs\\evolucion2024\\vendor\\laravel\\framework\\src\\Illuminate\\Pipeline\\Pipeline.php(180): Illuminate\\Http\\Middleware\\TrustProxies->handle(Object(Illuminate\\Http\\Request), Object(Closure))
#37 C:\\xampp\\htdocs\\evolucion2024\\vendor\\laravel\\framework\\src\\Illuminate\\Foundation\\Http\\Middleware\\TransformsRequest.php(21): Illuminate\\Pipeline\\Pipeline->Illuminate\\Pipeline\\{closure}(Object(Illuminate\\Http\\Request))
#38 C:\\xampp\\htdocs\\evolucion2024\\vendor\\laravel\\framework\\src\\Illuminate\\Foundation\\Http\\Middleware\\ConvertEmptyStringsToNull.php(31): Illuminate\\Foundation\\Http\\Middleware\\TransformsRequest->handle(Object(Illuminate\\Http\\Request), Object(Closure))
#39 C:\\xampp\\htdocs\\evolucion2024\\vendor\\laravel\\framework\\src\\Illuminate\\Pipeline\\Pipeline.php(180): Illuminate\\Foundation\\Http\\Middleware\\ConvertEmptyStringsToNull->handle(Object(Illuminate\\Http\\Request), Object(Closure))
#40 C:\\xampp\\htdocs\\evolucion2024\\vendor\\laravel\\framework\\src\\Illuminate\\Foundation\\Http\\Middleware\\TransformsRequest.php(21): Illuminate\\Pipeline\\Pipeline->Illuminate\\Pipeline\\{closure}(Object(Illuminate\\Http\\Request))
#41 C:\\xampp\\htdocs\\evolucion2024\\vendor\\laravel\\framework\\src\\Illuminate\\Foundation\\Http\\Middleware\\TrimStrings.php(40): Illuminate\\Foundation\\Http\\Middleware\\TransformsRequest->handle(Object(Illuminate\\Http\\Request), Object(Closure))
#42 C:\\xampp\\htdocs\\evolucion2024\\vendor\\laravel\\framework\\src\\Illuminate\\Pipeline\\Pipeline.php(180): Illuminate\\Foundation\\Http\\Middleware\\TrimStrings->handle(Object(Illuminate\\Http\\Request), Object(Closure))
#43 C:\\xampp\\htdocs\\evolucion2024\\vendor\\laravel\\framework\\src\\Illuminate\\Foundation\\Http\\Middleware\\ValidatePostSize.php(27): Illuminate\\Pipeline\\Pipeline->Illuminate\\Pipeline\\{closure}(Object(Illuminate\\Http\\Request))
#44 C:\\xampp\\htdocs\\evolucion2024\\vendor\\laravel\\framework\\src\\Illuminate\\Pipeline\\Pipeline.php(180): Illuminate\\Foundation\\Http\\Middleware\\ValidatePostSize->handle(Object(Illuminate\\Http\\Request), Object(Closure))
#45 C:\\xampp\\htdocs\\evolucion2024\\vendor\\laravel\\framework\\src\\Illuminate\\Foundation\\Http\\Middleware\\PreventRequestsDuringMaintenance.php(86): Illuminate\\Pipeline\\Pipeline->Illuminate\\Pipeline\\{closure}(Object(Illuminate\\Http\\Request))
#46 C:\\xampp\\htdocs\\evolucion2024\\vendor\\laravel\\framework\\src\\Illuminate\\Pipeline\\Pipeline.php(180): Illuminate\\Foundation\\Http\\Middleware\\PreventRequestsDuringMaintenance->handle(Object(Illuminate\\Http\\Request), Object(Closure))
#47 C:\\xampp\\htdocs\\evolucion2024\\vendor\\laravel\\framework\\src\\Illuminate\\Pipeline\\Pipeline.php(116): Illuminate\\Pipeline\\Pipeline->Illuminate\\Pipeline\\{closure}(Object(Illuminate\\Http\\Request))
#48 C:\\xampp\\htdocs\\evolucion2024\\vendor\\laravel\\framework\\src\\Illuminate\\Foundation\\Http\\Kernel.php(165): Illuminate\\Pipeline\\Pipeline->then(Object(Closure))
#49 C:\\xampp\\htdocs\\evolucion2024\\vendor\\laravel\\framework\\src\\Illuminate\\Foundation\\Http\\Kernel.php(134): Illuminate\\Foundation\\Http\\Kernel->sendRequestThroughRouter(Object(Illuminate\\Http\\Request))
#50 C:\\xampp\\htdocs\\evolucion2024\\public\\index.php(55): Illuminate\\Foundation\\Http\\Kernel->handle(Object(Illuminate\\Http\\Request))
#51 C:\\xampp\\htdocs\\evolucion2024\\server.php(21): require_once('C:\\\\xampp\\\\htdocs...')
#52 {main}

[previous exception] [object] (Error(code: 0): Cannot use object of type stdClass as array at C:\\xampp\\htdocs\\evolucion2024\\storage\\framework\\views\\7b81b531a2b5422499a03d9c46ed57388093c5b1.php:207)
[stacktrace]
#0 C:\\xampp\\htdocs\\evolucion2024\\vendor\\laravel\\framework\\src\\Illuminate\\Filesystem\\Filesystem.php(109): require()
#1 C:\\xampp\\htdocs\\evolucion2024\\vendor\\laravel\\framework\\src\\Illuminate\\Filesystem\\Filesystem.php(110): Illuminate\\Filesystem\\Filesystem::Illuminate\\Filesystem\\{closure}()
#2 C:\\xampp\\htdocs\\evolucion2024\\vendor\\laravel\\framework\\src\\Illuminate\\View\\Engines\\PhpEngine.php(58): Illuminate\\Filesystem\\Filesystem->getRequire('C:\\\\xampp\\\\htdocs...', Array)
#3 C:\\xampp\\htdocs\\evolucion2024\\vendor\\laravel\\framework\\src\\Illuminate\\View\\Engines\\CompilerEngine.php(70): Illuminate\\View\\Engines\\PhpEngine->evaluatePath('C:\\\\xampp\\\\htdocs...', Array)
#4 C:\\xampp\\htdocs\\evolucion2024\\vendor\\laravel\\framework\\src\\Illuminate\\View\\View.php(195): Illuminate\\View\\Engines\\CompilerEngine->get('C:\\\\xampp\\\\htdocs...', Array)
#5 C:\\xampp\\htdocs\\evolucion2024\\vendor\\laravel\\framework\\src\\Illuminate\\View\\View.php(178): Illuminate\\View\\View->getContents()
#6 C:\\xampp\\htdocs\\evolucion2024\\vendor\\laravel\\framework\\src\\Illuminate\\View\\View.php(147): Illuminate\\View\\View->renderContents()
#7 C:\\xampp\\htdocs\\evolucion2024\\vendor\\laravel\\framework\\src\\Illuminate\\Http\\Response.php(69): Illuminate\\View\\View->render()
#8 C:\\xampp\\htdocs\\evolucion2024\\vendor\\laravel\\framework\\src\\Illuminate\\Http\\Response.php(35): Illuminate\\Http\\Response->setContent(Object(Illuminate\\View\\View))
#9 C:\\xampp\\htdocs\\evolucion2024\\vendor\\laravel\\framework\\src\\Illuminate\\Routing\\Router.php(906): Illuminate\\Http\\Response->__construct(Object(Illuminate\\View\\View), 200, Array)
#10 C:\\xampp\\htdocs\\evolucion2024\\vendor\\laravel\\framework\\src\\Illuminate\\Routing\\Router.php(875): Illuminate\\Routing\\Router::toResponse(Object(Illuminate\\Http\\Request), Object(Illuminate\\View\\View))
#11 C:\\xampp\\htdocs\\evolucion2024\\vendor\\laravel\\framework\\src\\Illuminate\\Routing\\Router.php(798): Illuminate\\Routing\\Router->prepareResponse(Object(Illuminate\\Http\\Request), Object(Illuminate\\View\\View))
#12 C:\\xampp\\htdocs\\evolucion2024\\vendor\\laravel\\framework\\src\\Illuminate\\Pipeline\\Pipeline.php(141): Illuminate\\Routing\\Router->Illuminate\\Routing\\{closure}(Object(Illuminate\\Http\\Request))
#13 C:\\xampp\\htdocs\\evolucion2024\\app\\Http\\Middleware\\RedirectIfSessionExpired.php(25): Illuminate\\Pipeline\\Pipeline->Illuminate\\Pipeline\\{closure}(Object(Illuminate\\Http\\Request))
#14 C:\\xampp\\htdocs\\evolucion2024\\vendor\\laravel\\framework\\src\\Illuminate\\Pipeline\\Pipeline.php(180): App\\Http\\Middleware\\RedirectIfSessionExpired->handle(Object(Illuminate\\Http\\Request), Object(Closure))
#15 C:\\xampp\\htdocs\\evolucion2024\\vendor\\laravel\\framework\\src\\Illuminate\\Routing\\Middleware\\SubstituteBindings.php(50): Illuminate\\Pipeline\\Pipeline->Illuminate\\Pipeline\\{closure}(Object(Illuminate\\Http\\Request))
#16 C:\\xampp\\htdocs\\evolucion2024\\vendor\\laravel\\framework\\src\\Illuminate\\Pipeline\\Pipeline.php(180): Illuminate\\Routing\\Middleware\\SubstituteBindings->handle(Object(Illuminate\\Http\\Request), Object(Closure))
#17 C:\\xampp\\htdocs\\evolucion2024\\vendor\\laravel\\framework\\src\\Illuminate\\Foundation\\Http\\Middleware\\VerifyCsrfToken.php(78): Illuminate\\Pipeline\\Pipeline->Illuminate\\Pipeline\\{closure}(Object(Illuminate\\Http\\Request))
#18 C:\\xampp\\htdocs\\evolucion2024\\vendor\\laravel\\framework\\src\\Illuminate\\Pipeline\\Pipeline.php(180): Illuminate\\Foundation\\Http\\Middleware\\VerifyCsrfToken->handle(Object(Illuminate\\Http\\Request), Object(Closure))
#19 C:\\xampp\\htdocs\\evolucion2024\\vendor\\laravel\\framework\\src\\Illuminate\\View\\Middleware\\ShareErrorsFromSession.php(49): Illuminate\\Pipeline\\Pipeline->Illuminate\\Pipeline\\{closure}(Object(Illuminate\\Http\\Request))
#20 C:\\xampp\\htdocs\\evolucion2024\\vendor\\laravel\\framework\\src\\Illuminate\\Pipeline\\Pipeline.php(180): Illuminate\\View\\Middleware\\ShareErrorsFromSession->handle(Object(Illuminate\\Http\\Request), Object(Closure))
#21 C:\\xampp\\htdocs\\evolucion2024\\vendor\\laravel\\framework\\src\\Illuminate\\Session\\Middleware\\StartSession.php(121): Illuminate\\Pipeline\\Pipeline->Illuminate\\Pipeline\\{closure}(Object(Illuminate\\Http\\Request))
#22 C:\\xampp\\htdocs\\evolucion2024\\vendor\\laravel\\framework\\src\\Illuminate\\Session\\Middleware\\StartSession.php(64): Illuminate\\Session\\Middleware\\StartSession->handleStatefulRequest(Object(Illuminate\\Http\\Request), Object(Illuminate\\Session\\Store), Object(Closure))
#23 C:\\xampp\\htdocs\\evolucion2024\\vendor\\laravel\\framework\\src\\Illuminate\\Pipeline\\Pipeline.php(180): Illuminate\\Session\\Middleware\\StartSession->handle(Object(Illuminate\\Http\\Request), Object(Closure))
#24 C:\\xampp\\htdocs\\evolucion2024\\vendor\\laravel\\framework\\src\\Illuminate\\Cookie\\Middleware\\AddQueuedCookiesToResponse.php(37): Illuminate\\Pipeline\\Pipeline->Illuminate\\Pipeline\\{closure}(Object(Illuminate\\Http\\Request))
#25 C:\\xampp\\htdocs\\evolucion2024\\vendor\\laravel\\framework\\src\\Illuminate\\Pipeline\\Pipeline.php(180): Illuminate\\Cookie\\Middleware\\AddQueuedCookiesToResponse->handle(Object(Illuminate\\Http\\Request), Object(Closure))
#26 C:\\xampp\\htdocs\\evolucion2024\\vendor\\laravel\\framework\\src\\Illuminate\\Cookie\\Middleware\\EncryptCookies.php(67): Illuminate\\Pipeline\\Pipeline->Illuminate\\Pipeline\\{closure}(Object(Illuminate\\Http\\Request))
#27 C:\\xampp\\htdocs\\evolucion2024\\vendor\\laravel\\framework\\src\\Illuminate\\Pipeline\\Pipeline.php(180): Illuminate\\Cookie\\Middleware\\EncryptCookies->handle(Object(Illuminate\\Http\\Request), Object(Closure))
#28 C:\\xampp\\htdocs\\evolucion2024\\vendor\\laravel\\framework\\src\\Illuminate\\Pipeline\\Pipeline.php(116): Illuminate\\Pipeline\\Pipeline->Illuminate\\Pipeline\\{closure}(Object(Illuminate\\Http\\Request))
#29 C:\\xampp\\htdocs\\evolucion2024\\vendor\\laravel\\framework\\src\\Illuminate\\Routing\\Router.php(799): Illuminate\\Pipeline\\Pipeline->then(Object(Closure))
#30 C:\\xampp\\htdocs\\evolucion2024\\vendor\\laravel\\framework\\src\\Illuminate\\Routing\\Router.php(776): Illuminate\\Routing\\Router->runRouteWithinStack(Object(Illuminate\\Routing\\Route), Object(Illuminate\\Http\\Request))
#31 C:\\xampp\\htdocs\\evolucion2024\\vendor\\laravel\\framework\\src\\Illuminate\\Routing\\Router.php(740): Illuminate\\Routing\\Router->runRoute(Object(Illuminate\\Http\\Request), Object(Illuminate\\Routing\\Route))
#32 C:\\xampp\\htdocs\\evolucion2024\\vendor\\laravel\\framework\\src\\Illuminate\\Routing\\Router.php(729): Illuminate\\Routing\\Router->dispatchToRoute(Object(Illuminate\\Http\\Request))
#33 C:\\xampp\\htdocs\\evolucion2024\\vendor\\laravel\\framework\\src\\Illuminate\\Foundation\\Http\\Kernel.php(190): Illuminate\\Routing\\Router->dispatch(Object(Illuminate\\Http\\Request))
#34 C:\\xampp\\htdocs\\evolucion2024\\vendor\\laravel\\framework\\src\\Illuminate\\Pipeline\\Pipeline.php(141): Illuminate\\Foundation\\Http\\Kernel->Illuminate\\Foundation\\Http\\{closure}(Object(Illuminate\\Http\\Request))
#35 C:\\xampp\\htdocs\\evolucion2024\\vendor\\laravel\\framework\\src\\Illuminate\\Http\\Middleware\\TrustProxies.php(39): Illuminate\\Pipeline\\Pipeline->Illuminate\\Pipeline\\{closure}(Object(Illuminate\\Http\\Request))
#36 C:\\xampp\\htdocs\\evolucion2024\\vendor\\laravel\\framework\\src\\Illuminate\\Pipeline\\Pipeline.php(180): Illuminate\\Http\\Middleware\\TrustProxies->handle(Object(Illuminate\\Http\\Request), Object(Closure))
#37 C:\\xampp\\htdocs\\evolucion2024\\vendor\\laravel\\framework\\src\\Illuminate\\Foundation\\Http\\Middleware\\TransformsRequest.php(21): Illuminate\\Pipeline\\Pipeline->Illuminate\\Pipeline\\{closure}(Object(Illuminate\\Http\\Request))
#38 C:\\xampp\\htdocs\\evolucion2024\\vendor\\laravel\\framework\\src\\Illuminate\\Foundation\\Http\\Middleware\\ConvertEmptyStringsToNull.php(31): Illuminate\\Foundation\\Http\\Middleware\\TransformsRequest->handle(Object(Illuminate\\Http\\Request), Object(Closure))
#39 C:\\xampp\\htdocs\\evolucion2024\\vendor\\laravel\\framework\\src\\Illuminate\\Pipeline\\Pipeline.php(180): Illuminate\\Foundation\\Http\\Middleware\\ConvertEmptyStringsToNull->handle(Object(Illuminate\\Http\\Request), Object(Closure))
#40 C:\\xampp\\htdocs\\evolucion2024\\vendor\\laravel\\framework\\src\\Illuminate\\Foundation\\Http\\Middleware\\TransformsRequest.php(21): Illuminate\\Pipeline\\Pipeline->Illuminate\\Pipeline\\{closure}(Object(Illuminate\\Http\\Request))
#41 C:\\xampp\\htdocs\\evolucion2024\\vendor\\laravel\\framework\\src\\Illuminate\\Foundation\\Http\\Middleware\\TrimStrings.php(40): Illuminate\\Foundation\\Http\\Middleware\\TransformsRequest->handle(Object(Illuminate\\Http\\Request), Object(Closure))
#42 C:\\xampp\\htdocs\\evolucion2024\\vendor\\laravel\\framework\\src\\Illuminate\\Pipeline\\Pipeline.php(180): Illuminate\\Foundation\\Http\\Middleware\\TrimStrings->handle(Object(Illuminate\\Http\\Request), Object(Closure))
#43 C:\\xampp\\htdocs\\evolucion2024\\vendor\\laravel\\framework\\src\\Illuminate\\Foundation\\Http\\Middleware\\ValidatePostSize.php(27): Illuminate\\Pipeline\\Pipeline->Illuminate\\Pipeline\\{closure}(Object(Illuminate\\Http\\Request))
#44 C:\\xampp\\htdocs\\evolucion2024\\vendor\\laravel\\framework\\src\\Illuminate\\Pipeline\\Pipeline.php(180): Illuminate\\Foundation\\Http\\Middleware\\ValidatePostSize->handle(Object(Illuminate\\Http\\Request), Object(Closure))
#45 C:\\xampp\\htdocs\\evolucion2024\\vendor\\laravel\\framework\\src\\Illuminate\\Foundation\\Http\\Middleware\\PreventRequestsDuringMaintenance.php(86): Illuminate\\Pipeline\\Pipeline->Illuminate\\Pipeline\\{closure}(Object(Illuminate\\Http\\Request))
#46 C:\\xampp\\htdocs\\evolucion2024\\vendor\\laravel\\framework\\src\\Illuminate\\Pipeline\\Pipeline.php(180): Illuminate\\Foundation\\Http\\Middleware\\PreventRequestsDuringMaintenance->handle(Object(Illuminate\\Http\\Request), Object(Closure))
#47 C:\\xampp\\htdocs\\evolucion2024\\vendor\\laravel\\framework\\src\\Illuminate\\Pipeline\\Pipeline.php(116): Illuminate\\Pipeline\\Pipeline->Illuminate\\Pipeline\\{closure}(Object(Illuminate\\Http\\Request))
#48 C:\\xampp\\htdocs\\evolucion2024\\vendor\\laravel\\framework\\src\\Illuminate\\Foundation\\Http\\Kernel.php(165): Illuminate\\Pipeline\\Pipeline->then(Object(Closure))
#49 C:\\xampp\\htdocs\\evolucion2024\\vendor\\laravel\\framework\\src\\Illuminate\\Foundation\\Http\\Kernel.php(134): Illuminate\\Foundation\\Http\\Kernel->sendRequestThroughRouter(Object(Illuminate\\Http\\Request))
#50 C:\\xampp\\htdocs\\evolucion2024\\public\\index.php(55): Illuminate\\Foundation\\Http\\Kernel->handle(Object(Illuminate\\Http\\Request))
#51 C:\\xampp\\htdocs\\evolucion2024\\server.php(21): require_once('C:\\\\xampp\\\\htdocs...')
#52 {main}
"} 
[2025-02-12 14:43:29] production.ERROR: Cannot use object of type stdClass as array {"view":{"view":"C:\\xampp\\htdocs\\evolucion2024\\resources\\views\\player\\capitulos.blade.php","data":{"errors":"<pre class=sf-dump id=sf-dump-421701367 data-indent-pad=\"  \"><span class=sf-dump-note>Illuminate\\Support\\ViewErrorBag</span> {<a class=sf-dump-ref>#1620</a><samp data-depth=1 class=sf-dump-expanded>
  #<span class=sf-dump-protected title=\"Protected property\">bags</span>: []
</samp>}
</pre><script>Sfdump(\"sf-dump-421701367\", {\"maxDepth\":3,\"maxStringLength\":160})</script>
","capitulos":"<pre class=sf-dump id=sf-dump-1406038069 data-indent-pad=\"  \"><span class=sf-dump-note>App\\PosUsuModel\\CapituloModel</span> {<a class=sf-dump-ref>#1691</a><samp data-depth=1 class=sf-dump-expanded>
  #<span class=sf-dump-protected title=\"Protected property\">connection</span>: \"<span class=sf-dump-str title=\"5 characters\">mysql</span>\"
  #<span class=sf-dump-protected title=\"Protected property\">table</span>: \"<span class=sf-dump-str title=\"8 characters\">chapters</span>\"
  #<span class=sf-dump-protected title=\"Protected property\">primaryKey</span>: \"<span class=sf-dump-str title=\"2 characters\">id</span>\"
  #<span class=sf-dump-protected title=\"Protected property\">keyType</span>: \"<span class=sf-dump-str title=\"3 characters\">int</span>\"
  +<span class=sf-dump-public title=\"Public property\">incrementing</span>: <span class=sf-dump-const>true</span>
  #<span class=sf-dump-protected title=\"Protected property\">with</span>: []
  #<span class=sf-dump-protected title=\"Protected property\">withCount</span>: []
  +<span class=sf-dump-public title=\"Public property\">preventsLazyLoading</span>: <span class=sf-dump-const>false</span>
  #<span class=sf-dump-protected title=\"Protected property\">perPage</span>: <span class=sf-dump-num>15</span>
  +<span class=sf-dump-public title=\"Public property\">exists</span>: <span class=sf-dump-const>true</span>
  +<span class=sf-dump-public title=\"Public property\">wasRecentlyCreated</span>: <span class=sf-dump-const>false</span>
  #<span class=sf-dump-protected title=\"Protected property\">escapeWhenCastingToString</span>: <span class=sf-dump-const>false</span>
  #<span class=sf-dump-protected title=\"Protected property\">attributes</span>: <span class=sf-dump-note>array:10</span> [<samp data-depth=2 class=sf-dump-compact>
    \"<span class=sf-dump-key>id</span>\" => <span class=sf-dump-num>2</span>
    \"<span class=sf-dump-key>name</span>\" => \"<span class=sf-dump-str title=\"10 characters\">Cap&#237;tulo 2</span>\"
    \"<span class=sf-dump-key>title</span>\" => \"<span class=sf-dump-str title=\"15 characters\">Auto Liderarnos</span>\"
    \"<span class=sf-dump-key>order</span>\" => <span class=sf-dump-num>2</span>
    \"<span class=sf-dump-key>videoIntro</span>\" => \"<span class=sf-dump-str title=\"14 characters\">Capitulo_1.mp4</span>\"
    \"<span class=sf-dump-key>imgintro</span>\" => \"<span class=sf-dump-str title=\"25 characters\">dist/img/chapter02_bg.jpg</span>\"
    \"<span class=sf-dump-key>description</span>\" => \"<span class=sf-dump-str title=\"122 characters\">La nave no debe estar m&#225;s tiempo en el espacio exterior, debemos aprender a influenciar sobre lo que sucede en el espacio.</span>\"
    \"<span class=sf-dump-key>time</span>\" => <span class=sf-dump-num>15</span>
    \"<span class=sf-dump-key>created_at</span>\" => \"<span class=sf-dump-str title=\"19 characters\">2020-05-05 09:27:34</span>\"
    \"<span class=sf-dump-key>updated_at</span>\" => \"<span class=sf-dump-str title=\"19 characters\">2023-07-11 10:22:56</span>\"
  </samp>]
  #<span class=sf-dump-protected title=\"Protected property\">original</span>: <span class=sf-dump-note>array:10</span> [<samp data-depth=2 class=sf-dump-compact>
    \"<span class=sf-dump-key>id</span>\" => <span class=sf-dump-num>2</span>
    \"<span class=sf-dump-key>name</span>\" => \"<span class=sf-dump-str title=\"10 characters\">Cap&#237;tulo 2</span>\"
    \"<span class=sf-dump-key>title</span>\" => \"<span class=sf-dump-str title=\"15 characters\">Auto Liderarnos</span>\"
    \"<span class=sf-dump-key>order</span>\" => <span class=sf-dump-num>2</span>
    \"<span class=sf-dump-key>videoIntro</span>\" => \"<span class=sf-dump-str title=\"14 characters\">Capitulo_1.mp4</span>\"
    \"<span class=sf-dump-key>imgintro</span>\" => \"<span class=sf-dump-str title=\"25 characters\">dist/img/chapter02_bg.jpg</span>\"
    \"<span class=sf-dump-key>description</span>\" => \"<span class=sf-dump-str title=\"122 characters\">La nave no debe estar m&#225;s tiempo en el espacio exterior, debemos aprender a influenciar sobre lo que sucede en el espacio.</span>\"
    \"<span class=sf-dump-key>time</span>\" => <span class=sf-dump-num>15</span>
    \"<span class=sf-dump-key>created_at</span>\" => \"<span class=sf-dump-str title=\"19 characters\">2020-05-05 09:27:34</span>\"
    \"<span class=sf-dump-key>updated_at</span>\" => \"<span class=sf-dump-str title=\"19 characters\">2023-07-11 10:22:56</span>\"
  </samp>]
  #<span class=sf-dump-protected title=\"Protected property\">changes</span>: []
  #<span class=sf-dump-protected title=\"Protected property\">casts</span>: []
  #<span class=sf-dump-protected title=\"Protected property\">classCastCache</span>: []
  #<span class=sf-dump-protected title=\"Protected property\">attributeCastCache</span>: []
  #<span class=sf-dump-protected title=\"Protected property\">dates</span>: []
  #<span class=sf-dump-protected title=\"Protected property\">dateFormat</span>: <span class=sf-dump-const>null</span>
  #<span class=sf-dump-protected title=\"Protected property\">appends</span>: []
  #<span class=sf-dump-protected title=\"Protected property\">dispatchesEvents</span>: []
  #<span class=sf-dump-protected title=\"Protected property\">observables</span>: []
  #<span class=sf-dump-protected title=\"Protected property\">relations</span>: []
  #<span class=sf-dump-protected title=\"Protected property\">touches</span>: []
  +<span class=sf-dump-public title=\"Public property\">timestamps</span>: <span class=sf-dump-const>true</span>
  #<span class=sf-dump-protected title=\"Protected property\">hidden</span>: []
  #<span class=sf-dump-protected title=\"Protected property\">visible</span>: []
  #<span class=sf-dump-protected title=\"Protected property\">fillable</span>: []
  #<span class=sf-dump-protected title=\"Protected property\">guarded</span>: <span class=sf-dump-note>array:1</span> [<samp data-depth=2 class=sf-dump-compact>
    <span class=sf-dump-index>0</span> => \"<span class=sf-dump-str>*</span>\"
  </samp>]
  #<span class=sf-dump-protected title=\"Protected property\">primarykey</span>: \"<span class=sf-dump-str title=\"2 characters\">id</span>\"
</samp>}
</pre><script>Sfdump(\"sf-dump-1406038069\", {\"maxDepth\":3,\"maxStringLength\":160})</script>
","mensaje":"<pre class=sf-dump id=sf-dump-1170757921 data-indent-pad=\"  \"><span class=sf-dump-num>1</span>
</pre><script>Sfdump(\"sf-dump-1170757921\", {\"maxDepth\":3,\"maxStringLength\":160})</script>
","retp":"<pre class=sf-dump id=sf-dump-234088204 data-indent-pad=\"  \"><span class=sf-dump-const>null</span>
</pre><script>Sfdump(\"sf-dump-234088204\", {\"maxDepth\":3,\"maxStringLength\":160})</script>
","tareacap":"<pre class=sf-dump id=sf-dump-940005008 data-indent-pad=\"  \"><span class=sf-dump-note>Illuminate\\Support\\Collection</span> {<a class=sf-dump-ref>#1688</a><samp data-depth=1 class=sf-dump-expanded>
  #<span class=sf-dump-protected title=\"Protected property\">items</span>: <span class=sf-dump-note>array:11</span> [<samp data-depth=2 class=sf-dump-compact>
    <span class=sf-dump-index>0</span> => {<a class=sf-dump-ref>#1693</a><samp data-depth=3 class=sf-dump-compact>
      +\"<span class=sf-dump-public title=\"Runtime added dynamic property\">cap</span>\": <span class=sf-dump-num>2</span>
      +\"<span class=sf-dump-public title=\"Runtime added dynamic property\">idt</span>\": <span class=sf-dump-num>10</span>
      +\"<span class=sf-dump-public title=\"Runtime added dynamic property\">name</span>\": \"<span class=sf-dump-str title=\"44 characters\">1.1.1  &#191;Porqu&#233; es importante auto liderazgo?</span>\"
    </samp>}
    <span class=sf-dump-index>1</span> => {<a class=sf-dump-ref>#1696</a><samp data-depth=3 class=sf-dump-compact>
      +\"<span class=sf-dump-public title=\"Runtime added dynamic property\">cap</span>\": <span class=sf-dump-num>2</span>
      +\"<span class=sf-dump-public title=\"Runtime added dynamic property\">idt</span>\": <span class=sf-dump-num>12</span>
      +\"<span class=sf-dump-public title=\"Runtime added dynamic property\">name</span>\": \"<span class=sf-dump-str title=\"26 characters\">1.1.2 Preg&#250;ntale a alguien</span>\"
    </samp>}
    <span class=sf-dump-index>2</span> => {<a class=sf-dump-ref>#1697</a><samp data-depth=3 class=sf-dump-compact>
      +\"<span class=sf-dump-public title=\"Runtime added dynamic property\">cap</span>\": <span class=sf-dump-num>2</span>
      +\"<span class=sf-dump-public title=\"Runtime added dynamic property\">idt</span>\": <span class=sf-dump-num>13</span>
      +\"<span class=sf-dump-public title=\"Runtime added dynamic property\">name</span>\": \"<span class=sf-dump-str title=\"26 characters\">1.2.1 Proactivo o Reactivo</span>\"
    </samp>}
    <span class=sf-dump-index>3</span> => {<a class=sf-dump-ref>#1698</a><samp data-depth=3 class=sf-dump-compact>
      +\"<span class=sf-dump-public title=\"Runtime added dynamic property\">cap</span>\": <span class=sf-dump-num>2</span>
      +\"<span class=sf-dump-public title=\"Runtime added dynamic property\">idt</span>\": <span class=sf-dump-num>14</span>
      +\"<span class=sf-dump-public title=\"Runtime added dynamic property\">name</span>\": \"<span class=sf-dump-str title=\"21 characters\">1.2.2 Reto - C&#237;rculos</span>\"
    </samp>}
    <span class=sf-dump-index>4</span> => {<a class=sf-dump-ref>#1701</a><samp data-depth=3 class=sf-dump-compact>
      +\"<span class=sf-dump-public title=\"Runtime added dynamic property\">cap</span>\": <span class=sf-dump-num>2</span>
      +\"<span class=sf-dump-public title=\"Runtime added dynamic property\">idt</span>\": <span class=sf-dump-num>15</span>
      +\"<span class=sf-dump-public title=\"Runtime added dynamic property\">name</span>\": \"<span class=sf-dump-str title=\"34 characters\">1.2.3 Ampliando circulo influencia</span>\"
    </samp>}
    <span class=sf-dump-index>5</span> => {<a class=sf-dump-ref>#1699</a><samp data-depth=3 class=sf-dump-compact>
      +\"<span class=sf-dump-public title=\"Runtime added dynamic property\">cap</span>\": <span class=sf-dump-num>2</span>
      +\"<span class=sf-dump-public title=\"Runtime added dynamic property\">idt</span>\": <span class=sf-dump-num>16</span>
      +\"<span class=sf-dump-public title=\"Runtime added dynamic property\">name</span>\": \"<span class=sf-dump-str title=\"42 characters\">1.2.4 Reto - Cambiar los tener por los Ser</span>\"
    </samp>}
    <span class=sf-dump-index>6</span> => {<a class=sf-dump-ref>#1700</a><samp data-depth=3 class=sf-dump-compact>
      +\"<span class=sf-dump-public title=\"Runtime added dynamic property\">cap</span>\": <span class=sf-dump-num>2</span>
      +\"<span class=sf-dump-public title=\"Runtime added dynamic property\">idt</span>\": <span class=sf-dump-num>17</span>
      +\"<span class=sf-dump-public title=\"Runtime added dynamic property\">name</span>\": \"<span class=sf-dump-str title=\"36 characters\">1.2.5 Autoconocimiento / Auto Estima</span>\"
    </samp>}
    <span class=sf-dump-index>7</span> => {<a class=sf-dump-ref>#1703</a><samp data-depth=3 class=sf-dump-compact>
      +\"<span class=sf-dump-public title=\"Runtime added dynamic property\">cap</span>\": <span class=sf-dump-num>2</span>
      +\"<span class=sf-dump-public title=\"Runtime added dynamic property\">idt</span>\": <span class=sf-dump-num>18</span>
      +\"<span class=sf-dump-public title=\"Runtime added dynamic property\">name</span>\": \"<span class=sf-dump-str title=\"42 characters\">1.2.6 Reto Auto Estima / Auto Conocimiento</span>\"
    </samp>}
    <span class=sf-dump-index>8</span> => {<a class=sf-dump-ref>#1704</a><samp data-depth=3 class=sf-dump-compact>
      +\"<span class=sf-dump-public title=\"Runtime added dynamic property\">cap</span>\": <span class=sf-dump-num>2</span>
      +\"<span class=sf-dump-public title=\"Runtime added dynamic property\">idt</span>\": <span class=sf-dump-num>19</span>
      +\"<span class=sf-dump-public title=\"Runtime added dynamic property\">name</span>\": \"<span class=sf-dump-str title=\"33 characters\">1.2.7 Autonomia / Auto motivaci&#243;n</span>\"
    </samp>}
    <span class=sf-dump-index>9</span> => {<a class=sf-dump-ref>#1702</a><samp data-depth=3 class=sf-dump-compact>
      +\"<span class=sf-dump-public title=\"Runtime added dynamic property\">cap</span>\": <span class=sf-dump-num>2</span>
      +\"<span class=sf-dump-public title=\"Runtime added dynamic property\">idt</span>\": <span class=sf-dump-num>20</span>
      +\"<span class=sf-dump-public title=\"Runtime added dynamic property\">name</span>\": \"<span class=sf-dump-str title=\"33 characters\">1.2.8 Reto Autonomia / Motivaci&#243;n</span>\"
    </samp>}
    <span class=sf-dump-index>10</span> => {<a class=sf-dump-ref>#1705</a><samp data-depth=3 class=sf-dump-compact>
      +\"<span class=sf-dump-public title=\"Runtime added dynamic property\">cap</span>\": <span class=sf-dump-num>2</span>
      +\"<span class=sf-dump-public title=\"Runtime added dynamic property\">idt</span>\": <span class=sf-dump-num>21</span>
      +\"<span class=sf-dump-public title=\"Runtime added dynamic property\">name</span>\": \"<span class=sf-dump-str title=\"32 characters\">1.3.1 &#191;C&#243;mo ponerlo en practica?</span>\"
    </samp>}
  </samp>]
  #<span class=sf-dump-protected title=\"Protected property\">escapeWhenCastingToString</span>: <span class=sf-dump-const>false</span>
</samp>}
</pre><script>Sfdump(\"sf-dump-940005008\", {\"maxDepth\":3,\"maxStringLength\":160})</script>
","tareasusu":"<pre class=sf-dump id=sf-dump-667157565 data-indent-pad=\"  \"><span class=sf-dump-note>Illuminate\\Support\\Collection</span> {<a class=sf-dump-ref>#1689</a><samp data-depth=1 class=sf-dump-expanded>
  #<span class=sf-dump-protected title=\"Protected property\">items</span>: <span class=sf-dump-note>array:2</span> [<samp data-depth=2 class=sf-dump-compact>
    <span class=sf-dump-index>0</span> => {<a class=sf-dump-ref>#1658</a><samp data-depth=3 class=sf-dump-compact>
      +\"<span class=sf-dump-public title=\"Runtime added dynamic property\">cap</span>\": <span class=sf-dump-num>2</span>
      +\"<span class=sf-dump-public title=\"Runtime added dynamic property\">ids</span>\": <span class=sf-dump-num>3</span>
      +\"<span class=sf-dump-public title=\"Runtime added dynamic property\">idt</span>\": <span class=sf-dump-num>10</span>
      +\"<span class=sf-dump-public title=\"Runtime added dynamic property\">name</span>\": \"<span class=sf-dump-str title=\"44 characters\">1.1.1  &#191;Porqu&#233; es importante auto liderazgo?</span>\"
    </samp>}
    <span class=sf-dump-index>1</span> => {<a class=sf-dump-ref>#1695</a><samp data-depth=3 class=sf-dump-compact>
      +\"<span class=sf-dump-public title=\"Runtime added dynamic property\">cap</span>\": <span class=sf-dump-num>2</span>
      +\"<span class=sf-dump-public title=\"Runtime added dynamic property\">ids</span>\": <span class=sf-dump-num>3</span>
      +\"<span class=sf-dump-public title=\"Runtime added dynamic property\">idt</span>\": <span class=sf-dump-num>12</span>
      +\"<span class=sf-dump-public title=\"Runtime added dynamic property\">name</span>\": \"<span class=sf-dump-str title=\"26 characters\">1.1.2 Preg&#250;ntale a alguien</span>\"
    </samp>}
  </samp>]
  #<span class=sf-dump-protected title=\"Protected property\">escapeWhenCastingToString</span>: <span class=sf-dump-const>false</span>
</samp>}
</pre><script>Sfdump(\"sf-dump-667157565\", {\"maxDepth\":3,\"maxStringLength\":160})</script>
","tem":"<pre class=sf-dump id=sf-dump-1373694502 data-indent-pad=\"  \"><span class=sf-dump-num>1</span>
</pre><script>Sfdump(\"sf-dump-1373694502\", {\"maxDepth\":3,\"maxStringLength\":160})</script>
","cap":"<pre class=sf-dump id=sf-dump-383046065 data-indent-pad=\"  \">\"<span class=sf-dump-str>2</span>\"
</pre><script>Sfdump(\"sf-dump-383046065\", {\"maxDepth\":3,\"maxStringLength\":160})</script>
","tareasCompletadas":"<pre class=sf-dump id=sf-dump-339775009 data-indent-pad=\"  \"><span class=sf-dump-note>array:2</span> [<samp data-depth=1 class=sf-dump-expanded>
  <span class=sf-dump-index>0</span> => <span class=sf-dump-num>10</span>
  <span class=sf-dump-index>1</span> => <span class=sf-dump-num>12</span>
</samp>]
</pre><script>Sfdump(\"sf-dump-339775009\", {\"maxDepth\":3,\"maxStringLength\":160})</script>
"}},"userId":671,"exception":"[object] (Spatie\\LaravelIgnition\\Exceptions\\ViewException(code: 0): Cannot use object of type stdClass as array at C:\\xampp\\htdocs\\evolucion2024\\resources\\views\\player\\capitulos.blade.php:229)
[stacktrace]
#0 C:\\xampp\\htdocs\\evolucion2024\\vendor\\laravel\\framework\\src\\Illuminate\\Filesystem\\Filesystem.php(109): require()
#1 C:\\xampp\\htdocs\\evolucion2024\\vendor\\laravel\\framework\\src\\Illuminate\\Filesystem\\Filesystem.php(110): Illuminate\\Filesystem\\Filesystem::Illuminate\\Filesystem\\{closure}()
#2 C:\\xampp\\htdocs\\evolucion2024\\vendor\\laravel\\framework\\src\\Illuminate\\View\\Engines\\PhpEngine.php(58): Illuminate\\Filesystem\\Filesystem->getRequire('C:\\\\xampp\\\\htdocs...', Array)
#3 C:\\xampp\\htdocs\\evolucion2024\\vendor\\laravel\\framework\\src\\Illuminate\\View\\Engines\\CompilerEngine.php(70): Illuminate\\View\\Engines\\PhpEngine->evaluatePath('C:\\\\xampp\\\\htdocs...', Array)
#4 C:\\xampp\\htdocs\\evolucion2024\\vendor\\laravel\\framework\\src\\Illuminate\\View\\View.php(195): Illuminate\\View\\Engines\\CompilerEngine->get('C:\\\\xampp\\\\htdocs...', Array)
#5 C:\\xampp\\htdocs\\evolucion2024\\vendor\\laravel\\framework\\src\\Illuminate\\View\\View.php(178): Illuminate\\View\\View->getContents()
#6 C:\\xampp\\htdocs\\evolucion2024\\vendor\\laravel\\framework\\src\\Illuminate\\View\\View.php(147): Illuminate\\View\\View->renderContents()
#7 C:\\xampp\\htdocs\\evolucion2024\\vendor\\laravel\\framework\\src\\Illuminate\\Http\\Response.php(69): Illuminate\\View\\View->render()
#8 C:\\xampp\\htdocs\\evolucion2024\\vendor\\laravel\\framework\\src\\Illuminate\\Http\\Response.php(35): Illuminate\\Http\\Response->setContent(Object(Illuminate\\View\\View))
#9 C:\\xampp\\htdocs\\evolucion2024\\vendor\\laravel\\framework\\src\\Illuminate\\Routing\\Router.php(906): Illuminate\\Http\\Response->__construct(Object(Illuminate\\View\\View), 200, Array)
#10 C:\\xampp\\htdocs\\evolucion2024\\vendor\\laravel\\framework\\src\\Illuminate\\Routing\\Router.php(875): Illuminate\\Routing\\Router::toResponse(Object(Illuminate\\Http\\Request), Object(Illuminate\\View\\View))
#11 C:\\xampp\\htdocs\\evolucion2024\\vendor\\laravel\\framework\\src\\Illuminate\\Routing\\Router.php(798): Illuminate\\Routing\\Router->prepareResponse(Object(Illuminate\\Http\\Request), Object(Illuminate\\View\\View))
#12 C:\\xampp\\htdocs\\evolucion2024\\vendor\\laravel\\framework\\src\\Illuminate\\Pipeline\\Pipeline.php(141): Illuminate\\Routing\\Router->Illuminate\\Routing\\{closure}(Object(Illuminate\\Http\\Request))
#13 C:\\xampp\\htdocs\\evolucion2024\\app\\Http\\Middleware\\RedirectIfSessionExpired.php(25): Illuminate\\Pipeline\\Pipeline->Illuminate\\Pipeline\\{closure}(Object(Illuminate\\Http\\Request))
#14 C:\\xampp\\htdocs\\evolucion2024\\vendor\\laravel\\framework\\src\\Illuminate\\Pipeline\\Pipeline.php(180): App\\Http\\Middleware\\RedirectIfSessionExpired->handle(Object(Illuminate\\Http\\Request), Object(Closure))
#15 C:\\xampp\\htdocs\\evolucion2024\\vendor\\laravel\\framework\\src\\Illuminate\\Routing\\Middleware\\SubstituteBindings.php(50): Illuminate\\Pipeline\\Pipeline->Illuminate\\Pipeline\\{closure}(Object(Illuminate\\Http\\Request))
#16 C:\\xampp\\htdocs\\evolucion2024\\vendor\\laravel\\framework\\src\\Illuminate\\Pipeline\\Pipeline.php(180): Illuminate\\Routing\\Middleware\\SubstituteBindings->handle(Object(Illuminate\\Http\\Request), Object(Closure))
#17 C:\\xampp\\htdocs\\evolucion2024\\vendor\\laravel\\framework\\src\\Illuminate\\Foundation\\Http\\Middleware\\VerifyCsrfToken.php(78): Illuminate\\Pipeline\\Pipeline->Illuminate\\Pipeline\\{closure}(Object(Illuminate\\Http\\Request))
#18 C:\\xampp\\htdocs\\evolucion2024\\vendor\\laravel\\framework\\src\\Illuminate\\Pipeline\\Pipeline.php(180): Illuminate\\Foundation\\Http\\Middleware\\VerifyCsrfToken->handle(Object(Illuminate\\Http\\Request), Object(Closure))
#19 C:\\xampp\\htdocs\\evolucion2024\\vendor\\laravel\\framework\\src\\Illuminate\\View\\Middleware\\ShareErrorsFromSession.php(49): Illuminate\\Pipeline\\Pipeline->Illuminate\\Pipeline\\{closure}(Object(Illuminate\\Http\\Request))
#20 C:\\xampp\\htdocs\\evolucion2024\\vendor\\laravel\\framework\\src\\Illuminate\\Pipeline\\Pipeline.php(180): Illuminate\\View\\Middleware\\ShareErrorsFromSession->handle(Object(Illuminate\\Http\\Request), Object(Closure))
#21 C:\\xampp\\htdocs\\evolucion2024\\vendor\\laravel\\framework\\src\\Illuminate\\Session\\Middleware\\StartSession.php(121): Illuminate\\Pipeline\\Pipeline->Illuminate\\Pipeline\\{closure}(Object(Illuminate\\Http\\Request))
#22 C:\\xampp\\htdocs\\evolucion2024\\vendor\\laravel\\framework\\src\\Illuminate\\Session\\Middleware\\StartSession.php(64): Illuminate\\Session\\Middleware\\StartSession->handleStatefulRequest(Object(Illuminate\\Http\\Request), Object(Illuminate\\Session\\Store), Object(Closure))
#23 C:\\xampp\\htdocs\\evolucion2024\\vendor\\laravel\\framework\\src\\Illuminate\\Pipeline\\Pipeline.php(180): Illuminate\\Session\\Middleware\\StartSession->handle(Object(Illuminate\\Http\\Request), Object(Closure))
#24 C:\\xampp\\htdocs\\evolucion2024\\vendor\\laravel\\framework\\src\\Illuminate\\Cookie\\Middleware\\AddQueuedCookiesToResponse.php(37): Illuminate\\Pipeline\\Pipeline->Illuminate\\Pipeline\\{closure}(Object(Illuminate\\Http\\Request))
#25 C:\\xampp\\htdocs\\evolucion2024\\vendor\\laravel\\framework\\src\\Illuminate\\Pipeline\\Pipeline.php(180): Illuminate\\Cookie\\Middleware\\AddQueuedCookiesToResponse->handle(Object(Illuminate\\Http\\Request), Object(Closure))
#26 C:\\xampp\\htdocs\\evolucion2024\\vendor\\laravel\\framework\\src\\Illuminate\\Cookie\\Middleware\\EncryptCookies.php(67): Illuminate\\Pipeline\\Pipeline->Illuminate\\Pipeline\\{closure}(Object(Illuminate\\Http\\Request))
#27 C:\\xampp\\htdocs\\evolucion2024\\vendor\\laravel\\framework\\src\\Illuminate\\Pipeline\\Pipeline.php(180): Illuminate\\Cookie\\Middleware\\EncryptCookies->handle(Object(Illuminate\\Http\\Request), Object(Closure))
#28 C:\\xampp\\htdocs\\evolucion2024\\vendor\\laravel\\framework\\src\\Illuminate\\Pipeline\\Pipeline.php(116): Illuminate\\Pipeline\\Pipeline->Illuminate\\Pipeline\\{closure}(Object(Illuminate\\Http\\Request))
#29 C:\\xampp\\htdocs\\evolucion2024\\vendor\\laravel\\framework\\src\\Illuminate\\Routing\\Router.php(799): Illuminate\\Pipeline\\Pipeline->then(Object(Closure))
#30 C:\\xampp\\htdocs\\evolucion2024\\vendor\\laravel\\framework\\src\\Illuminate\\Routing\\Router.php(776): Illuminate\\Routing\\Router->runRouteWithinStack(Object(Illuminate\\Routing\\Route), Object(Illuminate\\Http\\Request))
#31 C:\\xampp\\htdocs\\evolucion2024\\vendor\\laravel\\framework\\src\\Illuminate\\Routing\\Router.php(740): Illuminate\\Routing\\Router->runRoute(Object(Illuminate\\Http\\Request), Object(Illuminate\\Routing\\Route))
#32 C:\\xampp\\htdocs\\evolucion2024\\vendor\\laravel\\framework\\src\\Illuminate\\Routing\\Router.php(729): Illuminate\\Routing\\Router->dispatchToRoute(Object(Illuminate\\Http\\Request))
#33 C:\\xampp\\htdocs\\evolucion2024\\vendor\\laravel\\framework\\src\\Illuminate\\Foundation\\Http\\Kernel.php(190): Illuminate\\Routing\\Router->dispatch(Object(Illuminate\\Http\\Request))
#34 C:\\xampp\\htdocs\\evolucion2024\\vendor\\laravel\\framework\\src\\Illuminate\\Pipeline\\Pipeline.php(141): Illuminate\\Foundation\\Http\\Kernel->Illuminate\\Foundation\\Http\\{closure}(Object(Illuminate\\Http\\Request))
#35 C:\\xampp\\htdocs\\evolucion2024\\vendor\\laravel\\framework\\src\\Illuminate\\Http\\Middleware\\TrustProxies.php(39): Illuminate\\Pipeline\\Pipeline->Illuminate\\Pipeline\\{closure}(Object(Illuminate\\Http\\Request))
#36 C:\\xampp\\htdocs\\evolucion2024\\vendor\\laravel\\framework\\src\\Illuminate\\Pipeline\\Pipeline.php(180): Illuminate\\Http\\Middleware\\TrustProxies->handle(Object(Illuminate\\Http\\Request), Object(Closure))
#37 C:\\xampp\\htdocs\\evolucion2024\\vendor\\laravel\\framework\\src\\Illuminate\\Foundation\\Http\\Middleware\\TransformsRequest.php(21): Illuminate\\Pipeline\\Pipeline->Illuminate\\Pipeline\\{closure}(Object(Illuminate\\Http\\Request))
#38 C:\\xampp\\htdocs\\evolucion2024\\vendor\\laravel\\framework\\src\\Illuminate\\Foundation\\Http\\Middleware\\ConvertEmptyStringsToNull.php(31): Illuminate\\Foundation\\Http\\Middleware\\TransformsRequest->handle(Object(Illuminate\\Http\\Request), Object(Closure))
#39 C:\\xampp\\htdocs\\evolucion2024\\vendor\\laravel\\framework\\src\\Illuminate\\Pipeline\\Pipeline.php(180): Illuminate\\Foundation\\Http\\Middleware\\ConvertEmptyStringsToNull->handle(Object(Illuminate\\Http\\Request), Object(Closure))
#40 C:\\xampp\\htdocs\\evolucion2024\\vendor\\laravel\\framework\\src\\Illuminate\\Foundation\\Http\\Middleware\\TransformsRequest.php(21): Illuminate\\Pipeline\\Pipeline->Illuminate\\Pipeline\\{closure}(Object(Illuminate\\Http\\Request))
#41 C:\\xampp\\htdocs\\evolucion2024\\vendor\\laravel\\framework\\src\\Illuminate\\Foundation\\Http\\Middleware\\TrimStrings.php(40): Illuminate\\Foundation\\Http\\Middleware\\TransformsRequest->handle(Object(Illuminate\\Http\\Request), Object(Closure))
#42 C:\\xampp\\htdocs\\evolucion2024\\vendor\\laravel\\framework\\src\\Illuminate\\Pipeline\\Pipeline.php(180): Illuminate\\Foundation\\Http\\Middleware\\TrimStrings->handle(Object(Illuminate\\Http\\Request), Object(Closure))
#43 C:\\xampp\\htdocs\\evolucion2024\\vendor\\laravel\\framework\\src\\Illuminate\\Foundation\\Http\\Middleware\\ValidatePostSize.php(27): Illuminate\\Pipeline\\Pipeline->Illuminate\\Pipeline\\{closure}(Object(Illuminate\\Http\\Request))
#44 C:\\xampp\\htdocs\\evolucion2024\\vendor\\laravel\\framework\\src\\Illuminate\\Pipeline\\Pipeline.php(180): Illuminate\\Foundation\\Http\\Middleware\\ValidatePostSize->handle(Object(Illuminate\\Http\\Request), Object(Closure))
#45 C:\\xampp\\htdocs\\evolucion2024\\vendor\\laravel\\framework\\src\\Illuminate\\Foundation\\Http\\Middleware\\PreventRequestsDuringMaintenance.php(86): Illuminate\\Pipeline\\Pipeline->Illuminate\\Pipeline\\{closure}(Object(Illuminate\\Http\\Request))
#46 C:\\xampp\\htdocs\\evolucion2024\\vendor\\laravel\\framework\\src\\Illuminate\\Pipeline\\Pipeline.php(180): Illuminate\\Foundation\\Http\\Middleware\\PreventRequestsDuringMaintenance->handle(Object(Illuminate\\Http\\Request), Object(Closure))
#47 C:\\xampp\\htdocs\\evolucion2024\\vendor\\laravel\\framework\\src\\Illuminate\\Pipeline\\Pipeline.php(116): Illuminate\\Pipeline\\Pipeline->Illuminate\\Pipeline\\{closure}(Object(Illuminate\\Http\\Request))
#48 C:\\xampp\\htdocs\\evolucion2024\\vendor\\laravel\\framework\\src\\Illuminate\\Foundation\\Http\\Kernel.php(165): Illuminate\\Pipeline\\Pipeline->then(Object(Closure))
#49 C:\\xampp\\htdocs\\evolucion2024\\vendor\\laravel\\framework\\src\\Illuminate\\Foundation\\Http\\Kernel.php(134): Illuminate\\Foundation\\Http\\Kernel->sendRequestThroughRouter(Object(Illuminate\\Http\\Request))
#50 C:\\xampp\\htdocs\\evolucion2024\\public\\index.php(55): Illuminate\\Foundation\\Http\\Kernel->handle(Object(Illuminate\\Http\\Request))
#51 C:\\xampp\\htdocs\\evolucion2024\\server.php(21): require_once('C:\\\\xampp\\\\htdocs...')
#52 {main}

[previous exception] [object] (Error(code: 0): Cannot use object of type stdClass as array at C:\\xampp\\htdocs\\evolucion2024\\storage\\framework\\views\\7b81b531a2b5422499a03d9c46ed57388093c5b1.php:211)
[stacktrace]
#0 C:\\xampp\\htdocs\\evolucion2024\\vendor\\laravel\\framework\\src\\Illuminate\\Filesystem\\Filesystem.php(109): require()
#1 C:\\xampp\\htdocs\\evolucion2024\\vendor\\laravel\\framework\\src\\Illuminate\\Filesystem\\Filesystem.php(110): Illuminate\\Filesystem\\Filesystem::Illuminate\\Filesystem\\{closure}()
#2 C:\\xampp\\htdocs\\evolucion2024\\vendor\\laravel\\framework\\src\\Illuminate\\View\\Engines\\PhpEngine.php(58): Illuminate\\Filesystem\\Filesystem->getRequire('C:\\\\xampp\\\\htdocs...', Array)
#3 C:\\xampp\\htdocs\\evolucion2024\\vendor\\laravel\\framework\\src\\Illuminate\\View\\Engines\\CompilerEngine.php(70): Illuminate\\View\\Engines\\PhpEngine->evaluatePath('C:\\\\xampp\\\\htdocs...', Array)
#4 C:\\xampp\\htdocs\\evolucion2024\\vendor\\laravel\\framework\\src\\Illuminate\\View\\View.php(195): Illuminate\\View\\Engines\\CompilerEngine->get('C:\\\\xampp\\\\htdocs...', Array)
#5 C:\\xampp\\htdocs\\evolucion2024\\vendor\\laravel\\framework\\src\\Illuminate\\View\\View.php(178): Illuminate\\View\\View->getContents()
#6 C:\\xampp\\htdocs\\evolucion2024\\vendor\\laravel\\framework\\src\\Illuminate\\View\\View.php(147): Illuminate\\View\\View->renderContents()
#7 C:\\xampp\\htdocs\\evolucion2024\\vendor\\laravel\\framework\\src\\Illuminate\\Http\\Response.php(69): Illuminate\\View\\View->render()
#8 C:\\xampp\\htdocs\\evolucion2024\\vendor\\laravel\\framework\\src\\Illuminate\\Http\\Response.php(35): Illuminate\\Http\\Response->setContent(Object(Illuminate\\View\\View))
#9 C:\\xampp\\htdocs\\evolucion2024\\vendor\\laravel\\framework\\src\\Illuminate\\Routing\\Router.php(906): Illuminate\\Http\\Response->__construct(Object(Illuminate\\View\\View), 200, Array)
#10 C:\\xampp\\htdocs\\evolucion2024\\vendor\\laravel\\framework\\src\\Illuminate\\Routing\\Router.php(875): Illuminate\\Routing\\Router::toResponse(Object(Illuminate\\Http\\Request), Object(Illuminate\\View\\View))
#11 C:\\xampp\\htdocs\\evolucion2024\\vendor\\laravel\\framework\\src\\Illuminate\\Routing\\Router.php(798): Illuminate\\Routing\\Router->prepareResponse(Object(Illuminate\\Http\\Request), Object(Illuminate\\View\\View))
#12 C:\\xampp\\htdocs\\evolucion2024\\vendor\\laravel\\framework\\src\\Illuminate\\Pipeline\\Pipeline.php(141): Illuminate\\Routing\\Router->Illuminate\\Routing\\{closure}(Object(Illuminate\\Http\\Request))
#13 C:\\xampp\\htdocs\\evolucion2024\\app\\Http\\Middleware\\RedirectIfSessionExpired.php(25): Illuminate\\Pipeline\\Pipeline->Illuminate\\Pipeline\\{closure}(Object(Illuminate\\Http\\Request))
#14 C:\\xampp\\htdocs\\evolucion2024\\vendor\\laravel\\framework\\src\\Illuminate\\Pipeline\\Pipeline.php(180): App\\Http\\Middleware\\RedirectIfSessionExpired->handle(Object(Illuminate\\Http\\Request), Object(Closure))
#15 C:\\xampp\\htdocs\\evolucion2024\\vendor\\laravel\\framework\\src\\Illuminate\\Routing\\Middleware\\SubstituteBindings.php(50): Illuminate\\Pipeline\\Pipeline->Illuminate\\Pipeline\\{closure}(Object(Illuminate\\Http\\Request))
#16 C:\\xampp\\htdocs\\evolucion2024\\vendor\\laravel\\framework\\src\\Illuminate\\Pipeline\\Pipeline.php(180): Illuminate\\Routing\\Middleware\\SubstituteBindings->handle(Object(Illuminate\\Http\\Request), Object(Closure))
#17 C:\\xampp\\htdocs\\evolucion2024\\vendor\\laravel\\framework\\src\\Illuminate\\Foundation\\Http\\Middleware\\VerifyCsrfToken.php(78): Illuminate\\Pipeline\\Pipeline->Illuminate\\Pipeline\\{closure}(Object(Illuminate\\Http\\Request))
#18 C:\\xampp\\htdocs\\evolucion2024\\vendor\\laravel\\framework\\src\\Illuminate\\Pipeline\\Pipeline.php(180): Illuminate\\Foundation\\Http\\Middleware\\VerifyCsrfToken->handle(Object(Illuminate\\Http\\Request), Object(Closure))
#19 C:\\xampp\\htdocs\\evolucion2024\\vendor\\laravel\\framework\\src\\Illuminate\\View\\Middleware\\ShareErrorsFromSession.php(49): Illuminate\\Pipeline\\Pipeline->Illuminate\\Pipeline\\{closure}(Object(Illuminate\\Http\\Request))
#20 C:\\xampp\\htdocs\\evolucion2024\\vendor\\laravel\\framework\\src\\Illuminate\\Pipeline\\Pipeline.php(180): Illuminate\\View\\Middleware\\ShareErrorsFromSession->handle(Object(Illuminate\\Http\\Request), Object(Closure))
#21 C:\\xampp\\htdocs\\evolucion2024\\vendor\\laravel\\framework\\src\\Illuminate\\Session\\Middleware\\StartSession.php(121): Illuminate\\Pipeline\\Pipeline->Illuminate\\Pipeline\\{closure}(Object(Illuminate\\Http\\Request))
#22 C:\\xampp\\htdocs\\evolucion2024\\vendor\\laravel\\framework\\src\\Illuminate\\Session\\Middleware\\StartSession.php(64): Illuminate\\Session\\Middleware\\StartSession->handleStatefulRequest(Object(Illuminate\\Http\\Request), Object(Illuminate\\Session\\Store), Object(Closure))
#23 C:\\xampp\\htdocs\\evolucion2024\\vendor\\laravel\\framework\\src\\Illuminate\\Pipeline\\Pipeline.php(180): Illuminate\\Session\\Middleware\\StartSession->handle(Object(Illuminate\\Http\\Request), Object(Closure))
#24 C:\\xampp\\htdocs\\evolucion2024\\vendor\\laravel\\framework\\src\\Illuminate\\Cookie\\Middleware\\AddQueuedCookiesToResponse.php(37): Illuminate\\Pipeline\\Pipeline->Illuminate\\Pipeline\\{closure}(Object(Illuminate\\Http\\Request))
#25 C:\\xampp\\htdocs\\evolucion2024\\vendor\\laravel\\framework\\src\\Illuminate\\Pipeline\\Pipeline.php(180): Illuminate\\Cookie\\Middleware\\AddQueuedCookiesToResponse->handle(Object(Illuminate\\Http\\Request), Object(Closure))
#26 C:\\xampp\\htdocs\\evolucion2024\\vendor\\laravel\\framework\\src\\Illuminate\\Cookie\\Middleware\\EncryptCookies.php(67): Illuminate\\Pipeline\\Pipeline->Illuminate\\Pipeline\\{closure}(Object(Illuminate\\Http\\Request))
#27 C:\\xampp\\htdocs\\evolucion2024\\vendor\\laravel\\framework\\src\\Illuminate\\Pipeline\\Pipeline.php(180): Illuminate\\Cookie\\Middleware\\EncryptCookies->handle(Object(Illuminate\\Http\\Request), Object(Closure))
#28 C:\\xampp\\htdocs\\evolucion2024\\vendor\\laravel\\framework\\src\\Illuminate\\Pipeline\\Pipeline.php(116): Illuminate\\Pipeline\\Pipeline->Illuminate\\Pipeline\\{closure}(Object(Illuminate\\Http\\Request))
#29 C:\\xampp\\htdocs\\evolucion2024\\vendor\\laravel\\framework\\src\\Illuminate\\Routing\\Router.php(799): Illuminate\\Pipeline\\Pipeline->then(Object(Closure))
#30 C:\\xampp\\htdocs\\evolucion2024\\vendor\\laravel\\framework\\src\\Illuminate\\Routing\\Router.php(776): Illuminate\\Routing\\Router->runRouteWithinStack(Object(Illuminate\\Routing\\Route), Object(Illuminate\\Http\\Request))
#31 C:\\xampp\\htdocs\\evolucion2024\\vendor\\laravel\\framework\\src\\Illuminate\\Routing\\Router.php(740): Illuminate\\Routing\\Router->runRoute(Object(Illuminate\\Http\\Request), Object(Illuminate\\Routing\\Route))
#32 C:\\xampp\\htdocs\\evolucion2024\\vendor\\laravel\\framework\\src\\Illuminate\\Routing\\Router.php(729): Illuminate\\Routing\\Router->dispatchToRoute(Object(Illuminate\\Http\\Request))
#33 C:\\xampp\\htdocs\\evolucion2024\\vendor\\laravel\\framework\\src\\Illuminate\\Foundation\\Http\\Kernel.php(190): Illuminate\\Routing\\Router->dispatch(Object(Illuminate\\Http\\Request))
#34 C:\\xampp\\htdocs\\evolucion2024\\vendor\\laravel\\framework\\src\\Illuminate\\Pipeline\\Pipeline.php(141): Illuminate\\Foundation\\Http\\Kernel->Illuminate\\Foundation\\Http\\{closure}(Object(Illuminate\\Http\\Request))
#35 C:\\xampp\\htdocs\\evolucion2024\\vendor\\laravel\\framework\\src\\Illuminate\\Http\\Middleware\\TrustProxies.php(39): Illuminate\\Pipeline\\Pipeline->Illuminate\\Pipeline\\{closure}(Object(Illuminate\\Http\\Request))
#36 C:\\xampp\\htdocs\\evolucion2024\\vendor\\laravel\\framework\\src\\Illuminate\\Pipeline\\Pipeline.php(180): Illuminate\\Http\\Middleware\\TrustProxies->handle(Object(Illuminate\\Http\\Request), Object(Closure))
#37 C:\\xampp\\htdocs\\evolucion2024\\vendor\\laravel\\framework\\src\\Illuminate\\Foundation\\Http\\Middleware\\TransformsRequest.php(21): Illuminate\\Pipeline\\Pipeline->Illuminate\\Pipeline\\{closure}(Object(Illuminate\\Http\\Request))
#38 C:\\xampp\\htdocs\\evolucion2024\\vendor\\laravel\\framework\\src\\Illuminate\\Foundation\\Http\\Middleware\\ConvertEmptyStringsToNull.php(31): Illuminate\\Foundation\\Http\\Middleware\\TransformsRequest->handle(Object(Illuminate\\Http\\Request), Object(Closure))
#39 C:\\xampp\\htdocs\\evolucion2024\\vendor\\laravel\\framework\\src\\Illuminate\\Pipeline\\Pipeline.php(180): Illuminate\\Foundation\\Http\\Middleware\\ConvertEmptyStringsToNull->handle(Object(Illuminate\\Http\\Request), Object(Closure))
#40 C:\\xampp\\htdocs\\evolucion2024\\vendor\\laravel\\framework\\src\\Illuminate\\Foundation\\Http\\Middleware\\TransformsRequest.php(21): Illuminate\\Pipeline\\Pipeline->Illuminate\\Pipeline\\{closure}(Object(Illuminate\\Http\\Request))
#41 C:\\xampp\\htdocs\\evolucion2024\\vendor\\laravel\\framework\\src\\Illuminate\\Foundation\\Http\\Middleware\\TrimStrings.php(40): Illuminate\\Foundation\\Http\\Middleware\\TransformsRequest->handle(Object(Illuminate\\Http\\Request), Object(Closure))
#42 C:\\xampp\\htdocs\\evolucion2024\\vendor\\laravel\\framework\\src\\Illuminate\\Pipeline\\Pipeline.php(180): Illuminate\\Foundation\\Http\\Middleware\\TrimStrings->handle(Object(Illuminate\\Http\\Request), Object(Closure))
#43 C:\\xampp\\htdocs\\evolucion2024\\vendor\\laravel\\framework\\src\\Illuminate\\Foundation\\Http\\Middleware\\ValidatePostSize.php(27): Illuminate\\Pipeline\\Pipeline->Illuminate\\Pipeline\\{closure}(Object(Illuminate\\Http\\Request))
#44 C:\\xampp\\htdocs\\evolucion2024\\vendor\\laravel\\framework\\src\\Illuminate\\Pipeline\\Pipeline.php(180): Illuminate\\Foundation\\Http\\Middleware\\ValidatePostSize->handle(Object(Illuminate\\Http\\Request), Object(Closure))
#45 C:\\xampp\\htdocs\\evolucion2024\\vendor\\laravel\\framework\\src\\Illuminate\\Foundation\\Http\\Middleware\\PreventRequestsDuringMaintenance.php(86): Illuminate\\Pipeline\\Pipeline->Illuminate\\Pipeline\\{closure}(Object(Illuminate\\Http\\Request))
#46 C:\\xampp\\htdocs\\evolucion2024\\vendor\\laravel\\framework\\src\\Illuminate\\Pipeline\\Pipeline.php(180): Illuminate\\Foundation\\Http\\Middleware\\PreventRequestsDuringMaintenance->handle(Object(Illuminate\\Http\\Request), Object(Closure))
#47 C:\\xampp\\htdocs\\evolucion2024\\vendor\\laravel\\framework\\src\\Illuminate\\Pipeline\\Pipeline.php(116): Illuminate\\Pipeline\\Pipeline->Illuminate\\Pipeline\\{closure}(Object(Illuminate\\Http\\Request))
#48 C:\\xampp\\htdocs\\evolucion2024\\vendor\\laravel\\framework\\src\\Illuminate\\Foundation\\Http\\Kernel.php(165): Illuminate\\Pipeline\\Pipeline->then(Object(Closure))
#49 C:\\xampp\\htdocs\\evolucion2024\\vendor\\laravel\\framework\\src\\Illuminate\\Foundation\\Http\\Kernel.php(134): Illuminate\\Foundation\\Http\\Kernel->sendRequestThroughRouter(Object(Illuminate\\Http\\Request))
#50 C:\\xampp\\htdocs\\evolucion2024\\public\\index.php(55): Illuminate\\Foundation\\Http\\Kernel->handle(Object(Illuminate\\Http\\Request))
#51 C:\\xampp\\htdocs\\evolucion2024\\server.php(21): require_once('C:\\\\xampp\\\\htdocs...')
#52 {main}
"} 
[2025-02-12 16:37:35] production.ERROR: Undefined variable $tar {"view":{"view":"C:\\xampp\\htdocs\\evolucion2024\\resources\\views\\player\\capitulos.blade.php","data":{"errors":"<pre class=sf-dump id=sf-dump-1120737313 data-indent-pad=\"  \"><span class=sf-dump-note>Illuminate\\Support\\ViewErrorBag</span> {<a class=sf-dump-ref>#1620</a><samp data-depth=1 class=sf-dump-expanded>
  #<span class=sf-dump-protected title=\"Protected property\">bags</span>: []
</samp>}
</pre><script>Sfdump(\"sf-dump-1120737313\", {\"maxDepth\":3,\"maxStringLength\":160})</script>
","capitulos":"<pre class=sf-dump id=sf-dump-343637007 data-indent-pad=\"  \"><span class=sf-dump-note>App\\PosUsuModel\\CapituloModel</span> {<a class=sf-dump-ref>#1691</a><samp data-depth=1 class=sf-dump-expanded>
  #<span class=sf-dump-protected title=\"Protected property\">connection</span>: \"<span class=sf-dump-str title=\"5 characters\">mysql</span>\"
  #<span class=sf-dump-protected title=\"Protected property\">table</span>: \"<span class=sf-dump-str title=\"8 characters\">chapters</span>\"
  #<span class=sf-dump-protected title=\"Protected property\">primaryKey</span>: \"<span class=sf-dump-str title=\"2 characters\">id</span>\"
  #<span class=sf-dump-protected title=\"Protected property\">keyType</span>: \"<span class=sf-dump-str title=\"3 characters\">int</span>\"
  +<span class=sf-dump-public title=\"Public property\">incrementing</span>: <span class=sf-dump-const>true</span>
  #<span class=sf-dump-protected title=\"Protected property\">with</span>: []
  #<span class=sf-dump-protected title=\"Protected property\">withCount</span>: []
  +<span class=sf-dump-public title=\"Public property\">preventsLazyLoading</span>: <span class=sf-dump-const>false</span>
  #<span class=sf-dump-protected title=\"Protected property\">perPage</span>: <span class=sf-dump-num>15</span>
  +<span class=sf-dump-public title=\"Public property\">exists</span>: <span class=sf-dump-const>true</span>
  +<span class=sf-dump-public title=\"Public property\">wasRecentlyCreated</span>: <span class=sf-dump-const>false</span>
  #<span class=sf-dump-protected title=\"Protected property\">escapeWhenCastingToString</span>: <span class=sf-dump-const>false</span>
  #<span class=sf-dump-protected title=\"Protected property\">attributes</span>: <span class=sf-dump-note>array:10</span> [<samp data-depth=2 class=sf-dump-compact>
    \"<span class=sf-dump-key>id</span>\" => <span class=sf-dump-num>2</span>
    \"<span class=sf-dump-key>name</span>\" => \"<span class=sf-dump-str title=\"10 characters\">Cap&#237;tulo 2</span>\"
    \"<span class=sf-dump-key>title</span>\" => \"<span class=sf-dump-str title=\"15 characters\">Auto Liderarnos</span>\"
    \"<span class=sf-dump-key>order</span>\" => <span class=sf-dump-num>2</span>
    \"<span class=sf-dump-key>videoIntro</span>\" => \"<span class=sf-dump-str title=\"14 characters\">Capitulo_1.mp4</span>\"
    \"<span class=sf-dump-key>imgintro</span>\" => \"<span class=sf-dump-str title=\"25 characters\">dist/img/chapter02_bg.jpg</span>\"
    \"<span class=sf-dump-key>description</span>\" => \"<span class=sf-dump-str title=\"122 characters\">La nave no debe estar m&#225;s tiempo en el espacio exterior, debemos aprender a influenciar sobre lo que sucede en el espacio.</span>\"
    \"<span class=sf-dump-key>time</span>\" => <span class=sf-dump-num>15</span>
    \"<span class=sf-dump-key>created_at</span>\" => \"<span class=sf-dump-str title=\"19 characters\">2020-05-05 09:27:34</span>\"
    \"<span class=sf-dump-key>updated_at</span>\" => \"<span class=sf-dump-str title=\"19 characters\">2023-07-11 10:22:56</span>\"
  </samp>]
  #<span class=sf-dump-protected title=\"Protected property\">original</span>: <span class=sf-dump-note>array:10</span> [<samp data-depth=2 class=sf-dump-compact>
    \"<span class=sf-dump-key>id</span>\" => <span class=sf-dump-num>2</span>
    \"<span class=sf-dump-key>name</span>\" => \"<span class=sf-dump-str title=\"10 characters\">Cap&#237;tulo 2</span>\"
    \"<span class=sf-dump-key>title</span>\" => \"<span class=sf-dump-str title=\"15 characters\">Auto Liderarnos</span>\"
    \"<span class=sf-dump-key>order</span>\" => <span class=sf-dump-num>2</span>
    \"<span class=sf-dump-key>videoIntro</span>\" => \"<span class=sf-dump-str title=\"14 characters\">Capitulo_1.mp4</span>\"
    \"<span class=sf-dump-key>imgintro</span>\" => \"<span class=sf-dump-str title=\"25 characters\">dist/img/chapter02_bg.jpg</span>\"
    \"<span class=sf-dump-key>description</span>\" => \"<span class=sf-dump-str title=\"122 characters\">La nave no debe estar m&#225;s tiempo en el espacio exterior, debemos aprender a influenciar sobre lo que sucede en el espacio.</span>\"
    \"<span class=sf-dump-key>time</span>\" => <span class=sf-dump-num>15</span>
    \"<span class=sf-dump-key>created_at</span>\" => \"<span class=sf-dump-str title=\"19 characters\">2020-05-05 09:27:34</span>\"
    \"<span class=sf-dump-key>updated_at</span>\" => \"<span class=sf-dump-str title=\"19 characters\">2023-07-11 10:22:56</span>\"
  </samp>]
  #<span class=sf-dump-protected title=\"Protected property\">changes</span>: []
  #<span class=sf-dump-protected title=\"Protected property\">casts</span>: []
  #<span class=sf-dump-protected title=\"Protected property\">classCastCache</span>: []
  #<span class=sf-dump-protected title=\"Protected property\">attributeCastCache</span>: []
  #<span class=sf-dump-protected title=\"Protected property\">dates</span>: []
  #<span class=sf-dump-protected title=\"Protected property\">dateFormat</span>: <span class=sf-dump-const>null</span>
  #<span class=sf-dump-protected title=\"Protected property\">appends</span>: []
  #<span class=sf-dump-protected title=\"Protected property\">dispatchesEvents</span>: []
  #<span class=sf-dump-protected title=\"Protected property\">observables</span>: []
  #<span class=sf-dump-protected title=\"Protected property\">relations</span>: []
  #<span class=sf-dump-protected title=\"Protected property\">touches</span>: []
  +<span class=sf-dump-public title=\"Public property\">timestamps</span>: <span class=sf-dump-const>true</span>
  #<span class=sf-dump-protected title=\"Protected property\">hidden</span>: []
  #<span class=sf-dump-protected title=\"Protected property\">visible</span>: []
  #<span class=sf-dump-protected title=\"Protected property\">fillable</span>: []
  #<span class=sf-dump-protected title=\"Protected property\">guarded</span>: <span class=sf-dump-note>array:1</span> [<samp data-depth=2 class=sf-dump-compact>
    <span class=sf-dump-index>0</span> => \"<span class=sf-dump-str>*</span>\"
  </samp>]
  #<span class=sf-dump-protected title=\"Protected property\">primarykey</span>: \"<span class=sf-dump-str title=\"2 characters\">id</span>\"
</samp>}
</pre><script>Sfdump(\"sf-dump-343637007\", {\"maxDepth\":3,\"maxStringLength\":160})</script>
","mensaje":"<pre class=sf-dump id=sf-dump-558513298 data-indent-pad=\"  \"><span class=sf-dump-num>1</span>
</pre><script>Sfdump(\"sf-dump-558513298\", {\"maxDepth\":3,\"maxStringLength\":160})</script>
","retp":"<pre class=sf-dump id=sf-dump-1170984157 data-indent-pad=\"  \"><span class=sf-dump-const>null</span>
</pre><script>Sfdump(\"sf-dump-1170984157\", {\"maxDepth\":3,\"maxStringLength\":160})</script>
","tareacap":"<pre class=sf-dump id=sf-dump-1247629819 data-indent-pad=\"  \"><span class=sf-dump-note>Illuminate\\Support\\Collection</span> {<a class=sf-dump-ref>#1688</a><samp data-depth=1 class=sf-dump-expanded>
  #<span class=sf-dump-protected title=\"Protected property\">items</span>: <span class=sf-dump-note>array:11</span> [<samp data-depth=2 class=sf-dump-compact>
    <span class=sf-dump-index>0</span> => {<a class=sf-dump-ref>#1693</a><samp data-depth=3 class=sf-dump-compact>
      +\"<span class=sf-dump-public title=\"Runtime added dynamic property\">cap</span>\": <span class=sf-dump-num>2</span>
      +\"<span class=sf-dump-public title=\"Runtime added dynamic property\">idt</span>\": <span class=sf-dump-num>10</span>
      +\"<span class=sf-dump-public title=\"Runtime added dynamic property\">name</span>\": \"<span class=sf-dump-str title=\"44 characters\">1.1.1  &#191;Porqu&#233; es importante auto liderazgo?</span>\"
    </samp>}
    <span class=sf-dump-index>1</span> => {<a class=sf-dump-ref>#1696</a><samp data-depth=3 class=sf-dump-compact>
      +\"<span class=sf-dump-public title=\"Runtime added dynamic property\">cap</span>\": <span class=sf-dump-num>2</span>
      +\"<span class=sf-dump-public title=\"Runtime added dynamic property\">idt</span>\": <span class=sf-dump-num>12</span>
      +\"<span class=sf-dump-public title=\"Runtime added dynamic property\">name</span>\": \"<span class=sf-dump-str title=\"26 characters\">1.1.2 Preg&#250;ntale a alguien</span>\"
    </samp>}
    <span class=sf-dump-index>2</span> => {<a class=sf-dump-ref>#1697</a><samp data-depth=3 class=sf-dump-compact>
      +\"<span class=sf-dump-public title=\"Runtime added dynamic property\">cap</span>\": <span class=sf-dump-num>2</span>
      +\"<span class=sf-dump-public title=\"Runtime added dynamic property\">idt</span>\": <span class=sf-dump-num>13</span>
      +\"<span class=sf-dump-public title=\"Runtime added dynamic property\">name</span>\": \"<span class=sf-dump-str title=\"26 characters\">1.2.1 Proactivo o Reactivo</span>\"
    </samp>}
    <span class=sf-dump-index>3</span> => {<a class=sf-dump-ref>#1698</a><samp data-depth=3 class=sf-dump-compact>
      +\"<span class=sf-dump-public title=\"Runtime added dynamic property\">cap</span>\": <span class=sf-dump-num>2</span>
      +\"<span class=sf-dump-public title=\"Runtime added dynamic property\">idt</span>\": <span class=sf-dump-num>14</span>
      +\"<span class=sf-dump-public title=\"Runtime added dynamic property\">name</span>\": \"<span class=sf-dump-str title=\"21 characters\">1.2.2 Reto - C&#237;rculos</span>\"
    </samp>}
    <span class=sf-dump-index>4</span> => {<a class=sf-dump-ref>#1701</a><samp data-depth=3 class=sf-dump-compact>
      +\"<span class=sf-dump-public title=\"Runtime added dynamic property\">cap</span>\": <span class=sf-dump-num>2</span>
      +\"<span class=sf-dump-public title=\"Runtime added dynamic property\">idt</span>\": <span class=sf-dump-num>15</span>
      +\"<span class=sf-dump-public title=\"Runtime added dynamic property\">name</span>\": \"<span class=sf-dump-str title=\"34 characters\">1.2.3 Ampliando circulo influencia</span>\"
    </samp>}
    <span class=sf-dump-index>5</span> => {<a class=sf-dump-ref>#1699</a><samp data-depth=3 class=sf-dump-compact>
      +\"<span class=sf-dump-public title=\"Runtime added dynamic property\">cap</span>\": <span class=sf-dump-num>2</span>
      +\"<span class=sf-dump-public title=\"Runtime added dynamic property\">idt</span>\": <span class=sf-dump-num>16</span>
      +\"<span class=sf-dump-public title=\"Runtime added dynamic property\">name</span>\": \"<span class=sf-dump-str title=\"42 characters\">1.2.4 Reto - Cambiar los tener por los Ser</span>\"
    </samp>}
    <span class=sf-dump-index>6</span> => {<a class=sf-dump-ref>#1700</a><samp data-depth=3 class=sf-dump-compact>
      +\"<span class=sf-dump-public title=\"Runtime added dynamic property\">cap</span>\": <span class=sf-dump-num>2</span>
      +\"<span class=sf-dump-public title=\"Runtime added dynamic property\">idt</span>\": <span class=sf-dump-num>17</span>
      +\"<span class=sf-dump-public title=\"Runtime added dynamic property\">name</span>\": \"<span class=sf-dump-str title=\"36 characters\">1.2.5 Autoconocimiento / Auto Estima</span>\"
    </samp>}
    <span class=sf-dump-index>7</span> => {<a class=sf-dump-ref>#1703</a><samp data-depth=3 class=sf-dump-compact>
      +\"<span class=sf-dump-public title=\"Runtime added dynamic property\">cap</span>\": <span class=sf-dump-num>2</span>
      +\"<span class=sf-dump-public title=\"Runtime added dynamic property\">idt</span>\": <span class=sf-dump-num>18</span>
      +\"<span class=sf-dump-public title=\"Runtime added dynamic property\">name</span>\": \"<span class=sf-dump-str title=\"42 characters\">1.2.6 Reto Auto Estima / Auto Conocimiento</span>\"
    </samp>}
    <span class=sf-dump-index>8</span> => {<a class=sf-dump-ref>#1704</a><samp data-depth=3 class=sf-dump-compact>
      +\"<span class=sf-dump-public title=\"Runtime added dynamic property\">cap</span>\": <span class=sf-dump-num>2</span>
      +\"<span class=sf-dump-public title=\"Runtime added dynamic property\">idt</span>\": <span class=sf-dump-num>19</span>
      +\"<span class=sf-dump-public title=\"Runtime added dynamic property\">name</span>\": \"<span class=sf-dump-str title=\"33 characters\">1.2.7 Autonomia / Auto motivaci&#243;n</span>\"
    </samp>}
    <span class=sf-dump-index>9</span> => {<a class=sf-dump-ref>#1702</a><samp data-depth=3 class=sf-dump-compact>
      +\"<span class=sf-dump-public title=\"Runtime added dynamic property\">cap</span>\": <span class=sf-dump-num>2</span>
      +\"<span class=sf-dump-public title=\"Runtime added dynamic property\">idt</span>\": <span class=sf-dump-num>20</span>
      +\"<span class=sf-dump-public title=\"Runtime added dynamic property\">name</span>\": \"<span class=sf-dump-str title=\"33 characters\">1.2.8 Reto Autonomia / Motivaci&#243;n</span>\"
    </samp>}
    <span class=sf-dump-index>10</span> => {<a class=sf-dump-ref>#1705</a><samp data-depth=3 class=sf-dump-compact>
      +\"<span class=sf-dump-public title=\"Runtime added dynamic property\">cap</span>\": <span class=sf-dump-num>2</span>
      +\"<span class=sf-dump-public title=\"Runtime added dynamic property\">idt</span>\": <span class=sf-dump-num>21</span>
      +\"<span class=sf-dump-public title=\"Runtime added dynamic property\">name</span>\": \"<span class=sf-dump-str title=\"32 characters\">1.3.1 &#191;C&#243;mo ponerlo en practica?</span>\"
    </samp>}
  </samp>]
  #<span class=sf-dump-protected title=\"Protected property\">escapeWhenCastingToString</span>: <span class=sf-dump-const>false</span>
</samp>}
</pre><script>Sfdump(\"sf-dump-1247629819\", {\"maxDepth\":3,\"maxStringLength\":160})</script>
","tareasusu":"<pre class=sf-dump id=sf-dump-1442701734 data-indent-pad=\"  \"><span class=sf-dump-note>Illuminate\\Support\\Collection</span> {<a class=sf-dump-ref>#1689</a><samp data-depth=1 class=sf-dump-expanded>
  #<span class=sf-dump-protected title=\"Protected property\">items</span>: <span class=sf-dump-note>array:2</span> [<samp data-depth=2 class=sf-dump-compact>
    <span class=sf-dump-index>0</span> => {<a class=sf-dump-ref>#1658</a><samp data-depth=3 class=sf-dump-compact>
      +\"<span class=sf-dump-public title=\"Runtime added dynamic property\">cap</span>\": <span class=sf-dump-num>2</span>
      +\"<span class=sf-dump-public title=\"Runtime added dynamic property\">ids</span>\": <span class=sf-dump-num>3</span>
      +\"<span class=sf-dump-public title=\"Runtime added dynamic property\">idt</span>\": <span class=sf-dump-num>10</span>
      +\"<span class=sf-dump-public title=\"Runtime added dynamic property\">name</span>\": \"<span class=sf-dump-str title=\"44 characters\">1.1.1  &#191;Porqu&#233; es importante auto liderazgo?</span>\"
    </samp>}
    <span class=sf-dump-index>1</span> => {<a class=sf-dump-ref>#1695</a><samp data-depth=3 class=sf-dump-compact>
      +\"<span class=sf-dump-public title=\"Runtime added dynamic property\">cap</span>\": <span class=sf-dump-num>2</span>
      +\"<span class=sf-dump-public title=\"Runtime added dynamic property\">ids</span>\": <span class=sf-dump-num>3</span>
      +\"<span class=sf-dump-public title=\"Runtime added dynamic property\">idt</span>\": <span class=sf-dump-num>12</span>
      +\"<span class=sf-dump-public title=\"Runtime added dynamic property\">name</span>\": \"<span class=sf-dump-str title=\"26 characters\">1.1.2 Preg&#250;ntale a alguien</span>\"
    </samp>}
  </samp>]
  #<span class=sf-dump-protected title=\"Protected property\">escapeWhenCastingToString</span>: <span class=sf-dump-const>false</span>
</samp>}
</pre><script>Sfdump(\"sf-dump-1442701734\", {\"maxDepth\":3,\"maxStringLength\":160})</script>
","tem":"<pre class=sf-dump id=sf-dump-258655633 data-indent-pad=\"  \"><span class=sf-dump-num>1</span>
</pre><script>Sfdump(\"sf-dump-258655633\", {\"maxDepth\":3,\"maxStringLength\":160})</script>
","cap":"<pre class=sf-dump id=sf-dump-32608266 data-indent-pad=\"  \">\"<span class=sf-dump-str>2</span>\"
</pre><script>Sfdump(\"sf-dump-32608266\", {\"maxDepth\":3,\"maxStringLength\":160})</script>
","tareasCompletadas":"<pre class=sf-dump id=sf-dump-99510091 data-indent-pad=\"  \"><span class=sf-dump-note>array:2</span> [<samp data-depth=1 class=sf-dump-expanded>
  <span class=sf-dump-index>0</span> => <span class=sf-dump-num>10</span>
  <span class=sf-dump-index>1</span> => <span class=sf-dump-num>12</span>
</samp>]
</pre><script>Sfdump(\"sf-dump-99510091\", {\"maxDepth\":3,\"maxStringLength\":160})</script>
"}},"userId":671,"exception":"[object] (Spatie\\LaravelIgnition\\Exceptions\\ViewException(code: 0): Undefined variable $tar at C:\\xampp\\htdocs\\evolucion2024\\resources\\views\\player\\capitulos.blade.php:259)
[stacktrace]
#0 C:\\xampp\\htdocs\\evolucion2024\\vendor\\laravel\\framework\\src\\Illuminate\\Foundation\\Bootstrap\\HandleExceptions.php(270): Illuminate\\Foundation\\Bootstrap\\HandleExceptions->handleError(2, 'Undefined varia...', 'C:\\\\xampp\\\\htdocs...', 230)
#1 C:\\xampp\\htdocs\\evolucion2024\\resources\\views\\player\\capitulos.blade.php(259): Illuminate\\Foundation\\Bootstrap\\HandleExceptions->Illuminate\\Foundation\\Bootstrap\\{closure}(2, 'Undefined varia...', 'C:\\\\xampp\\\\htdocs...', 230)
#2 C:\\xampp\\htdocs\\evolucion2024\\vendor\\laravel\\framework\\src\\Illuminate\\Filesystem\\Filesystem.php(109): require('C:\\\\xampp\\\\htdocs...')
#3 C:\\xampp\\htdocs\\evolucion2024\\vendor\\laravel\\framework\\src\\Illuminate\\Filesystem\\Filesystem.php(110): Illuminate\\Filesystem\\Filesystem::Illuminate\\Filesystem\\{closure}()
#4 C:\\xampp\\htdocs\\evolucion2024\\vendor\\laravel\\framework\\src\\Illuminate\\View\\Engines\\PhpEngine.php(58): Illuminate\\Filesystem\\Filesystem->getRequire('C:\\\\xampp\\\\htdocs...', Array)
#5 C:\\xampp\\htdocs\\evolucion2024\\vendor\\laravel\\framework\\src\\Illuminate\\View\\Engines\\CompilerEngine.php(70): Illuminate\\View\\Engines\\PhpEngine->evaluatePath('C:\\\\xampp\\\\htdocs...', Array)
#6 C:\\xampp\\htdocs\\evolucion2024\\vendor\\laravel\\framework\\src\\Illuminate\\View\\View.php(195): Illuminate\\View\\Engines\\CompilerEngine->get('C:\\\\xampp\\\\htdocs...', Array)
#7 C:\\xampp\\htdocs\\evolucion2024\\vendor\\laravel\\framework\\src\\Illuminate\\View\\View.php(178): Illuminate\\View\\View->getContents()
#8 C:\\xampp\\htdocs\\evolucion2024\\vendor\\laravel\\framework\\src\\Illuminate\\View\\View.php(147): Illuminate\\View\\View->renderContents()
#9 C:\\xampp\\htdocs\\evolucion2024\\vendor\\laravel\\framework\\src\\Illuminate\\Http\\Response.php(69): Illuminate\\View\\View->render()
#10 C:\\xampp\\htdocs\\evolucion2024\\vendor\\laravel\\framework\\src\\Illuminate\\Http\\Response.php(35): Illuminate\\Http\\Response->setContent(Object(Illuminate\\View\\View))
#11 C:\\xampp\\htdocs\\evolucion2024\\vendor\\laravel\\framework\\src\\Illuminate\\Routing\\Router.php(906): Illuminate\\Http\\Response->__construct(Object(Illuminate\\View\\View), 200, Array)
#12 C:\\xampp\\htdocs\\evolucion2024\\vendor\\laravel\\framework\\src\\Illuminate\\Routing\\Router.php(875): Illuminate\\Routing\\Router::toResponse(Object(Illuminate\\Http\\Request), Object(Illuminate\\View\\View))
#13 C:\\xampp\\htdocs\\evolucion2024\\vendor\\laravel\\framework\\src\\Illuminate\\Routing\\Router.php(798): Illuminate\\Routing\\Router->prepareResponse(Object(Illuminate\\Http\\Request), Object(Illuminate\\View\\View))
#14 C:\\xampp\\htdocs\\evolucion2024\\vendor\\laravel\\framework\\src\\Illuminate\\Pipeline\\Pipeline.php(141): Illuminate\\Routing\\Router->Illuminate\\Routing\\{closure}(Object(Illuminate\\Http\\Request))
#15 C:\\xampp\\htdocs\\evolucion2024\\app\\Http\\Middleware\\RedirectIfSessionExpired.php(25): Illuminate\\Pipeline\\Pipeline->Illuminate\\Pipeline\\{closure}(Object(Illuminate\\Http\\Request))
#16 C:\\xampp\\htdocs\\evolucion2024\\vendor\\laravel\\framework\\src\\Illuminate\\Pipeline\\Pipeline.php(180): App\\Http\\Middleware\\RedirectIfSessionExpired->handle(Object(Illuminate\\Http\\Request), Object(Closure))
#17 C:\\xampp\\htdocs\\evolucion2024\\vendor\\laravel\\framework\\src\\Illuminate\\Routing\\Middleware\\SubstituteBindings.php(50): Illuminate\\Pipeline\\Pipeline->Illuminate\\Pipeline\\{closure}(Object(Illuminate\\Http\\Request))
#18 C:\\xampp\\htdocs\\evolucion2024\\vendor\\laravel\\framework\\src\\Illuminate\\Pipeline\\Pipeline.php(180): Illuminate\\Routing\\Middleware\\SubstituteBindings->handle(Object(Illuminate\\Http\\Request), Object(Closure))
#19 C:\\xampp\\htdocs\\evolucion2024\\vendor\\laravel\\framework\\src\\Illuminate\\Foundation\\Http\\Middleware\\VerifyCsrfToken.php(78): Illuminate\\Pipeline\\Pipeline->Illuminate\\Pipeline\\{closure}(Object(Illuminate\\Http\\Request))
#20 C:\\xampp\\htdocs\\evolucion2024\\vendor\\laravel\\framework\\src\\Illuminate\\Pipeline\\Pipeline.php(180): Illuminate\\Foundation\\Http\\Middleware\\VerifyCsrfToken->handle(Object(Illuminate\\Http\\Request), Object(Closure))
#21 C:\\xampp\\htdocs\\evolucion2024\\vendor\\laravel\\framework\\src\\Illuminate\\View\\Middleware\\ShareErrorsFromSession.php(49): Illuminate\\Pipeline\\Pipeline->Illuminate\\Pipeline\\{closure}(Object(Illuminate\\Http\\Request))
#22 C:\\xampp\\htdocs\\evolucion2024\\vendor\\laravel\\framework\\src\\Illuminate\\Pipeline\\Pipeline.php(180): Illuminate\\View\\Middleware\\ShareErrorsFromSession->handle(Object(Illuminate\\Http\\Request), Object(Closure))
#23 C:\\xampp\\htdocs\\evolucion2024\\vendor\\laravel\\framework\\src\\Illuminate\\Session\\Middleware\\StartSession.php(121): Illuminate\\Pipeline\\Pipeline->Illuminate\\Pipeline\\{closure}(Object(Illuminate\\Http\\Request))
#24 C:\\xampp\\htdocs\\evolucion2024\\vendor\\laravel\\framework\\src\\Illuminate\\Session\\Middleware\\StartSession.php(64): Illuminate\\Session\\Middleware\\StartSession->handleStatefulRequest(Object(Illuminate\\Http\\Request), Object(Illuminate\\Session\\Store), Object(Closure))
#25 C:\\xampp\\htdocs\\evolucion2024\\vendor\\laravel\\framework\\src\\Illuminate\\Pipeline\\Pipeline.php(180): Illuminate\\Session\\Middleware\\StartSession->handle(Object(Illuminate\\Http\\Request), Object(Closure))
#26 C:\\xampp\\htdocs\\evolucion2024\\vendor\\laravel\\framework\\src\\Illuminate\\Cookie\\Middleware\\AddQueuedCookiesToResponse.php(37): Illuminate\\Pipeline\\Pipeline->Illuminate\\Pipeline\\{closure}(Object(Illuminate\\Http\\Request))
#27 C:\\xampp\\htdocs\\evolucion2024\\vendor\\laravel\\framework\\src\\Illuminate\\Pipeline\\Pipeline.php(180): Illuminate\\Cookie\\Middleware\\AddQueuedCookiesToResponse->handle(Object(Illuminate\\Http\\Request), Object(Closure))
#28 C:\\xampp\\htdocs\\evolucion2024\\vendor\\laravel\\framework\\src\\Illuminate\\Cookie\\Middleware\\EncryptCookies.php(67): Illuminate\\Pipeline\\Pipeline->Illuminate\\Pipeline\\{closure}(Object(Illuminate\\Http\\Request))
#29 C:\\xampp\\htdocs\\evolucion2024\\vendor\\laravel\\framework\\src\\Illuminate\\Pipeline\\Pipeline.php(180): Illuminate\\Cookie\\Middleware\\EncryptCookies->handle(Object(Illuminate\\Http\\Request), Object(Closure))
#30 C:\\xampp\\htdocs\\evolucion2024\\vendor\\laravel\\framework\\src\\Illuminate\\Pipeline\\Pipeline.php(116): Illuminate\\Pipeline\\Pipeline->Illuminate\\Pipeline\\{closure}(Object(Illuminate\\Http\\Request))
#31 C:\\xampp\\htdocs\\evolucion2024\\vendor\\laravel\\framework\\src\\Illuminate\\Routing\\Router.php(799): Illuminate\\Pipeline\\Pipeline->then(Object(Closure))
#32 C:\\xampp\\htdocs\\evolucion2024\\vendor\\laravel\\framework\\src\\Illuminate\\Routing\\Router.php(776): Illuminate\\Routing\\Router->runRouteWithinStack(Object(Illuminate\\Routing\\Route), Object(Illuminate\\Http\\Request))
#33 C:\\xampp\\htdocs\\evolucion2024\\vendor\\laravel\\framework\\src\\Illuminate\\Routing\\Router.php(740): Illuminate\\Routing\\Router->runRoute(Object(Illuminate\\Http\\Request), Object(Illuminate\\Routing\\Route))
#34 C:\\xampp\\htdocs\\evolucion2024\\vendor\\laravel\\framework\\src\\Illuminate\\Routing\\Router.php(729): Illuminate\\Routing\\Router->dispatchToRoute(Object(Illuminate\\Http\\Request))
#35 C:\\xampp\\htdocs\\evolucion2024\\vendor\\laravel\\framework\\src\\Illuminate\\Foundation\\Http\\Kernel.php(190): Illuminate\\Routing\\Router->dispatch(Object(Illuminate\\Http\\Request))
#36 C:\\xampp\\htdocs\\evolucion2024\\vendor\\laravel\\framework\\src\\Illuminate\\Pipeline\\Pipeline.php(141): Illuminate\\Foundation\\Http\\Kernel->Illuminate\\Foundation\\Http\\{closure}(Object(Illuminate\\Http\\Request))
#37 C:\\xampp\\htdocs\\evolucion2024\\vendor\\laravel\\framework\\src\\Illuminate\\Http\\Middleware\\TrustProxies.php(39): Illuminate\\Pipeline\\Pipeline->Illuminate\\Pipeline\\{closure}(Object(Illuminate\\Http\\Request))
#38 C:\\xampp\\htdocs\\evolucion2024\\vendor\\laravel\\framework\\src\\Illuminate\\Pipeline\\Pipeline.php(180): Illuminate\\Http\\Middleware\\TrustProxies->handle(Object(Illuminate\\Http\\Request), Object(Closure))
#39 C:\\xampp\\htdocs\\evolucion2024\\vendor\\laravel\\framework\\src\\Illuminate\\Foundation\\Http\\Middleware\\TransformsRequest.php(21): Illuminate\\Pipeline\\Pipeline->Illuminate\\Pipeline\\{closure}(Object(Illuminate\\Http\\Request))
#40 C:\\xampp\\htdocs\\evolucion2024\\vendor\\laravel\\framework\\src\\Illuminate\\Foundation\\Http\\Middleware\\ConvertEmptyStringsToNull.php(31): Illuminate\\Foundation\\Http\\Middleware\\TransformsRequest->handle(Object(Illuminate\\Http\\Request), Object(Closure))
#41 C:\\xampp\\htdocs\\evolucion2024\\vendor\\laravel\\framework\\src\\Illuminate\\Pipeline\\Pipeline.php(180): Illuminate\\Foundation\\Http\\Middleware\\ConvertEmptyStringsToNull->handle(Object(Illuminate\\Http\\Request), Object(Closure))
#42 C:\\xampp\\htdocs\\evolucion2024\\vendor\\laravel\\framework\\src\\Illuminate\\Foundation\\Http\\Middleware\\TransformsRequest.php(21): Illuminate\\Pipeline\\Pipeline->Illuminate\\Pipeline\\{closure}(Object(Illuminate\\Http\\Request))
#43 C:\\xampp\\htdocs\\evolucion2024\\vendor\\laravel\\framework\\src\\Illuminate\\Foundation\\Http\\Middleware\\TrimStrings.php(40): Illuminate\\Foundation\\Http\\Middleware\\TransformsRequest->handle(Object(Illuminate\\Http\\Request), Object(Closure))
#44 C:\\xampp\\htdocs\\evolucion2024\\vendor\\laravel\\framework\\src\\Illuminate\\Pipeline\\Pipeline.php(180): Illuminate\\Foundation\\Http\\Middleware\\TrimStrings->handle(Object(Illuminate\\Http\\Request), Object(Closure))
#45 C:\\xampp\\htdocs\\evolucion2024\\vendor\\laravel\\framework\\src\\Illuminate\\Foundation\\Http\\Middleware\\ValidatePostSize.php(27): Illuminate\\Pipeline\\Pipeline->Illuminate\\Pipeline\\{closure}(Object(Illuminate\\Http\\Request))
#46 C:\\xampp\\htdocs\\evolucion2024\\vendor\\laravel\\framework\\src\\Illuminate\\Pipeline\\Pipeline.php(180): Illuminate\\Foundation\\Http\\Middleware\\ValidatePostSize->handle(Object(Illuminate\\Http\\Request), Object(Closure))
#47 C:\\xampp\\htdocs\\evolucion2024\\vendor\\laravel\\framework\\src\\Illuminate\\Foundation\\Http\\Middleware\\PreventRequestsDuringMaintenance.php(86): Illuminate\\Pipeline\\Pipeline->Illuminate\\Pipeline\\{closure}(Object(Illuminate\\Http\\Request))
#48 C:\\xampp\\htdocs\\evolucion2024\\vendor\\laravel\\framework\\src\\Illuminate\\Pipeline\\Pipeline.php(180): Illuminate\\Foundation\\Http\\Middleware\\PreventRequestsDuringMaintenance->handle(Object(Illuminate\\Http\\Request), Object(Closure))
#49 C:\\xampp\\htdocs\\evolucion2024\\vendor\\laravel\\framework\\src\\Illuminate\\Pipeline\\Pipeline.php(116): Illuminate\\Pipeline\\Pipeline->Illuminate\\Pipeline\\{closure}(Object(Illuminate\\Http\\Request))
#50 C:\\xampp\\htdocs\\evolucion2024\\vendor\\laravel\\framework\\src\\Illuminate\\Foundation\\Http\\Kernel.php(165): Illuminate\\Pipeline\\Pipeline->then(Object(Closure))
#51 C:\\xampp\\htdocs\\evolucion2024\\vendor\\laravel\\framework\\src\\Illuminate\\Foundation\\Http\\Kernel.php(134): Illuminate\\Foundation\\Http\\Kernel->sendRequestThroughRouter(Object(Illuminate\\Http\\Request))
#52 C:\\xampp\\htdocs\\evolucion2024\\public\\index.php(55): Illuminate\\Foundation\\Http\\Kernel->handle(Object(Illuminate\\Http\\Request))
#53 C:\\xampp\\htdocs\\evolucion2024\\server.php(21): require_once('C:\\\\xampp\\\\htdocs...')
#54 {main}

[previous exception] [object] (ErrorException(code: 0): Undefined variable $tar at C:\\xampp\\htdocs\\evolucion2024\\storage\\framework\\views\\7b81b531a2b5422499a03d9c46ed57388093c5b1.php:230)
[stacktrace]
#0 C:\\xampp\\htdocs\\evolucion2024\\vendor\\laravel\\framework\\src\\Illuminate\\Foundation\\Bootstrap\\HandleExceptions.php(270): Illuminate\\Foundation\\Bootstrap\\HandleExceptions->handleError(2, 'Undefined varia...', 'C:\\\\xampp\\\\htdocs...', 230)
#1 C:\\xampp\\htdocs\\evolucion2024\\storage\\framework\\views\\7b81b531a2b5422499a03d9c46ed57388093c5b1.php(230): Illuminate\\Foundation\\Bootstrap\\HandleExceptions->Illuminate\\Foundation\\Bootstrap\\{closure}(2, 'Undefined varia...', 'C:\\\\xampp\\\\htdocs...', 230)
#2 C:\\xampp\\htdocs\\evolucion2024\\vendor\\laravel\\framework\\src\\Illuminate\\Filesystem\\Filesystem.php(109): require('C:\\\\xampp\\\\htdocs...')
#3 C:\\xampp\\htdocs\\evolucion2024\\vendor\\laravel\\framework\\src\\Illuminate\\Filesystem\\Filesystem.php(110): Illuminate\\Filesystem\\Filesystem::Illuminate\\Filesystem\\{closure}()
#4 C:\\xampp\\htdocs\\evolucion2024\\vendor\\laravel\\framework\\src\\Illuminate\\View\\Engines\\PhpEngine.php(58): Illuminate\\Filesystem\\Filesystem->getRequire('C:\\\\xampp\\\\htdocs...', Array)
#5 C:\\xampp\\htdocs\\evolucion2024\\vendor\\laravel\\framework\\src\\Illuminate\\View\\Engines\\CompilerEngine.php(70): Illuminate\\View\\Engines\\PhpEngine->evaluatePath('C:\\\\xampp\\\\htdocs...', Array)
#6 C:\\xampp\\htdocs\\evolucion2024\\vendor\\laravel\\framework\\src\\Illuminate\\View\\View.php(195): Illuminate\\View\\Engines\\CompilerEngine->get('C:\\\\xampp\\\\htdocs...', Array)
#7 C:\\xampp\\htdocs\\evolucion2024\\vendor\\laravel\\framework\\src\\Illuminate\\View\\View.php(178): Illuminate\\View\\View->getContents()
#8 C:\\xampp\\htdocs\\evolucion2024\\vendor\\laravel\\framework\\src\\Illuminate\\View\\View.php(147): Illuminate\\View\\View->renderContents()
#9 C:\\xampp\\htdocs\\evolucion2024\\vendor\\laravel\\framework\\src\\Illuminate\\Http\\Response.php(69): Illuminate\\View\\View->render()
#10 C:\\xampp\\htdocs\\evolucion2024\\vendor\\laravel\\framework\\src\\Illuminate\\Http\\Response.php(35): Illuminate\\Http\\Response->setContent(Object(Illuminate\\View\\View))
#11 C:\\xampp\\htdocs\\evolucion2024\\vendor\\laravel\\framework\\src\\Illuminate\\Routing\\Router.php(906): Illuminate\\Http\\Response->__construct(Object(Illuminate\\View\\View), 200, Array)
#12 C:\\xampp\\htdocs\\evolucion2024\\vendor\\laravel\\framework\\src\\Illuminate\\Routing\\Router.php(875): Illuminate\\Routing\\Router::toResponse(Object(Illuminate\\Http\\Request), Object(Illuminate\\View\\View))
#13 C:\\xampp\\htdocs\\evolucion2024\\vendor\\laravel\\framework\\src\\Illuminate\\Routing\\Router.php(798): Illuminate\\Routing\\Router->prepareResponse(Object(Illuminate\\Http\\Request), Object(Illuminate\\View\\View))
#14 C:\\xampp\\htdocs\\evolucion2024\\vendor\\laravel\\framework\\src\\Illuminate\\Pipeline\\Pipeline.php(141): Illuminate\\Routing\\Router->Illuminate\\Routing\\{closure}(Object(Illuminate\\Http\\Request))
#15 C:\\xampp\\htdocs\\evolucion2024\\app\\Http\\Middleware\\RedirectIfSessionExpired.php(25): Illuminate\\Pipeline\\Pipeline->Illuminate\\Pipeline\\{closure}(Object(Illuminate\\Http\\Request))
#16 C:\\xampp\\htdocs\\evolucion2024\\vendor\\laravel\\framework\\src\\Illuminate\\Pipeline\\Pipeline.php(180): App\\Http\\Middleware\\RedirectIfSessionExpired->handle(Object(Illuminate\\Http\\Request), Object(Closure))
#17 C:\\xampp\\htdocs\\evolucion2024\\vendor\\laravel\\framework\\src\\Illuminate\\Routing\\Middleware\\SubstituteBindings.php(50): Illuminate\\Pipeline\\Pipeline->Illuminate\\Pipeline\\{closure}(Object(Illuminate\\Http\\Request))
#18 C:\\xampp\\htdocs\\evolucion2024\\vendor\\laravel\\framework\\src\\Illuminate\\Pipeline\\Pipeline.php(180): Illuminate\\Routing\\Middleware\\SubstituteBindings->handle(Object(Illuminate\\Http\\Request), Object(Closure))
#19 C:\\xampp\\htdocs\\evolucion2024\\vendor\\laravel\\framework\\src\\Illuminate\\Foundation\\Http\\Middleware\\VerifyCsrfToken.php(78): Illuminate\\Pipeline\\Pipeline->Illuminate\\Pipeline\\{closure}(Object(Illuminate\\Http\\Request))
#20 C:\\xampp\\htdocs\\evolucion2024\\vendor\\laravel\\framework\\src\\Illuminate\\Pipeline\\Pipeline.php(180): Illuminate\\Foundation\\Http\\Middleware\\VerifyCsrfToken->handle(Object(Illuminate\\Http\\Request), Object(Closure))
#21 C:\\xampp\\htdocs\\evolucion2024\\vendor\\laravel\\framework\\src\\Illuminate\\View\\Middleware\\ShareErrorsFromSession.php(49): Illuminate\\Pipeline\\Pipeline->Illuminate\\Pipeline\\{closure}(Object(Illuminate\\Http\\Request))
#22 C:\\xampp\\htdocs\\evolucion2024\\vendor\\laravel\\framework\\src\\Illuminate\\Pipeline\\Pipeline.php(180): Illuminate\\View\\Middleware\\ShareErrorsFromSession->handle(Object(Illuminate\\Http\\Request), Object(Closure))
#23 C:\\xampp\\htdocs\\evolucion2024\\vendor\\laravel\\framework\\src\\Illuminate\\Session\\Middleware\\StartSession.php(121): Illuminate\\Pipeline\\Pipeline->Illuminate\\Pipeline\\{closure}(Object(Illuminate\\Http\\Request))
#24 C:\\xampp\\htdocs\\evolucion2024\\vendor\\laravel\\framework\\src\\Illuminate\\Session\\Middleware\\StartSession.php(64): Illuminate\\Session\\Middleware\\StartSession->handleStatefulRequest(Object(Illuminate\\Http\\Request), Object(Illuminate\\Session\\Store), Object(Closure))
#25 C:\\xampp\\htdocs\\evolucion2024\\vendor\\laravel\\framework\\src\\Illuminate\\Pipeline\\Pipeline.php(180): Illuminate\\Session\\Middleware\\StartSession->handle(Object(Illuminate\\Http\\Request), Object(Closure))
#26 C:\\xampp\\htdocs\\evolucion2024\\vendor\\laravel\\framework\\src\\Illuminate\\Cookie\\Middleware\\AddQueuedCookiesToResponse.php(37): Illuminate\\Pipeline\\Pipeline->Illuminate\\Pipeline\\{closure}(Object(Illuminate\\Http\\Request))
#27 C:\\xampp\\htdocs\\evolucion2024\\vendor\\laravel\\framework\\src\\Illuminate\\Pipeline\\Pipeline.php(180): Illuminate\\Cookie\\Middleware\\AddQueuedCookiesToResponse->handle(Object(Illuminate\\Http\\Request), Object(Closure))
#28 C:\\xampp\\htdocs\\evolucion2024\\vendor\\laravel\\framework\\src\\Illuminate\\Cookie\\Middleware\\EncryptCookies.php(67): Illuminate\\Pipeline\\Pipeline->Illuminate\\Pipeline\\{closure}(Object(Illuminate\\Http\\Request))
#29 C:\\xampp\\htdocs\\evolucion2024\\vendor\\laravel\\framework\\src\\Illuminate\\Pipeline\\Pipeline.php(180): Illuminate\\Cookie\\Middleware\\EncryptCookies->handle(Object(Illuminate\\Http\\Request), Object(Closure))
#30 C:\\xampp\\htdocs\\evolucion2024\\vendor\\laravel\\framework\\src\\Illuminate\\Pipeline\\Pipeline.php(116): Illuminate\\Pipeline\\Pipeline->Illuminate\\Pipeline\\{closure}(Object(Illuminate\\Http\\Request))
#31 C:\\xampp\\htdocs\\evolucion2024\\vendor\\laravel\\framework\\src\\Illuminate\\Routing\\Router.php(799): Illuminate\\Pipeline\\Pipeline->then(Object(Closure))
#32 C:\\xampp\\htdocs\\evolucion2024\\vendor\\laravel\\framework\\src\\Illuminate\\Routing\\Router.php(776): Illuminate\\Routing\\Router->runRouteWithinStack(Object(Illuminate\\Routing\\Route), Object(Illuminate\\Http\\Request))
#33 C:\\xampp\\htdocs\\evolucion2024\\vendor\\laravel\\framework\\src\\Illuminate\\Routing\\Router.php(740): Illuminate\\Routing\\Router->runRoute(Object(Illuminate\\Http\\Request), Object(Illuminate\\Routing\\Route))
#34 C:\\xampp\\htdocs\\evolucion2024\\vendor\\laravel\\framework\\src\\Illuminate\\Routing\\Router.php(729): Illuminate\\Routing\\Router->dispatchToRoute(Object(Illuminate\\Http\\Request))
#35 C:\\xampp\\htdocs\\evolucion2024\\vendor\\laravel\\framework\\src\\Illuminate\\Foundation\\Http\\Kernel.php(190): Illuminate\\Routing\\Router->dispatch(Object(Illuminate\\Http\\Request))
#36 C:\\xampp\\htdocs\\evolucion2024\\vendor\\laravel\\framework\\src\\Illuminate\\Pipeline\\Pipeline.php(141): Illuminate\\Foundation\\Http\\Kernel->Illuminate\\Foundation\\Http\\{closure}(Object(Illuminate\\Http\\Request))
#37 C:\\xampp\\htdocs\\evolucion2024\\vendor\\laravel\\framework\\src\\Illuminate\\Http\\Middleware\\TrustProxies.php(39): Illuminate\\Pipeline\\Pipeline->Illuminate\\Pipeline\\{closure}(Object(Illuminate\\Http\\Request))
#38 C:\\xampp\\htdocs\\evolucion2024\\vendor\\laravel\\framework\\src\\Illuminate\\Pipeline\\Pipeline.php(180): Illuminate\\Http\\Middleware\\TrustProxies->handle(Object(Illuminate\\Http\\Request), Object(Closure))
#39 C:\\xampp\\htdocs\\evolucion2024\\vendor\\laravel\\framework\\src\\Illuminate\\Foundation\\Http\\Middleware\\TransformsRequest.php(21): Illuminate\\Pipeline\\Pipeline->Illuminate\\Pipeline\\{closure}(Object(Illuminate\\Http\\Request))
#40 C:\\xampp\\htdocs\\evolucion2024\\vendor\\laravel\\framework\\src\\Illuminate\\Foundation\\Http\\Middleware\\ConvertEmptyStringsToNull.php(31): Illuminate\\Foundation\\Http\\Middleware\\TransformsRequest->handle(Object(Illuminate\\Http\\Request), Object(Closure))
#41 C:\\xampp\\htdocs\\evolucion2024\\vendor\\laravel\\framework\\src\\Illuminate\\Pipeline\\Pipeline.php(180): Illuminate\\Foundation\\Http\\Middleware\\ConvertEmptyStringsToNull->handle(Object(Illuminate\\Http\\Request), Object(Closure))
#42 C:\\xampp\\htdocs\\evolucion2024\\vendor\\laravel\\framework\\src\\Illuminate\\Foundation\\Http\\Middleware\\TransformsRequest.php(21): Illuminate\\Pipeline\\Pipeline->Illuminate\\Pipeline\\{closure}(Object(Illuminate\\Http\\Request))
#43 C:\\xampp\\htdocs\\evolucion2024\\vendor\\laravel\\framework\\src\\Illuminate\\Foundation\\Http\\Middleware\\TrimStrings.php(40): Illuminate\\Foundation\\Http\\Middleware\\TransformsRequest->handle(Object(Illuminate\\Http\\Request), Object(Closure))
#44 C:\\xampp\\htdocs\\evolucion2024\\vendor\\laravel\\framework\\src\\Illuminate\\Pipeline\\Pipeline.php(180): Illuminate\\Foundation\\Http\\Middleware\\TrimStrings->handle(Object(Illuminate\\Http\\Request), Object(Closure))
#45 C:\\xampp\\htdocs\\evolucion2024\\vendor\\laravel\\framework\\src\\Illuminate\\Foundation\\Http\\Middleware\\ValidatePostSize.php(27): Illuminate\\Pipeline\\Pipeline->Illuminate\\Pipeline\\{closure}(Object(Illuminate\\Http\\Request))
#46 C:\\xampp\\htdocs\\evolucion2024\\vendor\\laravel\\framework\\src\\Illuminate\\Pipeline\\Pipeline.php(180): Illuminate\\Foundation\\Http\\Middleware\\ValidatePostSize->handle(Object(Illuminate\\Http\\Request), Object(Closure))
#47 C:\\xampp\\htdocs\\evolucion2024\\vendor\\laravel\\framework\\src\\Illuminate\\Foundation\\Http\\Middleware\\PreventRequestsDuringMaintenance.php(86): Illuminate\\Pipeline\\Pipeline->Illuminate\\Pipeline\\{closure}(Object(Illuminate\\Http\\Request))
#48 C:\\xampp\\htdocs\\evolucion2024\\vendor\\laravel\\framework\\src\\Illuminate\\Pipeline\\Pipeline.php(180): Illuminate\\Foundation\\Http\\Middleware\\PreventRequestsDuringMaintenance->handle(Object(Illuminate\\Http\\Request), Object(Closure))
#49 C:\\xampp\\htdocs\\evolucion2024\\vendor\\laravel\\framework\\src\\Illuminate\\Pipeline\\Pipeline.php(116): Illuminate\\Pipeline\\Pipeline->Illuminate\\Pipeline\\{closure}(Object(Illuminate\\Http\\Request))
#50 C:\\xampp\\htdocs\\evolucion2024\\vendor\\laravel\\framework\\src\\Illuminate\\Foundation\\Http\\Kernel.php(165): Illuminate\\Pipeline\\Pipeline->then(Object(Closure))
#51 C:\\xampp\\htdocs\\evolucion2024\\vendor\\laravel\\framework\\src\\Illuminate\\Foundation\\Http\\Kernel.php(134): Illuminate\\Foundation\\Http\\Kernel->sendRequestThroughRouter(Object(Illuminate\\Http\\Request))
#52 C:\\xampp\\htdocs\\evolucion2024\\public\\index.php(55): Illuminate\\Foundation\\Http\\Kernel->handle(Object(Illuminate\\Http\\Request))
#53 C:\\xampp\\htdocs\\evolucion2024\\server.php(21): require_once('C:\\\\xampp\\\\htdocs...')
#54 {main}
"} 
[2025-02-12 16:43:47] production.ERROR: Undefined variable $tareasCompletadas {"view":{"view":"C:\\xampp\\htdocs\\evolucion2024\\resources\\views\\player\\capitulos.blade.php","data":{"errors":"<pre class=sf-dump id=sf-dump-1235244172 data-indent-pad=\"  \"><span class=sf-dump-note>Illuminate\\Support\\ViewErrorBag</span> {<a class=sf-dump-ref>#1560</a><samp data-depth=1 class=sf-dump-expanded>
  #<span class=sf-dump-protected title=\"Protected property\">bags</span>: []
</samp>}
</pre><script>Sfdump(\"sf-dump-1235244172\", {\"maxDepth\":3,\"maxStringLength\":160})</script>
","retos":"<pre class=sf-dump id=sf-dump-1459436185 data-indent-pad=\"  \"><span class=sf-dump-note>Illuminate\\Database\\Eloquent\\Collection</span> {<a class=sf-dump-ref>#1600</a><samp data-depth=1 class=sf-dump-expanded>
  #<span class=sf-dump-protected title=\"Protected property\">items</span>: <span class=sf-dump-note>array:2</span> [<samp data-depth=2 class=sf-dump-compact>
    <span class=sf-dump-index>0</span> => <span class=sf-dump-note title=\"App\\Challenge
\"><span class=\"sf-dump-ellipsis sf-dump-ellipsis-note\">App</span><span class=\"sf-dump-ellipsis sf-dump-ellipsis-note\">\\</span>Challenge</span> {<a class=sf-dump-ref>#1601</a><samp data-depth=3 class=sf-dump-compact>
      #<span class=sf-dump-protected title=\"Protected property\">connection</span>: \"<span class=sf-dump-str title=\"5 characters\">mysql</span>\"
      #<span class=sf-dump-protected title=\"Protected property\">table</span>: \"<span class=sf-dump-str title=\"10 characters\">challenges</span>\"
      #<span class=sf-dump-protected title=\"Protected property\">primaryKey</span>: \"<span class=sf-dump-str title=\"2 characters\">id</span>\"
      #<span class=sf-dump-protected title=\"Protected property\">keyType</span>: \"<span class=sf-dump-str title=\"3 characters\">int</span>\"
      +<span class=sf-dump-public title=\"Public property\">incrementing</span>: <span class=sf-dump-const>true</span>
      #<span class=sf-dump-protected title=\"Protected property\">with</span>: []
      #<span class=sf-dump-protected title=\"Protected property\">withCount</span>: []
      +<span class=sf-dump-public title=\"Public property\">preventsLazyLoading</span>: <span class=sf-dump-const>false</span>
      #<span class=sf-dump-protected title=\"Protected property\">perPage</span>: <span class=sf-dump-num>15</span>
      +<span class=sf-dump-public title=\"Public property\">exists</span>: <span class=sf-dump-const>true</span>
      +<span class=sf-dump-public title=\"Public property\">wasRecentlyCreated</span>: <span class=sf-dump-const>false</span>
      #<span class=sf-dump-protected title=\"Protected property\">escapeWhenCastingToString</span>: <span class=sf-dump-const>false</span>
      #<span class=sf-dump-protected title=\"Protected property\">attributes</span>: <span class=sf-dump-note>array:18</span> [ &#8230;18]
      #<span class=sf-dump-protected title=\"Protected property\">original</span>: <span class=sf-dump-note>array:18</span> [ &#8230;18]
      #<span class=sf-dump-protected title=\"Protected property\">changes</span>: []
      #<span class=sf-dump-protected title=\"Protected property\">casts</span>: []
      #<span class=sf-dump-protected title=\"Protected property\">classCastCache</span>: []
      #<span class=sf-dump-protected title=\"Protected property\">attributeCastCache</span>: []
      #<span class=sf-dump-protected title=\"Protected property\">dates</span>: []
      #<span class=sf-dump-protected title=\"Protected property\">dateFormat</span>: <span class=sf-dump-const>null</span>
      #<span class=sf-dump-protected title=\"Protected property\">appends</span>: []
      #<span class=sf-dump-protected title=\"Protected property\">dispatchesEvents</span>: []
      #<span class=sf-dump-protected title=\"Protected property\">observables</span>: []
      #<span class=sf-dump-protected title=\"Protected property\">relations</span>: []
      #<span class=sf-dump-protected title=\"Protected property\">touches</span>: []
      +<span class=sf-dump-public title=\"Public property\">timestamps</span>: <span class=sf-dump-const>true</span>
      #<span class=sf-dump-protected title=\"Protected property\">hidden</span>: []
      #<span class=sf-dump-protected title=\"Protected property\">visible</span>: []
      #<span class=sf-dump-protected title=\"Protected property\">fillable</span>: []
      #<span class=sf-dump-protected title=\"Protected property\">guarded</span>: <span class=sf-dump-note>array:1</span> [ &#8230;1]
    </samp>}
    <span class=sf-dump-index>1</span> => <span class=sf-dump-note title=\"App\\Challenge
\"><span class=\"sf-dump-ellipsis sf-dump-ellipsis-note\">App</span><span class=\"sf-dump-ellipsis sf-dump-ellipsis-note\">\\</span>Challenge</span> {<a class=sf-dump-ref>#1603</a><samp data-depth=3 class=sf-dump-compact>
      #<span class=sf-dump-protected title=\"Protected property\">connection</span>: \"<span class=sf-dump-str title=\"5 characters\">mysql</span>\"
      #<span class=sf-dump-protected title=\"Protected property\">table</span>: \"<span class=sf-dump-str title=\"10 characters\">challenges</span>\"
      #<span class=sf-dump-protected title=\"Protected property\">primaryKey</span>: \"<span class=sf-dump-str title=\"2 characters\">id</span>\"
      #<span class=sf-dump-protected title=\"Protected property\">keyType</span>: \"<span class=sf-dump-str title=\"3 characters\">int</span>\"
      +<span class=sf-dump-public title=\"Public property\">incrementing</span>: <span class=sf-dump-const>true</span>
      #<span class=sf-dump-protected title=\"Protected property\">with</span>: []
      #<span class=sf-dump-protected title=\"Protected property\">withCount</span>: []
      +<span class=sf-dump-public title=\"Public property\">preventsLazyLoading</span>: <span class=sf-dump-const>false</span>
      #<span class=sf-dump-protected title=\"Protected property\">perPage</span>: <span class=sf-dump-num>15</span>
      +<span class=sf-dump-public title=\"Public property\">exists</span>: <span class=sf-dump-const>true</span>
      +<span class=sf-dump-public title=\"Public property\">wasRecentlyCreated</span>: <span class=sf-dump-const>false</span>
      #<span class=sf-dump-protected title=\"Protected property\">escapeWhenCastingToString</span>: <span class=sf-dump-const>false</span>
      #<span class=sf-dump-protected title=\"Protected property\">attributes</span>: <span class=sf-dump-note>array:18</span> [ &#8230;18]
      #<span class=sf-dump-protected title=\"Protected property\">original</span>: <span class=sf-dump-note>array:18</span> [ &#8230;18]
      #<span class=sf-dump-protected title=\"Protected property\">changes</span>: []
      #<span class=sf-dump-protected title=\"Protected property\">casts</span>: []
      #<span class=sf-dump-protected title=\"Protected property\">classCastCache</span>: []
      #<span class=sf-dump-protected title=\"Protected property\">attributeCastCache</span>: []
      #<span class=sf-dump-protected title=\"Protected property\">dates</span>: []
      #<span class=sf-dump-protected title=\"Protected property\">dateFormat</span>: <span class=sf-dump-const>null</span>
      #<span class=sf-dump-protected title=\"Protected property\">appends</span>: []
      #<span class=sf-dump-protected title=\"Protected property\">dispatchesEvents</span>: []
      #<span class=sf-dump-protected title=\"Protected property\">observables</span>: []
      #<span class=sf-dump-protected title=\"Protected property\">relations</span>: []
      #<span class=sf-dump-protected title=\"Protected property\">touches</span>: []
      +<span class=sf-dump-public title=\"Public property\">timestamps</span>: <span class=sf-dump-const>true</span>
      #<span class=sf-dump-protected title=\"Protected property\">hidden</span>: []
      #<span class=sf-dump-protected title=\"Protected property\">visible</span>: []
      #<span class=sf-dump-protected title=\"Protected property\">fillable</span>: []
      #<span class=sf-dump-protected title=\"Protected property\">guarded</span>: <span class=sf-dump-note>array:1</span> [ &#8230;1]
    </samp>}
  </samp>]
  #<span class=sf-dump-protected title=\"Protected property\">escapeWhenCastingToString</span>: <span class=sf-dump-const>false</span>
</samp>}
</pre><script>Sfdump(\"sf-dump-1459436185\", {\"maxDepth\":3,\"maxStringLength\":160})</script>
","capitulos":"<pre class=sf-dump id=sf-dump-2124761233 data-indent-pad=\"  \"><span class=sf-dump-note>App\\Chapter</span> {<a class=sf-dump-ref>#1598</a><samp data-depth=1 class=sf-dump-expanded>
  #<span class=sf-dump-protected title=\"Protected property\">connection</span>: \"<span class=sf-dump-str title=\"5 characters\">mysql</span>\"
  #<span class=sf-dump-protected title=\"Protected property\">table</span>: \"<span class=sf-dump-str title=\"8 characters\">chapters</span>\"
  #<span class=sf-dump-protected title=\"Protected property\">primaryKey</span>: \"<span class=sf-dump-str title=\"2 characters\">id</span>\"
  #<span class=sf-dump-protected title=\"Protected property\">keyType</span>: \"<span class=sf-dump-str title=\"3 characters\">int</span>\"
  +<span class=sf-dump-public title=\"Public property\">incrementing</span>: <span class=sf-dump-const>true</span>
  #<span class=sf-dump-protected title=\"Protected property\">with</span>: []
  #<span class=sf-dump-protected title=\"Protected property\">withCount</span>: []
  +<span class=sf-dump-public title=\"Public property\">preventsLazyLoading</span>: <span class=sf-dump-const>false</span>
  #<span class=sf-dump-protected title=\"Protected property\">perPage</span>: <span class=sf-dump-num>15</span>
  +<span class=sf-dump-public title=\"Public property\">exists</span>: <span class=sf-dump-const>true</span>
  +<span class=sf-dump-public title=\"Public property\">wasRecentlyCreated</span>: <span class=sf-dump-const>false</span>
  #<span class=sf-dump-protected title=\"Protected property\">escapeWhenCastingToString</span>: <span class=sf-dump-const>false</span>
  #<span class=sf-dump-protected title=\"Protected property\">attributes</span>: <span class=sf-dump-note>array:10</span> [<samp data-depth=2 class=sf-dump-compact>
    \"<span class=sf-dump-key>id</span>\" => <span class=sf-dump-num>2</span>
    \"<span class=sf-dump-key>name</span>\" => \"<span class=sf-dump-str title=\"10 characters\">Cap&#237;tulo 2</span>\"
    \"<span class=sf-dump-key>title</span>\" => \"<span class=sf-dump-str title=\"15 characters\">Auto Liderarnos</span>\"
    \"<span class=sf-dump-key>order</span>\" => <span class=sf-dump-num>2</span>
    \"<span class=sf-dump-key>videoIntro</span>\" => \"<span class=sf-dump-str title=\"14 characters\">Capitulo_1.mp4</span>\"
    \"<span class=sf-dump-key>imgintro</span>\" => \"<span class=sf-dump-str title=\"25 characters\">dist/img/chapter02_bg.jpg</span>\"
    \"<span class=sf-dump-key>description</span>\" => \"<span class=sf-dump-str title=\"122 characters\">La nave no debe estar m&#225;s tiempo en el espacio exterior, debemos aprender a influenciar sobre lo que sucede en el espacio.</span>\"
    \"<span class=sf-dump-key>time</span>\" => <span class=sf-dump-num>15</span>
    \"<span class=sf-dump-key>created_at</span>\" => \"<span class=sf-dump-str title=\"19 characters\">2020-05-05 09:27:34</span>\"
    \"<span class=sf-dump-key>updated_at</span>\" => \"<span class=sf-dump-str title=\"19 characters\">2023-07-11 10:22:56</span>\"
  </samp>]
  #<span class=sf-dump-protected title=\"Protected property\">original</span>: <span class=sf-dump-note>array:10</span> [<samp data-depth=2 class=sf-dump-compact>
    \"<span class=sf-dump-key>id</span>\" => <span class=sf-dump-num>2</span>
    \"<span class=sf-dump-key>name</span>\" => \"<span class=sf-dump-str title=\"10 characters\">Cap&#237;tulo 2</span>\"
    \"<span class=sf-dump-key>title</span>\" => \"<span class=sf-dump-str title=\"15 characters\">Auto Liderarnos</span>\"
    \"<span class=sf-dump-key>order</span>\" => <span class=sf-dump-num>2</span>
    \"<span class=sf-dump-key>videoIntro</span>\" => \"<span class=sf-dump-str title=\"14 characters\">Capitulo_1.mp4</span>\"
    \"<span class=sf-dump-key>imgintro</span>\" => \"<span class=sf-dump-str title=\"25 characters\">dist/img/chapter02_bg.jpg</span>\"
    \"<span class=sf-dump-key>description</span>\" => \"<span class=sf-dump-str title=\"122 characters\">La nave no debe estar m&#225;s tiempo en el espacio exterior, debemos aprender a influenciar sobre lo que sucede en el espacio.</span>\"
    \"<span class=sf-dump-key>time</span>\" => <span class=sf-dump-num>15</span>
    \"<span class=sf-dump-key>created_at</span>\" => \"<span class=sf-dump-str title=\"19 characters\">2020-05-05 09:27:34</span>\"
    \"<span class=sf-dump-key>updated_at</span>\" => \"<span class=sf-dump-str title=\"19 characters\">2023-07-11 10:22:56</span>\"
  </samp>]
  #<span class=sf-dump-protected title=\"Protected property\">changes</span>: []
  #<span class=sf-dump-protected title=\"Protected property\">casts</span>: []
  #<span class=sf-dump-protected title=\"Protected property\">classCastCache</span>: []
  #<span class=sf-dump-protected title=\"Protected property\">attributeCastCache</span>: []
  #<span class=sf-dump-protected title=\"Protected property\">dates</span>: []
  #<span class=sf-dump-protected title=\"Protected property\">dateFormat</span>: <span class=sf-dump-const>null</span>
  #<span class=sf-dump-protected title=\"Protected property\">appends</span>: []
  #<span class=sf-dump-protected title=\"Protected property\">dispatchesEvents</span>: []
  #<span class=sf-dump-protected title=\"Protected property\">observables</span>: []
  #<span class=sf-dump-protected title=\"Protected property\">relations</span>: []
  #<span class=sf-dump-protected title=\"Protected property\">touches</span>: []
  +<span class=sf-dump-public title=\"Public property\">timestamps</span>: <span class=sf-dump-const>true</span>
  #<span class=sf-dump-protected title=\"Protected property\">hidden</span>: []
  #<span class=sf-dump-protected title=\"Protected property\">visible</span>: []
  #<span class=sf-dump-protected title=\"Protected property\">fillable</span>: []
  #<span class=sf-dump-protected title=\"Protected property\">guarded</span>: <span class=sf-dump-note>array:1</span> [<samp data-depth=2 class=sf-dump-compact>
    <span class=sf-dump-index>0</span> => \"<span class=sf-dump-str>*</span>\"
  </samp>]
</samp>}
</pre><script>Sfdump(\"sf-dump-2124761233\", {\"maxDepth\":3,\"maxStringLength\":160})</script>
","subcapitulos":"<pre class=sf-dump id=sf-dump-442321684 data-indent-pad=\"  \"><span class=sf-dump-note>App\\Subchapter</span> {<a class=sf-dump-ref>#1596</a><samp data-depth=1 class=sf-dump-expanded>
  #<span class=sf-dump-protected title=\"Protected property\">connection</span>: \"<span class=sf-dump-str title=\"5 characters\">mysql</span>\"
  #<span class=sf-dump-protected title=\"Protected property\">table</span>: \"<span class=sf-dump-str title=\"11 characters\">subchapters</span>\"
  #<span class=sf-dump-protected title=\"Protected property\">primaryKey</span>: \"<span class=sf-dump-str title=\"2 characters\">id</span>\"
  #<span class=sf-dump-protected title=\"Protected property\">keyType</span>: \"<span class=sf-dump-str title=\"3 characters\">int</span>\"
  +<span class=sf-dump-public title=\"Public property\">incrementing</span>: <span class=sf-dump-const>true</span>
  #<span class=sf-dump-protected title=\"Protected property\">with</span>: []
  #<span class=sf-dump-protected title=\"Protected property\">withCount</span>: []
  +<span class=sf-dump-public title=\"Public property\">preventsLazyLoading</span>: <span class=sf-dump-const>false</span>
  #<span class=sf-dump-protected title=\"Protected property\">perPage</span>: <span class=sf-dump-num>15</span>
  +<span class=sf-dump-public title=\"Public property\">exists</span>: <span class=sf-dump-const>true</span>
  +<span class=sf-dump-public title=\"Public property\">wasRecentlyCreated</span>: <span class=sf-dump-const>false</span>
  #<span class=sf-dump-protected title=\"Protected property\">escapeWhenCastingToString</span>: <span class=sf-dump-const>false</span>
  #<span class=sf-dump-protected title=\"Protected property\">attributes</span>: <span class=sf-dump-note>array:11</span> [<samp data-depth=2 class=sf-dump-compact>
    \"<span class=sf-dump-key>id</span>\" => <span class=sf-dump-num>3</span>
    \"<span class=sf-dump-key>name</span>\" => \"<span class=sf-dump-str title=\"23 characters\">&#191;Por qu&#233; es importante?</span>\"
    \"<span class=sf-dump-key>title</span>\" => \"<span class=sf-dump-str title=\"41 characters\">&#191;Por qu&#233; es importante el auto liderazgo?</span>\"
    \"<span class=sf-dump-key>order</span>\" => <span class=sf-dump-num>1</span>
    \"<span class=sf-dump-key>description</span>\" => \"<span class=sf-dump-str title=\"73 characters\">Abordaremos como fortalecer la capacidad de liderarnos a nosotros mismos.</span>\"
    \"<span class=sf-dump-key>s_point</span>\" => <span class=sf-dump-num>33</span>
    \"<span class=sf-dump-key>time</span>\" => <span class=sf-dump-num>90</span>
    \"<span class=sf-dump-key>created_at</span>\" => <span class=sf-dump-const>null</span>
    \"<span class=sf-dump-key>updated_at</span>\" => \"<span class=sf-dump-str title=\"19 characters\">2025-02-12 16:43:36</span>\"
    \"<span class=sf-dump-key>chapter_id</span>\" => <span class=sf-dump-num>2</span>
    \"<span class=sf-dump-key>competence_id</span>\" => <span class=sf-dump-num>11</span>
  </samp>]
  #<span class=sf-dump-protected title=\"Protected property\">original</span>: <span class=sf-dump-note>array:11</span> [<samp data-depth=2 class=sf-dump-compact>
    \"<span class=sf-dump-key>id</span>\" => <span class=sf-dump-num>3</span>
    \"<span class=sf-dump-key>name</span>\" => \"<span class=sf-dump-str title=\"23 characters\">&#191;Por qu&#233; es importante?</span>\"
    \"<span class=sf-dump-key>title</span>\" => \"<span class=sf-dump-str title=\"41 characters\">&#191;Por qu&#233; es importante el auto liderazgo?</span>\"
    \"<span class=sf-dump-key>order</span>\" => <span class=sf-dump-num>1</span>
    \"<span class=sf-dump-key>description</span>\" => \"<span class=sf-dump-str title=\"73 characters\">Abordaremos como fortalecer la capacidad de liderarnos a nosotros mismos.</span>\"
    \"<span class=sf-dump-key>s_point</span>\" => <span class=sf-dump-num>33</span>
    \"<span class=sf-dump-key>time</span>\" => <span class=sf-dump-num>90</span>
    \"<span class=sf-dump-key>created_at</span>\" => <span class=sf-dump-const>null</span>
    \"<span class=sf-dump-key>updated_at</span>\" => \"<span class=sf-dump-str title=\"19 characters\">2025-02-12 16:43:36</span>\"
    \"<span class=sf-dump-key>chapter_id</span>\" => <span class=sf-dump-num>2</span>
    \"<span class=sf-dump-key>competence_id</span>\" => <span class=sf-dump-num>11</span>
  </samp>]
  #<span class=sf-dump-protected title=\"Protected property\">changes</span>: []
  #<span class=sf-dump-protected title=\"Protected property\">casts</span>: []
  #<span class=sf-dump-protected title=\"Protected property\">classCastCache</span>: []
  #<span class=sf-dump-protected title=\"Protected property\">attributeCastCache</span>: []
  #<span class=sf-dump-protected title=\"Protected property\">dates</span>: []
  #<span class=sf-dump-protected title=\"Protected property\">dateFormat</span>: <span class=sf-dump-const>null</span>
  #<span class=sf-dump-protected title=\"Protected property\">appends</span>: []
  #<span class=sf-dump-protected title=\"Protected property\">dispatchesEvents</span>: []
  #<span class=sf-dump-protected title=\"Protected property\">observables</span>: []
  #<span class=sf-dump-protected title=\"Protected property\">relations</span>: []
  #<span class=sf-dump-protected title=\"Protected property\">touches</span>: []
  +<span class=sf-dump-public title=\"Public property\">timestamps</span>: <span class=sf-dump-const>true</span>
  #<span class=sf-dump-protected title=\"Protected property\">hidden</span>: []
  #<span class=sf-dump-protected title=\"Protected property\">visible</span>: []
  #<span class=sf-dump-protected title=\"Protected property\">fillable</span>: []
  #<span class=sf-dump-protected title=\"Protected property\">guarded</span>: <span class=sf-dump-note>array:1</span> [<samp data-depth=2 class=sf-dump-compact>
    <span class=sf-dump-index>0</span> => \"<span class=sf-dump-str>*</span>\"
  </samp>]
</samp>}
</pre><script>Sfdump(\"sf-dump-442321684\", {\"maxDepth\":3,\"maxStringLength\":160})</script>
","retospendientes":"<pre class=sf-dump id=sf-dump-43421907 data-indent-pad=\"  \"><span class=sf-dump-const>null</span>
</pre><script>Sfdump(\"sf-dump-43421907\", {\"maxDepth\":3,\"maxStringLength\":160})</script>
","retosfinish":"<pre class=sf-dump id=sf-dump-1533917075 data-indent-pad=\"  \"><span class=sf-dump-note>Illuminate\\Support\\Collection</span> {<a class=sf-dump-ref>#1585</a><samp data-depth=1 class=sf-dump-expanded>
  #<span class=sf-dump-protected title=\"Protected property\">items</span>: <span class=sf-dump-note>array:2</span> [<samp data-depth=2 class=sf-dump-compact>
    <span class=sf-dump-index>0</span> => {<a class=sf-dump-ref>#1602</a><samp data-depth=3 class=sf-dump-compact>
      +\"<span class=sf-dump-public title=\"Runtime added dynamic property\">id</span>\": <span class=sf-dump-num>10</span>
      +\"<span class=sf-dump-public title=\"Runtime added dynamic property\">start</span>\": \"<span class=sf-dump-str title=\"19 characters\">2025-02-11 16:17:24</span>\"
      +\"<span class=sf-dump-public title=\"Runtime added dynamic property\">end</span>\": \"<span class=sf-dump-str title=\"19 characters\">2025-02-11 16:17:24</span>\"
      +\"<span class=sf-dump-public title=\"Runtime added dynamic property\">result_api</span>\": <span class=sf-dump-num>0</span>
      +\"<span class=sf-dump-public title=\"Runtime added dynamic property\">s_point</span>\": <span class=sf-dump-num>17</span>
      +\"<span class=sf-dump-public title=\"Runtime added dynamic property\">i_point</span>\": <span class=sf-dump-num>5</span>
      +\"<span class=sf-dump-public title=\"Runtime added dynamic property\">g_point</span>\": <span class=sf-dump-num>0</span>
      +\"<span class=sf-dump-public title=\"Runtime added dynamic property\">created_at</span>\": \"<span class=sf-dump-str title=\"19 characters\">2020-09-24 11:02:37</span>\"
      +\"<span class=sf-dump-public title=\"Runtime added dynamic property\">updated_at</span>\": \"<span class=sf-dump-str title=\"19 characters\">2025-02-11 16:17:24</span>\"
      +\"<span class=sf-dump-public title=\"Runtime added dynamic property\">challenge_id</span>\": <span class=sf-dump-num>10</span>
      +\"<span class=sf-dump-public title=\"Runtime added dynamic property\">user_id</span>\": <span class=sf-dump-num>671</span>
      +\"<span class=sf-dump-public title=\"Runtime added dynamic property\">comentario</span>\": <span class=sf-dump-const>null</span>
      +\"<span class=sf-dump-public title=\"Runtime added dynamic property\">name</span>\": \"<span class=sf-dump-str title=\"44 characters\">1.1.1  &#191;Porqu&#233; es importante auto liderazgo?</span>\"
      +\"<span class=sf-dump-public title=\"Runtime added dynamic property\">description</span>\": \"<span class=sf-dump-str title=\"235 characters\">Abordaremos al conversaci&#243;n acerca de entender la importancia del auto liderazgo en los diferentes roles que tenemos en nuestras vidas. Al finalizar el video responde: &#191;Por qu&#233; consideras que es importante el auto liderazgo en tu vida?</span>\"
      +\"<span class=sf-dump-public title=\"Runtime added dynamic property\">time</span>\": <span class=sf-dump-num>15</span>
      +\"<span class=sf-dump-public title=\"Runtime added dynamic property\">dificult</span>\": <span class=sf-dump-num>0</span>
      +\"<span class=sf-dump-public title=\"Runtime added dynamic property\">material</span>\": \"\"
      +\"<span class=sf-dump-public title=\"Runtime added dynamic property\">urlvideo</span>\": \"<span class=sf-dump-str title=\"23 characters\">autoLiderazgo_1_1_1.mp4</span>\"
      +\"<span class=sf-dump-public title=\"Runtime added dynamic property\">params</span>\": <span class=sf-dump-const>null</span>
      +\"<span class=sf-dump-public title=\"Runtime added dynamic property\">gametype</span>\": <span class=sf-dump-num>1</span>
      +\"<span class=sf-dump-public title=\"Runtime added dynamic property\">subchapter_id</span>\": <span class=sf-dump-num>3</span>
      +\"<span class=sf-dump-public title=\"Runtime added dynamic property\">challenge_type_id</span>\": <span class=sf-dump-num>5</span>
      +\"<span class=sf-dump-public title=\"Runtime added dynamic property\">id_grupo</span>\": <span class=sf-dump-num>1</span>
      +\"<span class=sf-dump-public title=\"Runtime added dynamic property\">id_insignia</span>\": <span class=sf-dump-num>100</span>
    </samp>}
    <span class=sf-dump-index>1</span> => {<a class=sf-dump-ref>#1606</a><samp data-depth=3 class=sf-dump-compact>
      +\"<span class=sf-dump-public title=\"Runtime added dynamic property\">id</span>\": <span class=sf-dump-num>12</span>
      +\"<span class=sf-dump-public title=\"Runtime added dynamic property\">start</span>\": \"<span class=sf-dump-str title=\"19 characters\">2025-02-11 16:48:00</span>\"
      +\"<span class=sf-dump-public title=\"Runtime added dynamic property\">end</span>\": \"<span class=sf-dump-str title=\"19 characters\">2025-02-11 16:48:00</span>\"
      +\"<span class=sf-dump-public title=\"Runtime added dynamic property\">result_api</span>\": <span class=sf-dump-num>0</span>
      +\"<span class=sf-dump-public title=\"Runtime added dynamic property\">s_point</span>\": <span class=sf-dump-num>17</span>
      +\"<span class=sf-dump-public title=\"Runtime added dynamic property\">i_point</span>\": <span class=sf-dump-num>10</span>
      +\"<span class=sf-dump-public title=\"Runtime added dynamic property\">g_point</span>\": <span class=sf-dump-num>10</span>
      +\"<span class=sf-dump-public title=\"Runtime added dynamic property\">created_at</span>\": \"<span class=sf-dump-str title=\"19 characters\">2021-02-07 11:12:09</span>\"
      +\"<span class=sf-dump-public title=\"Runtime added dynamic property\">updated_at</span>\": \"<span class=sf-dump-str title=\"19 characters\">2025-02-11 16:48:02</span>\"
      +\"<span class=sf-dump-public title=\"Runtime added dynamic property\">challenge_id</span>\": <span class=sf-dump-num>12</span>
      +\"<span class=sf-dump-public title=\"Runtime added dynamic property\">user_id</span>\": <span class=sf-dump-num>671</span>
      +\"<span class=sf-dump-public title=\"Runtime added dynamic property\">comentario</span>\": <span class=sf-dump-const>null</span>
      +\"<span class=sf-dump-public title=\"Runtime added dynamic property\">name</span>\": \"<span class=sf-dump-str title=\"26 characters\">1.1.2 Preg&#250;ntale a alguien</span>\"
      +\"<span class=sf-dump-public title=\"Runtime added dynamic property\">description</span>\": \"<span class=sf-dump-str title=\"396 characters\">Piensa en dos personas: Una de tu trabajo y otra de tu circulo familiar. Dales una llamada y dile que tienes un reto que consiste en que les vas a preguntar acerca del auto liderazgo: &#191;Qu&#233; es para ellos el auto liderazgo? y si tienen ejemplos de personas que conozcan ambos que lo tengan, si es as&#237;, conversen acerca de que cosas hace esa persona para que ustedes coincidan en que se auto lidera.</span>\"
      +\"<span class=sf-dump-public title=\"Runtime added dynamic property\">time</span>\": <span class=sf-dump-num>20</span>
      +\"<span class=sf-dump-public title=\"Runtime added dynamic property\">dificult</span>\": <span class=sf-dump-num>0</span>
      +\"<span class=sf-dump-public title=\"Runtime added dynamic property\">material</span>\": \"\"
      +\"<span class=sf-dump-public title=\"Runtime added dynamic property\">urlvideo</span>\": <span class=sf-dump-const>null</span>
      +\"<span class=sf-dump-public title=\"Runtime added dynamic property\">params</span>\": <span class=sf-dump-const>null</span>
      +\"<span class=sf-dump-public title=\"Runtime added dynamic property\">gametype</span>\": <span class=sf-dump-num>1</span>
      +\"<span class=sf-dump-public title=\"Runtime added dynamic property\">subchapter_id</span>\": <span class=sf-dump-num>3</span>
      +\"<span class=sf-dump-public title=\"Runtime added dynamic property\">challenge_type_id</span>\": <span class=sf-dump-num>8</span>
      +\"<span class=sf-dump-public title=\"Runtime added dynamic property\">id_grupo</span>\": <span class=sf-dump-num>1</span>
      +\"<span class=sf-dump-public title=\"Runtime added dynamic property\">id_insignia</span>\": <span class=sf-dump-num>100</span>
    </samp>}
  </samp>]
  #<span class=sf-dump-protected title=\"Protected property\">escapeWhenCastingToString</span>: <span class=sf-dump-const>false</span>
</samp>}
</pre><script>Sfdump(\"sf-dump-1533917075\", {\"maxDepth\":3,\"maxStringLength\":160})</script>
","videohidden":"<pre class=sf-dump id=sf-dump-364764601 data-indent-pad=\"  \">\"<span class=sf-dump-str title=\"6 characters\">hidden</span>\"
</pre><script>Sfdump(\"sf-dump-364764601\", {\"maxDepth\":3,\"maxStringLength\":160})</script>
","tareasusu":"<pre class=sf-dump id=sf-dump-487302306 data-indent-pad=\"  \"><span class=sf-dump-note>Illuminate\\Support\\Collection</span> {<a class=sf-dump-ref>#1604</a><samp data-depth=1 class=sf-dump-expanded>
  #<span class=sf-dump-protected title=\"Protected property\">items</span>: <span class=sf-dump-note>array:2</span> [<samp data-depth=2 class=sf-dump-compact>
    <span class=sf-dump-index>0</span> => {<a class=sf-dump-ref>#1605</a><samp data-depth=3 class=sf-dump-compact>
      +\"<span class=sf-dump-public title=\"Runtime added dynamic property\">cap</span>\": <span class=sf-dump-num>2</span>
      +\"<span class=sf-dump-public title=\"Runtime added dynamic property\">idt</span>\": <span class=sf-dump-num>10</span>
      +\"<span class=sf-dump-public title=\"Runtime added dynamic property\">name</span>\": \"<span class=sf-dump-str title=\"44 characters\">1.1.1  &#191;Porqu&#233; es importante auto liderazgo?</span>\"
    </samp>}
    <span class=sf-dump-index>1</span> => {<a class=sf-dump-ref>#1610</a><samp data-depth=3 class=sf-dump-compact>
      +\"<span class=sf-dump-public title=\"Runtime added dynamic property\">cap</span>\": <span class=sf-dump-num>2</span>
      +\"<span class=sf-dump-public title=\"Runtime added dynamic property\">idt</span>\": <span class=sf-dump-num>12</span>
      +\"<span class=sf-dump-public title=\"Runtime added dynamic property\">name</span>\": \"<span class=sf-dump-str title=\"26 characters\">1.1.2 Preg&#250;ntale a alguien</span>\"
    </samp>}
  </samp>]
  #<span class=sf-dump-protected title=\"Protected property\">escapeWhenCastingToString</span>: <span class=sf-dump-const>false</span>
</samp>}
</pre><script>Sfdump(\"sf-dump-487302306\", {\"maxDepth\":3,\"maxStringLength\":160})</script>
","retp":"<pre class=sf-dump id=sf-dump-1591017118 data-indent-pad=\"  \"><span class=sf-dump-const>null</span>
</pre><script>Sfdump(\"sf-dump-1591017118\", {\"maxDepth\":3,\"maxStringLength\":160})</script>
","v":"<pre class=sf-dump id=sf-dump-1647782178 data-indent-pad=\"  \">\"<span class=sf-dump-str title=\"23 characters\">&#191;Por qu&#233; es importante?</span>\"
</pre><script>Sfdump(\"sf-dump-1647782178\", {\"maxDepth\":3,\"maxStringLength\":160})</script>
","cap":"<pre class=sf-dump id=sf-dump-328395678 data-indent-pad=\"  \"><span class=sf-dump-num>2</span>
</pre><script>Sfdump(\"sf-dump-328395678\", {\"maxDepth\":3,\"maxStringLength\":160})</script>
","capsiguiente":"<pre class=sf-dump id=sf-dump-333153498 data-indent-pad=\"  \"><span class=sf-dump-num>2</span>
</pre><script>Sfdump(\"sf-dump-333153498\", {\"maxDepth\":3,\"maxStringLength\":160})</script>
","tareaspendientes":"<pre class=sf-dump id=sf-dump-1531378891 data-indent-pad=\"  \"><span class=sf-dump-num>9</span>
</pre><script>Sfdump(\"sf-dump-1531378891\", {\"maxDepth\":3,\"maxStringLength\":160})</script>
","tareacap":"<pre class=sf-dump id=sf-dump-633727433 data-indent-pad=\"  \"><span class=sf-dump-note>Illuminate\\Support\\Collection</span> {<a class=sf-dump-ref>#1589</a><samp data-depth=1 class=sf-dump-expanded>
  #<span class=sf-dump-protected title=\"Protected property\">items</span>: <span class=sf-dump-note>array:11</span> [<samp data-depth=2 class=sf-dump-compact>
    <span class=sf-dump-index>0</span> => {<a class=sf-dump-ref>#1611</a><samp data-depth=3 class=sf-dump-compact>
      +\"<span class=sf-dump-public title=\"Runtime added dynamic property\">cap</span>\": <span class=sf-dump-num>2</span>
      +\"<span class=sf-dump-public title=\"Runtime added dynamic property\">idt</span>\": <span class=sf-dump-num>10</span>
      +\"<span class=sf-dump-public title=\"Runtime added dynamic property\">name</span>\": \"<span class=sf-dump-str title=\"44 characters\">1.1.1  &#191;Porqu&#233; es importante auto liderazgo?</span>\"
    </samp>}
    <span class=sf-dump-index>1</span> => {<a class=sf-dump-ref>#1612</a><samp data-depth=3 class=sf-dump-compact>
      +\"<span class=sf-dump-public title=\"Runtime added dynamic property\">cap</span>\": <span class=sf-dump-num>2</span>
      +\"<span class=sf-dump-public title=\"Runtime added dynamic property\">idt</span>\": <span class=sf-dump-num>12</span>
      +\"<span class=sf-dump-public title=\"Runtime added dynamic property\">name</span>\": \"<span class=sf-dump-str title=\"26 characters\">1.1.2 Preg&#250;ntale a alguien</span>\"
    </samp>}
    <span class=sf-dump-index>2</span> => {<a class=sf-dump-ref>#1613</a><samp data-depth=3 class=sf-dump-compact>
      +\"<span class=sf-dump-public title=\"Runtime added dynamic property\">cap</span>\": <span class=sf-dump-num>2</span>
      +\"<span class=sf-dump-public title=\"Runtime added dynamic property\">idt</span>\": <span class=sf-dump-num>13</span>
      +\"<span class=sf-dump-public title=\"Runtime added dynamic property\">name</span>\": \"<span class=sf-dump-str title=\"26 characters\">1.2.1 Proactivo o Reactivo</span>\"
    </samp>}
    <span class=sf-dump-index>3</span> => {<a class=sf-dump-ref>#1614</a><samp data-depth=3 class=sf-dump-compact>
      +\"<span class=sf-dump-public title=\"Runtime added dynamic property\">cap</span>\": <span class=sf-dump-num>2</span>
      +\"<span class=sf-dump-public title=\"Runtime added dynamic property\">idt</span>\": <span class=sf-dump-num>14</span>
      +\"<span class=sf-dump-public title=\"Runtime added dynamic property\">name</span>\": \"<span class=sf-dump-str title=\"21 characters\">1.2.2 Reto - C&#237;rculos</span>\"
    </samp>}
    <span class=sf-dump-index>4</span> => {<a class=sf-dump-ref>#1617</a><samp data-depth=3 class=sf-dump-compact>
      +\"<span class=sf-dump-public title=\"Runtime added dynamic property\">cap</span>\": <span class=sf-dump-num>2</span>
      +\"<span class=sf-dump-public title=\"Runtime added dynamic property\">idt</span>\": <span class=sf-dump-num>15</span>
      +\"<span class=sf-dump-public title=\"Runtime added dynamic property\">name</span>\": \"<span class=sf-dump-str title=\"34 characters\">1.2.3 Ampliando circulo influencia</span>\"
    </samp>}
    <span class=sf-dump-index>5</span> => {<a class=sf-dump-ref>#1615</a><samp data-depth=3 class=sf-dump-compact>
      +\"<span class=sf-dump-public title=\"Runtime added dynamic property\">cap</span>\": <span class=sf-dump-num>2</span>
      +\"<span class=sf-dump-public title=\"Runtime added dynamic property\">idt</span>\": <span class=sf-dump-num>16</span>
      +\"<span class=sf-dump-public title=\"Runtime added dynamic property\">name</span>\": \"<span class=sf-dump-str title=\"42 characters\">1.2.4 Reto - Cambiar los tener por los Ser</span>\"
    </samp>}
    <span class=sf-dump-index>6</span> => {<a class=sf-dump-ref>#1616</a><samp data-depth=3 class=sf-dump-compact>
      +\"<span class=sf-dump-public title=\"Runtime added dynamic property\">cap</span>\": <span class=sf-dump-num>2</span>
      +\"<span class=sf-dump-public title=\"Runtime added dynamic property\">idt</span>\": <span class=sf-dump-num>17</span>
      +\"<span class=sf-dump-public title=\"Runtime added dynamic property\">name</span>\": \"<span class=sf-dump-str title=\"36 characters\">1.2.5 Autoconocimiento / Auto Estima</span>\"
    </samp>}
    <span class=sf-dump-index>7</span> => {<a class=sf-dump-ref>#1619</a><samp data-depth=3 class=sf-dump-compact>
      +\"<span class=sf-dump-public title=\"Runtime added dynamic property\">cap</span>\": <span class=sf-dump-num>2</span>
      +\"<span class=sf-dump-public title=\"Runtime added dynamic property\">idt</span>\": <span class=sf-dump-num>18</span>
      +\"<span class=sf-dump-public title=\"Runtime added dynamic property\">name</span>\": \"<span class=sf-dump-str title=\"42 characters\">1.2.6 Reto Auto Estima / Auto Conocimiento</span>\"
    </samp>}
    <span class=sf-dump-index>8</span> => {<a class=sf-dump-ref>#1620</a><samp data-depth=3 class=sf-dump-compact>
      +\"<span class=sf-dump-public title=\"Runtime added dynamic property\">cap</span>\": <span class=sf-dump-num>2</span>
      +\"<span class=sf-dump-public title=\"Runtime added dynamic property\">idt</span>\": <span class=sf-dump-num>19</span>
      +\"<span class=sf-dump-public title=\"Runtime added dynamic property\">name</span>\": \"<span class=sf-dump-str title=\"33 characters\">1.2.7 Autonomia / Auto motivaci&#243;n</span>\"
    </samp>}
    <span class=sf-dump-index>9</span> => {<a class=sf-dump-ref>#1618</a><samp data-depth=3 class=sf-dump-compact>
      +\"<span class=sf-dump-public title=\"Runtime added dynamic property\">cap</span>\": <span class=sf-dump-num>2</span>
      +\"<span class=sf-dump-public title=\"Runtime added dynamic property\">idt</span>\": <span class=sf-dump-num>20</span>
      +\"<span class=sf-dump-public title=\"Runtime added dynamic property\">name</span>\": \"<span class=sf-dump-str title=\"33 characters\">1.2.8 Reto Autonomia / Motivaci&#243;n</span>\"
    </samp>}
    <span class=sf-dump-index>10</span> => {<a class=sf-dump-ref>#1621</a><samp data-depth=3 class=sf-dump-compact>
      +\"<span class=sf-dump-public title=\"Runtime added dynamic property\">cap</span>\": <span class=sf-dump-num>2</span>
      +\"<span class=sf-dump-public title=\"Runtime added dynamic property\">idt</span>\": <span class=sf-dump-num>21</span>
      +\"<span class=sf-dump-public title=\"Runtime added dynamic property\">name</span>\": \"<span class=sf-dump-str title=\"32 characters\">1.3.1 &#191;C&#243;mo ponerlo en practica?</span>\"
    </samp>}
  </samp>]
  #<span class=sf-dump-protected title=\"Protected property\">escapeWhenCastingToString</span>: <span class=sf-dump-const>false</span>
</samp>}
</pre><script>Sfdump(\"sf-dump-633727433\", {\"maxDepth\":3,\"maxStringLength\":160})</script>
"}},"userId":671,"exception":"[object] (Spatie\\LaravelIgnition\\Exceptions\\ViewException(code: 0): Undefined variable $tareasCompletadas at C:\\xampp\\htdocs\\evolucion2024\\resources\\views\\player\\capitulos.blade.php:224)
[stacktrace]
#0 C:\\xampp\\htdocs\\evolucion2024\\vendor\\laravel\\framework\\src\\Illuminate\\Foundation\\Bootstrap\\HandleExceptions.php(270): Illuminate\\Foundation\\Bootstrap\\HandleExceptions->handleError(2, 'Undefined varia...', 'C:\\\\xampp\\\\htdocs...', 207)
#1 C:\\xampp\\htdocs\\evolucion2024\\resources\\views\\player\\capitulos.blade.php(224): Illuminate\\Foundation\\Bootstrap\\HandleExceptions->Illuminate\\Foundation\\Bootstrap\\{closure}(2, 'Undefined varia...', 'C:\\\\xampp\\\\htdocs...', 207)
#2 C:\\xampp\\htdocs\\evolucion2024\\vendor\\laravel\\framework\\src\\Illuminate\\Filesystem\\Filesystem.php(109): require('C:\\\\xampp\\\\htdocs...')
#3 C:\\xampp\\htdocs\\evolucion2024\\vendor\\laravel\\framework\\src\\Illuminate\\Filesystem\\Filesystem.php(110): Illuminate\\Filesystem\\Filesystem::Illuminate\\Filesystem\\{closure}()
#4 C:\\xampp\\htdocs\\evolucion2024\\vendor\\laravel\\framework\\src\\Illuminate\\View\\Engines\\PhpEngine.php(58): Illuminate\\Filesystem\\Filesystem->getRequire('C:\\\\xampp\\\\htdocs...', Array)
#5 C:\\xampp\\htdocs\\evolucion2024\\vendor\\laravel\\framework\\src\\Illuminate\\View\\Engines\\CompilerEngine.php(70): Illuminate\\View\\Engines\\PhpEngine->evaluatePath('C:\\\\xampp\\\\htdocs...', Array)
#6 C:\\xampp\\htdocs\\evolucion2024\\vendor\\laravel\\framework\\src\\Illuminate\\View\\View.php(195): Illuminate\\View\\Engines\\CompilerEngine->get('C:\\\\xampp\\\\htdocs...', Array)
#7 C:\\xampp\\htdocs\\evolucion2024\\vendor\\laravel\\framework\\src\\Illuminate\\View\\View.php(178): Illuminate\\View\\View->getContents()
#8 C:\\xampp\\htdocs\\evolucion2024\\vendor\\laravel\\framework\\src\\Illuminate\\View\\View.php(147): Illuminate\\View\\View->renderContents()
#9 C:\\xampp\\htdocs\\evolucion2024\\vendor\\laravel\\framework\\src\\Illuminate\\Http\\Response.php(69): Illuminate\\View\\View->render()
#10 C:\\xampp\\htdocs\\evolucion2024\\vendor\\laravel\\framework\\src\\Illuminate\\Http\\Response.php(35): Illuminate\\Http\\Response->setContent(Object(Illuminate\\View\\View))
#11 C:\\xampp\\htdocs\\evolucion2024\\vendor\\laravel\\framework\\src\\Illuminate\\Routing\\Router.php(906): Illuminate\\Http\\Response->__construct(Object(Illuminate\\View\\View), 200, Array)
#12 C:\\xampp\\htdocs\\evolucion2024\\vendor\\laravel\\framework\\src\\Illuminate\\Routing\\Router.php(875): Illuminate\\Routing\\Router::toResponse(Object(Illuminate\\Http\\Request), Object(Illuminate\\View\\View))
#13 C:\\xampp\\htdocs\\evolucion2024\\vendor\\laravel\\framework\\src\\Illuminate\\Routing\\Router.php(798): Illuminate\\Routing\\Router->prepareResponse(Object(Illuminate\\Http\\Request), Object(Illuminate\\View\\View))
#14 C:\\xampp\\htdocs\\evolucion2024\\vendor\\laravel\\framework\\src\\Illuminate\\Pipeline\\Pipeline.php(141): Illuminate\\Routing\\Router->Illuminate\\Routing\\{closure}(Object(Illuminate\\Http\\Request))
#15 C:\\xampp\\htdocs\\evolucion2024\\app\\Http\\Middleware\\RedirectIfSessionExpired.php(25): Illuminate\\Pipeline\\Pipeline->Illuminate\\Pipeline\\{closure}(Object(Illuminate\\Http\\Request))
#16 C:\\xampp\\htdocs\\evolucion2024\\vendor\\laravel\\framework\\src\\Illuminate\\Pipeline\\Pipeline.php(180): App\\Http\\Middleware\\RedirectIfSessionExpired->handle(Object(Illuminate\\Http\\Request), Object(Closure))
#17 C:\\xampp\\htdocs\\evolucion2024\\vendor\\laravel\\framework\\src\\Illuminate\\Routing\\Middleware\\SubstituteBindings.php(50): Illuminate\\Pipeline\\Pipeline->Illuminate\\Pipeline\\{closure}(Object(Illuminate\\Http\\Request))
#18 C:\\xampp\\htdocs\\evolucion2024\\vendor\\laravel\\framework\\src\\Illuminate\\Pipeline\\Pipeline.php(180): Illuminate\\Routing\\Middleware\\SubstituteBindings->handle(Object(Illuminate\\Http\\Request), Object(Closure))
#19 C:\\xampp\\htdocs\\evolucion2024\\vendor\\laravel\\framework\\src\\Illuminate\\Auth\\Middleware\\Authenticate.php(44): Illuminate\\Pipeline\\Pipeline->Illuminate\\Pipeline\\{closure}(Object(Illuminate\\Http\\Request))
#20 C:\\xampp\\htdocs\\evolucion2024\\vendor\\laravel\\framework\\src\\Illuminate\\Pipeline\\Pipeline.php(180): Illuminate\\Auth\\Middleware\\Authenticate->handle(Object(Illuminate\\Http\\Request), Object(Closure))
#21 C:\\xampp\\htdocs\\evolucion2024\\vendor\\laravel\\framework\\src\\Illuminate\\Foundation\\Http\\Middleware\\VerifyCsrfToken.php(78): Illuminate\\Pipeline\\Pipeline->Illuminate\\Pipeline\\{closure}(Object(Illuminate\\Http\\Request))
#22 C:\\xampp\\htdocs\\evolucion2024\\vendor\\laravel\\framework\\src\\Illuminate\\Pipeline\\Pipeline.php(180): Illuminate\\Foundation\\Http\\Middleware\\VerifyCsrfToken->handle(Object(Illuminate\\Http\\Request), Object(Closure))
#23 C:\\xampp\\htdocs\\evolucion2024\\vendor\\laravel\\framework\\src\\Illuminate\\View\\Middleware\\ShareErrorsFromSession.php(49): Illuminate\\Pipeline\\Pipeline->Illuminate\\Pipeline\\{closure}(Object(Illuminate\\Http\\Request))
#24 C:\\xampp\\htdocs\\evolucion2024\\vendor\\laravel\\framework\\src\\Illuminate\\Pipeline\\Pipeline.php(180): Illuminate\\View\\Middleware\\ShareErrorsFromSession->handle(Object(Illuminate\\Http\\Request), Object(Closure))
#25 C:\\xampp\\htdocs\\evolucion2024\\vendor\\laravel\\framework\\src\\Illuminate\\Session\\Middleware\\StartSession.php(121): Illuminate\\Pipeline\\Pipeline->Illuminate\\Pipeline\\{closure}(Object(Illuminate\\Http\\Request))
#26 C:\\xampp\\htdocs\\evolucion2024\\vendor\\laravel\\framework\\src\\Illuminate\\Session\\Middleware\\StartSession.php(64): Illuminate\\Session\\Middleware\\StartSession->handleStatefulRequest(Object(Illuminate\\Http\\Request), Object(Illuminate\\Session\\Store), Object(Closure))
#27 C:\\xampp\\htdocs\\evolucion2024\\vendor\\laravel\\framework\\src\\Illuminate\\Pipeline\\Pipeline.php(180): Illuminate\\Session\\Middleware\\StartSession->handle(Object(Illuminate\\Http\\Request), Object(Closure))
#28 C:\\xampp\\htdocs\\evolucion2024\\vendor\\laravel\\framework\\src\\Illuminate\\Cookie\\Middleware\\AddQueuedCookiesToResponse.php(37): Illuminate\\Pipeline\\Pipeline->Illuminate\\Pipeline\\{closure}(Object(Illuminate\\Http\\Request))
#29 C:\\xampp\\htdocs\\evolucion2024\\vendor\\laravel\\framework\\src\\Illuminate\\Pipeline\\Pipeline.php(180): Illuminate\\Cookie\\Middleware\\AddQueuedCookiesToResponse->handle(Object(Illuminate\\Http\\Request), Object(Closure))
#30 C:\\xampp\\htdocs\\evolucion2024\\vendor\\laravel\\framework\\src\\Illuminate\\Cookie\\Middleware\\EncryptCookies.php(67): Illuminate\\Pipeline\\Pipeline->Illuminate\\Pipeline\\{closure}(Object(Illuminate\\Http\\Request))
#31 C:\\xampp\\htdocs\\evolucion2024\\vendor\\laravel\\framework\\src\\Illuminate\\Pipeline\\Pipeline.php(180): Illuminate\\Cookie\\Middleware\\EncryptCookies->handle(Object(Illuminate\\Http\\Request), Object(Closure))
#32 C:\\xampp\\htdocs\\evolucion2024\\vendor\\laravel\\framework\\src\\Illuminate\\Pipeline\\Pipeline.php(116): Illuminate\\Pipeline\\Pipeline->Illuminate\\Pipeline\\{closure}(Object(Illuminate\\Http\\Request))
#33 C:\\xampp\\htdocs\\evolucion2024\\vendor\\laravel\\framework\\src\\Illuminate\\Routing\\Router.php(799): Illuminate\\Pipeline\\Pipeline->then(Object(Closure))
#34 C:\\xampp\\htdocs\\evolucion2024\\vendor\\laravel\\framework\\src\\Illuminate\\Routing\\Router.php(776): Illuminate\\Routing\\Router->runRouteWithinStack(Object(Illuminate\\Routing\\Route), Object(Illuminate\\Http\\Request))
#35 C:\\xampp\\htdocs\\evolucion2024\\vendor\\laravel\\framework\\src\\Illuminate\\Routing\\Router.php(740): Illuminate\\Routing\\Router->runRoute(Object(Illuminate\\Http\\Request), Object(Illuminate\\Routing\\Route))
#36 C:\\xampp\\htdocs\\evolucion2024\\vendor\\laravel\\framework\\src\\Illuminate\\Routing\\Router.php(729): Illuminate\\Routing\\Router->dispatchToRoute(Object(Illuminate\\Http\\Request))
#37 C:\\xampp\\htdocs\\evolucion2024\\vendor\\laravel\\framework\\src\\Illuminate\\Foundation\\Http\\Kernel.php(190): Illuminate\\Routing\\Router->dispatch(Object(Illuminate\\Http\\Request))
#38 C:\\xampp\\htdocs\\evolucion2024\\vendor\\laravel\\framework\\src\\Illuminate\\Pipeline\\Pipeline.php(141): Illuminate\\Foundation\\Http\\Kernel->Illuminate\\Foundation\\Http\\{closure}(Object(Illuminate\\Http\\Request))
#39 C:\\xampp\\htdocs\\evolucion2024\\vendor\\laravel\\framework\\src\\Illuminate\\Http\\Middleware\\TrustProxies.php(39): Illuminate\\Pipeline\\Pipeline->Illuminate\\Pipeline\\{closure}(Object(Illuminate\\Http\\Request))
#40 C:\\xampp\\htdocs\\evolucion2024\\vendor\\laravel\\framework\\src\\Illuminate\\Pipeline\\Pipeline.php(180): Illuminate\\Http\\Middleware\\TrustProxies->handle(Object(Illuminate\\Http\\Request), Object(Closure))
#41 C:\\xampp\\htdocs\\evolucion2024\\vendor\\laravel\\framework\\src\\Illuminate\\Foundation\\Http\\Middleware\\TransformsRequest.php(21): Illuminate\\Pipeline\\Pipeline->Illuminate\\Pipeline\\{closure}(Object(Illuminate\\Http\\Request))
#42 C:\\xampp\\htdocs\\evolucion2024\\vendor\\laravel\\framework\\src\\Illuminate\\Foundation\\Http\\Middleware\\ConvertEmptyStringsToNull.php(31): Illuminate\\Foundation\\Http\\Middleware\\TransformsRequest->handle(Object(Illuminate\\Http\\Request), Object(Closure))
#43 C:\\xampp\\htdocs\\evolucion2024\\vendor\\laravel\\framework\\src\\Illuminate\\Pipeline\\Pipeline.php(180): Illuminate\\Foundation\\Http\\Middleware\\ConvertEmptyStringsToNull->handle(Object(Illuminate\\Http\\Request), Object(Closure))
#44 C:\\xampp\\htdocs\\evolucion2024\\vendor\\laravel\\framework\\src\\Illuminate\\Foundation\\Http\\Middleware\\TransformsRequest.php(21): Illuminate\\Pipeline\\Pipeline->Illuminate\\Pipeline\\{closure}(Object(Illuminate\\Http\\Request))
#45 C:\\xampp\\htdocs\\evolucion2024\\vendor\\laravel\\framework\\src\\Illuminate\\Foundation\\Http\\Middleware\\TrimStrings.php(40): Illuminate\\Foundation\\Http\\Middleware\\TransformsRequest->handle(Object(Illuminate\\Http\\Request), Object(Closure))
#46 C:\\xampp\\htdocs\\evolucion2024\\vendor\\laravel\\framework\\src\\Illuminate\\Pipeline\\Pipeline.php(180): Illuminate\\Foundation\\Http\\Middleware\\TrimStrings->handle(Object(Illuminate\\Http\\Request), Object(Closure))
#47 C:\\xampp\\htdocs\\evolucion2024\\vendor\\laravel\\framework\\src\\Illuminate\\Foundation\\Http\\Middleware\\ValidatePostSize.php(27): Illuminate\\Pipeline\\Pipeline->Illuminate\\Pipeline\\{closure}(Object(Illuminate\\Http\\Request))
#48 C:\\xampp\\htdocs\\evolucion2024\\vendor\\laravel\\framework\\src\\Illuminate\\Pipeline\\Pipeline.php(180): Illuminate\\Foundation\\Http\\Middleware\\ValidatePostSize->handle(Object(Illuminate\\Http\\Request), Object(Closure))
#49 C:\\xampp\\htdocs\\evolucion2024\\vendor\\laravel\\framework\\src\\Illuminate\\Foundation\\Http\\Middleware\\PreventRequestsDuringMaintenance.php(86): Illuminate\\Pipeline\\Pipeline->Illuminate\\Pipeline\\{closure}(Object(Illuminate\\Http\\Request))
#50 C:\\xampp\\htdocs\\evolucion2024\\vendor\\laravel\\framework\\src\\Illuminate\\Pipeline\\Pipeline.php(180): Illuminate\\Foundation\\Http\\Middleware\\PreventRequestsDuringMaintenance->handle(Object(Illuminate\\Http\\Request), Object(Closure))
#51 C:\\xampp\\htdocs\\evolucion2024\\vendor\\laravel\\framework\\src\\Illuminate\\Pipeline\\Pipeline.php(116): Illuminate\\Pipeline\\Pipeline->Illuminate\\Pipeline\\{closure}(Object(Illuminate\\Http\\Request))
#52 C:\\xampp\\htdocs\\evolucion2024\\vendor\\laravel\\framework\\src\\Illuminate\\Foundation\\Http\\Kernel.php(165): Illuminate\\Pipeline\\Pipeline->then(Object(Closure))
#53 C:\\xampp\\htdocs\\evolucion2024\\vendor\\laravel\\framework\\src\\Illuminate\\Foundation\\Http\\Kernel.php(134): Illuminate\\Foundation\\Http\\Kernel->sendRequestThroughRouter(Object(Illuminate\\Http\\Request))
#54 C:\\xampp\\htdocs\\evolucion2024\\public\\index.php(55): Illuminate\\Foundation\\Http\\Kernel->handle(Object(Illuminate\\Http\\Request))
#55 C:\\xampp\\htdocs\\evolucion2024\\server.php(21): require_once('C:\\\\xampp\\\\htdocs...')
#56 {main}

[previous exception] [object] (ErrorException(code: 0): Undefined variable $tareasCompletadas at C:\\xampp\\htdocs\\evolucion2024\\storage\\framework\\views\\7b81b531a2b5422499a03d9c46ed57388093c5b1.php:207)
[stacktrace]
#0 C:\\xampp\\htdocs\\evolucion2024\\vendor\\laravel\\framework\\src\\Illuminate\\Foundation\\Bootstrap\\HandleExceptions.php(270): Illuminate\\Foundation\\Bootstrap\\HandleExceptions->handleError(2, 'Undefined varia...', 'C:\\\\xampp\\\\htdocs...', 207)
#1 C:\\xampp\\htdocs\\evolucion2024\\storage\\framework\\views\\7b81b531a2b5422499a03d9c46ed57388093c5b1.php(207): Illuminate\\Foundation\\Bootstrap\\HandleExceptions->Illuminate\\Foundation\\Bootstrap\\{closure}(2, 'Undefined varia...', 'C:\\\\xampp\\\\htdocs...', 207)
#2 C:\\xampp\\htdocs\\evolucion2024\\vendor\\laravel\\framework\\src\\Illuminate\\Filesystem\\Filesystem.php(109): require('C:\\\\xampp\\\\htdocs...')
#3 C:\\xampp\\htdocs\\evolucion2024\\vendor\\laravel\\framework\\src\\Illuminate\\Filesystem\\Filesystem.php(110): Illuminate\\Filesystem\\Filesystem::Illuminate\\Filesystem\\{closure}()
#4 C:\\xampp\\htdocs\\evolucion2024\\vendor\\laravel\\framework\\src\\Illuminate\\View\\Engines\\PhpEngine.php(58): Illuminate\\Filesystem\\Filesystem->getRequire('C:\\\\xampp\\\\htdocs...', Array)
#5 C:\\xampp\\htdocs\\evolucion2024\\vendor\\laravel\\framework\\src\\Illuminate\\View\\Engines\\CompilerEngine.php(70): Illuminate\\View\\Engines\\PhpEngine->evaluatePath('C:\\\\xampp\\\\htdocs...', Array)
#6 C:\\xampp\\htdocs\\evolucion2024\\vendor\\laravel\\framework\\src\\Illuminate\\View\\View.php(195): Illuminate\\View\\Engines\\CompilerEngine->get('C:\\\\xampp\\\\htdocs...', Array)
#7 C:\\xampp\\htdocs\\evolucion2024\\vendor\\laravel\\framework\\src\\Illuminate\\View\\View.php(178): Illuminate\\View\\View->getContents()
#8 C:\\xampp\\htdocs\\evolucion2024\\vendor\\laravel\\framework\\src\\Illuminate\\View\\View.php(147): Illuminate\\View\\View->renderContents()
#9 C:\\xampp\\htdocs\\evolucion2024\\vendor\\laravel\\framework\\src\\Illuminate\\Http\\Response.php(69): Illuminate\\View\\View->render()
#10 C:\\xampp\\htdocs\\evolucion2024\\vendor\\laravel\\framework\\src\\Illuminate\\Http\\Response.php(35): Illuminate\\Http\\Response->setContent(Object(Illuminate\\View\\View))
#11 C:\\xampp\\htdocs\\evolucion2024\\vendor\\laravel\\framework\\src\\Illuminate\\Routing\\Router.php(906): Illuminate\\Http\\Response->__construct(Object(Illuminate\\View\\View), 200, Array)
#12 C:\\xampp\\htdocs\\evolucion2024\\vendor\\laravel\\framework\\src\\Illuminate\\Routing\\Router.php(875): Illuminate\\Routing\\Router::toResponse(Object(Illuminate\\Http\\Request), Object(Illuminate\\View\\View))
#13 C:\\xampp\\htdocs\\evolucion2024\\vendor\\laravel\\framework\\src\\Illuminate\\Routing\\Router.php(798): Illuminate\\Routing\\Router->prepareResponse(Object(Illuminate\\Http\\Request), Object(Illuminate\\View\\View))
#14 C:\\xampp\\htdocs\\evolucion2024\\vendor\\laravel\\framework\\src\\Illuminate\\Pipeline\\Pipeline.php(141): Illuminate\\Routing\\Router->Illuminate\\Routing\\{closure}(Object(Illuminate\\Http\\Request))
#15 C:\\xampp\\htdocs\\evolucion2024\\app\\Http\\Middleware\\RedirectIfSessionExpired.php(25): Illuminate\\Pipeline\\Pipeline->Illuminate\\Pipeline\\{closure}(Object(Illuminate\\Http\\Request))
#16 C:\\xampp\\htdocs\\evolucion2024\\vendor\\laravel\\framework\\src\\Illuminate\\Pipeline\\Pipeline.php(180): App\\Http\\Middleware\\RedirectIfSessionExpired->handle(Object(Illuminate\\Http\\Request), Object(Closure))
#17 C:\\xampp\\htdocs\\evolucion2024\\vendor\\laravel\\framework\\src\\Illuminate\\Routing\\Middleware\\SubstituteBindings.php(50): Illuminate\\Pipeline\\Pipeline->Illuminate\\Pipeline\\{closure}(Object(Illuminate\\Http\\Request))
#18 C:\\xampp\\htdocs\\evolucion2024\\vendor\\laravel\\framework\\src\\Illuminate\\Pipeline\\Pipeline.php(180): Illuminate\\Routing\\Middleware\\SubstituteBindings->handle(Object(Illuminate\\Http\\Request), Object(Closure))
#19 C:\\xampp\\htdocs\\evolucion2024\\vendor\\laravel\\framework\\src\\Illuminate\\Auth\\Middleware\\Authenticate.php(44): Illuminate\\Pipeline\\Pipeline->Illuminate\\Pipeline\\{closure}(Object(Illuminate\\Http\\Request))
#20 C:\\xampp\\htdocs\\evolucion2024\\vendor\\laravel\\framework\\src\\Illuminate\\Pipeline\\Pipeline.php(180): Illuminate\\Auth\\Middleware\\Authenticate->handle(Object(Illuminate\\Http\\Request), Object(Closure))
#21 C:\\xampp\\htdocs\\evolucion2024\\vendor\\laravel\\framework\\src\\Illuminate\\Foundation\\Http\\Middleware\\VerifyCsrfToken.php(78): Illuminate\\Pipeline\\Pipeline->Illuminate\\Pipeline\\{closure}(Object(Illuminate\\Http\\Request))
#22 C:\\xampp\\htdocs\\evolucion2024\\vendor\\laravel\\framework\\src\\Illuminate\\Pipeline\\Pipeline.php(180): Illuminate\\Foundation\\Http\\Middleware\\VerifyCsrfToken->handle(Object(Illuminate\\Http\\Request), Object(Closure))
#23 C:\\xampp\\htdocs\\evolucion2024\\vendor\\laravel\\framework\\src\\Illuminate\\View\\Middleware\\ShareErrorsFromSession.php(49): Illuminate\\Pipeline\\Pipeline->Illuminate\\Pipeline\\{closure}(Object(Illuminate\\Http\\Request))
#24 C:\\xampp\\htdocs\\evolucion2024\\vendor\\laravel\\framework\\src\\Illuminate\\Pipeline\\Pipeline.php(180): Illuminate\\View\\Middleware\\ShareErrorsFromSession->handle(Object(Illuminate\\Http\\Request), Object(Closure))
#25 C:\\xampp\\htdocs\\evolucion2024\\vendor\\laravel\\framework\\src\\Illuminate\\Session\\Middleware\\StartSession.php(121): Illuminate\\Pipeline\\Pipeline->Illuminate\\Pipeline\\{closure}(Object(Illuminate\\Http\\Request))
#26 C:\\xampp\\htdocs\\evolucion2024\\vendor\\laravel\\framework\\src\\Illuminate\\Session\\Middleware\\StartSession.php(64): Illuminate\\Session\\Middleware\\StartSession->handleStatefulRequest(Object(Illuminate\\Http\\Request), Object(Illuminate\\Session\\Store), Object(Closure))
#27 C:\\xampp\\htdocs\\evolucion2024\\vendor\\laravel\\framework\\src\\Illuminate\\Pipeline\\Pipeline.php(180): Illuminate\\Session\\Middleware\\StartSession->handle(Object(Illuminate\\Http\\Request), Object(Closure))
#28 C:\\xampp\\htdocs\\evolucion2024\\vendor\\laravel\\framework\\src\\Illuminate\\Cookie\\Middleware\\AddQueuedCookiesToResponse.php(37): Illuminate\\Pipeline\\Pipeline->Illuminate\\Pipeline\\{closure}(Object(Illuminate\\Http\\Request))
#29 C:\\xampp\\htdocs\\evolucion2024\\vendor\\laravel\\framework\\src\\Illuminate\\Pipeline\\Pipeline.php(180): Illuminate\\Cookie\\Middleware\\AddQueuedCookiesToResponse->handle(Object(Illuminate\\Http\\Request), Object(Closure))
#30 C:\\xampp\\htdocs\\evolucion2024\\vendor\\laravel\\framework\\src\\Illuminate\\Cookie\\Middleware\\EncryptCookies.php(67): Illuminate\\Pipeline\\Pipeline->Illuminate\\Pipeline\\{closure}(Object(Illuminate\\Http\\Request))
#31 C:\\xampp\\htdocs\\evolucion2024\\vendor\\laravel\\framework\\src\\Illuminate\\Pipeline\\Pipeline.php(180): Illuminate\\Cookie\\Middleware\\EncryptCookies->handle(Object(Illuminate\\Http\\Request), Object(Closure))
#32 C:\\xampp\\htdocs\\evolucion2024\\vendor\\laravel\\framework\\src\\Illuminate\\Pipeline\\Pipeline.php(116): Illuminate\\Pipeline\\Pipeline->Illuminate\\Pipeline\\{closure}(Object(Illuminate\\Http\\Request))
#33 C:\\xampp\\htdocs\\evolucion2024\\vendor\\laravel\\framework\\src\\Illuminate\\Routing\\Router.php(799): Illuminate\\Pipeline\\Pipeline->then(Object(Closure))
#34 C:\\xampp\\htdocs\\evolucion2024\\vendor\\laravel\\framework\\src\\Illuminate\\Routing\\Router.php(776): Illuminate\\Routing\\Router->runRouteWithinStack(Object(Illuminate\\Routing\\Route), Object(Illuminate\\Http\\Request))
#35 C:\\xampp\\htdocs\\evolucion2024\\vendor\\laravel\\framework\\src\\Illuminate\\Routing\\Router.php(740): Illuminate\\Routing\\Router->runRoute(Object(Illuminate\\Http\\Request), Object(Illuminate\\Routing\\Route))
#36 C:\\xampp\\htdocs\\evolucion2024\\vendor\\laravel\\framework\\src\\Illuminate\\Routing\\Router.php(729): Illuminate\\Routing\\Router->dispatchToRoute(Object(Illuminate\\Http\\Request))
#37 C:\\xampp\\htdocs\\evolucion2024\\vendor\\laravel\\framework\\src\\Illuminate\\Foundation\\Http\\Kernel.php(190): Illuminate\\Routing\\Router->dispatch(Object(Illuminate\\Http\\Request))
#38 C:\\xampp\\htdocs\\evolucion2024\\vendor\\laravel\\framework\\src\\Illuminate\\Pipeline\\Pipeline.php(141): Illuminate\\Foundation\\Http\\Kernel->Illuminate\\Foundation\\Http\\{closure}(Object(Illuminate\\Http\\Request))
#39 C:\\xampp\\htdocs\\evolucion2024\\vendor\\laravel\\framework\\src\\Illuminate\\Http\\Middleware\\TrustProxies.php(39): Illuminate\\Pipeline\\Pipeline->Illuminate\\Pipeline\\{closure}(Object(Illuminate\\Http\\Request))
#40 C:\\xampp\\htdocs\\evolucion2024\\vendor\\laravel\\framework\\src\\Illuminate\\Pipeline\\Pipeline.php(180): Illuminate\\Http\\Middleware\\TrustProxies->handle(Object(Illuminate\\Http\\Request), Object(Closure))
#41 C:\\xampp\\htdocs\\evolucion2024\\vendor\\laravel\\framework\\src\\Illuminate\\Foundation\\Http\\Middleware\\TransformsRequest.php(21): Illuminate\\Pipeline\\Pipeline->Illuminate\\Pipeline\\{closure}(Object(Illuminate\\Http\\Request))
#42 C:\\xampp\\htdocs\\evolucion2024\\vendor\\laravel\\framework\\src\\Illuminate\\Foundation\\Http\\Middleware\\ConvertEmptyStringsToNull.php(31): Illuminate\\Foundation\\Http\\Middleware\\TransformsRequest->handle(Object(Illuminate\\Http\\Request), Object(Closure))
#43 C:\\xampp\\htdocs\\evolucion2024\\vendor\\laravel\\framework\\src\\Illuminate\\Pipeline\\Pipeline.php(180): Illuminate\\Foundation\\Http\\Middleware\\ConvertEmptyStringsToNull->handle(Object(Illuminate\\Http\\Request), Object(Closure))
#44 C:\\xampp\\htdocs\\evolucion2024\\vendor\\laravel\\framework\\src\\Illuminate\\Foundation\\Http\\Middleware\\TransformsRequest.php(21): Illuminate\\Pipeline\\Pipeline->Illuminate\\Pipeline\\{closure}(Object(Illuminate\\Http\\Request))
#45 C:\\xampp\\htdocs\\evolucion2024\\vendor\\laravel\\framework\\src\\Illuminate\\Foundation\\Http\\Middleware\\TrimStrings.php(40): Illuminate\\Foundation\\Http\\Middleware\\TransformsRequest->handle(Object(Illuminate\\Http\\Request), Object(Closure))
#46 C:\\xampp\\htdocs\\evolucion2024\\vendor\\laravel\\framework\\src\\Illuminate\\Pipeline\\Pipeline.php(180): Illuminate\\Foundation\\Http\\Middleware\\TrimStrings->handle(Object(Illuminate\\Http\\Request), Object(Closure))
#47 C:\\xampp\\htdocs\\evolucion2024\\vendor\\laravel\\framework\\src\\Illuminate\\Foundation\\Http\\Middleware\\ValidatePostSize.php(27): Illuminate\\Pipeline\\Pipeline->Illuminate\\Pipeline\\{closure}(Object(Illuminate\\Http\\Request))
#48 C:\\xampp\\htdocs\\evolucion2024\\vendor\\laravel\\framework\\src\\Illuminate\\Pipeline\\Pipeline.php(180): Illuminate\\Foundation\\Http\\Middleware\\ValidatePostSize->handle(Object(Illuminate\\Http\\Request), Object(Closure))
#49 C:\\xampp\\htdocs\\evolucion2024\\vendor\\laravel\\framework\\src\\Illuminate\\Foundation\\Http\\Middleware\\PreventRequestsDuringMaintenance.php(86): Illuminate\\Pipeline\\Pipeline->Illuminate\\Pipeline\\{closure}(Object(Illuminate\\Http\\Request))
#50 C:\\xampp\\htdocs\\evolucion2024\\vendor\\laravel\\framework\\src\\Illuminate\\Pipeline\\Pipeline.php(180): Illuminate\\Foundation\\Http\\Middleware\\PreventRequestsDuringMaintenance->handle(Object(Illuminate\\Http\\Request), Object(Closure))
#51 C:\\xampp\\htdocs\\evolucion2024\\vendor\\laravel\\framework\\src\\Illuminate\\Pipeline\\Pipeline.php(116): Illuminate\\Pipeline\\Pipeline->Illuminate\\Pipeline\\{closure}(Object(Illuminate\\Http\\Request))
#52 C:\\xampp\\htdocs\\evolucion2024\\vendor\\laravel\\framework\\src\\Illuminate\\Foundation\\Http\\Kernel.php(165): Illuminate\\Pipeline\\Pipeline->then(Object(Closure))
#53 C:\\xampp\\htdocs\\evolucion2024\\vendor\\laravel\\framework\\src\\Illuminate\\Foundation\\Http\\Kernel.php(134): Illuminate\\Foundation\\Http\\Kernel->sendRequestThroughRouter(Object(Illuminate\\Http\\Request))
#54 C:\\xampp\\htdocs\\evolucion2024\\public\\index.php(55): Illuminate\\Foundation\\Http\\Kernel->handle(Object(Illuminate\\Http\\Request))
#55 C:\\xampp\\htdocs\\evolucion2024\\server.php(21): require_once('C:\\\\xampp\\\\htdocs...')
#56 {main}
"} 
[2025-02-12 17:03:29] production.ERROR: syntax error, unexpected token "endif", expecting end of file {"view":{"view":"C:\\xampp\\htdocs\\evolucion2024\\resources\\views\\player\\capitulos.blade.php","data":{"errors":"<pre class=sf-dump id=sf-dump-1073177199 data-indent-pad=\"  \"><span class=sf-dump-note>Illuminate\\Support\\ViewErrorBag</span> {<a class=sf-dump-ref>#1620</a><samp data-depth=1 class=sf-dump-expanded>
  #<span class=sf-dump-protected title=\"Protected property\">bags</span>: []
</samp>}
</pre><script>Sfdump(\"sf-dump-1073177199\", {\"maxDepth\":3,\"maxStringLength\":160})</script>
","capitulos":"<pre class=sf-dump id=sf-dump-1997915910 data-indent-pad=\"  \"><span class=sf-dump-note>App\\PosUsuModel\\CapituloModel</span> {<a class=sf-dump-ref>#1691</a><samp data-depth=1 class=sf-dump-expanded>
  #<span class=sf-dump-protected title=\"Protected property\">connection</span>: \"<span class=sf-dump-str title=\"5 characters\">mysql</span>\"
  #<span class=sf-dump-protected title=\"Protected property\">table</span>: \"<span class=sf-dump-str title=\"8 characters\">chapters</span>\"
  #<span class=sf-dump-protected title=\"Protected property\">primaryKey</span>: \"<span class=sf-dump-str title=\"2 characters\">id</span>\"
  #<span class=sf-dump-protected title=\"Protected property\">keyType</span>: \"<span class=sf-dump-str title=\"3 characters\">int</span>\"
  +<span class=sf-dump-public title=\"Public property\">incrementing</span>: <span class=sf-dump-const>true</span>
  #<span class=sf-dump-protected title=\"Protected property\">with</span>: []
  #<span class=sf-dump-protected title=\"Protected property\">withCount</span>: []
  +<span class=sf-dump-public title=\"Public property\">preventsLazyLoading</span>: <span class=sf-dump-const>false</span>
  #<span class=sf-dump-protected title=\"Protected property\">perPage</span>: <span class=sf-dump-num>15</span>
  +<span class=sf-dump-public title=\"Public property\">exists</span>: <span class=sf-dump-const>true</span>
  +<span class=sf-dump-public title=\"Public property\">wasRecentlyCreated</span>: <span class=sf-dump-const>false</span>
  #<span class=sf-dump-protected title=\"Protected property\">escapeWhenCastingToString</span>: <span class=sf-dump-const>false</span>
  #<span class=sf-dump-protected title=\"Protected property\">attributes</span>: <span class=sf-dump-note>array:10</span> [<samp data-depth=2 class=sf-dump-compact>
    \"<span class=sf-dump-key>id</span>\" => <span class=sf-dump-num>2</span>
    \"<span class=sf-dump-key>name</span>\" => \"<span class=sf-dump-str title=\"10 characters\">Cap&#237;tulo 2</span>\"
    \"<span class=sf-dump-key>title</span>\" => \"<span class=sf-dump-str title=\"15 characters\">Auto Liderarnos</span>\"
    \"<span class=sf-dump-key>order</span>\" => <span class=sf-dump-num>2</span>
    \"<span class=sf-dump-key>videoIntro</span>\" => \"<span class=sf-dump-str title=\"14 characters\">Capitulo_1.mp4</span>\"
    \"<span class=sf-dump-key>imgintro</span>\" => \"<span class=sf-dump-str title=\"25 characters\">dist/img/chapter02_bg.jpg</span>\"
    \"<span class=sf-dump-key>description</span>\" => \"<span class=sf-dump-str title=\"122 characters\">La nave no debe estar m&#225;s tiempo en el espacio exterior, debemos aprender a influenciar sobre lo que sucede en el espacio.</span>\"
    \"<span class=sf-dump-key>time</span>\" => <span class=sf-dump-num>15</span>
    \"<span class=sf-dump-key>created_at</span>\" => \"<span class=sf-dump-str title=\"19 characters\">2020-05-05 09:27:34</span>\"
    \"<span class=sf-dump-key>updated_at</span>\" => \"<span class=sf-dump-str title=\"19 characters\">2023-07-11 10:22:56</span>\"
  </samp>]
  #<span class=sf-dump-protected title=\"Protected property\">original</span>: <span class=sf-dump-note>array:10</span> [<samp data-depth=2 class=sf-dump-compact>
    \"<span class=sf-dump-key>id</span>\" => <span class=sf-dump-num>2</span>
    \"<span class=sf-dump-key>name</span>\" => \"<span class=sf-dump-str title=\"10 characters\">Cap&#237;tulo 2</span>\"
    \"<span class=sf-dump-key>title</span>\" => \"<span class=sf-dump-str title=\"15 characters\">Auto Liderarnos</span>\"
    \"<span class=sf-dump-key>order</span>\" => <span class=sf-dump-num>2</span>
    \"<span class=sf-dump-key>videoIntro</span>\" => \"<span class=sf-dump-str title=\"14 characters\">Capitulo_1.mp4</span>\"
    \"<span class=sf-dump-key>imgintro</span>\" => \"<span class=sf-dump-str title=\"25 characters\">dist/img/chapter02_bg.jpg</span>\"
    \"<span class=sf-dump-key>description</span>\" => \"<span class=sf-dump-str title=\"122 characters\">La nave no debe estar m&#225;s tiempo en el espacio exterior, debemos aprender a influenciar sobre lo que sucede en el espacio.</span>\"
    \"<span class=sf-dump-key>time</span>\" => <span class=sf-dump-num>15</span>
    \"<span class=sf-dump-key>created_at</span>\" => \"<span class=sf-dump-str title=\"19 characters\">2020-05-05 09:27:34</span>\"
    \"<span class=sf-dump-key>updated_at</span>\" => \"<span class=sf-dump-str title=\"19 characters\">2023-07-11 10:22:56</span>\"
  </samp>]
  #<span class=sf-dump-protected title=\"Protected property\">changes</span>: []
  #<span class=sf-dump-protected title=\"Protected property\">casts</span>: []
  #<span class=sf-dump-protected title=\"Protected property\">classCastCache</span>: []
  #<span class=sf-dump-protected title=\"Protected property\">attributeCastCache</span>: []
  #<span class=sf-dump-protected title=\"Protected property\">dates</span>: []
  #<span class=sf-dump-protected title=\"Protected property\">dateFormat</span>: <span class=sf-dump-const>null</span>
  #<span class=sf-dump-protected title=\"Protected property\">appends</span>: []
  #<span class=sf-dump-protected title=\"Protected property\">dispatchesEvents</span>: []
  #<span class=sf-dump-protected title=\"Protected property\">observables</span>: []
  #<span class=sf-dump-protected title=\"Protected property\">relations</span>: []
  #<span class=sf-dump-protected title=\"Protected property\">touches</span>: []
  +<span class=sf-dump-public title=\"Public property\">timestamps</span>: <span class=sf-dump-const>true</span>
  #<span class=sf-dump-protected title=\"Protected property\">hidden</span>: []
  #<span class=sf-dump-protected title=\"Protected property\">visible</span>: []
  #<span class=sf-dump-protected title=\"Protected property\">fillable</span>: []
  #<span class=sf-dump-protected title=\"Protected property\">guarded</span>: <span class=sf-dump-note>array:1</span> [<samp data-depth=2 class=sf-dump-compact>
    <span class=sf-dump-index>0</span> => \"<span class=sf-dump-str>*</span>\"
  </samp>]
  #<span class=sf-dump-protected title=\"Protected property\">primarykey</span>: \"<span class=sf-dump-str title=\"2 characters\">id</span>\"
</samp>}
</pre><script>Sfdump(\"sf-dump-1997915910\", {\"maxDepth\":3,\"maxStringLength\":160})</script>
","mensaje":"<pre class=sf-dump id=sf-dump-314514060 data-indent-pad=\"  \"><span class=sf-dump-num>1</span>
</pre><script>Sfdump(\"sf-dump-314514060\", {\"maxDepth\":3,\"maxStringLength\":160})</script>
","retp":"<pre class=sf-dump id=sf-dump-268297599 data-indent-pad=\"  \"><span class=sf-dump-const>null</span>
</pre><script>Sfdump(\"sf-dump-268297599\", {\"maxDepth\":3,\"maxStringLength\":160})</script>
","tareacap":"<pre class=sf-dump id=sf-dump-1551015686 data-indent-pad=\"  \"><span class=sf-dump-note>Illuminate\\Support\\Collection</span> {<a class=sf-dump-ref>#1688</a><samp data-depth=1 class=sf-dump-expanded>
  #<span class=sf-dump-protected title=\"Protected property\">items</span>: <span class=sf-dump-note>array:11</span> [<samp data-depth=2 class=sf-dump-compact>
    <span class=sf-dump-index>0</span> => {<a class=sf-dump-ref>#1693</a><samp data-depth=3 class=sf-dump-compact>
      +\"<span class=sf-dump-public title=\"Runtime added dynamic property\">cap</span>\": <span class=sf-dump-num>2</span>
      +\"<span class=sf-dump-public title=\"Runtime added dynamic property\">idt</span>\": <span class=sf-dump-num>10</span>
      +\"<span class=sf-dump-public title=\"Runtime added dynamic property\">name</span>\": \"<span class=sf-dump-str title=\"44 characters\">1.1.1  &#191;Porqu&#233; es importante auto liderazgo?</span>\"
    </samp>}
    <span class=sf-dump-index>1</span> => {<a class=sf-dump-ref>#1696</a><samp data-depth=3 class=sf-dump-compact>
      +\"<span class=sf-dump-public title=\"Runtime added dynamic property\">cap</span>\": <span class=sf-dump-num>2</span>
      +\"<span class=sf-dump-public title=\"Runtime added dynamic property\">idt</span>\": <span class=sf-dump-num>12</span>
      +\"<span class=sf-dump-public title=\"Runtime added dynamic property\">name</span>\": \"<span class=sf-dump-str title=\"26 characters\">1.1.2 Preg&#250;ntale a alguien</span>\"
    </samp>}
    <span class=sf-dump-index>2</span> => {<a class=sf-dump-ref>#1697</a><samp data-depth=3 class=sf-dump-compact>
      +\"<span class=sf-dump-public title=\"Runtime added dynamic property\">cap</span>\": <span class=sf-dump-num>2</span>
      +\"<span class=sf-dump-public title=\"Runtime added dynamic property\">idt</span>\": <span class=sf-dump-num>13</span>
      +\"<span class=sf-dump-public title=\"Runtime added dynamic property\">name</span>\": \"<span class=sf-dump-str title=\"26 characters\">1.2.1 Proactivo o Reactivo</span>\"
    </samp>}
    <span class=sf-dump-index>3</span> => {<a class=sf-dump-ref>#1698</a><samp data-depth=3 class=sf-dump-compact>
      +\"<span class=sf-dump-public title=\"Runtime added dynamic property\">cap</span>\": <span class=sf-dump-num>2</span>
      +\"<span class=sf-dump-public title=\"Runtime added dynamic property\">idt</span>\": <span class=sf-dump-num>14</span>
      +\"<span class=sf-dump-public title=\"Runtime added dynamic property\">name</span>\": \"<span class=sf-dump-str title=\"21 characters\">1.2.2 Reto - C&#237;rculos</span>\"
    </samp>}
    <span class=sf-dump-index>4</span> => {<a class=sf-dump-ref>#1701</a><samp data-depth=3 class=sf-dump-compact>
      +\"<span class=sf-dump-public title=\"Runtime added dynamic property\">cap</span>\": <span class=sf-dump-num>2</span>
      +\"<span class=sf-dump-public title=\"Runtime added dynamic property\">idt</span>\": <span class=sf-dump-num>15</span>
      +\"<span class=sf-dump-public title=\"Runtime added dynamic property\">name</span>\": \"<span class=sf-dump-str title=\"34 characters\">1.2.3 Ampliando circulo influencia</span>\"
    </samp>}
    <span class=sf-dump-index>5</span> => {<a class=sf-dump-ref>#1699</a><samp data-depth=3 class=sf-dump-compact>
      +\"<span class=sf-dump-public title=\"Runtime added dynamic property\">cap</span>\": <span class=sf-dump-num>2</span>
      +\"<span class=sf-dump-public title=\"Runtime added dynamic property\">idt</span>\": <span class=sf-dump-num>16</span>
      +\"<span class=sf-dump-public title=\"Runtime added dynamic property\">name</span>\": \"<span class=sf-dump-str title=\"42 characters\">1.2.4 Reto - Cambiar los tener por los Ser</span>\"
    </samp>}
    <span class=sf-dump-index>6</span> => {<a class=sf-dump-ref>#1700</a><samp data-depth=3 class=sf-dump-compact>
      +\"<span class=sf-dump-public title=\"Runtime added dynamic property\">cap</span>\": <span class=sf-dump-num>2</span>
      +\"<span class=sf-dump-public title=\"Runtime added dynamic property\">idt</span>\": <span class=sf-dump-num>17</span>
      +\"<span class=sf-dump-public title=\"Runtime added dynamic property\">name</span>\": \"<span class=sf-dump-str title=\"36 characters\">1.2.5 Autoconocimiento / Auto Estima</span>\"
    </samp>}
    <span class=sf-dump-index>7</span> => {<a class=sf-dump-ref>#1703</a><samp data-depth=3 class=sf-dump-compact>
      +\"<span class=sf-dump-public title=\"Runtime added dynamic property\">cap</span>\": <span class=sf-dump-num>2</span>
      +\"<span class=sf-dump-public title=\"Runtime added dynamic property\">idt</span>\": <span class=sf-dump-num>18</span>
      +\"<span class=sf-dump-public title=\"Runtime added dynamic property\">name</span>\": \"<span class=sf-dump-str title=\"42 characters\">1.2.6 Reto Auto Estima / Auto Conocimiento</span>\"
    </samp>}
    <span class=sf-dump-index>8</span> => {<a class=sf-dump-ref>#1704</a><samp data-depth=3 class=sf-dump-compact>
      +\"<span class=sf-dump-public title=\"Runtime added dynamic property\">cap</span>\": <span class=sf-dump-num>2</span>
      +\"<span class=sf-dump-public title=\"Runtime added dynamic property\">idt</span>\": <span class=sf-dump-num>19</span>
      +\"<span class=sf-dump-public title=\"Runtime added dynamic property\">name</span>\": \"<span class=sf-dump-str title=\"33 characters\">1.2.7 Autonomia / Auto motivaci&#243;n</span>\"
    </samp>}
    <span class=sf-dump-index>9</span> => {<a class=sf-dump-ref>#1702</a><samp data-depth=3 class=sf-dump-compact>
      +\"<span class=sf-dump-public title=\"Runtime added dynamic property\">cap</span>\": <span class=sf-dump-num>2</span>
      +\"<span class=sf-dump-public title=\"Runtime added dynamic property\">idt</span>\": <span class=sf-dump-num>20</span>
      +\"<span class=sf-dump-public title=\"Runtime added dynamic property\">name</span>\": \"<span class=sf-dump-str title=\"33 characters\">1.2.8 Reto Autonomia / Motivaci&#243;n</span>\"
    </samp>}
    <span class=sf-dump-index>10</span> => {<a class=sf-dump-ref>#1705</a><samp data-depth=3 class=sf-dump-compact>
      +\"<span class=sf-dump-public title=\"Runtime added dynamic property\">cap</span>\": <span class=sf-dump-num>2</span>
      +\"<span class=sf-dump-public title=\"Runtime added dynamic property\">idt</span>\": <span class=sf-dump-num>21</span>
      +\"<span class=sf-dump-public title=\"Runtime added dynamic property\">name</span>\": \"<span class=sf-dump-str title=\"32 characters\">1.3.1 &#191;C&#243;mo ponerlo en practica?</span>\"
    </samp>}
  </samp>]
  #<span class=sf-dump-protected title=\"Protected property\">escapeWhenCastingToString</span>: <span class=sf-dump-const>false</span>
</samp>}
</pre><script>Sfdump(\"sf-dump-1551015686\", {\"maxDepth\":3,\"maxStringLength\":160})</script>
","tareasusu":"<pre class=sf-dump id=sf-dump-2092180948 data-indent-pad=\"  \"><span class=sf-dump-note>Illuminate\\Support\\Collection</span> {<a class=sf-dump-ref>#1689</a><samp data-depth=1 class=sf-dump-expanded>
  #<span class=sf-dump-protected title=\"Protected property\">items</span>: <span class=sf-dump-note>array:2</span> [<samp data-depth=2 class=sf-dump-compact>
    <span class=sf-dump-index>0</span> => {<a class=sf-dump-ref>#1658</a><samp data-depth=3 class=sf-dump-compact>
      +\"<span class=sf-dump-public title=\"Runtime added dynamic property\">cap</span>\": <span class=sf-dump-num>2</span>
      +\"<span class=sf-dump-public title=\"Runtime added dynamic property\">ids</span>\": <span class=sf-dump-num>3</span>
      +\"<span class=sf-dump-public title=\"Runtime added dynamic property\">idt</span>\": <span class=sf-dump-num>10</span>
      +\"<span class=sf-dump-public title=\"Runtime added dynamic property\">name</span>\": \"<span class=sf-dump-str title=\"44 characters\">1.1.1  &#191;Porqu&#233; es importante auto liderazgo?</span>\"
    </samp>}
    <span class=sf-dump-index>1</span> => {<a class=sf-dump-ref>#1695</a><samp data-depth=3 class=sf-dump-compact>
      +\"<span class=sf-dump-public title=\"Runtime added dynamic property\">cap</span>\": <span class=sf-dump-num>2</span>
      +\"<span class=sf-dump-public title=\"Runtime added dynamic property\">ids</span>\": <span class=sf-dump-num>3</span>
      +\"<span class=sf-dump-public title=\"Runtime added dynamic property\">idt</span>\": <span class=sf-dump-num>12</span>
      +\"<span class=sf-dump-public title=\"Runtime added dynamic property\">name</span>\": \"<span class=sf-dump-str title=\"26 characters\">1.1.2 Preg&#250;ntale a alguien</span>\"
    </samp>}
  </samp>]
  #<span class=sf-dump-protected title=\"Protected property\">escapeWhenCastingToString</span>: <span class=sf-dump-const>false</span>
</samp>}
</pre><script>Sfdump(\"sf-dump-2092180948\", {\"maxDepth\":3,\"maxStringLength\":160})</script>
","tem":"<pre class=sf-dump id=sf-dump-86139583 data-indent-pad=\"  \"><span class=sf-dump-num>1</span>
</pre><script>Sfdump(\"sf-dump-86139583\", {\"maxDepth\":3,\"maxStringLength\":160})</script>
","cap":"<pre class=sf-dump id=sf-dump-86343518 data-indent-pad=\"  \">\"<span class=sf-dump-str>2</span>\"
</pre><script>Sfdump(\"sf-dump-86343518\", {\"maxDepth\":3,\"maxStringLength\":160})</script>
","tareasCompletadas":"<pre class=sf-dump id=sf-dump-2083757461 data-indent-pad=\"  \"><span class=sf-dump-note>array:2</span> [<samp data-depth=1 class=sf-dump-expanded>
  <span class=sf-dump-index>0</span> => <span class=sf-dump-num>10</span>
  <span class=sf-dump-index>1</span> => <span class=sf-dump-num>12</span>
</samp>]
</pre><script>Sfdump(\"sf-dump-2083757461\", {\"maxDepth\":3,\"maxStringLength\":160})</script>
"}},"userId":671,"exception":"[object] (Spatie\\LaravelIgnition\\Exceptions\\ViewException(code: 0): syntax error, unexpected token \"endif\", expecting end of file at C:\\xampp\\htdocs\\evolucion2024\\resources\\views\\player\\capitulos.blade.php:266)
[stacktrace]
#0 C:\\xampp\\htdocs\\evolucion2024\\vendor\\laravel\\framework\\src\\Illuminate\\Filesystem\\Filesystem.php(110): Illuminate\\Filesystem\\Filesystem::Illuminate\\Filesystem\\{closure}()
#1 C:\\xampp\\htdocs\\evolucion2024\\vendor\\laravel\\framework\\src\\Illuminate\\View\\Engines\\PhpEngine.php(58): Illuminate\\Filesystem\\Filesystem->getRequire('C:\\\\xampp\\\\htdocs...', Array)
#2 C:\\xampp\\htdocs\\evolucion2024\\vendor\\laravel\\framework\\src\\Illuminate\\View\\Engines\\CompilerEngine.php(70): Illuminate\\View\\Engines\\PhpEngine->evaluatePath('C:\\\\xampp\\\\htdocs...', Array)
#3 C:\\xampp\\htdocs\\evolucion2024\\vendor\\laravel\\framework\\src\\Illuminate\\View\\View.php(195): Illuminate\\View\\Engines\\CompilerEngine->get('C:\\\\xampp\\\\htdocs...', Array)
#4 C:\\xampp\\htdocs\\evolucion2024\\vendor\\laravel\\framework\\src\\Illuminate\\View\\View.php(178): Illuminate\\View\\View->getContents()
#5 C:\\xampp\\htdocs\\evolucion2024\\vendor\\laravel\\framework\\src\\Illuminate\\View\\View.php(147): Illuminate\\View\\View->renderContents()
#6 C:\\xampp\\htdocs\\evolucion2024\\vendor\\laravel\\framework\\src\\Illuminate\\Http\\Response.php(69): Illuminate\\View\\View->render()
#7 C:\\xampp\\htdocs\\evolucion2024\\vendor\\laravel\\framework\\src\\Illuminate\\Http\\Response.php(35): Illuminate\\Http\\Response->setContent(Object(Illuminate\\View\\View))
#8 C:\\xampp\\htdocs\\evolucion2024\\vendor\\laravel\\framework\\src\\Illuminate\\Routing\\Router.php(906): Illuminate\\Http\\Response->__construct(Object(Illuminate\\View\\View), 200, Array)
#9 C:\\xampp\\htdocs\\evolucion2024\\vendor\\laravel\\framework\\src\\Illuminate\\Routing\\Router.php(875): Illuminate\\Routing\\Router::toResponse(Object(Illuminate\\Http\\Request), Object(Illuminate\\View\\View))
#10 C:\\xampp\\htdocs\\evolucion2024\\vendor\\laravel\\framework\\src\\Illuminate\\Routing\\Router.php(798): Illuminate\\Routing\\Router->prepareResponse(Object(Illuminate\\Http\\Request), Object(Illuminate\\View\\View))
#11 C:\\xampp\\htdocs\\evolucion2024\\vendor\\laravel\\framework\\src\\Illuminate\\Pipeline\\Pipeline.php(141): Illuminate\\Routing\\Router->Illuminate\\Routing\\{closure}(Object(Illuminate\\Http\\Request))
#12 C:\\xampp\\htdocs\\evolucion2024\\app\\Http\\Middleware\\RedirectIfSessionExpired.php(25): Illuminate\\Pipeline\\Pipeline->Illuminate\\Pipeline\\{closure}(Object(Illuminate\\Http\\Request))
#13 C:\\xampp\\htdocs\\evolucion2024\\vendor\\laravel\\framework\\src\\Illuminate\\Pipeline\\Pipeline.php(180): App\\Http\\Middleware\\RedirectIfSessionExpired->handle(Object(Illuminate\\Http\\Request), Object(Closure))
#14 C:\\xampp\\htdocs\\evolucion2024\\vendor\\laravel\\framework\\src\\Illuminate\\Routing\\Middleware\\SubstituteBindings.php(50): Illuminate\\Pipeline\\Pipeline->Illuminate\\Pipeline\\{closure}(Object(Illuminate\\Http\\Request))
#15 C:\\xampp\\htdocs\\evolucion2024\\vendor\\laravel\\framework\\src\\Illuminate\\Pipeline\\Pipeline.php(180): Illuminate\\Routing\\Middleware\\SubstituteBindings->handle(Object(Illuminate\\Http\\Request), Object(Closure))
#16 C:\\xampp\\htdocs\\evolucion2024\\vendor\\laravel\\framework\\src\\Illuminate\\Foundation\\Http\\Middleware\\VerifyCsrfToken.php(78): Illuminate\\Pipeline\\Pipeline->Illuminate\\Pipeline\\{closure}(Object(Illuminate\\Http\\Request))
#17 C:\\xampp\\htdocs\\evolucion2024\\vendor\\laravel\\framework\\src\\Illuminate\\Pipeline\\Pipeline.php(180): Illuminate\\Foundation\\Http\\Middleware\\VerifyCsrfToken->handle(Object(Illuminate\\Http\\Request), Object(Closure))
#18 C:\\xampp\\htdocs\\evolucion2024\\vendor\\laravel\\framework\\src\\Illuminate\\View\\Middleware\\ShareErrorsFromSession.php(49): Illuminate\\Pipeline\\Pipeline->Illuminate\\Pipeline\\{closure}(Object(Illuminate\\Http\\Request))
#19 C:\\xampp\\htdocs\\evolucion2024\\vendor\\laravel\\framework\\src\\Illuminate\\Pipeline\\Pipeline.php(180): Illuminate\\View\\Middleware\\ShareErrorsFromSession->handle(Object(Illuminate\\Http\\Request), Object(Closure))
#20 C:\\xampp\\htdocs\\evolucion2024\\vendor\\laravel\\framework\\src\\Illuminate\\Session\\Middleware\\StartSession.php(121): Illuminate\\Pipeline\\Pipeline->Illuminate\\Pipeline\\{closure}(Object(Illuminate\\Http\\Request))
#21 C:\\xampp\\htdocs\\evolucion2024\\vendor\\laravel\\framework\\src\\Illuminate\\Session\\Middleware\\StartSession.php(64): Illuminate\\Session\\Middleware\\StartSession->handleStatefulRequest(Object(Illuminate\\Http\\Request), Object(Illuminate\\Session\\Store), Object(Closure))
#22 C:\\xampp\\htdocs\\evolucion2024\\vendor\\laravel\\framework\\src\\Illuminate\\Pipeline\\Pipeline.php(180): Illuminate\\Session\\Middleware\\StartSession->handle(Object(Illuminate\\Http\\Request), Object(Closure))
#23 C:\\xampp\\htdocs\\evolucion2024\\vendor\\laravel\\framework\\src\\Illuminate\\Cookie\\Middleware\\AddQueuedCookiesToResponse.php(37): Illuminate\\Pipeline\\Pipeline->Illuminate\\Pipeline\\{closure}(Object(Illuminate\\Http\\Request))
#24 C:\\xampp\\htdocs\\evolucion2024\\vendor\\laravel\\framework\\src\\Illuminate\\Pipeline\\Pipeline.php(180): Illuminate\\Cookie\\Middleware\\AddQueuedCookiesToResponse->handle(Object(Illuminate\\Http\\Request), Object(Closure))
#25 C:\\xampp\\htdocs\\evolucion2024\\vendor\\laravel\\framework\\src\\Illuminate\\Cookie\\Middleware\\EncryptCookies.php(67): Illuminate\\Pipeline\\Pipeline->Illuminate\\Pipeline\\{closure}(Object(Illuminate\\Http\\Request))
#26 C:\\xampp\\htdocs\\evolucion2024\\vendor\\laravel\\framework\\src\\Illuminate\\Pipeline\\Pipeline.php(180): Illuminate\\Cookie\\Middleware\\EncryptCookies->handle(Object(Illuminate\\Http\\Request), Object(Closure))
#27 C:\\xampp\\htdocs\\evolucion2024\\vendor\\laravel\\framework\\src\\Illuminate\\Pipeline\\Pipeline.php(116): Illuminate\\Pipeline\\Pipeline->Illuminate\\Pipeline\\{closure}(Object(Illuminate\\Http\\Request))
#28 C:\\xampp\\htdocs\\evolucion2024\\vendor\\laravel\\framework\\src\\Illuminate\\Routing\\Router.php(799): Illuminate\\Pipeline\\Pipeline->then(Object(Closure))
#29 C:\\xampp\\htdocs\\evolucion2024\\vendor\\laravel\\framework\\src\\Illuminate\\Routing\\Router.php(776): Illuminate\\Routing\\Router->runRouteWithinStack(Object(Illuminate\\Routing\\Route), Object(Illuminate\\Http\\Request))
#30 C:\\xampp\\htdocs\\evolucion2024\\vendor\\laravel\\framework\\src\\Illuminate\\Routing\\Router.php(740): Illuminate\\Routing\\Router->runRoute(Object(Illuminate\\Http\\Request), Object(Illuminate\\Routing\\Route))
#31 C:\\xampp\\htdocs\\evolucion2024\\vendor\\laravel\\framework\\src\\Illuminate\\Routing\\Router.php(729): Illuminate\\Routing\\Router->dispatchToRoute(Object(Illuminate\\Http\\Request))
#32 C:\\xampp\\htdocs\\evolucion2024\\vendor\\laravel\\framework\\src\\Illuminate\\Foundation\\Http\\Kernel.php(190): Illuminate\\Routing\\Router->dispatch(Object(Illuminate\\Http\\Request))
#33 C:\\xampp\\htdocs\\evolucion2024\\vendor\\laravel\\framework\\src\\Illuminate\\Pipeline\\Pipeline.php(141): Illuminate\\Foundation\\Http\\Kernel->Illuminate\\Foundation\\Http\\{closure}(Object(Illuminate\\Http\\Request))
#34 C:\\xampp\\htdocs\\evolucion2024\\vendor\\laravel\\framework\\src\\Illuminate\\Http\\Middleware\\TrustProxies.php(39): Illuminate\\Pipeline\\Pipeline->Illuminate\\Pipeline\\{closure}(Object(Illuminate\\Http\\Request))
#35 C:\\xampp\\htdocs\\evolucion2024\\vendor\\laravel\\framework\\src\\Illuminate\\Pipeline\\Pipeline.php(180): Illuminate\\Http\\Middleware\\TrustProxies->handle(Object(Illuminate\\Http\\Request), Object(Closure))
#36 C:\\xampp\\htdocs\\evolucion2024\\vendor\\laravel\\framework\\src\\Illuminate\\Foundation\\Http\\Middleware\\TransformsRequest.php(21): Illuminate\\Pipeline\\Pipeline->Illuminate\\Pipeline\\{closure}(Object(Illuminate\\Http\\Request))
#37 C:\\xampp\\htdocs\\evolucion2024\\vendor\\laravel\\framework\\src\\Illuminate\\Foundation\\Http\\Middleware\\ConvertEmptyStringsToNull.php(31): Illuminate\\Foundation\\Http\\Middleware\\TransformsRequest->handle(Object(Illuminate\\Http\\Request), Object(Closure))
#38 C:\\xampp\\htdocs\\evolucion2024\\vendor\\laravel\\framework\\src\\Illuminate\\Pipeline\\Pipeline.php(180): Illuminate\\Foundation\\Http\\Middleware\\ConvertEmptyStringsToNull->handle(Object(Illuminate\\Http\\Request), Object(Closure))
#39 C:\\xampp\\htdocs\\evolucion2024\\vendor\\laravel\\framework\\src\\Illuminate\\Foundation\\Http\\Middleware\\TransformsRequest.php(21): Illuminate\\Pipeline\\Pipeline->Illuminate\\Pipeline\\{closure}(Object(Illuminate\\Http\\Request))
#40 C:\\xampp\\htdocs\\evolucion2024\\vendor\\laravel\\framework\\src\\Illuminate\\Foundation\\Http\\Middleware\\TrimStrings.php(40): Illuminate\\Foundation\\Http\\Middleware\\TransformsRequest->handle(Object(Illuminate\\Http\\Request), Object(Closure))
#41 C:\\xampp\\htdocs\\evolucion2024\\vendor\\laravel\\framework\\src\\Illuminate\\Pipeline\\Pipeline.php(180): Illuminate\\Foundation\\Http\\Middleware\\TrimStrings->handle(Object(Illuminate\\Http\\Request), Object(Closure))
#42 C:\\xampp\\htdocs\\evolucion2024\\vendor\\laravel\\framework\\src\\Illuminate\\Foundation\\Http\\Middleware\\ValidatePostSize.php(27): Illuminate\\Pipeline\\Pipeline->Illuminate\\Pipeline\\{closure}(Object(Illuminate\\Http\\Request))
#43 C:\\xampp\\htdocs\\evolucion2024\\vendor\\laravel\\framework\\src\\Illuminate\\Pipeline\\Pipeline.php(180): Illuminate\\Foundation\\Http\\Middleware\\ValidatePostSize->handle(Object(Illuminate\\Http\\Request), Object(Closure))
#44 C:\\xampp\\htdocs\\evolucion2024\\vendor\\laravel\\framework\\src\\Illuminate\\Foundation\\Http\\Middleware\\PreventRequestsDuringMaintenance.php(86): Illuminate\\Pipeline\\Pipeline->Illuminate\\Pipeline\\{closure}(Object(Illuminate\\Http\\Request))
#45 C:\\xampp\\htdocs\\evolucion2024\\vendor\\laravel\\framework\\src\\Illuminate\\Pipeline\\Pipeline.php(180): Illuminate\\Foundation\\Http\\Middleware\\PreventRequestsDuringMaintenance->handle(Object(Illuminate\\Http\\Request), Object(Closure))
#46 C:\\xampp\\htdocs\\evolucion2024\\vendor\\laravel\\framework\\src\\Illuminate\\Pipeline\\Pipeline.php(116): Illuminate\\Pipeline\\Pipeline->Illuminate\\Pipeline\\{closure}(Object(Illuminate\\Http\\Request))
#47 C:\\xampp\\htdocs\\evolucion2024\\vendor\\laravel\\framework\\src\\Illuminate\\Foundation\\Http\\Kernel.php(165): Illuminate\\Pipeline\\Pipeline->then(Object(Closure))
#48 C:\\xampp\\htdocs\\evolucion2024\\vendor\\laravel\\framework\\src\\Illuminate\\Foundation\\Http\\Kernel.php(134): Illuminate\\Foundation\\Http\\Kernel->sendRequestThroughRouter(Object(Illuminate\\Http\\Request))
#49 C:\\xampp\\htdocs\\evolucion2024\\public\\index.php(55): Illuminate\\Foundation\\Http\\Kernel->handle(Object(Illuminate\\Http\\Request))
#50 C:\\xampp\\htdocs\\evolucion2024\\server.php(21): require_once('C:\\\\xampp\\\\htdocs...')
#51 {main}

[previous exception] [object] (ParseError(code: 0): syntax error, unexpected token \"endif\", expecting end of file at C:\\xampp\\htdocs\\evolucion2024\\storage\\framework\\views\\7b81b531a2b5422499a03d9c46ed57388093c5b1.php:189)
[stacktrace]
#0 C:\\xampp\\htdocs\\evolucion2024\\vendor\\laravel\\framework\\src\\Illuminate\\Filesystem\\Filesystem.php(110): Illuminate\\Filesystem\\Filesystem::Illuminate\\Filesystem\\{closure}()
#1 C:\\xampp\\htdocs\\evolucion2024\\vendor\\laravel\\framework\\src\\Illuminate\\View\\Engines\\PhpEngine.php(58): Illuminate\\Filesystem\\Filesystem->getRequire('C:\\\\xampp\\\\htdocs...', Array)
#2 C:\\xampp\\htdocs\\evolucion2024\\vendor\\laravel\\framework\\src\\Illuminate\\View\\Engines\\CompilerEngine.php(70): Illuminate\\View\\Engines\\PhpEngine->evaluatePath('C:\\\\xampp\\\\htdocs...', Array)
#3 C:\\xampp\\htdocs\\evolucion2024\\vendor\\laravel\\framework\\src\\Illuminate\\View\\View.php(195): Illuminate\\View\\Engines\\CompilerEngine->get('C:\\\\xampp\\\\htdocs...', Array)
#4 C:\\xampp\\htdocs\\evolucion2024\\vendor\\laravel\\framework\\src\\Illuminate\\View\\View.php(178): Illuminate\\View\\View->getContents()
#5 C:\\xampp\\htdocs\\evolucion2024\\vendor\\laravel\\framework\\src\\Illuminate\\View\\View.php(147): Illuminate\\View\\View->renderContents()
#6 C:\\xampp\\htdocs\\evolucion2024\\vendor\\laravel\\framework\\src\\Illuminate\\Http\\Response.php(69): Illuminate\\View\\View->render()
#7 C:\\xampp\\htdocs\\evolucion2024\\vendor\\laravel\\framework\\src\\Illuminate\\Http\\Response.php(35): Illuminate\\Http\\Response->setContent(Object(Illuminate\\View\\View))
#8 C:\\xampp\\htdocs\\evolucion2024\\vendor\\laravel\\framework\\src\\Illuminate\\Routing\\Router.php(906): Illuminate\\Http\\Response->__construct(Object(Illuminate\\View\\View), 200, Array)
#9 C:\\xampp\\htdocs\\evolucion2024\\vendor\\laravel\\framework\\src\\Illuminate\\Routing\\Router.php(875): Illuminate\\Routing\\Router::toResponse(Object(Illuminate\\Http\\Request), Object(Illuminate\\View\\View))
#10 C:\\xampp\\htdocs\\evolucion2024\\vendor\\laravel\\framework\\src\\Illuminate\\Routing\\Router.php(798): Illuminate\\Routing\\Router->prepareResponse(Object(Illuminate\\Http\\Request), Object(Illuminate\\View\\View))
#11 C:\\xampp\\htdocs\\evolucion2024\\vendor\\laravel\\framework\\src\\Illuminate\\Pipeline\\Pipeline.php(141): Illuminate\\Routing\\Router->Illuminate\\Routing\\{closure}(Object(Illuminate\\Http\\Request))
#12 C:\\xampp\\htdocs\\evolucion2024\\app\\Http\\Middleware\\RedirectIfSessionExpired.php(25): Illuminate\\Pipeline\\Pipeline->Illuminate\\Pipeline\\{closure}(Object(Illuminate\\Http\\Request))
#13 C:\\xampp\\htdocs\\evolucion2024\\vendor\\laravel\\framework\\src\\Illuminate\\Pipeline\\Pipeline.php(180): App\\Http\\Middleware\\RedirectIfSessionExpired->handle(Object(Illuminate\\Http\\Request), Object(Closure))
#14 C:\\xampp\\htdocs\\evolucion2024\\vendor\\laravel\\framework\\src\\Illuminate\\Routing\\Middleware\\SubstituteBindings.php(50): Illuminate\\Pipeline\\Pipeline->Illuminate\\Pipeline\\{closure}(Object(Illuminate\\Http\\Request))
#15 C:\\xampp\\htdocs\\evolucion2024\\vendor\\laravel\\framework\\src\\Illuminate\\Pipeline\\Pipeline.php(180): Illuminate\\Routing\\Middleware\\SubstituteBindings->handle(Object(Illuminate\\Http\\Request), Object(Closure))
#16 C:\\xampp\\htdocs\\evolucion2024\\vendor\\laravel\\framework\\src\\Illuminate\\Foundation\\Http\\Middleware\\VerifyCsrfToken.php(78): Illuminate\\Pipeline\\Pipeline->Illuminate\\Pipeline\\{closure}(Object(Illuminate\\Http\\Request))
#17 C:\\xampp\\htdocs\\evolucion2024\\vendor\\laravel\\framework\\src\\Illuminate\\Pipeline\\Pipeline.php(180): Illuminate\\Foundation\\Http\\Middleware\\VerifyCsrfToken->handle(Object(Illuminate\\Http\\Request), Object(Closure))
#18 C:\\xampp\\htdocs\\evolucion2024\\vendor\\laravel\\framework\\src\\Illuminate\\View\\Middleware\\ShareErrorsFromSession.php(49): Illuminate\\Pipeline\\Pipeline->Illuminate\\Pipeline\\{closure}(Object(Illuminate\\Http\\Request))
#19 C:\\xampp\\htdocs\\evolucion2024\\vendor\\laravel\\framework\\src\\Illuminate\\Pipeline\\Pipeline.php(180): Illuminate\\View\\Middleware\\ShareErrorsFromSession->handle(Object(Illuminate\\Http\\Request), Object(Closure))
#20 C:\\xampp\\htdocs\\evolucion2024\\vendor\\laravel\\framework\\src\\Illuminate\\Session\\Middleware\\StartSession.php(121): Illuminate\\Pipeline\\Pipeline->Illuminate\\Pipeline\\{closure}(Object(Illuminate\\Http\\Request))
#21 C:\\xampp\\htdocs\\evolucion2024\\vendor\\laravel\\framework\\src\\Illuminate\\Session\\Middleware\\StartSession.php(64): Illuminate\\Session\\Middleware\\StartSession->handleStatefulRequest(Object(Illuminate\\Http\\Request), Object(Illuminate\\Session\\Store), Object(Closure))
#22 C:\\xampp\\htdocs\\evolucion2024\\vendor\\laravel\\framework\\src\\Illuminate\\Pipeline\\Pipeline.php(180): Illuminate\\Session\\Middleware\\StartSession->handle(Object(Illuminate\\Http\\Request), Object(Closure))
#23 C:\\xampp\\htdocs\\evolucion2024\\vendor\\laravel\\framework\\src\\Illuminate\\Cookie\\Middleware\\AddQueuedCookiesToResponse.php(37): Illuminate\\Pipeline\\Pipeline->Illuminate\\Pipeline\\{closure}(Object(Illuminate\\Http\\Request))
#24 C:\\xampp\\htdocs\\evolucion2024\\vendor\\laravel\\framework\\src\\Illuminate\\Pipeline\\Pipeline.php(180): Illuminate\\Cookie\\Middleware\\AddQueuedCookiesToResponse->handle(Object(Illuminate\\Http\\Request), Object(Closure))
#25 C:\\xampp\\htdocs\\evolucion2024\\vendor\\laravel\\framework\\src\\Illuminate\\Cookie\\Middleware\\EncryptCookies.php(67): Illuminate\\Pipeline\\Pipeline->Illuminate\\Pipeline\\{closure}(Object(Illuminate\\Http\\Request))
#26 C:\\xampp\\htdocs\\evolucion2024\\vendor\\laravel\\framework\\src\\Illuminate\\Pipeline\\Pipeline.php(180): Illuminate\\Cookie\\Middleware\\EncryptCookies->handle(Object(Illuminate\\Http\\Request), Object(Closure))
#27 C:\\xampp\\htdocs\\evolucion2024\\vendor\\laravel\\framework\\src\\Illuminate\\Pipeline\\Pipeline.php(116): Illuminate\\Pipeline\\Pipeline->Illuminate\\Pipeline\\{closure}(Object(Illuminate\\Http\\Request))
#28 C:\\xampp\\htdocs\\evolucion2024\\vendor\\laravel\\framework\\src\\Illuminate\\Routing\\Router.php(799): Illuminate\\Pipeline\\Pipeline->then(Object(Closure))
#29 C:\\xampp\\htdocs\\evolucion2024\\vendor\\laravel\\framework\\src\\Illuminate\\Routing\\Router.php(776): Illuminate\\Routing\\Router->runRouteWithinStack(Object(Illuminate\\Routing\\Route), Object(Illuminate\\Http\\Request))
#30 C:\\xampp\\htdocs\\evolucion2024\\vendor\\laravel\\framework\\src\\Illuminate\\Routing\\Router.php(740): Illuminate\\Routing\\Router->runRoute(Object(Illuminate\\Http\\Request), Object(Illuminate\\Routing\\Route))
#31 C:\\xampp\\htdocs\\evolucion2024\\vendor\\laravel\\framework\\src\\Illuminate\\Routing\\Router.php(729): Illuminate\\Routing\\Router->dispatchToRoute(Object(Illuminate\\Http\\Request))
#32 C:\\xampp\\htdocs\\evolucion2024\\vendor\\laravel\\framework\\src\\Illuminate\\Foundation\\Http\\Kernel.php(190): Illuminate\\Routing\\Router->dispatch(Object(Illuminate\\Http\\Request))
#33 C:\\xampp\\htdocs\\evolucion2024\\vendor\\laravel\\framework\\src\\Illuminate\\Pipeline\\Pipeline.php(141): Illuminate\\Foundation\\Http\\Kernel->Illuminate\\Foundation\\Http\\{closure}(Object(Illuminate\\Http\\Request))
#34 C:\\xampp\\htdocs\\evolucion2024\\vendor\\laravel\\framework\\src\\Illuminate\\Http\\Middleware\\TrustProxies.php(39): Illuminate\\Pipeline\\Pipeline->Illuminate\\Pipeline\\{closure}(Object(Illuminate\\Http\\Request))
#35 C:\\xampp\\htdocs\\evolucion2024\\vendor\\laravel\\framework\\src\\Illuminate\\Pipeline\\Pipeline.php(180): Illuminate\\Http\\Middleware\\TrustProxies->handle(Object(Illuminate\\Http\\Request), Object(Closure))
#36 C:\\xampp\\htdocs\\evolucion2024\\vendor\\laravel\\framework\\src\\Illuminate\\Foundation\\Http\\Middleware\\TransformsRequest.php(21): Illuminate\\Pipeline\\Pipeline->Illuminate\\Pipeline\\{closure}(Object(Illuminate\\Http\\Request))
#37 C:\\xampp\\htdocs\\evolucion2024\\vendor\\laravel\\framework\\src\\Illuminate\\Foundation\\Http\\Middleware\\ConvertEmptyStringsToNull.php(31): Illuminate\\Foundation\\Http\\Middleware\\TransformsRequest->handle(Object(Illuminate\\Http\\Request), Object(Closure))
#38 C:\\xampp\\htdocs\\evolucion2024\\vendor\\laravel\\framework\\src\\Illuminate\\Pipeline\\Pipeline.php(180): Illuminate\\Foundation\\Http\\Middleware\\ConvertEmptyStringsToNull->handle(Object(Illuminate\\Http\\Request), Object(Closure))
#39 C:\\xampp\\htdocs\\evolucion2024\\vendor\\laravel\\framework\\src\\Illuminate\\Foundation\\Http\\Middleware\\TransformsRequest.php(21): Illuminate\\Pipeline\\Pipeline->Illuminate\\Pipeline\\{closure}(Object(Illuminate\\Http\\Request))
#40 C:\\xampp\\htdocs\\evolucion2024\\vendor\\laravel\\framework\\src\\Illuminate\\Foundation\\Http\\Middleware\\TrimStrings.php(40): Illuminate\\Foundation\\Http\\Middleware\\TransformsRequest->handle(Object(Illuminate\\Http\\Request), Object(Closure))
#41 C:\\xampp\\htdocs\\evolucion2024\\vendor\\laravel\\framework\\src\\Illuminate\\Pipeline\\Pipeline.php(180): Illuminate\\Foundation\\Http\\Middleware\\TrimStrings->handle(Object(Illuminate\\Http\\Request), Object(Closure))
#42 C:\\xampp\\htdocs\\evolucion2024\\vendor\\laravel\\framework\\src\\Illuminate\\Foundation\\Http\\Middleware\\ValidatePostSize.php(27): Illuminate\\Pipeline\\Pipeline->Illuminate\\Pipeline\\{closure}(Object(Illuminate\\Http\\Request))
#43 C:\\xampp\\htdocs\\evolucion2024\\vendor\\laravel\\framework\\src\\Illuminate\\Pipeline\\Pipeline.php(180): Illuminate\\Foundation\\Http\\Middleware\\ValidatePostSize->handle(Object(Illuminate\\Http\\Request), Object(Closure))
#44 C:\\xampp\\htdocs\\evolucion2024\\vendor\\laravel\\framework\\src\\Illuminate\\Foundation\\Http\\Middleware\\PreventRequestsDuringMaintenance.php(86): Illuminate\\Pipeline\\Pipeline->Illuminate\\Pipeline\\{closure}(Object(Illuminate\\Http\\Request))
#45 C:\\xampp\\htdocs\\evolucion2024\\vendor\\laravel\\framework\\src\\Illuminate\\Pipeline\\Pipeline.php(180): Illuminate\\Foundation\\Http\\Middleware\\PreventRequestsDuringMaintenance->handle(Object(Illuminate\\Http\\Request), Object(Closure))
#46 C:\\xampp\\htdocs\\evolucion2024\\vendor\\laravel\\framework\\src\\Illuminate\\Pipeline\\Pipeline.php(116): Illuminate\\Pipeline\\Pipeline->Illuminate\\Pipeline\\{closure}(Object(Illuminate\\Http\\Request))
#47 C:\\xampp\\htdocs\\evolucion2024\\vendor\\laravel\\framework\\src\\Illuminate\\Foundation\\Http\\Kernel.php(165): Illuminate\\Pipeline\\Pipeline->then(Object(Closure))
#48 C:\\xampp\\htdocs\\evolucion2024\\vendor\\laravel\\framework\\src\\Illuminate\\Foundation\\Http\\Kernel.php(134): Illuminate\\Foundation\\Http\\Kernel->sendRequestThroughRouter(Object(Illuminate\\Http\\Request))
#49 C:\\xampp\\htdocs\\evolucion2024\\public\\index.php(55): Illuminate\\Foundation\\Http\\Kernel->handle(Object(Illuminate\\Http\\Request))
#50 C:\\xampp\\htdocs\\evolucion2024\\server.php(21): require_once('C:\\\\xampp\\\\htdocs...')
#51 {main}
"} 
[2025-02-12 17:05:59] production.ERROR: Undefined variable $tareasCompletadas {"view":{"view":"C:\\xampp\\htdocs\\evolucion2024\\resources\\views\\player\\capitulos.blade.php","data":{"errors":"<pre class=sf-dump id=sf-dump-215289185 data-indent-pad=\"  \"><span class=sf-dump-note>Illuminate\\Support\\ViewErrorBag</span> {<a class=sf-dump-ref>#1550</a><samp data-depth=1 class=sf-dump-expanded>
  #<span class=sf-dump-protected title=\"Protected property\">bags</span>: []
</samp>}
</pre><script>Sfdump(\"sf-dump-215289185\", {\"maxDepth\":3,\"maxStringLength\":160})</script>
","retos":"<pre class=sf-dump id=sf-dump-194649015 data-indent-pad=\"  \"><span class=sf-dump-note>Illuminate\\Database\\Eloquent\\Collection</span> {<a class=sf-dump-ref>#1596</a><samp data-depth=1 class=sf-dump-expanded>
  #<span class=sf-dump-protected title=\"Protected property\">items</span>: <span class=sf-dump-note>array:8</span> [<samp data-depth=2 class=sf-dump-compact>
    <span class=sf-dump-index>0</span> => <span class=sf-dump-note title=\"App\\Challenge
\"><span class=\"sf-dump-ellipsis sf-dump-ellipsis-note\">App</span><span class=\"sf-dump-ellipsis sf-dump-ellipsis-note\">\\</span>Challenge</span> {<a class=sf-dump-ref>#1598</a><samp data-depth=3 class=sf-dump-compact>
      #<span class=sf-dump-protected title=\"Protected property\">connection</span>: \"<span class=sf-dump-str title=\"5 characters\">mysql</span>\"
      #<span class=sf-dump-protected title=\"Protected property\">table</span>: \"<span class=sf-dump-str title=\"10 characters\">challenges</span>\"
      #<span class=sf-dump-protected title=\"Protected property\">primaryKey</span>: \"<span class=sf-dump-str title=\"2 characters\">id</span>\"
      #<span class=sf-dump-protected title=\"Protected property\">keyType</span>: \"<span class=sf-dump-str title=\"3 characters\">int</span>\"
      +<span class=sf-dump-public title=\"Public property\">incrementing</span>: <span class=sf-dump-const>true</span>
      #<span class=sf-dump-protected title=\"Protected property\">with</span>: []
      #<span class=sf-dump-protected title=\"Protected property\">withCount</span>: []
      +<span class=sf-dump-public title=\"Public property\">preventsLazyLoading</span>: <span class=sf-dump-const>false</span>
      #<span class=sf-dump-protected title=\"Protected property\">perPage</span>: <span class=sf-dump-num>15</span>
      +<span class=sf-dump-public title=\"Public property\">exists</span>: <span class=sf-dump-const>true</span>
      +<span class=sf-dump-public title=\"Public property\">wasRecentlyCreated</span>: <span class=sf-dump-const>false</span>
      #<span class=sf-dump-protected title=\"Protected property\">escapeWhenCastingToString</span>: <span class=sf-dump-const>false</span>
      #<span class=sf-dump-protected title=\"Protected property\">attributes</span>: <span class=sf-dump-note>array:18</span> [ &#8230;18]
      #<span class=sf-dump-protected title=\"Protected property\">original</span>: <span class=sf-dump-note>array:18</span> [ &#8230;18]
      #<span class=sf-dump-protected title=\"Protected property\">changes</span>: []
      #<span class=sf-dump-protected title=\"Protected property\">casts</span>: []
      #<span class=sf-dump-protected title=\"Protected property\">classCastCache</span>: []
      #<span class=sf-dump-protected title=\"Protected property\">attributeCastCache</span>: []
      #<span class=sf-dump-protected title=\"Protected property\">dates</span>: []
      #<span class=sf-dump-protected title=\"Protected property\">dateFormat</span>: <span class=sf-dump-const>null</span>
      #<span class=sf-dump-protected title=\"Protected property\">appends</span>: []
      #<span class=sf-dump-protected title=\"Protected property\">dispatchesEvents</span>: []
      #<span class=sf-dump-protected title=\"Protected property\">observables</span>: []
      #<span class=sf-dump-protected title=\"Protected property\">relations</span>: []
      #<span class=sf-dump-protected title=\"Protected property\">touches</span>: []
      +<span class=sf-dump-public title=\"Public property\">timestamps</span>: <span class=sf-dump-const>true</span>
      #<span class=sf-dump-protected title=\"Protected property\">hidden</span>: []
      #<span class=sf-dump-protected title=\"Protected property\">visible</span>: []
      #<span class=sf-dump-protected title=\"Protected property\">fillable</span>: []
      #<span class=sf-dump-protected title=\"Protected property\">guarded</span>: <span class=sf-dump-note>array:1</span> [ &#8230;1]
    </samp>}
    <span class=sf-dump-index>1</span> => <span class=sf-dump-note title=\"App\\Challenge
\"><span class=\"sf-dump-ellipsis sf-dump-ellipsis-note\">App</span><span class=\"sf-dump-ellipsis sf-dump-ellipsis-note\">\\</span>Challenge</span> {<a class=sf-dump-ref>#1599</a><samp data-depth=3 class=sf-dump-compact>
      #<span class=sf-dump-protected title=\"Protected property\">connection</span>: \"<span class=sf-dump-str title=\"5 characters\">mysql</span>\"
      #<span class=sf-dump-protected title=\"Protected property\">table</span>: \"<span class=sf-dump-str title=\"10 characters\">challenges</span>\"
      #<span class=sf-dump-protected title=\"Protected property\">primaryKey</span>: \"<span class=sf-dump-str title=\"2 characters\">id</span>\"
      #<span class=sf-dump-protected title=\"Protected property\">keyType</span>: \"<span class=sf-dump-str title=\"3 characters\">int</span>\"
      +<span class=sf-dump-public title=\"Public property\">incrementing</span>: <span class=sf-dump-const>true</span>
      #<span class=sf-dump-protected title=\"Protected property\">with</span>: []
      #<span class=sf-dump-protected title=\"Protected property\">withCount</span>: []
      +<span class=sf-dump-public title=\"Public property\">preventsLazyLoading</span>: <span class=sf-dump-const>false</span>
      #<span class=sf-dump-protected title=\"Protected property\">perPage</span>: <span class=sf-dump-num>15</span>
      +<span class=sf-dump-public title=\"Public property\">exists</span>: <span class=sf-dump-const>true</span>
      +<span class=sf-dump-public title=\"Public property\">wasRecentlyCreated</span>: <span class=sf-dump-const>false</span>
      #<span class=sf-dump-protected title=\"Protected property\">escapeWhenCastingToString</span>: <span class=sf-dump-const>false</span>
      #<span class=sf-dump-protected title=\"Protected property\">attributes</span>: <span class=sf-dump-note>array:18</span> [ &#8230;18]
      #<span class=sf-dump-protected title=\"Protected property\">original</span>: <span class=sf-dump-note>array:18</span> [ &#8230;18]
      #<span class=sf-dump-protected title=\"Protected property\">changes</span>: []
      #<span class=sf-dump-protected title=\"Protected property\">casts</span>: []
      #<span class=sf-dump-protected title=\"Protected property\">classCastCache</span>: []
      #<span class=sf-dump-protected title=\"Protected property\">attributeCastCache</span>: []
      #<span class=sf-dump-protected title=\"Protected property\">dates</span>: []
      #<span class=sf-dump-protected title=\"Protected property\">dateFormat</span>: <span class=sf-dump-const>null</span>
      #<span class=sf-dump-protected title=\"Protected property\">appends</span>: []
      #<span class=sf-dump-protected title=\"Protected property\">dispatchesEvents</span>: []
      #<span class=sf-dump-protected title=\"Protected property\">observables</span>: []
      #<span class=sf-dump-protected title=\"Protected property\">relations</span>: []
      #<span class=sf-dump-protected title=\"Protected property\">touches</span>: []
      +<span class=sf-dump-public title=\"Public property\">timestamps</span>: <span class=sf-dump-const>true</span>
      #<span class=sf-dump-protected title=\"Protected property\">hidden</span>: []
      #<span class=sf-dump-protected title=\"Protected property\">visible</span>: []
      #<span class=sf-dump-protected title=\"Protected property\">fillable</span>: []
      #<span class=sf-dump-protected title=\"Protected property\">guarded</span>: <span class=sf-dump-note>array:1</span> [ &#8230;1]
    </samp>}
    <span class=sf-dump-index>2</span> => <span class=sf-dump-note title=\"App\\Challenge
\"><span class=\"sf-dump-ellipsis sf-dump-ellipsis-note\">App</span><span class=\"sf-dump-ellipsis sf-dump-ellipsis-note\">\\</span>Challenge</span> {<a class=sf-dump-ref>#1600</a><samp data-depth=3 class=sf-dump-compact>
      #<span class=sf-dump-protected title=\"Protected property\">connection</span>: \"<span class=sf-dump-str title=\"5 characters\">mysql</span>\"
      #<span class=sf-dump-protected title=\"Protected property\">table</span>: \"<span class=sf-dump-str title=\"10 characters\">challenges</span>\"
      #<span class=sf-dump-protected title=\"Protected property\">primaryKey</span>: \"<span class=sf-dump-str title=\"2 characters\">id</span>\"
      #<span class=sf-dump-protected title=\"Protected property\">keyType</span>: \"<span class=sf-dump-str title=\"3 characters\">int</span>\"
      +<span class=sf-dump-public title=\"Public property\">incrementing</span>: <span class=sf-dump-const>true</span>
      #<span class=sf-dump-protected title=\"Protected property\">with</span>: []
      #<span class=sf-dump-protected title=\"Protected property\">withCount</span>: []
      +<span class=sf-dump-public title=\"Public property\">preventsLazyLoading</span>: <span class=sf-dump-const>false</span>
      #<span class=sf-dump-protected title=\"Protected property\">perPage</span>: <span class=sf-dump-num>15</span>
      +<span class=sf-dump-public title=\"Public property\">exists</span>: <span class=sf-dump-const>true</span>
      +<span class=sf-dump-public title=\"Public property\">wasRecentlyCreated</span>: <span class=sf-dump-const>false</span>
      #<span class=sf-dump-protected title=\"Protected property\">escapeWhenCastingToString</span>: <span class=sf-dump-const>false</span>
      #<span class=sf-dump-protected title=\"Protected property\">attributes</span>: <span class=sf-dump-note>array:18</span> [ &#8230;18]
      #<span class=sf-dump-protected title=\"Protected property\">original</span>: <span class=sf-dump-note>array:18</span> [ &#8230;18]
      #<span class=sf-dump-protected title=\"Protected property\">changes</span>: []
      #<span class=sf-dump-protected title=\"Protected property\">casts</span>: []
      #<span class=sf-dump-protected title=\"Protected property\">classCastCache</span>: []
      #<span class=sf-dump-protected title=\"Protected property\">attributeCastCache</span>: []
      #<span class=sf-dump-protected title=\"Protected property\">dates</span>: []
      #<span class=sf-dump-protected title=\"Protected property\">dateFormat</span>: <span class=sf-dump-const>null</span>
      #<span class=sf-dump-protected title=\"Protected property\">appends</span>: []
      #<span class=sf-dump-protected title=\"Protected property\">dispatchesEvents</span>: []
      #<span class=sf-dump-protected title=\"Protected property\">observables</span>: []
      #<span class=sf-dump-protected title=\"Protected property\">relations</span>: []
      #<span class=sf-dump-protected title=\"Protected property\">touches</span>: []
      +<span class=sf-dump-public title=\"Public property\">timestamps</span>: <span class=sf-dump-const>true</span>
      #<span class=sf-dump-protected title=\"Protected property\">hidden</span>: []
      #<span class=sf-dump-protected title=\"Protected property\">visible</span>: []
      #<span class=sf-dump-protected title=\"Protected property\">fillable</span>: []
      #<span class=sf-dump-protected title=\"Protected property\">guarded</span>: <span class=sf-dump-note>array:1</span> [ &#8230;1]
    </samp>}
    <span class=sf-dump-index>3</span> => <span class=sf-dump-note title=\"App\\Challenge
\"><span class=\"sf-dump-ellipsis sf-dump-ellipsis-note\">App</span><span class=\"sf-dump-ellipsis sf-dump-ellipsis-note\">\\</span>Challenge</span> {<a class=sf-dump-ref>#1601</a><samp data-depth=3 class=sf-dump-compact>
      #<span class=sf-dump-protected title=\"Protected property\">connection</span>: \"<span class=sf-dump-str title=\"5 characters\">mysql</span>\"
      #<span class=sf-dump-protected title=\"Protected property\">table</span>: \"<span class=sf-dump-str title=\"10 characters\">challenges</span>\"
      #<span class=sf-dump-protected title=\"Protected property\">primaryKey</span>: \"<span class=sf-dump-str title=\"2 characters\">id</span>\"
      #<span class=sf-dump-protected title=\"Protected property\">keyType</span>: \"<span class=sf-dump-str title=\"3 characters\">int</span>\"
      +<span class=sf-dump-public title=\"Public property\">incrementing</span>: <span class=sf-dump-const>true</span>
      #<span class=sf-dump-protected title=\"Protected property\">with</span>: []
      #<span class=sf-dump-protected title=\"Protected property\">withCount</span>: []
      +<span class=sf-dump-public title=\"Public property\">preventsLazyLoading</span>: <span class=sf-dump-const>false</span>
      #<span class=sf-dump-protected title=\"Protected property\">perPage</span>: <span class=sf-dump-num>15</span>
      +<span class=sf-dump-public title=\"Public property\">exists</span>: <span class=sf-dump-const>true</span>
      +<span class=sf-dump-public title=\"Public property\">wasRecentlyCreated</span>: <span class=sf-dump-const>false</span>
      #<span class=sf-dump-protected title=\"Protected property\">escapeWhenCastingToString</span>: <span class=sf-dump-const>false</span>
      #<span class=sf-dump-protected title=\"Protected property\">attributes</span>: <span class=sf-dump-note>array:18</span> [ &#8230;18]
      #<span class=sf-dump-protected title=\"Protected property\">original</span>: <span class=sf-dump-note>array:18</span> [ &#8230;18]
      #<span class=sf-dump-protected title=\"Protected property\">changes</span>: []
      #<span class=sf-dump-protected title=\"Protected property\">casts</span>: []
      #<span class=sf-dump-protected title=\"Protected property\">classCastCache</span>: []
      #<span class=sf-dump-protected title=\"Protected property\">attributeCastCache</span>: []
      #<span class=sf-dump-protected title=\"Protected property\">dates</span>: []
      #<span class=sf-dump-protected title=\"Protected property\">dateFormat</span>: <span class=sf-dump-const>null</span>
      #<span class=sf-dump-protected title=\"Protected property\">appends</span>: []
      #<span class=sf-dump-protected title=\"Protected property\">dispatchesEvents</span>: []
      #<span class=sf-dump-protected title=\"Protected property\">observables</span>: []
      #<span class=sf-dump-protected title=\"Protected property\">relations</span>: []
      #<span class=sf-dump-protected title=\"Protected property\">touches</span>: []
      +<span class=sf-dump-public title=\"Public property\">timestamps</span>: <span class=sf-dump-const>true</span>
      #<span class=sf-dump-protected title=\"Protected property\">hidden</span>: []
      #<span class=sf-dump-protected title=\"Protected property\">visible</span>: []
      #<span class=sf-dump-protected title=\"Protected property\">fillable</span>: []
      #<span class=sf-dump-protected title=\"Protected property\">guarded</span>: <span class=sf-dump-note>array:1</span> [ &#8230;1]
    </samp>}
    <span class=sf-dump-index>4</span> => <span class=sf-dump-note title=\"App\\Challenge
\"><span class=\"sf-dump-ellipsis sf-dump-ellipsis-note\">App</span><span class=\"sf-dump-ellipsis sf-dump-ellipsis-note\">\\</span>Challenge</span> {<a class=sf-dump-ref>#1602</a><samp data-depth=3 class=sf-dump-compact>
      #<span class=sf-dump-protected title=\"Protected property\">connection</span>: \"<span class=sf-dump-str title=\"5 characters\">mysql</span>\"
      #<span class=sf-dump-protected title=\"Protected property\">table</span>: \"<span class=sf-dump-str title=\"10 characters\">challenges</span>\"
      #<span class=sf-dump-protected title=\"Protected property\">primaryKey</span>: \"<span class=sf-dump-str title=\"2 characters\">id</span>\"
      #<span class=sf-dump-protected title=\"Protected property\">keyType</span>: \"<span class=sf-dump-str title=\"3 characters\">int</span>\"
      +<span class=sf-dump-public title=\"Public property\">incrementing</span>: <span class=sf-dump-const>true</span>
      #<span class=sf-dump-protected title=\"Protected property\">with</span>: []
      #<span class=sf-dump-protected title=\"Protected property\">withCount</span>: []
      +<span class=sf-dump-public title=\"Public property\">preventsLazyLoading</span>: <span class=sf-dump-const>false</span>
      #<span class=sf-dump-protected title=\"Protected property\">perPage</span>: <span class=sf-dump-num>15</span>
      +<span class=sf-dump-public title=\"Public property\">exists</span>: <span class=sf-dump-const>true</span>
      +<span class=sf-dump-public title=\"Public property\">wasRecentlyCreated</span>: <span class=sf-dump-const>false</span>
      #<span class=sf-dump-protected title=\"Protected property\">escapeWhenCastingToString</span>: <span class=sf-dump-const>false</span>
      #<span class=sf-dump-protected title=\"Protected property\">attributes</span>: <span class=sf-dump-note>array:18</span> [ &#8230;18]
      #<span class=sf-dump-protected title=\"Protected property\">original</span>: <span class=sf-dump-note>array:18</span> [ &#8230;18]
      #<span class=sf-dump-protected title=\"Protected property\">changes</span>: []
      #<span class=sf-dump-protected title=\"Protected property\">casts</span>: []
      #<span class=sf-dump-protected title=\"Protected property\">classCastCache</span>: []
      #<span class=sf-dump-protected title=\"Protected property\">attributeCastCache</span>: []
      #<span class=sf-dump-protected title=\"Protected property\">dates</span>: []
      #<span class=sf-dump-protected title=\"Protected property\">dateFormat</span>: <span class=sf-dump-const>null</span>
      #<span class=sf-dump-protected title=\"Protected property\">appends</span>: []
      #<span class=sf-dump-protected title=\"Protected property\">dispatchesEvents</span>: []
      #<span class=sf-dump-protected title=\"Protected property\">observables</span>: []
      #<span class=sf-dump-protected title=\"Protected property\">relations</span>: []
      #<span class=sf-dump-protected title=\"Protected property\">touches</span>: []
      +<span class=sf-dump-public title=\"Public property\">timestamps</span>: <span class=sf-dump-const>true</span>
      #<span class=sf-dump-protected title=\"Protected property\">hidden</span>: []
      #<span class=sf-dump-protected title=\"Protected property\">visible</span>: []
      #<span class=sf-dump-protected title=\"Protected property\">fillable</span>: []
      #<span class=sf-dump-protected title=\"Protected property\">guarded</span>: <span class=sf-dump-note>array:1</span> [ &#8230;1]
    </samp>}
    <span class=sf-dump-index>5</span> => <span class=sf-dump-note title=\"App\\Challenge
\"><span class=\"sf-dump-ellipsis sf-dump-ellipsis-note\">App</span><span class=\"sf-dump-ellipsis sf-dump-ellipsis-note\">\\</span>Challenge</span> {<a class=sf-dump-ref>#1603</a><samp data-depth=3 class=sf-dump-compact>
      #<span class=sf-dump-protected title=\"Protected property\">connection</span>: \"<span class=sf-dump-str title=\"5 characters\">mysql</span>\"
      #<span class=sf-dump-protected title=\"Protected property\">table</span>: \"<span class=sf-dump-str title=\"10 characters\">challenges</span>\"
      #<span class=sf-dump-protected title=\"Protected property\">primaryKey</span>: \"<span class=sf-dump-str title=\"2 characters\">id</span>\"
      #<span class=sf-dump-protected title=\"Protected property\">keyType</span>: \"<span class=sf-dump-str title=\"3 characters\">int</span>\"
      +<span class=sf-dump-public title=\"Public property\">incrementing</span>: <span class=sf-dump-const>true</span>
      #<span class=sf-dump-protected title=\"Protected property\">with</span>: []
      #<span class=sf-dump-protected title=\"Protected property\">withCount</span>: []
      +<span class=sf-dump-public title=\"Public property\">preventsLazyLoading</span>: <span class=sf-dump-const>false</span>
      #<span class=sf-dump-protected title=\"Protected property\">perPage</span>: <span class=sf-dump-num>15</span>
      +<span class=sf-dump-public title=\"Public property\">exists</span>: <span class=sf-dump-const>true</span>
      +<span class=sf-dump-public title=\"Public property\">wasRecentlyCreated</span>: <span class=sf-dump-const>false</span>
      #<span class=sf-dump-protected title=\"Protected property\">escapeWhenCastingToString</span>: <span class=sf-dump-const>false</span>
      #<span class=sf-dump-protected title=\"Protected property\">attributes</span>: <span class=sf-dump-note>array:18</span> [ &#8230;18]
      #<span class=sf-dump-protected title=\"Protected property\">original</span>: <span class=sf-dump-note>array:18</span> [ &#8230;18]
      #<span class=sf-dump-protected title=\"Protected property\">changes</span>: []
      #<span class=sf-dump-protected title=\"Protected property\">casts</span>: []
      #<span class=sf-dump-protected title=\"Protected property\">classCastCache</span>: []
      #<span class=sf-dump-protected title=\"Protected property\">attributeCastCache</span>: []
      #<span class=sf-dump-protected title=\"Protected property\">dates</span>: []
      #<span class=sf-dump-protected title=\"Protected property\">dateFormat</span>: <span class=sf-dump-const>null</span>
      #<span class=sf-dump-protected title=\"Protected property\">appends</span>: []
      #<span class=sf-dump-protected title=\"Protected property\">dispatchesEvents</span>: []
      #<span class=sf-dump-protected title=\"Protected property\">observables</span>: []
      #<span class=sf-dump-protected title=\"Protected property\">relations</span>: []
      #<span class=sf-dump-protected title=\"Protected property\">touches</span>: []
      +<span class=sf-dump-public title=\"Public property\">timestamps</span>: <span class=sf-dump-const>true</span>
      #<span class=sf-dump-protected title=\"Protected property\">hidden</span>: []
      #<span class=sf-dump-protected title=\"Protected property\">visible</span>: []
      #<span class=sf-dump-protected title=\"Protected property\">fillable</span>: []
      #<span class=sf-dump-protected title=\"Protected property\">guarded</span>: <span class=sf-dump-note>array:1</span> [ &#8230;1]
    </samp>}
    <span class=sf-dump-index>6</span> => <span class=sf-dump-note title=\"App\\Challenge
\"><span class=\"sf-dump-ellipsis sf-dump-ellipsis-note\">App</span><span class=\"sf-dump-ellipsis sf-dump-ellipsis-note\">\\</span>Challenge</span> {<a class=sf-dump-ref>#1604</a><samp data-depth=3 class=sf-dump-compact>
      #<span class=sf-dump-protected title=\"Protected property\">connection</span>: \"<span class=sf-dump-str title=\"5 characters\">mysql</span>\"
      #<span class=sf-dump-protected title=\"Protected property\">table</span>: \"<span class=sf-dump-str title=\"10 characters\">challenges</span>\"
      #<span class=sf-dump-protected title=\"Protected property\">primaryKey</span>: \"<span class=sf-dump-str title=\"2 characters\">id</span>\"
      #<span class=sf-dump-protected title=\"Protected property\">keyType</span>: \"<span class=sf-dump-str title=\"3 characters\">int</span>\"
      +<span class=sf-dump-public title=\"Public property\">incrementing</span>: <span class=sf-dump-const>true</span>
      #<span class=sf-dump-protected title=\"Protected property\">with</span>: []
      #<span class=sf-dump-protected title=\"Protected property\">withCount</span>: []
      +<span class=sf-dump-public title=\"Public property\">preventsLazyLoading</span>: <span class=sf-dump-const>false</span>
      #<span class=sf-dump-protected title=\"Protected property\">perPage</span>: <span class=sf-dump-num>15</span>
      +<span class=sf-dump-public title=\"Public property\">exists</span>: <span class=sf-dump-const>true</span>
      +<span class=sf-dump-public title=\"Public property\">wasRecentlyCreated</span>: <span class=sf-dump-const>false</span>
      #<span class=sf-dump-protected title=\"Protected property\">escapeWhenCastingToString</span>: <span class=sf-dump-const>false</span>
      #<span class=sf-dump-protected title=\"Protected property\">attributes</span>: <span class=sf-dump-note>array:18</span> [ &#8230;18]
      #<span class=sf-dump-protected title=\"Protected property\">original</span>: <span class=sf-dump-note>array:18</span> [ &#8230;18]
      #<span class=sf-dump-protected title=\"Protected property\">changes</span>: []
      #<span class=sf-dump-protected title=\"Protected property\">casts</span>: []
      #<span class=sf-dump-protected title=\"Protected property\">classCastCache</span>: []
      #<span class=sf-dump-protected title=\"Protected property\">attributeCastCache</span>: []
      #<span class=sf-dump-protected title=\"Protected property\">dates</span>: []
      #<span class=sf-dump-protected title=\"Protected property\">dateFormat</span>: <span class=sf-dump-const>null</span>
      #<span class=sf-dump-protected title=\"Protected property\">appends</span>: []
      #<span class=sf-dump-protected title=\"Protected property\">dispatchesEvents</span>: []
      #<span class=sf-dump-protected title=\"Protected property\">observables</span>: []
      #<span class=sf-dump-protected title=\"Protected property\">relations</span>: []
      #<span class=sf-dump-protected title=\"Protected property\">touches</span>: []
      +<span class=sf-dump-public title=\"Public property\">timestamps</span>: <span class=sf-dump-const>true</span>
      #<span class=sf-dump-protected title=\"Protected property\">hidden</span>: []
      #<span class=sf-dump-protected title=\"Protected property\">visible</span>: []
      #<span class=sf-dump-protected title=\"Protected property\">fillable</span>: []
      #<span class=sf-dump-protected title=\"Protected property\">guarded</span>: <span class=sf-dump-note>array:1</span> [ &#8230;1]
    </samp>}
    <span class=sf-dump-index>7</span> => <span class=sf-dump-note title=\"App\\Challenge
\"><span class=\"sf-dump-ellipsis sf-dump-ellipsis-note\">App</span><span class=\"sf-dump-ellipsis sf-dump-ellipsis-note\">\\</span>Challenge</span> {<a class=sf-dump-ref>#1605</a><samp data-depth=3 class=sf-dump-compact>
      #<span class=sf-dump-protected title=\"Protected property\">connection</span>: \"<span class=sf-dump-str title=\"5 characters\">mysql</span>\"
      #<span class=sf-dump-protected title=\"Protected property\">table</span>: \"<span class=sf-dump-str title=\"10 characters\">challenges</span>\"
      #<span class=sf-dump-protected title=\"Protected property\">primaryKey</span>: \"<span class=sf-dump-str title=\"2 characters\">id</span>\"
      #<span class=sf-dump-protected title=\"Protected property\">keyType</span>: \"<span class=sf-dump-str title=\"3 characters\">int</span>\"
      +<span class=sf-dump-public title=\"Public property\">incrementing</span>: <span class=sf-dump-const>true</span>
      #<span class=sf-dump-protected title=\"Protected property\">with</span>: []
      #<span class=sf-dump-protected title=\"Protected property\">withCount</span>: []
      +<span class=sf-dump-public title=\"Public property\">preventsLazyLoading</span>: <span class=sf-dump-const>false</span>
      #<span class=sf-dump-protected title=\"Protected property\">perPage</span>: <span class=sf-dump-num>15</span>
      +<span class=sf-dump-public title=\"Public property\">exists</span>: <span class=sf-dump-const>true</span>
      +<span class=sf-dump-public title=\"Public property\">wasRecentlyCreated</span>: <span class=sf-dump-const>false</span>
      #<span class=sf-dump-protected title=\"Protected property\">escapeWhenCastingToString</span>: <span class=sf-dump-const>false</span>
      #<span class=sf-dump-protected title=\"Protected property\">attributes</span>: <span class=sf-dump-note>array:18</span> [ &#8230;18]
      #<span class=sf-dump-protected title=\"Protected property\">original</span>: <span class=sf-dump-note>array:18</span> [ &#8230;18]
      #<span class=sf-dump-protected title=\"Protected property\">changes</span>: []
      #<span class=sf-dump-protected title=\"Protected property\">casts</span>: []
      #<span class=sf-dump-protected title=\"Protected property\">classCastCache</span>: []
      #<span class=sf-dump-protected title=\"Protected property\">attributeCastCache</span>: []
      #<span class=sf-dump-protected title=\"Protected property\">dates</span>: []
      #<span class=sf-dump-protected title=\"Protected property\">dateFormat</span>: <span class=sf-dump-const>null</span>
      #<span class=sf-dump-protected title=\"Protected property\">appends</span>: []
      #<span class=sf-dump-protected title=\"Protected property\">dispatchesEvents</span>: []
      #<span class=sf-dump-protected title=\"Protected property\">observables</span>: []
      #<span class=sf-dump-protected title=\"Protected property\">relations</span>: []
      #<span class=sf-dump-protected title=\"Protected property\">touches</span>: []
      +<span class=sf-dump-public title=\"Public property\">timestamps</span>: <span class=sf-dump-const>true</span>
      #<span class=sf-dump-protected title=\"Protected property\">hidden</span>: []
      #<span class=sf-dump-protected title=\"Protected property\">visible</span>: []
      #<span class=sf-dump-protected title=\"Protected property\">fillable</span>: []
      #<span class=sf-dump-protected title=\"Protected property\">guarded</span>: <span class=sf-dump-note>array:1</span> [ &#8230;1]
    </samp>}
  </samp>]
  #<span class=sf-dump-protected title=\"Protected property\">escapeWhenCastingToString</span>: <span class=sf-dump-const>false</span>
</samp>}
</pre><script>Sfdump(\"sf-dump-194649015\", {\"maxDepth\":3,\"maxStringLength\":160})</script>
","capitulos":"<pre class=sf-dump id=sf-dump-1189194914 data-indent-pad=\"  \"><span class=sf-dump-note>App\\Chapter</span> {<a class=sf-dump-ref>#1588</a><samp data-depth=1 class=sf-dump-expanded>
  #<span class=sf-dump-protected title=\"Protected property\">connection</span>: \"<span class=sf-dump-str title=\"5 characters\">mysql</span>\"
  #<span class=sf-dump-protected title=\"Protected property\">table</span>: \"<span class=sf-dump-str title=\"8 characters\">chapters</span>\"
  #<span class=sf-dump-protected title=\"Protected property\">primaryKey</span>: \"<span class=sf-dump-str title=\"2 characters\">id</span>\"
  #<span class=sf-dump-protected title=\"Protected property\">keyType</span>: \"<span class=sf-dump-str title=\"3 characters\">int</span>\"
  +<span class=sf-dump-public title=\"Public property\">incrementing</span>: <span class=sf-dump-const>true</span>
  #<span class=sf-dump-protected title=\"Protected property\">with</span>: []
  #<span class=sf-dump-protected title=\"Protected property\">withCount</span>: []
  +<span class=sf-dump-public title=\"Public property\">preventsLazyLoading</span>: <span class=sf-dump-const>false</span>
  #<span class=sf-dump-protected title=\"Protected property\">perPage</span>: <span class=sf-dump-num>15</span>
  +<span class=sf-dump-public title=\"Public property\">exists</span>: <span class=sf-dump-const>true</span>
  +<span class=sf-dump-public title=\"Public property\">wasRecentlyCreated</span>: <span class=sf-dump-const>false</span>
  #<span class=sf-dump-protected title=\"Protected property\">escapeWhenCastingToString</span>: <span class=sf-dump-const>false</span>
  #<span class=sf-dump-protected title=\"Protected property\">attributes</span>: <span class=sf-dump-note>array:10</span> [<samp data-depth=2 class=sf-dump-compact>
    \"<span class=sf-dump-key>id</span>\" => <span class=sf-dump-num>2</span>
    \"<span class=sf-dump-key>name</span>\" => \"<span class=sf-dump-str title=\"10 characters\">Cap&#237;tulo 2</span>\"
    \"<span class=sf-dump-key>title</span>\" => \"<span class=sf-dump-str title=\"15 characters\">Auto Liderarnos</span>\"
    \"<span class=sf-dump-key>order</span>\" => <span class=sf-dump-num>2</span>
    \"<span class=sf-dump-key>videoIntro</span>\" => \"<span class=sf-dump-str title=\"14 characters\">Capitulo_1.mp4</span>\"
    \"<span class=sf-dump-key>imgintro</span>\" => \"<span class=sf-dump-str title=\"25 characters\">dist/img/chapter02_bg.jpg</span>\"
    \"<span class=sf-dump-key>description</span>\" => \"<span class=sf-dump-str title=\"122 characters\">La nave no debe estar m&#225;s tiempo en el espacio exterior, debemos aprender a influenciar sobre lo que sucede en el espacio.</span>\"
    \"<span class=sf-dump-key>time</span>\" => <span class=sf-dump-num>15</span>
    \"<span class=sf-dump-key>created_at</span>\" => \"<span class=sf-dump-str title=\"19 characters\">2020-05-05 09:27:34</span>\"
    \"<span class=sf-dump-key>updated_at</span>\" => \"<span class=sf-dump-str title=\"19 characters\">2023-07-11 10:22:56</span>\"
  </samp>]
  #<span class=sf-dump-protected title=\"Protected property\">original</span>: <span class=sf-dump-note>array:10</span> [<samp data-depth=2 class=sf-dump-compact>
    \"<span class=sf-dump-key>id</span>\" => <span class=sf-dump-num>2</span>
    \"<span class=sf-dump-key>name</span>\" => \"<span class=sf-dump-str title=\"10 characters\">Cap&#237;tulo 2</span>\"
    \"<span class=sf-dump-key>title</span>\" => \"<span class=sf-dump-str title=\"15 characters\">Auto Liderarnos</span>\"
    \"<span class=sf-dump-key>order</span>\" => <span class=sf-dump-num>2</span>
    \"<span class=sf-dump-key>videoIntro</span>\" => \"<span class=sf-dump-str title=\"14 characters\">Capitulo_1.mp4</span>\"
    \"<span class=sf-dump-key>imgintro</span>\" => \"<span class=sf-dump-str title=\"25 characters\">dist/img/chapter02_bg.jpg</span>\"
    \"<span class=sf-dump-key>description</span>\" => \"<span class=sf-dump-str title=\"122 characters\">La nave no debe estar m&#225;s tiempo en el espacio exterior, debemos aprender a influenciar sobre lo que sucede en el espacio.</span>\"
    \"<span class=sf-dump-key>time</span>\" => <span class=sf-dump-num>15</span>
    \"<span class=sf-dump-key>created_at</span>\" => \"<span class=sf-dump-str title=\"19 characters\">2020-05-05 09:27:34</span>\"
    \"<span class=sf-dump-key>updated_at</span>\" => \"<span class=sf-dump-str title=\"19 characters\">2023-07-11 10:22:56</span>\"
  </samp>]
  #<span class=sf-dump-protected title=\"Protected property\">changes</span>: []
  #<span class=sf-dump-protected title=\"Protected property\">casts</span>: []
  #<span class=sf-dump-protected title=\"Protected property\">classCastCache</span>: []
  #<span class=sf-dump-protected title=\"Protected property\">attributeCastCache</span>: []
  #<span class=sf-dump-protected title=\"Protected property\">dates</span>: []
  #<span class=sf-dump-protected title=\"Protected property\">dateFormat</span>: <span class=sf-dump-const>null</span>
  #<span class=sf-dump-protected title=\"Protected property\">appends</span>: []
  #<span class=sf-dump-protected title=\"Protected property\">dispatchesEvents</span>: []
  #<span class=sf-dump-protected title=\"Protected property\">observables</span>: []
  #<span class=sf-dump-protected title=\"Protected property\">relations</span>: []
  #<span class=sf-dump-protected title=\"Protected property\">touches</span>: []
  +<span class=sf-dump-public title=\"Public property\">timestamps</span>: <span class=sf-dump-const>true</span>
  #<span class=sf-dump-protected title=\"Protected property\">hidden</span>: []
  #<span class=sf-dump-protected title=\"Protected property\">visible</span>: []
  #<span class=sf-dump-protected title=\"Protected property\">fillable</span>: []
  #<span class=sf-dump-protected title=\"Protected property\">guarded</span>: <span class=sf-dump-note>array:1</span> [<samp data-depth=2 class=sf-dump-compact>
    <span class=sf-dump-index>0</span> => \"<span class=sf-dump-str>*</span>\"
  </samp>]
</samp>}
</pre><script>Sfdump(\"sf-dump-1189194914\", {\"maxDepth\":3,\"maxStringLength\":160})</script>
","subcapitulos":"<pre class=sf-dump id=sf-dump-820895078 data-indent-pad=\"  \"><span class=sf-dump-note>App\\Subchapter</span> {<a class=sf-dump-ref>#1586</a><samp data-depth=1 class=sf-dump-expanded>
  #<span class=sf-dump-protected title=\"Protected property\">connection</span>: \"<span class=sf-dump-str title=\"5 characters\">mysql</span>\"
  #<span class=sf-dump-protected title=\"Protected property\">table</span>: \"<span class=sf-dump-str title=\"11 characters\">subchapters</span>\"
  #<span class=sf-dump-protected title=\"Protected property\">primaryKey</span>: \"<span class=sf-dump-str title=\"2 characters\">id</span>\"
  #<span class=sf-dump-protected title=\"Protected property\">keyType</span>: \"<span class=sf-dump-str title=\"3 characters\">int</span>\"
  +<span class=sf-dump-public title=\"Public property\">incrementing</span>: <span class=sf-dump-const>true</span>
  #<span class=sf-dump-protected title=\"Protected property\">with</span>: []
  #<span class=sf-dump-protected title=\"Protected property\">withCount</span>: []
  +<span class=sf-dump-public title=\"Public property\">preventsLazyLoading</span>: <span class=sf-dump-const>false</span>
  #<span class=sf-dump-protected title=\"Protected property\">perPage</span>: <span class=sf-dump-num>15</span>
  +<span class=sf-dump-public title=\"Public property\">exists</span>: <span class=sf-dump-const>true</span>
  +<span class=sf-dump-public title=\"Public property\">wasRecentlyCreated</span>: <span class=sf-dump-const>false</span>
  #<span class=sf-dump-protected title=\"Protected property\">escapeWhenCastingToString</span>: <span class=sf-dump-const>false</span>
  #<span class=sf-dump-protected title=\"Protected property\">attributes</span>: <span class=sf-dump-note>array:11</span> [<samp data-depth=2 class=sf-dump-compact>
    \"<span class=sf-dump-key>id</span>\" => <span class=sf-dump-num>4</span>
    \"<span class=sf-dump-key>name</span>\" => \"<span class=sf-dump-str title=\"36 characters\">&#191;C&#243;mo desarrollar el auto liderazgo?</span>\"
    \"<span class=sf-dump-key>title</span>\" => \"<span class=sf-dump-str title=\"36 characters\">&#191;C&#243;mo desarrollar el auto liderazgo?</span>\"
    \"<span class=sf-dump-key>order</span>\" => <span class=sf-dump-num>2</span>
    \"<span class=sf-dump-key>description</span>\" => \"<span class=sf-dump-str title=\"50 characters\">Aprenderemos a desarrollar nuestro auto liderazgo.</span>\"
    \"<span class=sf-dump-key>s_point</span>\" => <span class=sf-dump-num>33</span>
    \"<span class=sf-dump-key>time</span>\" => <span class=sf-dump-num>100</span>
    \"<span class=sf-dump-key>created_at</span>\" => <span class=sf-dump-const>null</span>
    \"<span class=sf-dump-key>updated_at</span>\" => \"<span class=sf-dump-str title=\"19 characters\">2025-02-12 17:05:10</span>\"
    \"<span class=sf-dump-key>chapter_id</span>\" => <span class=sf-dump-num>2</span>
    \"<span class=sf-dump-key>competence_id</span>\" => <span class=sf-dump-num>11</span>
  </samp>]
  #<span class=sf-dump-protected title=\"Protected property\">original</span>: <span class=sf-dump-note>array:11</span> [<samp data-depth=2 class=sf-dump-compact>
    \"<span class=sf-dump-key>id</span>\" => <span class=sf-dump-num>4</span>
    \"<span class=sf-dump-key>name</span>\" => \"<span class=sf-dump-str title=\"36 characters\">&#191;C&#243;mo desarrollar el auto liderazgo?</span>\"
    \"<span class=sf-dump-key>title</span>\" => \"<span class=sf-dump-str title=\"36 characters\">&#191;C&#243;mo desarrollar el auto liderazgo?</span>\"
    \"<span class=sf-dump-key>order</span>\" => <span class=sf-dump-num>2</span>
    \"<span class=sf-dump-key>description</span>\" => \"<span class=sf-dump-str title=\"50 characters\">Aprenderemos a desarrollar nuestro auto liderazgo.</span>\"
    \"<span class=sf-dump-key>s_point</span>\" => <span class=sf-dump-num>33</span>
    \"<span class=sf-dump-key>time</span>\" => <span class=sf-dump-num>100</span>
    \"<span class=sf-dump-key>created_at</span>\" => <span class=sf-dump-const>null</span>
    \"<span class=sf-dump-key>updated_at</span>\" => \"<span class=sf-dump-str title=\"19 characters\">2025-02-12 17:05:10</span>\"
    \"<span class=sf-dump-key>chapter_id</span>\" => <span class=sf-dump-num>2</span>
    \"<span class=sf-dump-key>competence_id</span>\" => <span class=sf-dump-num>11</span>
  </samp>]
  #<span class=sf-dump-protected title=\"Protected property\">changes</span>: []
  #<span class=sf-dump-protected title=\"Protected property\">casts</span>: []
  #<span class=sf-dump-protected title=\"Protected property\">classCastCache</span>: []
  #<span class=sf-dump-protected title=\"Protected property\">attributeCastCache</span>: []
  #<span class=sf-dump-protected title=\"Protected property\">dates</span>: []
  #<span class=sf-dump-protected title=\"Protected property\">dateFormat</span>: <span class=sf-dump-const>null</span>
  #<span class=sf-dump-protected title=\"Protected property\">appends</span>: []
  #<span class=sf-dump-protected title=\"Protected property\">dispatchesEvents</span>: []
  #<span class=sf-dump-protected title=\"Protected property\">observables</span>: []
  #<span class=sf-dump-protected title=\"Protected property\">relations</span>: []
  #<span class=sf-dump-protected title=\"Protected property\">touches</span>: []
  +<span class=sf-dump-public title=\"Public property\">timestamps</span>: <span class=sf-dump-const>true</span>
  #<span class=sf-dump-protected title=\"Protected property\">hidden</span>: []
  #<span class=sf-dump-protected title=\"Protected property\">visible</span>: []
  #<span class=sf-dump-protected title=\"Protected property\">fillable</span>: []
  #<span class=sf-dump-protected title=\"Protected property\">guarded</span>: <span class=sf-dump-note>array:1</span> [<samp data-depth=2 class=sf-dump-compact>
    <span class=sf-dump-index>0</span> => \"<span class=sf-dump-str>*</span>\"
  </samp>]
</samp>}
</pre><script>Sfdump(\"sf-dump-820895078\", {\"maxDepth\":3,\"maxStringLength\":160})</script>
","retospendientes":"<pre class=sf-dump id=sf-dump-1721905289 data-indent-pad=\"  \">{<a class=sf-dump-ref>#1594</a><samp data-depth=1 class=sf-dump-expanded>
  +\"<span class=sf-dump-public title=\"Runtime added dynamic property\">id</span>\": <span class=sf-dump-num>14</span>
  +\"<span class=sf-dump-public title=\"Runtime added dynamic property\">name</span>\": \"<span class=sf-dump-str title=\"21 characters\">1.2.2 Reto - C&#237;rculos</span>\"
  +\"<span class=sf-dump-public title=\"Runtime added dynamic property\">description</span>\": \"<span class=sf-dump-str title=\"209 characters\">Descarga el documento, realiza la lectura y los retos que se plantean. Para avanzar en la plataforma, deber&#225;s contestar en este reto la siguiente pregunta: &#191;Qu&#233; valor le encuentras a lo que acabas de aprender?</span>\"
  +\"<span class=sf-dump-public title=\"Runtime added dynamic property\">time</span>\": <span class=sf-dump-num>30</span>
  +\"<span class=sf-dump-public title=\"Runtime added dynamic property\">dificult</span>\": <span class=sf-dump-num>0</span>
  +\"<span class=sf-dump-public title=\"Runtime added dynamic property\">material</span>\": \"<span class=sf-dump-str title=\"30 characters\">1_2_2_RETO DE PROACTIVIDAD.pdf</span>\"
  +\"<span class=sf-dump-public title=\"Runtime added dynamic property\">urlvideo</span>\": <span class=sf-dump-const>null</span>
  +\"<span class=sf-dump-public title=\"Runtime added dynamic property\">params</span>\": <span class=sf-dump-const>null</span>
  +\"<span class=sf-dump-public title=\"Runtime added dynamic property\">s_point</span>\": <span class=sf-dump-num>4</span>
  +\"<span class=sf-dump-public title=\"Runtime added dynamic property\">i_point</span>\": <span class=sf-dump-num>15</span>
  +\"<span class=sf-dump-public title=\"Runtime added dynamic property\">g_point</span>\": <span class=sf-dump-num>0</span>
  +\"<span class=sf-dump-public title=\"Runtime added dynamic property\">gametype</span>\": <span class=sf-dump-num>1</span>
  +\"<span class=sf-dump-public title=\"Runtime added dynamic property\">created_at</span>\": \"<span class=sf-dump-str title=\"19 characters\">2021-02-07 11:52:35</span>\"
  +\"<span class=sf-dump-public title=\"Runtime added dynamic property\">updated_at</span>\": \"<span class=sf-dump-str title=\"19 characters\">2024-11-24 21:45:31</span>\"
  +\"<span class=sf-dump-public title=\"Runtime added dynamic property\">subchapter_id</span>\": <span class=sf-dump-num>4</span>
  +\"<span class=sf-dump-public title=\"Runtime added dynamic property\">challenge_type_id</span>\": <span class=sf-dump-num>7</span>
  +\"<span class=sf-dump-public title=\"Runtime added dynamic property\">id_grupo</span>\": <span class=sf-dump-num>1</span>
  +\"<span class=sf-dump-public title=\"Runtime added dynamic property\">id_insignia</span>\": <span class=sf-dump-num>100</span>
</samp>}
</pre><script>Sfdump(\"sf-dump-1721905289\", {\"maxDepth\":3,\"maxStringLength\":160})</script>
","retosfinish":"<pre class=sf-dump id=sf-dump-1744870133 data-indent-pad=\"  \"><span class=sf-dump-note>Illuminate\\Support\\Collection</span> {<a class=sf-dump-ref>#1575</a><samp data-depth=1 class=sf-dump-expanded>
  #<span class=sf-dump-protected title=\"Protected property\">items</span>: <span class=sf-dump-note>array:1</span> [<samp data-depth=2 class=sf-dump-compact>
    <span class=sf-dump-index>0</span> => {<a class=sf-dump-ref>#1595</a><samp data-depth=3 class=sf-dump-compact>
      +\"<span class=sf-dump-public title=\"Runtime added dynamic property\">id</span>\": <span class=sf-dump-num>13</span>
      +\"<span class=sf-dump-public title=\"Runtime added dynamic property\">start</span>\": \"<span class=sf-dump-str title=\"19 characters\">2025-02-12 17:05:56</span>\"
      +\"<span class=sf-dump-public title=\"Runtime added dynamic property\">end</span>\": \"<span class=sf-dump-str title=\"19 characters\">2025-02-12 17:05:56</span>\"
      +\"<span class=sf-dump-public title=\"Runtime added dynamic property\">result_api</span>\": <span class=sf-dump-num>0</span>
      +\"<span class=sf-dump-public title=\"Runtime added dynamic property\">s_point</span>\": <span class=sf-dump-num>4</span>
      +\"<span class=sf-dump-public title=\"Runtime added dynamic property\">i_point</span>\": <span class=sf-dump-num>5</span>
      +\"<span class=sf-dump-public title=\"Runtime added dynamic property\">g_point</span>\": <span class=sf-dump-num>0</span>
      +\"<span class=sf-dump-public title=\"Runtime added dynamic property\">created_at</span>\": \"<span class=sf-dump-str title=\"19 characters\">2021-02-07 11:28:32</span>\"
      +\"<span class=sf-dump-public title=\"Runtime added dynamic property\">updated_at</span>\": \"<span class=sf-dump-str title=\"19 characters\">2025-02-12 17:05:56</span>\"
      +\"<span class=sf-dump-public title=\"Runtime added dynamic property\">challenge_id</span>\": <span class=sf-dump-num>13</span>
      +\"<span class=sf-dump-public title=\"Runtime added dynamic property\">user_id</span>\": <span class=sf-dump-num>671</span>
      +\"<span class=sf-dump-public title=\"Runtime added dynamic property\">comentario</span>\": <span class=sf-dump-const>null</span>
      +\"<span class=sf-dump-public title=\"Runtime added dynamic property\">name</span>\": \"<span class=sf-dump-str title=\"26 characters\">1.2.1 Proactivo o Reactivo</span>\"
      +\"<span class=sf-dump-public title=\"Runtime added dynamic property\">description</span>\": \"<span class=sf-dump-str title=\"143 characters\">Despu&#233;s de ver el video, responde con un ejemplo dentro de tu vida (laboral o personal): &#191;Cu&#225;ndo has sido proactivo? &#191;Cu&#225;ndo has sido reactivo?</span>\"
      +\"<span class=sf-dump-public title=\"Runtime added dynamic property\">time</span>\": <span class=sf-dump-num>25</span>
      +\"<span class=sf-dump-public title=\"Runtime added dynamic property\">dificult</span>\": <span class=sf-dump-num>0</span>
      +\"<span class=sf-dump-public title=\"Runtime added dynamic property\">material</span>\": \"\"
      +\"<span class=sf-dump-public title=\"Runtime added dynamic property\">urlvideo</span>\": \"<span class=sf-dump-str title=\"23 characters\">autoLiderazgo_1_2_1.mp4</span>\"
      +\"<span class=sf-dump-public title=\"Runtime added dynamic property\">params</span>\": <span class=sf-dump-const>null</span>
      +\"<span class=sf-dump-public title=\"Runtime added dynamic property\">gametype</span>\": <span class=sf-dump-num>1</span>
      +\"<span class=sf-dump-public title=\"Runtime added dynamic property\">subchapter_id</span>\": <span class=sf-dump-num>4</span>
      +\"<span class=sf-dump-public title=\"Runtime added dynamic property\">challenge_type_id</span>\": <span class=sf-dump-num>5</span>
      +\"<span class=sf-dump-public title=\"Runtime added dynamic property\">id_grupo</span>\": <span class=sf-dump-num>1</span>
      +\"<span class=sf-dump-public title=\"Runtime added dynamic property\">id_insignia</span>\": <span class=sf-dump-num>100</span>
    </samp>}
  </samp>]
  #<span class=sf-dump-protected title=\"Protected property\">escapeWhenCastingToString</span>: <span class=sf-dump-const>false</span>
</samp>}
</pre><script>Sfdump(\"sf-dump-1744870133\", {\"maxDepth\":3,\"maxStringLength\":160})</script>
","videohidden":"<pre class=sf-dump id=sf-dump-1857128113 data-indent-pad=\"  \">\"<span class=sf-dump-str title=\"6 characters\">hidden</span>\"
</pre><script>Sfdump(\"sf-dump-1857128113\", {\"maxDepth\":3,\"maxStringLength\":160})</script>
","tareasusu":"<pre class=sf-dump id=sf-dump-1834631915 data-indent-pad=\"  \"><span class=sf-dump-note>Illuminate\\Support\\Collection</span> {<a class=sf-dump-ref>#1579</a><samp data-depth=1 class=sf-dump-expanded>
  #<span class=sf-dump-protected title=\"Protected property\">items</span>: <span class=sf-dump-note>array:3</span> [<samp data-depth=2 class=sf-dump-compact>
    <span class=sf-dump-index>0</span> => {<a class=sf-dump-ref>#1592</a><samp data-depth=3 class=sf-dump-compact>
      +\"<span class=sf-dump-public title=\"Runtime added dynamic property\">cap</span>\": <span class=sf-dump-num>2</span>
      +\"<span class=sf-dump-public title=\"Runtime added dynamic property\">idt</span>\": <span class=sf-dump-num>10</span>
      +\"<span class=sf-dump-public title=\"Runtime added dynamic property\">name</span>\": \"<span class=sf-dump-str title=\"44 characters\">1.1.1  &#191;Porqu&#233; es importante auto liderazgo?</span>\"
    </samp>}
    <span class=sf-dump-index>1</span> => {<a class=sf-dump-ref>#1589</a><samp data-depth=3 class=sf-dump-compact>
      +\"<span class=sf-dump-public title=\"Runtime added dynamic property\">cap</span>\": <span class=sf-dump-num>2</span>
      +\"<span class=sf-dump-public title=\"Runtime added dynamic property\">idt</span>\": <span class=sf-dump-num>12</span>
      +\"<span class=sf-dump-public title=\"Runtime added dynamic property\">name</span>\": \"<span class=sf-dump-str title=\"26 characters\">1.1.2 Preg&#250;ntale a alguien</span>\"
    </samp>}
    <span class=sf-dump-index>2</span> => {<a class=sf-dump-ref>#1607</a><samp data-depth=3 class=sf-dump-compact>
      +\"<span class=sf-dump-public title=\"Runtime added dynamic property\">cap</span>\": <span class=sf-dump-num>2</span>
      +\"<span class=sf-dump-public title=\"Runtime added dynamic property\">idt</span>\": <span class=sf-dump-num>13</span>
      +\"<span class=sf-dump-public title=\"Runtime added dynamic property\">name</span>\": \"<span class=sf-dump-str title=\"26 characters\">1.2.1 Proactivo o Reactivo</span>\"
    </samp>}
  </samp>]
  #<span class=sf-dump-protected title=\"Protected property\">escapeWhenCastingToString</span>: <span class=sf-dump-const>false</span>
</samp>}
</pre><script>Sfdump(\"sf-dump-1834631915\", {\"maxDepth\":3,\"maxStringLength\":160})</script>
","retp":"<pre class=sf-dump id=sf-dump-1408022064 data-indent-pad=\"  \">{<a class=sf-dump-ref>#1594</a><samp data-depth=1 class=sf-dump-expanded>
  +\"<span class=sf-dump-public title=\"Runtime added dynamic property\">id</span>\": <span class=sf-dump-num>14</span>
  +\"<span class=sf-dump-public title=\"Runtime added dynamic property\">name</span>\": \"<span class=sf-dump-str title=\"21 characters\">1.2.2 Reto - C&#237;rculos</span>\"
  +\"<span class=sf-dump-public title=\"Runtime added dynamic property\">description</span>\": \"<span class=sf-dump-str title=\"209 characters\">Descarga el documento, realiza la lectura y los retos que se plantean. Para avanzar en la plataforma, deber&#225;s contestar en este reto la siguiente pregunta: &#191;Qu&#233; valor le encuentras a lo que acabas de aprender?</span>\"
  +\"<span class=sf-dump-public title=\"Runtime added dynamic property\">time</span>\": <span class=sf-dump-num>30</span>
  +\"<span class=sf-dump-public title=\"Runtime added dynamic property\">dificult</span>\": <span class=sf-dump-num>0</span>
  +\"<span class=sf-dump-public title=\"Runtime added dynamic property\">material</span>\": \"<span class=sf-dump-str title=\"30 characters\">1_2_2_RETO DE PROACTIVIDAD.pdf</span>\"
  +\"<span class=sf-dump-public title=\"Runtime added dynamic property\">urlvideo</span>\": <span class=sf-dump-const>null</span>
  +\"<span class=sf-dump-public title=\"Runtime added dynamic property\">params</span>\": <span class=sf-dump-const>null</span>
  +\"<span class=sf-dump-public title=\"Runtime added dynamic property\">s_point</span>\": <span class=sf-dump-num>4</span>
  +\"<span class=sf-dump-public title=\"Runtime added dynamic property\">i_point</span>\": <span class=sf-dump-num>15</span>
  +\"<span class=sf-dump-public title=\"Runtime added dynamic property\">g_point</span>\": <span class=sf-dump-num>0</span>
  +\"<span class=sf-dump-public title=\"Runtime added dynamic property\">gametype</span>\": <span class=sf-dump-num>1</span>
  +\"<span class=sf-dump-public title=\"Runtime added dynamic property\">created_at</span>\": \"<span class=sf-dump-str title=\"19 characters\">2021-02-07 11:52:35</span>\"
  +\"<span class=sf-dump-public title=\"Runtime added dynamic property\">updated_at</span>\": \"<span class=sf-dump-str title=\"19 characters\">2024-11-24 21:45:31</span>\"
  +\"<span class=sf-dump-public title=\"Runtime added dynamic property\">subchapter_id</span>\": <span class=sf-dump-num>4</span>
  +\"<span class=sf-dump-public title=\"Runtime added dynamic property\">challenge_type_id</span>\": <span class=sf-dump-num>7</span>
  +\"<span class=sf-dump-public title=\"Runtime added dynamic property\">id_grupo</span>\": <span class=sf-dump-num>1</span>
  +\"<span class=sf-dump-public title=\"Runtime added dynamic property\">id_insignia</span>\": <span class=sf-dump-num>100</span>
</samp>}
</pre><script>Sfdump(\"sf-dump-1408022064\", {\"maxDepth\":3,\"maxStringLength\":160})</script>
","v":"<pre class=sf-dump id=sf-dump-1071381663 data-indent-pad=\"  \">\"<span class=sf-dump-str title=\"36 characters\">&#191;C&#243;mo desarrollar el auto liderazgo?</span>\"
</pre><script>Sfdump(\"sf-dump-1071381663\", {\"maxDepth\":3,\"maxStringLength\":160})</script>
","cap":"<pre class=sf-dump id=sf-dump-1988023981 data-indent-pad=\"  \"><span class=sf-dump-num>2</span>
</pre><script>Sfdump(\"sf-dump-1988023981\", {\"maxDepth\":3,\"maxStringLength\":160})</script>
","capsiguiente":"<pre class=sf-dump id=sf-dump-214195816 data-indent-pad=\"  \"><span class=sf-dump-num>2</span>
</pre><script>Sfdump(\"sf-dump-214195816\", {\"maxDepth\":3,\"maxStringLength\":160})</script>
","tareaspendientes":"<pre class=sf-dump id=sf-dump-1991819179 data-indent-pad=\"  \"><span class=sf-dump-num>8</span>
</pre><script>Sfdump(\"sf-dump-1991819179\", {\"maxDepth\":3,\"maxStringLength\":160})</script>
","tareacap":"<pre class=sf-dump id=sf-dump-2118499222 data-indent-pad=\"  \"><span class=sf-dump-note>Illuminate\\Support\\Collection</span> {<a class=sf-dump-ref>#1593</a><samp data-depth=1 class=sf-dump-expanded>
  #<span class=sf-dump-protected title=\"Protected property\">items</span>: <span class=sf-dump-note>array:11</span> [<samp data-depth=2 class=sf-dump-compact>
    <span class=sf-dump-index>0</span> => {<a class=sf-dump-ref>#1608</a><samp data-depth=3 class=sf-dump-compact>
      +\"<span class=sf-dump-public title=\"Runtime added dynamic property\">cap</span>\": <span class=sf-dump-num>2</span>
      +\"<span class=sf-dump-public title=\"Runtime added dynamic property\">idt</span>\": <span class=sf-dump-num>10</span>
      +\"<span class=sf-dump-public title=\"Runtime added dynamic property\">name</span>\": \"<span class=sf-dump-str title=\"44 characters\">1.1.1  &#191;Porqu&#233; es importante auto liderazgo?</span>\"
    </samp>}
    <span class=sf-dump-index>1</span> => {<a class=sf-dump-ref>#1609</a><samp data-depth=3 class=sf-dump-compact>
      +\"<span class=sf-dump-public title=\"Runtime added dynamic property\">cap</span>\": <span class=sf-dump-num>2</span>
      +\"<span class=sf-dump-public title=\"Runtime added dynamic property\">idt</span>\": <span class=sf-dump-num>12</span>
      +\"<span class=sf-dump-public title=\"Runtime added dynamic property\">name</span>\": \"<span class=sf-dump-str title=\"26 characters\">1.1.2 Preg&#250;ntale a alguien</span>\"
    </samp>}
    <span class=sf-dump-index>2</span> => {<a class=sf-dump-ref>#1610</a><samp data-depth=3 class=sf-dump-compact>
      +\"<span class=sf-dump-public title=\"Runtime added dynamic property\">cap</span>\": <span class=sf-dump-num>2</span>
      +\"<span class=sf-dump-public title=\"Runtime added dynamic property\">idt</span>\": <span class=sf-dump-num>13</span>
      +\"<span class=sf-dump-public title=\"Runtime added dynamic property\">name</span>\": \"<span class=sf-dump-str title=\"26 characters\">1.2.1 Proactivo o Reactivo</span>\"
    </samp>}
    <span class=sf-dump-index>3</span> => {<a class=sf-dump-ref>#1613</a><samp data-depth=3 class=sf-dump-compact>
      +\"<span class=sf-dump-public title=\"Runtime added dynamic property\">cap</span>\": <span class=sf-dump-num>2</span>
      +\"<span class=sf-dump-public title=\"Runtime added dynamic property\">idt</span>\": <span class=sf-dump-num>14</span>
      +\"<span class=sf-dump-public title=\"Runtime added dynamic property\">name</span>\": \"<span class=sf-dump-str title=\"21 characters\">1.2.2 Reto - C&#237;rculos</span>\"
    </samp>}
    <span class=sf-dump-index>4</span> => {<a class=sf-dump-ref>#1611</a><samp data-depth=3 class=sf-dump-compact>
      +\"<span class=sf-dump-public title=\"Runtime added dynamic property\">cap</span>\": <span class=sf-dump-num>2</span>
      +\"<span class=sf-dump-public title=\"Runtime added dynamic property\">idt</span>\": <span class=sf-dump-num>15</span>
      +\"<span class=sf-dump-public title=\"Runtime added dynamic property\">name</span>\": \"<span class=sf-dump-str title=\"34 characters\">1.2.3 Ampliando circulo influencia</span>\"
    </samp>}
    <span class=sf-dump-index>5</span> => {<a class=sf-dump-ref>#1612</a><samp data-depth=3 class=sf-dump-compact>
      +\"<span class=sf-dump-public title=\"Runtime added dynamic property\">cap</span>\": <span class=sf-dump-num>2</span>
      +\"<span class=sf-dump-public title=\"Runtime added dynamic property\">idt</span>\": <span class=sf-dump-num>16</span>
      +\"<span class=sf-dump-public title=\"Runtime added dynamic property\">name</span>\": \"<span class=sf-dump-str title=\"42 characters\">1.2.4 Reto - Cambiar los tener por los Ser</span>\"
    </samp>}
    <span class=sf-dump-index>6</span> => {<a class=sf-dump-ref>#1614</a><samp data-depth=3 class=sf-dump-compact>
      +\"<span class=sf-dump-public title=\"Runtime added dynamic property\">cap</span>\": <span class=sf-dump-num>2</span>
      +\"<span class=sf-dump-public title=\"Runtime added dynamic property\">idt</span>\": <span class=sf-dump-num>17</span>
      +\"<span class=sf-dump-public title=\"Runtime added dynamic property\">name</span>\": \"<span class=sf-dump-str title=\"36 characters\">1.2.5 Autoconocimiento / Auto Estima</span>\"
    </samp>}
    <span class=sf-dump-index>7</span> => {<a class=sf-dump-ref>#1616</a><samp data-depth=3 class=sf-dump-compact>
      +\"<span class=sf-dump-public title=\"Runtime added dynamic property\">cap</span>\": <span class=sf-dump-num>2</span>
      +\"<span class=sf-dump-public title=\"Runtime added dynamic property\">idt</span>\": <span class=sf-dump-num>18</span>
      +\"<span class=sf-dump-public title=\"Runtime added dynamic property\">name</span>\": \"<span class=sf-dump-str title=\"42 characters\">1.2.6 Reto Auto Estima / Auto Conocimiento</span>\"
    </samp>}
    <span class=sf-dump-index>8</span> => {<a class=sf-dump-ref>#1617</a><samp data-depth=3 class=sf-dump-compact>
      +\"<span class=sf-dump-public title=\"Runtime added dynamic property\">cap</span>\": <span class=sf-dump-num>2</span>
      +\"<span class=sf-dump-public title=\"Runtime added dynamic property\">idt</span>\": <span class=sf-dump-num>19</span>
      +\"<span class=sf-dump-public title=\"Runtime added dynamic property\">name</span>\": \"<span class=sf-dump-str title=\"33 characters\">1.2.7 Autonomia / Auto motivaci&#243;n</span>\"
    </samp>}
    <span class=sf-dump-index>9</span> => {<a class=sf-dump-ref>#1615</a><samp data-depth=3 class=sf-dump-compact>
      +\"<span class=sf-dump-public title=\"Runtime added dynamic property\">cap</span>\": <span class=sf-dump-num>2</span>
      +\"<span class=sf-dump-public title=\"Runtime added dynamic property\">idt</span>\": <span class=sf-dump-num>20</span>
      +\"<span class=sf-dump-public title=\"Runtime added dynamic property\">name</span>\": \"<span class=sf-dump-str title=\"33 characters\">1.2.8 Reto Autonomia / Motivaci&#243;n</span>\"
    </samp>}
    <span class=sf-dump-index>10</span> => {<a class=sf-dump-ref>#1618</a><samp data-depth=3 class=sf-dump-compact>
      +\"<span class=sf-dump-public title=\"Runtime added dynamic property\">cap</span>\": <span class=sf-dump-num>2</span>
      +\"<span class=sf-dump-public title=\"Runtime added dynamic property\">idt</span>\": <span class=sf-dump-num>21</span>
      +\"<span class=sf-dump-public title=\"Runtime added dynamic property\">name</span>\": \"<span class=sf-dump-str title=\"32 characters\">1.3.1 &#191;C&#243;mo ponerlo en practica?</span>\"
    </samp>}
  </samp>]
  #<span class=sf-dump-protected title=\"Protected property\">escapeWhenCastingToString</span>: <span class=sf-dump-const>false</span>
</samp>}
</pre><script>Sfdump(\"sf-dump-2118499222\", {\"maxDepth\":3,\"maxStringLength\":160})</script>
"}},"userId":671,"exception":"[object] (Spatie\\LaravelIgnition\\Exceptions\\ViewException(code: 0): Undefined variable $tareasCompletadas at C:\\xampp\\htdocs\\evolucion2024\\resources\\views\\player\\capitulos.blade.php:224)
[stacktrace]
#0 C:\\xampp\\htdocs\\evolucion2024\\vendor\\laravel\\framework\\src\\Illuminate\\Foundation\\Bootstrap\\HandleExceptions.php(270): Illuminate\\Foundation\\Bootstrap\\HandleExceptions->handleError(2, 'Undefined varia...', 'C:\\\\xampp\\\\htdocs...', 159)
#1 C:\\xampp\\htdocs\\evolucion2024\\resources\\views\\player\\capitulos.blade.php(224): Illuminate\\Foundation\\Bootstrap\\HandleExceptions->Illuminate\\Foundation\\Bootstrap\\{closure}(2, 'Undefined varia...', 'C:\\\\xampp\\\\htdocs...', 159)
#2 C:\\xampp\\htdocs\\evolucion2024\\vendor\\laravel\\framework\\src\\Illuminate\\Filesystem\\Filesystem.php(109): require('C:\\\\xampp\\\\htdocs...')
#3 C:\\xampp\\htdocs\\evolucion2024\\vendor\\laravel\\framework\\src\\Illuminate\\Filesystem\\Filesystem.php(110): Illuminate\\Filesystem\\Filesystem::Illuminate\\Filesystem\\{closure}()
#4 C:\\xampp\\htdocs\\evolucion2024\\vendor\\laravel\\framework\\src\\Illuminate\\View\\Engines\\PhpEngine.php(58): Illuminate\\Filesystem\\Filesystem->getRequire('C:\\\\xampp\\\\htdocs...', Array)
#5 C:\\xampp\\htdocs\\evolucion2024\\vendor\\laravel\\framework\\src\\Illuminate\\View\\Engines\\CompilerEngine.php(70): Illuminate\\View\\Engines\\PhpEngine->evaluatePath('C:\\\\xampp\\\\htdocs...', Array)
#6 C:\\xampp\\htdocs\\evolucion2024\\vendor\\laravel\\framework\\src\\Illuminate\\View\\View.php(195): Illuminate\\View\\Engines\\CompilerEngine->get('C:\\\\xampp\\\\htdocs...', Array)
#7 C:\\xampp\\htdocs\\evolucion2024\\vendor\\laravel\\framework\\src\\Illuminate\\View\\View.php(178): Illuminate\\View\\View->getContents()
#8 C:\\xampp\\htdocs\\evolucion2024\\vendor\\laravel\\framework\\src\\Illuminate\\View\\View.php(147): Illuminate\\View\\View->renderContents()
#9 C:\\xampp\\htdocs\\evolucion2024\\vendor\\laravel\\framework\\src\\Illuminate\\Http\\Response.php(69): Illuminate\\View\\View->render()
#10 C:\\xampp\\htdocs\\evolucion2024\\vendor\\laravel\\framework\\src\\Illuminate\\Http\\Response.php(35): Illuminate\\Http\\Response->setContent(Object(Illuminate\\View\\View))
#11 C:\\xampp\\htdocs\\evolucion2024\\vendor\\laravel\\framework\\src\\Illuminate\\Routing\\Router.php(906): Illuminate\\Http\\Response->__construct(Object(Illuminate\\View\\View), 200, Array)
#12 C:\\xampp\\htdocs\\evolucion2024\\vendor\\laravel\\framework\\src\\Illuminate\\Routing\\Router.php(875): Illuminate\\Routing\\Router::toResponse(Object(Illuminate\\Http\\Request), Object(Illuminate\\View\\View))
#13 C:\\xampp\\htdocs\\evolucion2024\\vendor\\laravel\\framework\\src\\Illuminate\\Routing\\Router.php(798): Illuminate\\Routing\\Router->prepareResponse(Object(Illuminate\\Http\\Request), Object(Illuminate\\View\\View))
#14 C:\\xampp\\htdocs\\evolucion2024\\vendor\\laravel\\framework\\src\\Illuminate\\Pipeline\\Pipeline.php(141): Illuminate\\Routing\\Router->Illuminate\\Routing\\{closure}(Object(Illuminate\\Http\\Request))
#15 C:\\xampp\\htdocs\\evolucion2024\\app\\Http\\Middleware\\RedirectIfSessionExpired.php(25): Illuminate\\Pipeline\\Pipeline->Illuminate\\Pipeline\\{closure}(Object(Illuminate\\Http\\Request))
#16 C:\\xampp\\htdocs\\evolucion2024\\vendor\\laravel\\framework\\src\\Illuminate\\Pipeline\\Pipeline.php(180): App\\Http\\Middleware\\RedirectIfSessionExpired->handle(Object(Illuminate\\Http\\Request), Object(Closure))
#17 C:\\xampp\\htdocs\\evolucion2024\\vendor\\laravel\\framework\\src\\Illuminate\\Routing\\Middleware\\SubstituteBindings.php(50): Illuminate\\Pipeline\\Pipeline->Illuminate\\Pipeline\\{closure}(Object(Illuminate\\Http\\Request))
#18 C:\\xampp\\htdocs\\evolucion2024\\vendor\\laravel\\framework\\src\\Illuminate\\Pipeline\\Pipeline.php(180): Illuminate\\Routing\\Middleware\\SubstituteBindings->handle(Object(Illuminate\\Http\\Request), Object(Closure))
#19 C:\\xampp\\htdocs\\evolucion2024\\vendor\\laravel\\framework\\src\\Illuminate\\Auth\\Middleware\\Authenticate.php(44): Illuminate\\Pipeline\\Pipeline->Illuminate\\Pipeline\\{closure}(Object(Illuminate\\Http\\Request))
#20 C:\\xampp\\htdocs\\evolucion2024\\vendor\\laravel\\framework\\src\\Illuminate\\Pipeline\\Pipeline.php(180): Illuminate\\Auth\\Middleware\\Authenticate->handle(Object(Illuminate\\Http\\Request), Object(Closure))
#21 C:\\xampp\\htdocs\\evolucion2024\\vendor\\laravel\\framework\\src\\Illuminate\\Foundation\\Http\\Middleware\\VerifyCsrfToken.php(78): Illuminate\\Pipeline\\Pipeline->Illuminate\\Pipeline\\{closure}(Object(Illuminate\\Http\\Request))
#22 C:\\xampp\\htdocs\\evolucion2024\\vendor\\laravel\\framework\\src\\Illuminate\\Pipeline\\Pipeline.php(180): Illuminate\\Foundation\\Http\\Middleware\\VerifyCsrfToken->handle(Object(Illuminate\\Http\\Request), Object(Closure))
#23 C:\\xampp\\htdocs\\evolucion2024\\vendor\\laravel\\framework\\src\\Illuminate\\View\\Middleware\\ShareErrorsFromSession.php(49): Illuminate\\Pipeline\\Pipeline->Illuminate\\Pipeline\\{closure}(Object(Illuminate\\Http\\Request))
#24 C:\\xampp\\htdocs\\evolucion2024\\vendor\\laravel\\framework\\src\\Illuminate\\Pipeline\\Pipeline.php(180): Illuminate\\View\\Middleware\\ShareErrorsFromSession->handle(Object(Illuminate\\Http\\Request), Object(Closure))
#25 C:\\xampp\\htdocs\\evolucion2024\\vendor\\laravel\\framework\\src\\Illuminate\\Session\\Middleware\\StartSession.php(121): Illuminate\\Pipeline\\Pipeline->Illuminate\\Pipeline\\{closure}(Object(Illuminate\\Http\\Request))
#26 C:\\xampp\\htdocs\\evolucion2024\\vendor\\laravel\\framework\\src\\Illuminate\\Session\\Middleware\\StartSession.php(64): Illuminate\\Session\\Middleware\\StartSession->handleStatefulRequest(Object(Illuminate\\Http\\Request), Object(Illuminate\\Session\\Store), Object(Closure))
#27 C:\\xampp\\htdocs\\evolucion2024\\vendor\\laravel\\framework\\src\\Illuminate\\Pipeline\\Pipeline.php(180): Illuminate\\Session\\Middleware\\StartSession->handle(Object(Illuminate\\Http\\Request), Object(Closure))
#28 C:\\xampp\\htdocs\\evolucion2024\\vendor\\laravel\\framework\\src\\Illuminate\\Cookie\\Middleware\\AddQueuedCookiesToResponse.php(37): Illuminate\\Pipeline\\Pipeline->Illuminate\\Pipeline\\{closure}(Object(Illuminate\\Http\\Request))
#29 C:\\xampp\\htdocs\\evolucion2024\\vendor\\laravel\\framework\\src\\Illuminate\\Pipeline\\Pipeline.php(180): Illuminate\\Cookie\\Middleware\\AddQueuedCookiesToResponse->handle(Object(Illuminate\\Http\\Request), Object(Closure))
#30 C:\\xampp\\htdocs\\evolucion2024\\vendor\\laravel\\framework\\src\\Illuminate\\Cookie\\Middleware\\EncryptCookies.php(67): Illuminate\\Pipeline\\Pipeline->Illuminate\\Pipeline\\{closure}(Object(Illuminate\\Http\\Request))
#31 C:\\xampp\\htdocs\\evolucion2024\\vendor\\laravel\\framework\\src\\Illuminate\\Pipeline\\Pipeline.php(180): Illuminate\\Cookie\\Middleware\\EncryptCookies->handle(Object(Illuminate\\Http\\Request), Object(Closure))
#32 C:\\xampp\\htdocs\\evolucion2024\\vendor\\laravel\\framework\\src\\Illuminate\\Pipeline\\Pipeline.php(116): Illuminate\\Pipeline\\Pipeline->Illuminate\\Pipeline\\{closure}(Object(Illuminate\\Http\\Request))
#33 C:\\xampp\\htdocs\\evolucion2024\\vendor\\laravel\\framework\\src\\Illuminate\\Routing\\Router.php(799): Illuminate\\Pipeline\\Pipeline->then(Object(Closure))
#34 C:\\xampp\\htdocs\\evolucion2024\\vendor\\laravel\\framework\\src\\Illuminate\\Routing\\Router.php(776): Illuminate\\Routing\\Router->runRouteWithinStack(Object(Illuminate\\Routing\\Route), Object(Illuminate\\Http\\Request))
#35 C:\\xampp\\htdocs\\evolucion2024\\vendor\\laravel\\framework\\src\\Illuminate\\Routing\\Router.php(740): Illuminate\\Routing\\Router->runRoute(Object(Illuminate\\Http\\Request), Object(Illuminate\\Routing\\Route))
#36 C:\\xampp\\htdocs\\evolucion2024\\vendor\\laravel\\framework\\src\\Illuminate\\Routing\\Router.php(729): Illuminate\\Routing\\Router->dispatchToRoute(Object(Illuminate\\Http\\Request))
#37 C:\\xampp\\htdocs\\evolucion2024\\vendor\\laravel\\framework\\src\\Illuminate\\Foundation\\Http\\Kernel.php(190): Illuminate\\Routing\\Router->dispatch(Object(Illuminate\\Http\\Request))
#38 C:\\xampp\\htdocs\\evolucion2024\\vendor\\laravel\\framework\\src\\Illuminate\\Pipeline\\Pipeline.php(141): Illuminate\\Foundation\\Http\\Kernel->Illuminate\\Foundation\\Http\\{closure}(Object(Illuminate\\Http\\Request))
#39 C:\\xampp\\htdocs\\evolucion2024\\vendor\\laravel\\framework\\src\\Illuminate\\Http\\Middleware\\TrustProxies.php(39): Illuminate\\Pipeline\\Pipeline->Illuminate\\Pipeline\\{closure}(Object(Illuminate\\Http\\Request))
#40 C:\\xampp\\htdocs\\evolucion2024\\vendor\\laravel\\framework\\src\\Illuminate\\Pipeline\\Pipeline.php(180): Illuminate\\Http\\Middleware\\TrustProxies->handle(Object(Illuminate\\Http\\Request), Object(Closure))
#41 C:\\xampp\\htdocs\\evolucion2024\\vendor\\laravel\\framework\\src\\Illuminate\\Foundation\\Http\\Middleware\\TransformsRequest.php(21): Illuminate\\Pipeline\\Pipeline->Illuminate\\Pipeline\\{closure}(Object(Illuminate\\Http\\Request))
#42 C:\\xampp\\htdocs\\evolucion2024\\vendor\\laravel\\framework\\src\\Illuminate\\Foundation\\Http\\Middleware\\ConvertEmptyStringsToNull.php(31): Illuminate\\Foundation\\Http\\Middleware\\TransformsRequest->handle(Object(Illuminate\\Http\\Request), Object(Closure))
#43 C:\\xampp\\htdocs\\evolucion2024\\vendor\\laravel\\framework\\src\\Illuminate\\Pipeline\\Pipeline.php(180): Illuminate\\Foundation\\Http\\Middleware\\ConvertEmptyStringsToNull->handle(Object(Illuminate\\Http\\Request), Object(Closure))
#44 C:\\xampp\\htdocs\\evolucion2024\\vendor\\laravel\\framework\\src\\Illuminate\\Foundation\\Http\\Middleware\\TransformsRequest.php(21): Illuminate\\Pipeline\\Pipeline->Illuminate\\Pipeline\\{closure}(Object(Illuminate\\Http\\Request))
#45 C:\\xampp\\htdocs\\evolucion2024\\vendor\\laravel\\framework\\src\\Illuminate\\Foundation\\Http\\Middleware\\TrimStrings.php(40): Illuminate\\Foundation\\Http\\Middleware\\TransformsRequest->handle(Object(Illuminate\\Http\\Request), Object(Closure))
#46 C:\\xampp\\htdocs\\evolucion2024\\vendor\\laravel\\framework\\src\\Illuminate\\Pipeline\\Pipeline.php(180): Illuminate\\Foundation\\Http\\Middleware\\TrimStrings->handle(Object(Illuminate\\Http\\Request), Object(Closure))
#47 C:\\xampp\\htdocs\\evolucion2024\\vendor\\laravel\\framework\\src\\Illuminate\\Foundation\\Http\\Middleware\\ValidatePostSize.php(27): Illuminate\\Pipeline\\Pipeline->Illuminate\\Pipeline\\{closure}(Object(Illuminate\\Http\\Request))
#48 C:\\xampp\\htdocs\\evolucion2024\\vendor\\laravel\\framework\\src\\Illuminate\\Pipeline\\Pipeline.php(180): Illuminate\\Foundation\\Http\\Middleware\\ValidatePostSize->handle(Object(Illuminate\\Http\\Request), Object(Closure))
#49 C:\\xampp\\htdocs\\evolucion2024\\vendor\\laravel\\framework\\src\\Illuminate\\Foundation\\Http\\Middleware\\PreventRequestsDuringMaintenance.php(86): Illuminate\\Pipeline\\Pipeline->Illuminate\\Pipeline\\{closure}(Object(Illuminate\\Http\\Request))
#50 C:\\xampp\\htdocs\\evolucion2024\\vendor\\laravel\\framework\\src\\Illuminate\\Pipeline\\Pipeline.php(180): Illuminate\\Foundation\\Http\\Middleware\\PreventRequestsDuringMaintenance->handle(Object(Illuminate\\Http\\Request), Object(Closure))
#51 C:\\xampp\\htdocs\\evolucion2024\\vendor\\laravel\\framework\\src\\Illuminate\\Pipeline\\Pipeline.php(116): Illuminate\\Pipeline\\Pipeline->Illuminate\\Pipeline\\{closure}(Object(Illuminate\\Http\\Request))
#52 C:\\xampp\\htdocs\\evolucion2024\\vendor\\laravel\\framework\\src\\Illuminate\\Foundation\\Http\\Kernel.php(165): Illuminate\\Pipeline\\Pipeline->then(Object(Closure))
#53 C:\\xampp\\htdocs\\evolucion2024\\vendor\\laravel\\framework\\src\\Illuminate\\Foundation\\Http\\Kernel.php(134): Illuminate\\Foundation\\Http\\Kernel->sendRequestThroughRouter(Object(Illuminate\\Http\\Request))
#54 C:\\xampp\\htdocs\\evolucion2024\\public\\index.php(55): Illuminate\\Foundation\\Http\\Kernel->handle(Object(Illuminate\\Http\\Request))
#55 C:\\xampp\\htdocs\\evolucion2024\\server.php(21): require_once('C:\\\\xampp\\\\htdocs...')
#56 {main}

[previous exception] [object] (ErrorException(code: 0): Undefined variable $tareasCompletadas at C:\\xampp\\htdocs\\evolucion2024\\storage\\framework\\views\\7b81b531a2b5422499a03d9c46ed57388093c5b1.php:159)
[stacktrace]
#0 C:\\xampp\\htdocs\\evolucion2024\\vendor\\laravel\\framework\\src\\Illuminate\\Foundation\\Bootstrap\\HandleExceptions.php(270): Illuminate\\Foundation\\Bootstrap\\HandleExceptions->handleError(2, 'Undefined varia...', 'C:\\\\xampp\\\\htdocs...', 159)
#1 C:\\xampp\\htdocs\\evolucion2024\\storage\\framework\\views\\7b81b531a2b5422499a03d9c46ed57388093c5b1.php(159): Illuminate\\Foundation\\Bootstrap\\HandleExceptions->Illuminate\\Foundation\\Bootstrap\\{closure}(2, 'Undefined varia...', 'C:\\\\xampp\\\\htdocs...', 159)
#2 C:\\xampp\\htdocs\\evolucion2024\\vendor\\laravel\\framework\\src\\Illuminate\\Filesystem\\Filesystem.php(109): require('C:\\\\xampp\\\\htdocs...')
#3 C:\\xampp\\htdocs\\evolucion2024\\vendor\\laravel\\framework\\src\\Illuminate\\Filesystem\\Filesystem.php(110): Illuminate\\Filesystem\\Filesystem::Illuminate\\Filesystem\\{closure}()
#4 C:\\xampp\\htdocs\\evolucion2024\\vendor\\laravel\\framework\\src\\Illuminate\\View\\Engines\\PhpEngine.php(58): Illuminate\\Filesystem\\Filesystem->getRequire('C:\\\\xampp\\\\htdocs...', Array)
#5 C:\\xampp\\htdocs\\evolucion2024\\vendor\\laravel\\framework\\src\\Illuminate\\View\\Engines\\CompilerEngine.php(70): Illuminate\\View\\Engines\\PhpEngine->evaluatePath('C:\\\\xampp\\\\htdocs...', Array)
#6 C:\\xampp\\htdocs\\evolucion2024\\vendor\\laravel\\framework\\src\\Illuminate\\View\\View.php(195): Illuminate\\View\\Engines\\CompilerEngine->get('C:\\\\xampp\\\\htdocs...', Array)
#7 C:\\xampp\\htdocs\\evolucion2024\\vendor\\laravel\\framework\\src\\Illuminate\\View\\View.php(178): Illuminate\\View\\View->getContents()
#8 C:\\xampp\\htdocs\\evolucion2024\\vendor\\laravel\\framework\\src\\Illuminate\\View\\View.php(147): Illuminate\\View\\View->renderContents()
#9 C:\\xampp\\htdocs\\evolucion2024\\vendor\\laravel\\framework\\src\\Illuminate\\Http\\Response.php(69): Illuminate\\View\\View->render()
#10 C:\\xampp\\htdocs\\evolucion2024\\vendor\\laravel\\framework\\src\\Illuminate\\Http\\Response.php(35): Illuminate\\Http\\Response->setContent(Object(Illuminate\\View\\View))
#11 C:\\xampp\\htdocs\\evolucion2024\\vendor\\laravel\\framework\\src\\Illuminate\\Routing\\Router.php(906): Illuminate\\Http\\Response->__construct(Object(Illuminate\\View\\View), 200, Array)
#12 C:\\xampp\\htdocs\\evolucion2024\\vendor\\laravel\\framework\\src\\Illuminate\\Routing\\Router.php(875): Illuminate\\Routing\\Router::toResponse(Object(Illuminate\\Http\\Request), Object(Illuminate\\View\\View))
#13 C:\\xampp\\htdocs\\evolucion2024\\vendor\\laravel\\framework\\src\\Illuminate\\Routing\\Router.php(798): Illuminate\\Routing\\Router->prepareResponse(Object(Illuminate\\Http\\Request), Object(Illuminate\\View\\View))
#14 C:\\xampp\\htdocs\\evolucion2024\\vendor\\laravel\\framework\\src\\Illuminate\\Pipeline\\Pipeline.php(141): Illuminate\\Routing\\Router->Illuminate\\Routing\\{closure}(Object(Illuminate\\Http\\Request))
#15 C:\\xampp\\htdocs\\evolucion2024\\app\\Http\\Middleware\\RedirectIfSessionExpired.php(25): Illuminate\\Pipeline\\Pipeline->Illuminate\\Pipeline\\{closure}(Object(Illuminate\\Http\\Request))
#16 C:\\xampp\\htdocs\\evolucion2024\\vendor\\laravel\\framework\\src\\Illuminate\\Pipeline\\Pipeline.php(180): App\\Http\\Middleware\\RedirectIfSessionExpired->handle(Object(Illuminate\\Http\\Request), Object(Closure))
#17 C:\\xampp\\htdocs\\evolucion2024\\vendor\\laravel\\framework\\src\\Illuminate\\Routing\\Middleware\\SubstituteBindings.php(50): Illuminate\\Pipeline\\Pipeline->Illuminate\\Pipeline\\{closure}(Object(Illuminate\\Http\\Request))
#18 C:\\xampp\\htdocs\\evolucion2024\\vendor\\laravel\\framework\\src\\Illuminate\\Pipeline\\Pipeline.php(180): Illuminate\\Routing\\Middleware\\SubstituteBindings->handle(Object(Illuminate\\Http\\Request), Object(Closure))
#19 C:\\xampp\\htdocs\\evolucion2024\\vendor\\laravel\\framework\\src\\Illuminate\\Auth\\Middleware\\Authenticate.php(44): Illuminate\\Pipeline\\Pipeline->Illuminate\\Pipeline\\{closure}(Object(Illuminate\\Http\\Request))
#20 C:\\xampp\\htdocs\\evolucion2024\\vendor\\laravel\\framework\\src\\Illuminate\\Pipeline\\Pipeline.php(180): Illuminate\\Auth\\Middleware\\Authenticate->handle(Object(Illuminate\\Http\\Request), Object(Closure))
#21 C:\\xampp\\htdocs\\evolucion2024\\vendor\\laravel\\framework\\src\\Illuminate\\Foundation\\Http\\Middleware\\VerifyCsrfToken.php(78): Illuminate\\Pipeline\\Pipeline->Illuminate\\Pipeline\\{closure}(Object(Illuminate\\Http\\Request))
#22 C:\\xampp\\htdocs\\evolucion2024\\vendor\\laravel\\framework\\src\\Illuminate\\Pipeline\\Pipeline.php(180): Illuminate\\Foundation\\Http\\Middleware\\VerifyCsrfToken->handle(Object(Illuminate\\Http\\Request), Object(Closure))
#23 C:\\xampp\\htdocs\\evolucion2024\\vendor\\laravel\\framework\\src\\Illuminate\\View\\Middleware\\ShareErrorsFromSession.php(49): Illuminate\\Pipeline\\Pipeline->Illuminate\\Pipeline\\{closure}(Object(Illuminate\\Http\\Request))
#24 C:\\xampp\\htdocs\\evolucion2024\\vendor\\laravel\\framework\\src\\Illuminate\\Pipeline\\Pipeline.php(180): Illuminate\\View\\Middleware\\ShareErrorsFromSession->handle(Object(Illuminate\\Http\\Request), Object(Closure))
#25 C:\\xampp\\htdocs\\evolucion2024\\vendor\\laravel\\framework\\src\\Illuminate\\Session\\Middleware\\StartSession.php(121): Illuminate\\Pipeline\\Pipeline->Illuminate\\Pipeline\\{closure}(Object(Illuminate\\Http\\Request))
#26 C:\\xampp\\htdocs\\evolucion2024\\vendor\\laravel\\framework\\src\\Illuminate\\Session\\Middleware\\StartSession.php(64): Illuminate\\Session\\Middleware\\StartSession->handleStatefulRequest(Object(Illuminate\\Http\\Request), Object(Illuminate\\Session\\Store), Object(Closure))
#27 C:\\xampp\\htdocs\\evolucion2024\\vendor\\laravel\\framework\\src\\Illuminate\\Pipeline\\Pipeline.php(180): Illuminate\\Session\\Middleware\\StartSession->handle(Object(Illuminate\\Http\\Request), Object(Closure))
#28 C:\\xampp\\htdocs\\evolucion2024\\vendor\\laravel\\framework\\src\\Illuminate\\Cookie\\Middleware\\AddQueuedCookiesToResponse.php(37): Illuminate\\Pipeline\\Pipeline->Illuminate\\Pipeline\\{closure}(Object(Illuminate\\Http\\Request))
#29 C:\\xampp\\htdocs\\evolucion2024\\vendor\\laravel\\framework\\src\\Illuminate\\Pipeline\\Pipeline.php(180): Illuminate\\Cookie\\Middleware\\AddQueuedCookiesToResponse->handle(Object(Illuminate\\Http\\Request), Object(Closure))
#30 C:\\xampp\\htdocs\\evolucion2024\\vendor\\laravel\\framework\\src\\Illuminate\\Cookie\\Middleware\\EncryptCookies.php(67): Illuminate\\Pipeline\\Pipeline->Illuminate\\Pipeline\\{closure}(Object(Illuminate\\Http\\Request))
#31 C:\\xampp\\htdocs\\evolucion2024\\vendor\\laravel\\framework\\src\\Illuminate\\Pipeline\\Pipeline.php(180): Illuminate\\Cookie\\Middleware\\EncryptCookies->handle(Object(Illuminate\\Http\\Request), Object(Closure))
#32 C:\\xampp\\htdocs\\evolucion2024\\vendor\\laravel\\framework\\src\\Illuminate\\Pipeline\\Pipeline.php(116): Illuminate\\Pipeline\\Pipeline->Illuminate\\Pipeline\\{closure}(Object(Illuminate\\Http\\Request))
#33 C:\\xampp\\htdocs\\evolucion2024\\vendor\\laravel\\framework\\src\\Illuminate\\Routing\\Router.php(799): Illuminate\\Pipeline\\Pipeline->then(Object(Closure))
#34 C:\\xampp\\htdocs\\evolucion2024\\vendor\\laravel\\framework\\src\\Illuminate\\Routing\\Router.php(776): Illuminate\\Routing\\Router->runRouteWithinStack(Object(Illuminate\\Routing\\Route), Object(Illuminate\\Http\\Request))
#35 C:\\xampp\\htdocs\\evolucion2024\\vendor\\laravel\\framework\\src\\Illuminate\\Routing\\Router.php(740): Illuminate\\Routing\\Router->runRoute(Object(Illuminate\\Http\\Request), Object(Illuminate\\Routing\\Route))
#36 C:\\xampp\\htdocs\\evolucion2024\\vendor\\laravel\\framework\\src\\Illuminate\\Routing\\Router.php(729): Illuminate\\Routing\\Router->dispatchToRoute(Object(Illuminate\\Http\\Request))
#37 C:\\xampp\\htdocs\\evolucion2024\\vendor\\laravel\\framework\\src\\Illuminate\\Foundation\\Http\\Kernel.php(190): Illuminate\\Routing\\Router->dispatch(Object(Illuminate\\Http\\Request))
#38 C:\\xampp\\htdocs\\evolucion2024\\vendor\\laravel\\framework\\src\\Illuminate\\Pipeline\\Pipeline.php(141): Illuminate\\Foundation\\Http\\Kernel->Illuminate\\Foundation\\Http\\{closure}(Object(Illuminate\\Http\\Request))
#39 C:\\xampp\\htdocs\\evolucion2024\\vendor\\laravel\\framework\\src\\Illuminate\\Http\\Middleware\\TrustProxies.php(39): Illuminate\\Pipeline\\Pipeline->Illuminate\\Pipeline\\{closure}(Object(Illuminate\\Http\\Request))
#40 C:\\xampp\\htdocs\\evolucion2024\\vendor\\laravel\\framework\\src\\Illuminate\\Pipeline\\Pipeline.php(180): Illuminate\\Http\\Middleware\\TrustProxies->handle(Object(Illuminate\\Http\\Request), Object(Closure))
#41 C:\\xampp\\htdocs\\evolucion2024\\vendor\\laravel\\framework\\src\\Illuminate\\Foundation\\Http\\Middleware\\TransformsRequest.php(21): Illuminate\\Pipeline\\Pipeline->Illuminate\\Pipeline\\{closure}(Object(Illuminate\\Http\\Request))
#42 C:\\xampp\\htdocs\\evolucion2024\\vendor\\laravel\\framework\\src\\Illuminate\\Foundation\\Http\\Middleware\\ConvertEmptyStringsToNull.php(31): Illuminate\\Foundation\\Http\\Middleware\\TransformsRequest->handle(Object(Illuminate\\Http\\Request), Object(Closure))
#43 C:\\xampp\\htdocs\\evolucion2024\\vendor\\laravel\\framework\\src\\Illuminate\\Pipeline\\Pipeline.php(180): Illuminate\\Foundation\\Http\\Middleware\\ConvertEmptyStringsToNull->handle(Object(Illuminate\\Http\\Request), Object(Closure))
#44 C:\\xampp\\htdocs\\evolucion2024\\vendor\\laravel\\framework\\src\\Illuminate\\Foundation\\Http\\Middleware\\TransformsRequest.php(21): Illuminate\\Pipeline\\Pipeline->Illuminate\\Pipeline\\{closure}(Object(Illuminate\\Http\\Request))
#45 C:\\xampp\\htdocs\\evolucion2024\\vendor\\laravel\\framework\\src\\Illuminate\\Foundation\\Http\\Middleware\\TrimStrings.php(40): Illuminate\\Foundation\\Http\\Middleware\\TransformsRequest->handle(Object(Illuminate\\Http\\Request), Object(Closure))
#46 C:\\xampp\\htdocs\\evolucion2024\\vendor\\laravel\\framework\\src\\Illuminate\\Pipeline\\Pipeline.php(180): Illuminate\\Foundation\\Http\\Middleware\\TrimStrings->handle(Object(Illuminate\\Http\\Request), Object(Closure))
#47 C:\\xampp\\htdocs\\evolucion2024\\vendor\\laravel\\framework\\src\\Illuminate\\Foundation\\Http\\Middleware\\ValidatePostSize.php(27): Illuminate\\Pipeline\\Pipeline->Illuminate\\Pipeline\\{closure}(Object(Illuminate\\Http\\Request))
#48 C:\\xampp\\htdocs\\evolucion2024\\vendor\\laravel\\framework\\src\\Illuminate\\Pipeline\\Pipeline.php(180): Illuminate\\Foundation\\Http\\Middleware\\ValidatePostSize->handle(Object(Illuminate\\Http\\Request), Object(Closure))
#49 C:\\xampp\\htdocs\\evolucion2024\\vendor\\laravel\\framework\\src\\Illuminate\\Foundation\\Http\\Middleware\\PreventRequestsDuringMaintenance.php(86): Illuminate\\Pipeline\\Pipeline->Illuminate\\Pipeline\\{closure}(Object(Illuminate\\Http\\Request))
#50 C:\\xampp\\htdocs\\evolucion2024\\vendor\\laravel\\framework\\src\\Illuminate\\Pipeline\\Pipeline.php(180): Illuminate\\Foundation\\Http\\Middleware\\PreventRequestsDuringMaintenance->handle(Object(Illuminate\\Http\\Request), Object(Closure))
#51 C:\\xampp\\htdocs\\evolucion2024\\vendor\\laravel\\framework\\src\\Illuminate\\Pipeline\\Pipeline.php(116): Illuminate\\Pipeline\\Pipeline->Illuminate\\Pipeline\\{closure}(Object(Illuminate\\Http\\Request))
#52 C:\\xampp\\htdocs\\evolucion2024\\vendor\\laravel\\framework\\src\\Illuminate\\Foundation\\Http\\Kernel.php(165): Illuminate\\Pipeline\\Pipeline->then(Object(Closure))
#53 C:\\xampp\\htdocs\\evolucion2024\\vendor\\laravel\\framework\\src\\Illuminate\\Foundation\\Http\\Kernel.php(134): Illuminate\\Foundation\\Http\\Kernel->sendRequestThroughRouter(Object(Illuminate\\Http\\Request))
#54 C:\\xampp\\htdocs\\evolucion2024\\public\\index.php(55): Illuminate\\Foundation\\Http\\Kernel->handle(Object(Illuminate\\Http\\Request))
#55 C:\\xampp\\htdocs\\evolucion2024\\server.php(21): require_once('C:\\\\xampp\\\\htdocs...')
#56 {main}
"} 
[2025-02-12 17:11:38] production.ERROR: Undefined variable $tareasCompletadas {"view":{"view":"C:\\xampp\\htdocs\\evolucion2024\\resources\\views\\player\\capitulos.blade.php","data":{"errors":"<pre class=sf-dump id=sf-dump-1501628271 data-indent-pad=\"  \"><span class=sf-dump-note>Illuminate\\Support\\ViewErrorBag</span> {<a class=sf-dump-ref>#1550</a><samp data-depth=1 class=sf-dump-expanded>
  #<span class=sf-dump-protected title=\"Protected property\">bags</span>: []
</samp>}
</pre><script>Sfdump(\"sf-dump-1501628271\", {\"maxDepth\":3,\"maxStringLength\":160})</script>
","retos":"<pre class=sf-dump id=sf-dump-582208727 data-indent-pad=\"  \"><span class=sf-dump-note>Illuminate\\Database\\Eloquent\\Collection</span> {<a class=sf-dump-ref>#1596</a><samp data-depth=1 class=sf-dump-expanded>
  #<span class=sf-dump-protected title=\"Protected property\">items</span>: <span class=sf-dump-note>array:8</span> [<samp data-depth=2 class=sf-dump-compact>
    <span class=sf-dump-index>0</span> => <span class=sf-dump-note title=\"App\\Challenge
\"><span class=\"sf-dump-ellipsis sf-dump-ellipsis-note\">App</span><span class=\"sf-dump-ellipsis sf-dump-ellipsis-note\">\\</span>Challenge</span> {<a class=sf-dump-ref>#1598</a><samp data-depth=3 class=sf-dump-compact>
      #<span class=sf-dump-protected title=\"Protected property\">connection</span>: \"<span class=sf-dump-str title=\"5 characters\">mysql</span>\"
      #<span class=sf-dump-protected title=\"Protected property\">table</span>: \"<span class=sf-dump-str title=\"10 characters\">challenges</span>\"
      #<span class=sf-dump-protected title=\"Protected property\">primaryKey</span>: \"<span class=sf-dump-str title=\"2 characters\">id</span>\"
      #<span class=sf-dump-protected title=\"Protected property\">keyType</span>: \"<span class=sf-dump-str title=\"3 characters\">int</span>\"
      +<span class=sf-dump-public title=\"Public property\">incrementing</span>: <span class=sf-dump-const>true</span>
      #<span class=sf-dump-protected title=\"Protected property\">with</span>: []
      #<span class=sf-dump-protected title=\"Protected property\">withCount</span>: []
      +<span class=sf-dump-public title=\"Public property\">preventsLazyLoading</span>: <span class=sf-dump-const>false</span>
      #<span class=sf-dump-protected title=\"Protected property\">perPage</span>: <span class=sf-dump-num>15</span>
      +<span class=sf-dump-public title=\"Public property\">exists</span>: <span class=sf-dump-const>true</span>
      +<span class=sf-dump-public title=\"Public property\">wasRecentlyCreated</span>: <span class=sf-dump-const>false</span>
      #<span class=sf-dump-protected title=\"Protected property\">escapeWhenCastingToString</span>: <span class=sf-dump-const>false</span>
      #<span class=sf-dump-protected title=\"Protected property\">attributes</span>: <span class=sf-dump-note>array:18</span> [ &#8230;18]
      #<span class=sf-dump-protected title=\"Protected property\">original</span>: <span class=sf-dump-note>array:18</span> [ &#8230;18]
      #<span class=sf-dump-protected title=\"Protected property\">changes</span>: []
      #<span class=sf-dump-protected title=\"Protected property\">casts</span>: []
      #<span class=sf-dump-protected title=\"Protected property\">classCastCache</span>: []
      #<span class=sf-dump-protected title=\"Protected property\">attributeCastCache</span>: []
      #<span class=sf-dump-protected title=\"Protected property\">dates</span>: []
      #<span class=sf-dump-protected title=\"Protected property\">dateFormat</span>: <span class=sf-dump-const>null</span>
      #<span class=sf-dump-protected title=\"Protected property\">appends</span>: []
      #<span class=sf-dump-protected title=\"Protected property\">dispatchesEvents</span>: []
      #<span class=sf-dump-protected title=\"Protected property\">observables</span>: []
      #<span class=sf-dump-protected title=\"Protected property\">relations</span>: []
      #<span class=sf-dump-protected title=\"Protected property\">touches</span>: []
      +<span class=sf-dump-public title=\"Public property\">timestamps</span>: <span class=sf-dump-const>true</span>
      #<span class=sf-dump-protected title=\"Protected property\">hidden</span>: []
      #<span class=sf-dump-protected title=\"Protected property\">visible</span>: []
      #<span class=sf-dump-protected title=\"Protected property\">fillable</span>: []
      #<span class=sf-dump-protected title=\"Protected property\">guarded</span>: <span class=sf-dump-note>array:1</span> [ &#8230;1]
    </samp>}
    <span class=sf-dump-index>1</span> => <span class=sf-dump-note title=\"App\\Challenge
\"><span class=\"sf-dump-ellipsis sf-dump-ellipsis-note\">App</span><span class=\"sf-dump-ellipsis sf-dump-ellipsis-note\">\\</span>Challenge</span> {<a class=sf-dump-ref>#1599</a><samp data-depth=3 class=sf-dump-compact>
      #<span class=sf-dump-protected title=\"Protected property\">connection</span>: \"<span class=sf-dump-str title=\"5 characters\">mysql</span>\"
      #<span class=sf-dump-protected title=\"Protected property\">table</span>: \"<span class=sf-dump-str title=\"10 characters\">challenges</span>\"
      #<span class=sf-dump-protected title=\"Protected property\">primaryKey</span>: \"<span class=sf-dump-str title=\"2 characters\">id</span>\"
      #<span class=sf-dump-protected title=\"Protected property\">keyType</span>: \"<span class=sf-dump-str title=\"3 characters\">int</span>\"
      +<span class=sf-dump-public title=\"Public property\">incrementing</span>: <span class=sf-dump-const>true</span>
      #<span class=sf-dump-protected title=\"Protected property\">with</span>: []
      #<span class=sf-dump-protected title=\"Protected property\">withCount</span>: []
      +<span class=sf-dump-public title=\"Public property\">preventsLazyLoading</span>: <span class=sf-dump-const>false</span>
      #<span class=sf-dump-protected title=\"Protected property\">perPage</span>: <span class=sf-dump-num>15</span>
      +<span class=sf-dump-public title=\"Public property\">exists</span>: <span class=sf-dump-const>true</span>
      +<span class=sf-dump-public title=\"Public property\">wasRecentlyCreated</span>: <span class=sf-dump-const>false</span>
      #<span class=sf-dump-protected title=\"Protected property\">escapeWhenCastingToString</span>: <span class=sf-dump-const>false</span>
      #<span class=sf-dump-protected title=\"Protected property\">attributes</span>: <span class=sf-dump-note>array:18</span> [ &#8230;18]
      #<span class=sf-dump-protected title=\"Protected property\">original</span>: <span class=sf-dump-note>array:18</span> [ &#8230;18]
      #<span class=sf-dump-protected title=\"Protected property\">changes</span>: []
      #<span class=sf-dump-protected title=\"Protected property\">casts</span>: []
      #<span class=sf-dump-protected title=\"Protected property\">classCastCache</span>: []
      #<span class=sf-dump-protected title=\"Protected property\">attributeCastCache</span>: []
      #<span class=sf-dump-protected title=\"Protected property\">dates</span>: []
      #<span class=sf-dump-protected title=\"Protected property\">dateFormat</span>: <span class=sf-dump-const>null</span>
      #<span class=sf-dump-protected title=\"Protected property\">appends</span>: []
      #<span class=sf-dump-protected title=\"Protected property\">dispatchesEvents</span>: []
      #<span class=sf-dump-protected title=\"Protected property\">observables</span>: []
      #<span class=sf-dump-protected title=\"Protected property\">relations</span>: []
      #<span class=sf-dump-protected title=\"Protected property\">touches</span>: []
      +<span class=sf-dump-public title=\"Public property\">timestamps</span>: <span class=sf-dump-const>true</span>
      #<span class=sf-dump-protected title=\"Protected property\">hidden</span>: []
      #<span class=sf-dump-protected title=\"Protected property\">visible</span>: []
      #<span class=sf-dump-protected title=\"Protected property\">fillable</span>: []
      #<span class=sf-dump-protected title=\"Protected property\">guarded</span>: <span class=sf-dump-note>array:1</span> [ &#8230;1]
    </samp>}
    <span class=sf-dump-index>2</span> => <span class=sf-dump-note title=\"App\\Challenge
\"><span class=\"sf-dump-ellipsis sf-dump-ellipsis-note\">App</span><span class=\"sf-dump-ellipsis sf-dump-ellipsis-note\">\\</span>Challenge</span> {<a class=sf-dump-ref>#1600</a><samp data-depth=3 class=sf-dump-compact>
      #<span class=sf-dump-protected title=\"Protected property\">connection</span>: \"<span class=sf-dump-str title=\"5 characters\">mysql</span>\"
      #<span class=sf-dump-protected title=\"Protected property\">table</span>: \"<span class=sf-dump-str title=\"10 characters\">challenges</span>\"
      #<span class=sf-dump-protected title=\"Protected property\">primaryKey</span>: \"<span class=sf-dump-str title=\"2 characters\">id</span>\"
      #<span class=sf-dump-protected title=\"Protected property\">keyType</span>: \"<span class=sf-dump-str title=\"3 characters\">int</span>\"
      +<span class=sf-dump-public title=\"Public property\">incrementing</span>: <span class=sf-dump-const>true</span>
      #<span class=sf-dump-protected title=\"Protected property\">with</span>: []
      #<span class=sf-dump-protected title=\"Protected property\">withCount</span>: []
      +<span class=sf-dump-public title=\"Public property\">preventsLazyLoading</span>: <span class=sf-dump-const>false</span>
      #<span class=sf-dump-protected title=\"Protected property\">perPage</span>: <span class=sf-dump-num>15</span>
      +<span class=sf-dump-public title=\"Public property\">exists</span>: <span class=sf-dump-const>true</span>
      +<span class=sf-dump-public title=\"Public property\">wasRecentlyCreated</span>: <span class=sf-dump-const>false</span>
      #<span class=sf-dump-protected title=\"Protected property\">escapeWhenCastingToString</span>: <span class=sf-dump-const>false</span>
      #<span class=sf-dump-protected title=\"Protected property\">attributes</span>: <span class=sf-dump-note>array:18</span> [ &#8230;18]
      #<span class=sf-dump-protected title=\"Protected property\">original</span>: <span class=sf-dump-note>array:18</span> [ &#8230;18]
      #<span class=sf-dump-protected title=\"Protected property\">changes</span>: []
      #<span class=sf-dump-protected title=\"Protected property\">casts</span>: []
      #<span class=sf-dump-protected title=\"Protected property\">classCastCache</span>: []
      #<span class=sf-dump-protected title=\"Protected property\">attributeCastCache</span>: []
      #<span class=sf-dump-protected title=\"Protected property\">dates</span>: []
      #<span class=sf-dump-protected title=\"Protected property\">dateFormat</span>: <span class=sf-dump-const>null</span>
      #<span class=sf-dump-protected title=\"Protected property\">appends</span>: []
      #<span class=sf-dump-protected title=\"Protected property\">dispatchesEvents</span>: []
      #<span class=sf-dump-protected title=\"Protected property\">observables</span>: []
      #<span class=sf-dump-protected title=\"Protected property\">relations</span>: []
      #<span class=sf-dump-protected title=\"Protected property\">touches</span>: []
      +<span class=sf-dump-public title=\"Public property\">timestamps</span>: <span class=sf-dump-const>true</span>
      #<span class=sf-dump-protected title=\"Protected property\">hidden</span>: []
      #<span class=sf-dump-protected title=\"Protected property\">visible</span>: []
      #<span class=sf-dump-protected title=\"Protected property\">fillable</span>: []
      #<span class=sf-dump-protected title=\"Protected property\">guarded</span>: <span class=sf-dump-note>array:1</span> [ &#8230;1]
    </samp>}
    <span class=sf-dump-index>3</span> => <span class=sf-dump-note title=\"App\\Challenge
\"><span class=\"sf-dump-ellipsis sf-dump-ellipsis-note\">App</span><span class=\"sf-dump-ellipsis sf-dump-ellipsis-note\">\\</span>Challenge</span> {<a class=sf-dump-ref>#1601</a><samp data-depth=3 class=sf-dump-compact>
      #<span class=sf-dump-protected title=\"Protected property\">connection</span>: \"<span class=sf-dump-str title=\"5 characters\">mysql</span>\"
      #<span class=sf-dump-protected title=\"Protected property\">table</span>: \"<span class=sf-dump-str title=\"10 characters\">challenges</span>\"
      #<span class=sf-dump-protected title=\"Protected property\">primaryKey</span>: \"<span class=sf-dump-str title=\"2 characters\">id</span>\"
      #<span class=sf-dump-protected title=\"Protected property\">keyType</span>: \"<span class=sf-dump-str title=\"3 characters\">int</span>\"
      +<span class=sf-dump-public title=\"Public property\">incrementing</span>: <span class=sf-dump-const>true</span>
      #<span class=sf-dump-protected title=\"Protected property\">with</span>: []
      #<span class=sf-dump-protected title=\"Protected property\">withCount</span>: []
      +<span class=sf-dump-public title=\"Public property\">preventsLazyLoading</span>: <span class=sf-dump-const>false</span>
      #<span class=sf-dump-protected title=\"Protected property\">perPage</span>: <span class=sf-dump-num>15</span>
      +<span class=sf-dump-public title=\"Public property\">exists</span>: <span class=sf-dump-const>true</span>
      +<span class=sf-dump-public title=\"Public property\">wasRecentlyCreated</span>: <span class=sf-dump-const>false</span>
      #<span class=sf-dump-protected title=\"Protected property\">escapeWhenCastingToString</span>: <span class=sf-dump-const>false</span>
      #<span class=sf-dump-protected title=\"Protected property\">attributes</span>: <span class=sf-dump-note>array:18</span> [ &#8230;18]
      #<span class=sf-dump-protected title=\"Protected property\">original</span>: <span class=sf-dump-note>array:18</span> [ &#8230;18]
      #<span class=sf-dump-protected title=\"Protected property\">changes</span>: []
      #<span class=sf-dump-protected title=\"Protected property\">casts</span>: []
      #<span class=sf-dump-protected title=\"Protected property\">classCastCache</span>: []
      #<span class=sf-dump-protected title=\"Protected property\">attributeCastCache</span>: []
      #<span class=sf-dump-protected title=\"Protected property\">dates</span>: []
      #<span class=sf-dump-protected title=\"Protected property\">dateFormat</span>: <span class=sf-dump-const>null</span>
      #<span class=sf-dump-protected title=\"Protected property\">appends</span>: []
      #<span class=sf-dump-protected title=\"Protected property\">dispatchesEvents</span>: []
      #<span class=sf-dump-protected title=\"Protected property\">observables</span>: []
      #<span class=sf-dump-protected title=\"Protected property\">relations</span>: []
      #<span class=sf-dump-protected title=\"Protected property\">touches</span>: []
      +<span class=sf-dump-public title=\"Public property\">timestamps</span>: <span class=sf-dump-const>true</span>
      #<span class=sf-dump-protected title=\"Protected property\">hidden</span>: []
      #<span class=sf-dump-protected title=\"Protected property\">visible</span>: []
      #<span class=sf-dump-protected title=\"Protected property\">fillable</span>: []
      #<span class=sf-dump-protected title=\"Protected property\">guarded</span>: <span class=sf-dump-note>array:1</span> [ &#8230;1]
    </samp>}
    <span class=sf-dump-index>4</span> => <span class=sf-dump-note title=\"App\\Challenge
\"><span class=\"sf-dump-ellipsis sf-dump-ellipsis-note\">App</span><span class=\"sf-dump-ellipsis sf-dump-ellipsis-note\">\\</span>Challenge</span> {<a class=sf-dump-ref>#1602</a><samp data-depth=3 class=sf-dump-compact>
      #<span class=sf-dump-protected title=\"Protected property\">connection</span>: \"<span class=sf-dump-str title=\"5 characters\">mysql</span>\"
      #<span class=sf-dump-protected title=\"Protected property\">table</span>: \"<span class=sf-dump-str title=\"10 characters\">challenges</span>\"
      #<span class=sf-dump-protected title=\"Protected property\">primaryKey</span>: \"<span class=sf-dump-str title=\"2 characters\">id</span>\"
      #<span class=sf-dump-protected title=\"Protected property\">keyType</span>: \"<span class=sf-dump-str title=\"3 characters\">int</span>\"
      +<span class=sf-dump-public title=\"Public property\">incrementing</span>: <span class=sf-dump-const>true</span>
      #<span class=sf-dump-protected title=\"Protected property\">with</span>: []
      #<span class=sf-dump-protected title=\"Protected property\">withCount</span>: []
      +<span class=sf-dump-public title=\"Public property\">preventsLazyLoading</span>: <span class=sf-dump-const>false</span>
      #<span class=sf-dump-protected title=\"Protected property\">perPage</span>: <span class=sf-dump-num>15</span>
      +<span class=sf-dump-public title=\"Public property\">exists</span>: <span class=sf-dump-const>true</span>
      +<span class=sf-dump-public title=\"Public property\">wasRecentlyCreated</span>: <span class=sf-dump-const>false</span>
      #<span class=sf-dump-protected title=\"Protected property\">escapeWhenCastingToString</span>: <span class=sf-dump-const>false</span>
      #<span class=sf-dump-protected title=\"Protected property\">attributes</span>: <span class=sf-dump-note>array:18</span> [ &#8230;18]
      #<span class=sf-dump-protected title=\"Protected property\">original</span>: <span class=sf-dump-note>array:18</span> [ &#8230;18]
      #<span class=sf-dump-protected title=\"Protected property\">changes</span>: []
      #<span class=sf-dump-protected title=\"Protected property\">casts</span>: []
      #<span class=sf-dump-protected title=\"Protected property\">classCastCache</span>: []
      #<span class=sf-dump-protected title=\"Protected property\">attributeCastCache</span>: []
      #<span class=sf-dump-protected title=\"Protected property\">dates</span>: []
      #<span class=sf-dump-protected title=\"Protected property\">dateFormat</span>: <span class=sf-dump-const>null</span>
      #<span class=sf-dump-protected title=\"Protected property\">appends</span>: []
      #<span class=sf-dump-protected title=\"Protected property\">dispatchesEvents</span>: []
      #<span class=sf-dump-protected title=\"Protected property\">observables</span>: []
      #<span class=sf-dump-protected title=\"Protected property\">relations</span>: []
      #<span class=sf-dump-protected title=\"Protected property\">touches</span>: []
      +<span class=sf-dump-public title=\"Public property\">timestamps</span>: <span class=sf-dump-const>true</span>
      #<span class=sf-dump-protected title=\"Protected property\">hidden</span>: []
      #<span class=sf-dump-protected title=\"Protected property\">visible</span>: []
      #<span class=sf-dump-protected title=\"Protected property\">fillable</span>: []
      #<span class=sf-dump-protected title=\"Protected property\">guarded</span>: <span class=sf-dump-note>array:1</span> [ &#8230;1]
    </samp>}
    <span class=sf-dump-index>5</span> => <span class=sf-dump-note title=\"App\\Challenge
\"><span class=\"sf-dump-ellipsis sf-dump-ellipsis-note\">App</span><span class=\"sf-dump-ellipsis sf-dump-ellipsis-note\">\\</span>Challenge</span> {<a class=sf-dump-ref>#1603</a><samp data-depth=3 class=sf-dump-compact>
      #<span class=sf-dump-protected title=\"Protected property\">connection</span>: \"<span class=sf-dump-str title=\"5 characters\">mysql</span>\"
      #<span class=sf-dump-protected title=\"Protected property\">table</span>: \"<span class=sf-dump-str title=\"10 characters\">challenges</span>\"
      #<span class=sf-dump-protected title=\"Protected property\">primaryKey</span>: \"<span class=sf-dump-str title=\"2 characters\">id</span>\"
      #<span class=sf-dump-protected title=\"Protected property\">keyType</span>: \"<span class=sf-dump-str title=\"3 characters\">int</span>\"
      +<span class=sf-dump-public title=\"Public property\">incrementing</span>: <span class=sf-dump-const>true</span>
      #<span class=sf-dump-protected title=\"Protected property\">with</span>: []
      #<span class=sf-dump-protected title=\"Protected property\">withCount</span>: []
      +<span class=sf-dump-public title=\"Public property\">preventsLazyLoading</span>: <span class=sf-dump-const>false</span>
      #<span class=sf-dump-protected title=\"Protected property\">perPage</span>: <span class=sf-dump-num>15</span>
      +<span class=sf-dump-public title=\"Public property\">exists</span>: <span class=sf-dump-const>true</span>
      +<span class=sf-dump-public title=\"Public property\">wasRecentlyCreated</span>: <span class=sf-dump-const>false</span>
      #<span class=sf-dump-protected title=\"Protected property\">escapeWhenCastingToString</span>: <span class=sf-dump-const>false</span>
      #<span class=sf-dump-protected title=\"Protected property\">attributes</span>: <span class=sf-dump-note>array:18</span> [ &#8230;18]
      #<span class=sf-dump-protected title=\"Protected property\">original</span>: <span class=sf-dump-note>array:18</span> [ &#8230;18]
      #<span class=sf-dump-protected title=\"Protected property\">changes</span>: []
      #<span class=sf-dump-protected title=\"Protected property\">casts</span>: []
      #<span class=sf-dump-protected title=\"Protected property\">classCastCache</span>: []
      #<span class=sf-dump-protected title=\"Protected property\">attributeCastCache</span>: []
      #<span class=sf-dump-protected title=\"Protected property\">dates</span>: []
      #<span class=sf-dump-protected title=\"Protected property\">dateFormat</span>: <span class=sf-dump-const>null</span>
      #<span class=sf-dump-protected title=\"Protected property\">appends</span>: []
      #<span class=sf-dump-protected title=\"Protected property\">dispatchesEvents</span>: []
      #<span class=sf-dump-protected title=\"Protected property\">observables</span>: []
      #<span class=sf-dump-protected title=\"Protected property\">relations</span>: []
      #<span class=sf-dump-protected title=\"Protected property\">touches</span>: []
      +<span class=sf-dump-public title=\"Public property\">timestamps</span>: <span class=sf-dump-const>true</span>
      #<span class=sf-dump-protected title=\"Protected property\">hidden</span>: []
      #<span class=sf-dump-protected title=\"Protected property\">visible</span>: []
      #<span class=sf-dump-protected title=\"Protected property\">fillable</span>: []
      #<span class=sf-dump-protected title=\"Protected property\">guarded</span>: <span class=sf-dump-note>array:1</span> [ &#8230;1]
    </samp>}
    <span class=sf-dump-index>6</span> => <span class=sf-dump-note title=\"App\\Challenge
\"><span class=\"sf-dump-ellipsis sf-dump-ellipsis-note\">App</span><span class=\"sf-dump-ellipsis sf-dump-ellipsis-note\">\\</span>Challenge</span> {<a class=sf-dump-ref>#1604</a><samp data-depth=3 class=sf-dump-compact>
      #<span class=sf-dump-protected title=\"Protected property\">connection</span>: \"<span class=sf-dump-str title=\"5 characters\">mysql</span>\"
      #<span class=sf-dump-protected title=\"Protected property\">table</span>: \"<span class=sf-dump-str title=\"10 characters\">challenges</span>\"
      #<span class=sf-dump-protected title=\"Protected property\">primaryKey</span>: \"<span class=sf-dump-str title=\"2 characters\">id</span>\"
      #<span class=sf-dump-protected title=\"Protected property\">keyType</span>: \"<span class=sf-dump-str title=\"3 characters\">int</span>\"
      +<span class=sf-dump-public title=\"Public property\">incrementing</span>: <span class=sf-dump-const>true</span>
      #<span class=sf-dump-protected title=\"Protected property\">with</span>: []
      #<span class=sf-dump-protected title=\"Protected property\">withCount</span>: []
      +<span class=sf-dump-public title=\"Public property\">preventsLazyLoading</span>: <span class=sf-dump-const>false</span>
      #<span class=sf-dump-protected title=\"Protected property\">perPage</span>: <span class=sf-dump-num>15</span>
      +<span class=sf-dump-public title=\"Public property\">exists</span>: <span class=sf-dump-const>true</span>
      +<span class=sf-dump-public title=\"Public property\">wasRecentlyCreated</span>: <span class=sf-dump-const>false</span>
      #<span class=sf-dump-protected title=\"Protected property\">escapeWhenCastingToString</span>: <span class=sf-dump-const>false</span>
      #<span class=sf-dump-protected title=\"Protected property\">attributes</span>: <span class=sf-dump-note>array:18</span> [ &#8230;18]
      #<span class=sf-dump-protected title=\"Protected property\">original</span>: <span class=sf-dump-note>array:18</span> [ &#8230;18]
      #<span class=sf-dump-protected title=\"Protected property\">changes</span>: []
      #<span class=sf-dump-protected title=\"Protected property\">casts</span>: []
      #<span class=sf-dump-protected title=\"Protected property\">classCastCache</span>: []
      #<span class=sf-dump-protected title=\"Protected property\">attributeCastCache</span>: []
      #<span class=sf-dump-protected title=\"Protected property\">dates</span>: []
      #<span class=sf-dump-protected title=\"Protected property\">dateFormat</span>: <span class=sf-dump-const>null</span>
      #<span class=sf-dump-protected title=\"Protected property\">appends</span>: []
      #<span class=sf-dump-protected title=\"Protected property\">dispatchesEvents</span>: []
      #<span class=sf-dump-protected title=\"Protected property\">observables</span>: []
      #<span class=sf-dump-protected title=\"Protected property\">relations</span>: []
      #<span class=sf-dump-protected title=\"Protected property\">touches</span>: []
      +<span class=sf-dump-public title=\"Public property\">timestamps</span>: <span class=sf-dump-const>true</span>
      #<span class=sf-dump-protected title=\"Protected property\">hidden</span>: []
      #<span class=sf-dump-protected title=\"Protected property\">visible</span>: []
      #<span class=sf-dump-protected title=\"Protected property\">fillable</span>: []
      #<span class=sf-dump-protected title=\"Protected property\">guarded</span>: <span class=sf-dump-note>array:1</span> [ &#8230;1]
    </samp>}
    <span class=sf-dump-index>7</span> => <span class=sf-dump-note title=\"App\\Challenge
\"><span class=\"sf-dump-ellipsis sf-dump-ellipsis-note\">App</span><span class=\"sf-dump-ellipsis sf-dump-ellipsis-note\">\\</span>Challenge</span> {<a class=sf-dump-ref>#1605</a><samp data-depth=3 class=sf-dump-compact>
      #<span class=sf-dump-protected title=\"Protected property\">connection</span>: \"<span class=sf-dump-str title=\"5 characters\">mysql</span>\"
      #<span class=sf-dump-protected title=\"Protected property\">table</span>: \"<span class=sf-dump-str title=\"10 characters\">challenges</span>\"
      #<span class=sf-dump-protected title=\"Protected property\">primaryKey</span>: \"<span class=sf-dump-str title=\"2 characters\">id</span>\"
      #<span class=sf-dump-protected title=\"Protected property\">keyType</span>: \"<span class=sf-dump-str title=\"3 characters\">int</span>\"
      +<span class=sf-dump-public title=\"Public property\">incrementing</span>: <span class=sf-dump-const>true</span>
      #<span class=sf-dump-protected title=\"Protected property\">with</span>: []
      #<span class=sf-dump-protected title=\"Protected property\">withCount</span>: []
      +<span class=sf-dump-public title=\"Public property\">preventsLazyLoading</span>: <span class=sf-dump-const>false</span>
      #<span class=sf-dump-protected title=\"Protected property\">perPage</span>: <span class=sf-dump-num>15</span>
      +<span class=sf-dump-public title=\"Public property\">exists</span>: <span class=sf-dump-const>true</span>
      +<span class=sf-dump-public title=\"Public property\">wasRecentlyCreated</span>: <span class=sf-dump-const>false</span>
      #<span class=sf-dump-protected title=\"Protected property\">escapeWhenCastingToString</span>: <span class=sf-dump-const>false</span>
      #<span class=sf-dump-protected title=\"Protected property\">attributes</span>: <span class=sf-dump-note>array:18</span> [ &#8230;18]
      #<span class=sf-dump-protected title=\"Protected property\">original</span>: <span class=sf-dump-note>array:18</span> [ &#8230;18]
      #<span class=sf-dump-protected title=\"Protected property\">changes</span>: []
      #<span class=sf-dump-protected title=\"Protected property\">casts</span>: []
      #<span class=sf-dump-protected title=\"Protected property\">classCastCache</span>: []
      #<span class=sf-dump-protected title=\"Protected property\">attributeCastCache</span>: []
      #<span class=sf-dump-protected title=\"Protected property\">dates</span>: []
      #<span class=sf-dump-protected title=\"Protected property\">dateFormat</span>: <span class=sf-dump-const>null</span>
      #<span class=sf-dump-protected title=\"Protected property\">appends</span>: []
      #<span class=sf-dump-protected title=\"Protected property\">dispatchesEvents</span>: []
      #<span class=sf-dump-protected title=\"Protected property\">observables</span>: []
      #<span class=sf-dump-protected title=\"Protected property\">relations</span>: []
      #<span class=sf-dump-protected title=\"Protected property\">touches</span>: []
      +<span class=sf-dump-public title=\"Public property\">timestamps</span>: <span class=sf-dump-const>true</span>
      #<span class=sf-dump-protected title=\"Protected property\">hidden</span>: []
      #<span class=sf-dump-protected title=\"Protected property\">visible</span>: []
      #<span class=sf-dump-protected title=\"Protected property\">fillable</span>: []
      #<span class=sf-dump-protected title=\"Protected property\">guarded</span>: <span class=sf-dump-note>array:1</span> [ &#8230;1]
    </samp>}
  </samp>]
  #<span class=sf-dump-protected title=\"Protected property\">escapeWhenCastingToString</span>: <span class=sf-dump-const>false</span>
</samp>}
</pre><script>Sfdump(\"sf-dump-582208727\", {\"maxDepth\":3,\"maxStringLength\":160})</script>
","capitulos":"<pre class=sf-dump id=sf-dump-484532980 data-indent-pad=\"  \"><span class=sf-dump-note>App\\Chapter</span> {<a class=sf-dump-ref>#1588</a><samp data-depth=1 class=sf-dump-expanded>
  #<span class=sf-dump-protected title=\"Protected property\">connection</span>: \"<span class=sf-dump-str title=\"5 characters\">mysql</span>\"
  #<span class=sf-dump-protected title=\"Protected property\">table</span>: \"<span class=sf-dump-str title=\"8 characters\">chapters</span>\"
  #<span class=sf-dump-protected title=\"Protected property\">primaryKey</span>: \"<span class=sf-dump-str title=\"2 characters\">id</span>\"
  #<span class=sf-dump-protected title=\"Protected property\">keyType</span>: \"<span class=sf-dump-str title=\"3 characters\">int</span>\"
  +<span class=sf-dump-public title=\"Public property\">incrementing</span>: <span class=sf-dump-const>true</span>
  #<span class=sf-dump-protected title=\"Protected property\">with</span>: []
  #<span class=sf-dump-protected title=\"Protected property\">withCount</span>: []
  +<span class=sf-dump-public title=\"Public property\">preventsLazyLoading</span>: <span class=sf-dump-const>false</span>
  #<span class=sf-dump-protected title=\"Protected property\">perPage</span>: <span class=sf-dump-num>15</span>
  +<span class=sf-dump-public title=\"Public property\">exists</span>: <span class=sf-dump-const>true</span>
  +<span class=sf-dump-public title=\"Public property\">wasRecentlyCreated</span>: <span class=sf-dump-const>false</span>
  #<span class=sf-dump-protected title=\"Protected property\">escapeWhenCastingToString</span>: <span class=sf-dump-const>false</span>
  #<span class=sf-dump-protected title=\"Protected property\">attributes</span>: <span class=sf-dump-note>array:10</span> [<samp data-depth=2 class=sf-dump-compact>
    \"<span class=sf-dump-key>id</span>\" => <span class=sf-dump-num>2</span>
    \"<span class=sf-dump-key>name</span>\" => \"<span class=sf-dump-str title=\"10 characters\">Cap&#237;tulo 2</span>\"
    \"<span class=sf-dump-key>title</span>\" => \"<span class=sf-dump-str title=\"15 characters\">Auto Liderarnos</span>\"
    \"<span class=sf-dump-key>order</span>\" => <span class=sf-dump-num>2</span>
    \"<span class=sf-dump-key>videoIntro</span>\" => \"<span class=sf-dump-str title=\"14 characters\">Capitulo_1.mp4</span>\"
    \"<span class=sf-dump-key>imgintro</span>\" => \"<span class=sf-dump-str title=\"25 characters\">dist/img/chapter02_bg.jpg</span>\"
    \"<span class=sf-dump-key>description</span>\" => \"<span class=sf-dump-str title=\"122 characters\">La nave no debe estar m&#225;s tiempo en el espacio exterior, debemos aprender a influenciar sobre lo que sucede en el espacio.</span>\"
    \"<span class=sf-dump-key>time</span>\" => <span class=sf-dump-num>15</span>
    \"<span class=sf-dump-key>created_at</span>\" => \"<span class=sf-dump-str title=\"19 characters\">2020-05-05 09:27:34</span>\"
    \"<span class=sf-dump-key>updated_at</span>\" => \"<span class=sf-dump-str title=\"19 characters\">2023-07-11 10:22:56</span>\"
  </samp>]
  #<span class=sf-dump-protected title=\"Protected property\">original</span>: <span class=sf-dump-note>array:10</span> [<samp data-depth=2 class=sf-dump-compact>
    \"<span class=sf-dump-key>id</span>\" => <span class=sf-dump-num>2</span>
    \"<span class=sf-dump-key>name</span>\" => \"<span class=sf-dump-str title=\"10 characters\">Cap&#237;tulo 2</span>\"
    \"<span class=sf-dump-key>title</span>\" => \"<span class=sf-dump-str title=\"15 characters\">Auto Liderarnos</span>\"
    \"<span class=sf-dump-key>order</span>\" => <span class=sf-dump-num>2</span>
    \"<span class=sf-dump-key>videoIntro</span>\" => \"<span class=sf-dump-str title=\"14 characters\">Capitulo_1.mp4</span>\"
    \"<span class=sf-dump-key>imgintro</span>\" => \"<span class=sf-dump-str title=\"25 characters\">dist/img/chapter02_bg.jpg</span>\"
    \"<span class=sf-dump-key>description</span>\" => \"<span class=sf-dump-str title=\"122 characters\">La nave no debe estar m&#225;s tiempo en el espacio exterior, debemos aprender a influenciar sobre lo que sucede en el espacio.</span>\"
    \"<span class=sf-dump-key>time</span>\" => <span class=sf-dump-num>15</span>
    \"<span class=sf-dump-key>created_at</span>\" => \"<span class=sf-dump-str title=\"19 characters\">2020-05-05 09:27:34</span>\"
    \"<span class=sf-dump-key>updated_at</span>\" => \"<span class=sf-dump-str title=\"19 characters\">2023-07-11 10:22:56</span>\"
  </samp>]
  #<span class=sf-dump-protected title=\"Protected property\">changes</span>: []
  #<span class=sf-dump-protected title=\"Protected property\">casts</span>: []
  #<span class=sf-dump-protected title=\"Protected property\">classCastCache</span>: []
  #<span class=sf-dump-protected title=\"Protected property\">attributeCastCache</span>: []
  #<span class=sf-dump-protected title=\"Protected property\">dates</span>: []
  #<span class=sf-dump-protected title=\"Protected property\">dateFormat</span>: <span class=sf-dump-const>null</span>
  #<span class=sf-dump-protected title=\"Protected property\">appends</span>: []
  #<span class=sf-dump-protected title=\"Protected property\">dispatchesEvents</span>: []
  #<span class=sf-dump-protected title=\"Protected property\">observables</span>: []
  #<span class=sf-dump-protected title=\"Protected property\">relations</span>: []
  #<span class=sf-dump-protected title=\"Protected property\">touches</span>: []
  +<span class=sf-dump-public title=\"Public property\">timestamps</span>: <span class=sf-dump-const>true</span>
  #<span class=sf-dump-protected title=\"Protected property\">hidden</span>: []
  #<span class=sf-dump-protected title=\"Protected property\">visible</span>: []
  #<span class=sf-dump-protected title=\"Protected property\">fillable</span>: []
  #<span class=sf-dump-protected title=\"Protected property\">guarded</span>: <span class=sf-dump-note>array:1</span> [<samp data-depth=2 class=sf-dump-compact>
    <span class=sf-dump-index>0</span> => \"<span class=sf-dump-str>*</span>\"
  </samp>]
</samp>}
</pre><script>Sfdump(\"sf-dump-484532980\", {\"maxDepth\":3,\"maxStringLength\":160})</script>
","subcapitulos":"<pre class=sf-dump id=sf-dump-1774690019 data-indent-pad=\"  \"><span class=sf-dump-note>App\\Subchapter</span> {<a class=sf-dump-ref>#1586</a><samp data-depth=1 class=sf-dump-expanded>
  #<span class=sf-dump-protected title=\"Protected property\">connection</span>: \"<span class=sf-dump-str title=\"5 characters\">mysql</span>\"
  #<span class=sf-dump-protected title=\"Protected property\">table</span>: \"<span class=sf-dump-str title=\"11 characters\">subchapters</span>\"
  #<span class=sf-dump-protected title=\"Protected property\">primaryKey</span>: \"<span class=sf-dump-str title=\"2 characters\">id</span>\"
  #<span class=sf-dump-protected title=\"Protected property\">keyType</span>: \"<span class=sf-dump-str title=\"3 characters\">int</span>\"
  +<span class=sf-dump-public title=\"Public property\">incrementing</span>: <span class=sf-dump-const>true</span>
  #<span class=sf-dump-protected title=\"Protected property\">with</span>: []
  #<span class=sf-dump-protected title=\"Protected property\">withCount</span>: []
  +<span class=sf-dump-public title=\"Public property\">preventsLazyLoading</span>: <span class=sf-dump-const>false</span>
  #<span class=sf-dump-protected title=\"Protected property\">perPage</span>: <span class=sf-dump-num>15</span>
  +<span class=sf-dump-public title=\"Public property\">exists</span>: <span class=sf-dump-const>true</span>
  +<span class=sf-dump-public title=\"Public property\">wasRecentlyCreated</span>: <span class=sf-dump-const>false</span>
  #<span class=sf-dump-protected title=\"Protected property\">escapeWhenCastingToString</span>: <span class=sf-dump-const>false</span>
  #<span class=sf-dump-protected title=\"Protected property\">attributes</span>: <span class=sf-dump-note>array:11</span> [<samp data-depth=2 class=sf-dump-compact>
    \"<span class=sf-dump-key>id</span>\" => <span class=sf-dump-num>4</span>
    \"<span class=sf-dump-key>name</span>\" => \"<span class=sf-dump-str title=\"36 characters\">&#191;C&#243;mo desarrollar el auto liderazgo?</span>\"
    \"<span class=sf-dump-key>title</span>\" => \"<span class=sf-dump-str title=\"36 characters\">&#191;C&#243;mo desarrollar el auto liderazgo?</span>\"
    \"<span class=sf-dump-key>order</span>\" => <span class=sf-dump-num>2</span>
    \"<span class=sf-dump-key>description</span>\" => \"<span class=sf-dump-str title=\"50 characters\">Aprenderemos a desarrollar nuestro auto liderazgo.</span>\"
    \"<span class=sf-dump-key>s_point</span>\" => <span class=sf-dump-num>33</span>
    \"<span class=sf-dump-key>time</span>\" => <span class=sf-dump-num>100</span>
    \"<span class=sf-dump-key>created_at</span>\" => <span class=sf-dump-const>null</span>
    \"<span class=sf-dump-key>updated_at</span>\" => \"<span class=sf-dump-str title=\"19 characters\">2025-02-12 17:05:10</span>\"
    \"<span class=sf-dump-key>chapter_id</span>\" => <span class=sf-dump-num>2</span>
    \"<span class=sf-dump-key>competence_id</span>\" => <span class=sf-dump-num>11</span>
  </samp>]
  #<span class=sf-dump-protected title=\"Protected property\">original</span>: <span class=sf-dump-note>array:11</span> [<samp data-depth=2 class=sf-dump-compact>
    \"<span class=sf-dump-key>id</span>\" => <span class=sf-dump-num>4</span>
    \"<span class=sf-dump-key>name</span>\" => \"<span class=sf-dump-str title=\"36 characters\">&#191;C&#243;mo desarrollar el auto liderazgo?</span>\"
    \"<span class=sf-dump-key>title</span>\" => \"<span class=sf-dump-str title=\"36 characters\">&#191;C&#243;mo desarrollar el auto liderazgo?</span>\"
    \"<span class=sf-dump-key>order</span>\" => <span class=sf-dump-num>2</span>
    \"<span class=sf-dump-key>description</span>\" => \"<span class=sf-dump-str title=\"50 characters\">Aprenderemos a desarrollar nuestro auto liderazgo.</span>\"
    \"<span class=sf-dump-key>s_point</span>\" => <span class=sf-dump-num>33</span>
    \"<span class=sf-dump-key>time</span>\" => <span class=sf-dump-num>100</span>
    \"<span class=sf-dump-key>created_at</span>\" => <span class=sf-dump-const>null</span>
    \"<span class=sf-dump-key>updated_at</span>\" => \"<span class=sf-dump-str title=\"19 characters\">2025-02-12 17:05:10</span>\"
    \"<span class=sf-dump-key>chapter_id</span>\" => <span class=sf-dump-num>2</span>
    \"<span class=sf-dump-key>competence_id</span>\" => <span class=sf-dump-num>11</span>
  </samp>]
  #<span class=sf-dump-protected title=\"Protected property\">changes</span>: []
  #<span class=sf-dump-protected title=\"Protected property\">casts</span>: []
  #<span class=sf-dump-protected title=\"Protected property\">classCastCache</span>: []
  #<span class=sf-dump-protected title=\"Protected property\">attributeCastCache</span>: []
  #<span class=sf-dump-protected title=\"Protected property\">dates</span>: []
  #<span class=sf-dump-protected title=\"Protected property\">dateFormat</span>: <span class=sf-dump-const>null</span>
  #<span class=sf-dump-protected title=\"Protected property\">appends</span>: []
  #<span class=sf-dump-protected title=\"Protected property\">dispatchesEvents</span>: []
  #<span class=sf-dump-protected title=\"Protected property\">observables</span>: []
  #<span class=sf-dump-protected title=\"Protected property\">relations</span>: []
  #<span class=sf-dump-protected title=\"Protected property\">touches</span>: []
  +<span class=sf-dump-public title=\"Public property\">timestamps</span>: <span class=sf-dump-const>true</span>
  #<span class=sf-dump-protected title=\"Protected property\">hidden</span>: []
  #<span class=sf-dump-protected title=\"Protected property\">visible</span>: []
  #<span class=sf-dump-protected title=\"Protected property\">fillable</span>: []
  #<span class=sf-dump-protected title=\"Protected property\">guarded</span>: <span class=sf-dump-note>array:1</span> [<samp data-depth=2 class=sf-dump-compact>
    <span class=sf-dump-index>0</span> => \"<span class=sf-dump-str>*</span>\"
  </samp>]
</samp>}
</pre><script>Sfdump(\"sf-dump-1774690019\", {\"maxDepth\":3,\"maxStringLength\":160})</script>
","retospendientes":"<pre class=sf-dump id=sf-dump-1107629936 data-indent-pad=\"  \">{<a class=sf-dump-ref>#1594</a><samp data-depth=1 class=sf-dump-expanded>
  +\"<span class=sf-dump-public title=\"Runtime added dynamic property\">id</span>\": <span class=sf-dump-num>14</span>
  +\"<span class=sf-dump-public title=\"Runtime added dynamic property\">name</span>\": \"<span class=sf-dump-str title=\"21 characters\">1.2.2 Reto - C&#237;rculos</span>\"
  +\"<span class=sf-dump-public title=\"Runtime added dynamic property\">description</span>\": \"<span class=sf-dump-str title=\"209 characters\">Descarga el documento, realiza la lectura y los retos que se plantean. Para avanzar en la plataforma, deber&#225;s contestar en este reto la siguiente pregunta: &#191;Qu&#233; valor le encuentras a lo que acabas de aprender?</span>\"
  +\"<span class=sf-dump-public title=\"Runtime added dynamic property\">time</span>\": <span class=sf-dump-num>30</span>
  +\"<span class=sf-dump-public title=\"Runtime added dynamic property\">dificult</span>\": <span class=sf-dump-num>0</span>
  +\"<span class=sf-dump-public title=\"Runtime added dynamic property\">material</span>\": \"<span class=sf-dump-str title=\"30 characters\">1_2_2_RETO DE PROACTIVIDAD.pdf</span>\"
  +\"<span class=sf-dump-public title=\"Runtime added dynamic property\">urlvideo</span>\": <span class=sf-dump-const>null</span>
  +\"<span class=sf-dump-public title=\"Runtime added dynamic property\">params</span>\": <span class=sf-dump-const>null</span>
  +\"<span class=sf-dump-public title=\"Runtime added dynamic property\">s_point</span>\": <span class=sf-dump-num>4</span>
  +\"<span class=sf-dump-public title=\"Runtime added dynamic property\">i_point</span>\": <span class=sf-dump-num>15</span>
  +\"<span class=sf-dump-public title=\"Runtime added dynamic property\">g_point</span>\": <span class=sf-dump-num>0</span>
  +\"<span class=sf-dump-public title=\"Runtime added dynamic property\">gametype</span>\": <span class=sf-dump-num>1</span>
  +\"<span class=sf-dump-public title=\"Runtime added dynamic property\">created_at</span>\": \"<span class=sf-dump-str title=\"19 characters\">2021-02-07 11:52:35</span>\"
  +\"<span class=sf-dump-public title=\"Runtime added dynamic property\">updated_at</span>\": \"<span class=sf-dump-str title=\"19 characters\">2024-11-24 21:45:31</span>\"
  +\"<span class=sf-dump-public title=\"Runtime added dynamic property\">subchapter_id</span>\": <span class=sf-dump-num>4</span>
  +\"<span class=sf-dump-public title=\"Runtime added dynamic property\">challenge_type_id</span>\": <span class=sf-dump-num>7</span>
  +\"<span class=sf-dump-public title=\"Runtime added dynamic property\">id_grupo</span>\": <span class=sf-dump-num>1</span>
  +\"<span class=sf-dump-public title=\"Runtime added dynamic property\">id_insignia</span>\": <span class=sf-dump-num>100</span>
</samp>}
</pre><script>Sfdump(\"sf-dump-1107629936\", {\"maxDepth\":3,\"maxStringLength\":160})</script>
","retosfinish":"<pre class=sf-dump id=sf-dump-1199071378 data-indent-pad=\"  \"><span class=sf-dump-note>Illuminate\\Support\\Collection</span> {<a class=sf-dump-ref>#1575</a><samp data-depth=1 class=sf-dump-expanded>
  #<span class=sf-dump-protected title=\"Protected property\">items</span>: <span class=sf-dump-note>array:1</span> [<samp data-depth=2 class=sf-dump-compact>
    <span class=sf-dump-index>0</span> => {<a class=sf-dump-ref>#1595</a><samp data-depth=3 class=sf-dump-compact>
      +\"<span class=sf-dump-public title=\"Runtime added dynamic property\">id</span>\": <span class=sf-dump-num>13</span>
      +\"<span class=sf-dump-public title=\"Runtime added dynamic property\">start</span>\": \"<span class=sf-dump-str title=\"19 characters\">2025-02-12 17:05:56</span>\"
      +\"<span class=sf-dump-public title=\"Runtime added dynamic property\">end</span>\": \"<span class=sf-dump-str title=\"19 characters\">2025-02-12 17:05:56</span>\"
      +\"<span class=sf-dump-public title=\"Runtime added dynamic property\">result_api</span>\": <span class=sf-dump-num>0</span>
      +\"<span class=sf-dump-public title=\"Runtime added dynamic property\">s_point</span>\": <span class=sf-dump-num>4</span>
      +\"<span class=sf-dump-public title=\"Runtime added dynamic property\">i_point</span>\": <span class=sf-dump-num>5</span>
      +\"<span class=sf-dump-public title=\"Runtime added dynamic property\">g_point</span>\": <span class=sf-dump-num>0</span>
      +\"<span class=sf-dump-public title=\"Runtime added dynamic property\">created_at</span>\": \"<span class=sf-dump-str title=\"19 characters\">2021-02-07 11:28:32</span>\"
      +\"<span class=sf-dump-public title=\"Runtime added dynamic property\">updated_at</span>\": \"<span class=sf-dump-str title=\"19 characters\">2025-02-12 17:05:56</span>\"
      +\"<span class=sf-dump-public title=\"Runtime added dynamic property\">challenge_id</span>\": <span class=sf-dump-num>13</span>
      +\"<span class=sf-dump-public title=\"Runtime added dynamic property\">user_id</span>\": <span class=sf-dump-num>671</span>
      +\"<span class=sf-dump-public title=\"Runtime added dynamic property\">comentario</span>\": <span class=sf-dump-const>null</span>
      +\"<span class=sf-dump-public title=\"Runtime added dynamic property\">name</span>\": \"<span class=sf-dump-str title=\"26 characters\">1.2.1 Proactivo o Reactivo</span>\"
      +\"<span class=sf-dump-public title=\"Runtime added dynamic property\">description</span>\": \"<span class=sf-dump-str title=\"143 characters\">Despu&#233;s de ver el video, responde con un ejemplo dentro de tu vida (laboral o personal): &#191;Cu&#225;ndo has sido proactivo? &#191;Cu&#225;ndo has sido reactivo?</span>\"
      +\"<span class=sf-dump-public title=\"Runtime added dynamic property\">time</span>\": <span class=sf-dump-num>25</span>
      +\"<span class=sf-dump-public title=\"Runtime added dynamic property\">dificult</span>\": <span class=sf-dump-num>0</span>
      +\"<span class=sf-dump-public title=\"Runtime added dynamic property\">material</span>\": \"\"
      +\"<span class=sf-dump-public title=\"Runtime added dynamic property\">urlvideo</span>\": \"<span class=sf-dump-str title=\"23 characters\">autoLiderazgo_1_2_1.mp4</span>\"
      +\"<span class=sf-dump-public title=\"Runtime added dynamic property\">params</span>\": <span class=sf-dump-const>null</span>
      +\"<span class=sf-dump-public title=\"Runtime added dynamic property\">gametype</span>\": <span class=sf-dump-num>1</span>
      +\"<span class=sf-dump-public title=\"Runtime added dynamic property\">subchapter_id</span>\": <span class=sf-dump-num>4</span>
      +\"<span class=sf-dump-public title=\"Runtime added dynamic property\">challenge_type_id</span>\": <span class=sf-dump-num>5</span>
      +\"<span class=sf-dump-public title=\"Runtime added dynamic property\">id_grupo</span>\": <span class=sf-dump-num>1</span>
      +\"<span class=sf-dump-public title=\"Runtime added dynamic property\">id_insignia</span>\": <span class=sf-dump-num>100</span>
    </samp>}
  </samp>]
  #<span class=sf-dump-protected title=\"Protected property\">escapeWhenCastingToString</span>: <span class=sf-dump-const>false</span>
</samp>}
</pre><script>Sfdump(\"sf-dump-1199071378\", {\"maxDepth\":3,\"maxStringLength\":160})</script>
","videohidden":"<pre class=sf-dump id=sf-dump-216200740 data-indent-pad=\"  \">\"<span class=sf-dump-str title=\"6 characters\">hidden</span>\"
</pre><script>Sfdump(\"sf-dump-216200740\", {\"maxDepth\":3,\"maxStringLength\":160})</script>
","tareasusu":"<pre class=sf-dump id=sf-dump-1594959798 data-indent-pad=\"  \"><span class=sf-dump-note>Illuminate\\Support\\Collection</span> {<a class=sf-dump-ref>#1579</a><samp data-depth=1 class=sf-dump-expanded>
  #<span class=sf-dump-protected title=\"Protected property\">items</span>: <span class=sf-dump-note>array:3</span> [<samp data-depth=2 class=sf-dump-compact>
    <span class=sf-dump-index>0</span> => {<a class=sf-dump-ref>#1592</a><samp data-depth=3 class=sf-dump-compact>
      +\"<span class=sf-dump-public title=\"Runtime added dynamic property\">cap</span>\": <span class=sf-dump-num>2</span>
      +\"<span class=sf-dump-public title=\"Runtime added dynamic property\">idt</span>\": <span class=sf-dump-num>10</span>
      +\"<span class=sf-dump-public title=\"Runtime added dynamic property\">name</span>\": \"<span class=sf-dump-str title=\"44 characters\">1.1.1  &#191;Porqu&#233; es importante auto liderazgo?</span>\"
    </samp>}
    <span class=sf-dump-index>1</span> => {<a class=sf-dump-ref>#1589</a><samp data-depth=3 class=sf-dump-compact>
      +\"<span class=sf-dump-public title=\"Runtime added dynamic property\">cap</span>\": <span class=sf-dump-num>2</span>
      +\"<span class=sf-dump-public title=\"Runtime added dynamic property\">idt</span>\": <span class=sf-dump-num>12</span>
      +\"<span class=sf-dump-public title=\"Runtime added dynamic property\">name</span>\": \"<span class=sf-dump-str title=\"26 characters\">1.1.2 Preg&#250;ntale a alguien</span>\"
    </samp>}
    <span class=sf-dump-index>2</span> => {<a class=sf-dump-ref>#1607</a><samp data-depth=3 class=sf-dump-compact>
      +\"<span class=sf-dump-public title=\"Runtime added dynamic property\">cap</span>\": <span class=sf-dump-num>2</span>
      +\"<span class=sf-dump-public title=\"Runtime added dynamic property\">idt</span>\": <span class=sf-dump-num>13</span>
      +\"<span class=sf-dump-public title=\"Runtime added dynamic property\">name</span>\": \"<span class=sf-dump-str title=\"26 characters\">1.2.1 Proactivo o Reactivo</span>\"
    </samp>}
  </samp>]
  #<span class=sf-dump-protected title=\"Protected property\">escapeWhenCastingToString</span>: <span class=sf-dump-const>false</span>
</samp>}
</pre><script>Sfdump(\"sf-dump-1594959798\", {\"maxDepth\":3,\"maxStringLength\":160})</script>
","retp":"<pre class=sf-dump id=sf-dump-185381288 data-indent-pad=\"  \">{<a class=sf-dump-ref>#1594</a><samp data-depth=1 class=sf-dump-expanded>
  +\"<span class=sf-dump-public title=\"Runtime added dynamic property\">id</span>\": <span class=sf-dump-num>14</span>
  +\"<span class=sf-dump-public title=\"Runtime added dynamic property\">name</span>\": \"<span class=sf-dump-str title=\"21 characters\">1.2.2 Reto - C&#237;rculos</span>\"
  +\"<span class=sf-dump-public title=\"Runtime added dynamic property\">description</span>\": \"<span class=sf-dump-str title=\"209 characters\">Descarga el documento, realiza la lectura y los retos que se plantean. Para avanzar en la plataforma, deber&#225;s contestar en este reto la siguiente pregunta: &#191;Qu&#233; valor le encuentras a lo que acabas de aprender?</span>\"
  +\"<span class=sf-dump-public title=\"Runtime added dynamic property\">time</span>\": <span class=sf-dump-num>30</span>
  +\"<span class=sf-dump-public title=\"Runtime added dynamic property\">dificult</span>\": <span class=sf-dump-num>0</span>
  +\"<span class=sf-dump-public title=\"Runtime added dynamic property\">material</span>\": \"<span class=sf-dump-str title=\"30 characters\">1_2_2_RETO DE PROACTIVIDAD.pdf</span>\"
  +\"<span class=sf-dump-public title=\"Runtime added dynamic property\">urlvideo</span>\": <span class=sf-dump-const>null</span>
  +\"<span class=sf-dump-public title=\"Runtime added dynamic property\">params</span>\": <span class=sf-dump-const>null</span>
  +\"<span class=sf-dump-public title=\"Runtime added dynamic property\">s_point</span>\": <span class=sf-dump-num>4</span>
  +\"<span class=sf-dump-public title=\"Runtime added dynamic property\">i_point</span>\": <span class=sf-dump-num>15</span>
  +\"<span class=sf-dump-public title=\"Runtime added dynamic property\">g_point</span>\": <span class=sf-dump-num>0</span>
  +\"<span class=sf-dump-public title=\"Runtime added dynamic property\">gametype</span>\": <span class=sf-dump-num>1</span>
  +\"<span class=sf-dump-public title=\"Runtime added dynamic property\">created_at</span>\": \"<span class=sf-dump-str title=\"19 characters\">2021-02-07 11:52:35</span>\"
  +\"<span class=sf-dump-public title=\"Runtime added dynamic property\">updated_at</span>\": \"<span class=sf-dump-str title=\"19 characters\">2024-11-24 21:45:31</span>\"
  +\"<span class=sf-dump-public title=\"Runtime added dynamic property\">subchapter_id</span>\": <span class=sf-dump-num>4</span>
  +\"<span class=sf-dump-public title=\"Runtime added dynamic property\">challenge_type_id</span>\": <span class=sf-dump-num>7</span>
  +\"<span class=sf-dump-public title=\"Runtime added dynamic property\">id_grupo</span>\": <span class=sf-dump-num>1</span>
  +\"<span class=sf-dump-public title=\"Runtime added dynamic property\">id_insignia</span>\": <span class=sf-dump-num>100</span>
</samp>}
</pre><script>Sfdump(\"sf-dump-185381288\", {\"maxDepth\":3,\"maxStringLength\":160})</script>
","v":"<pre class=sf-dump id=sf-dump-1298710067 data-indent-pad=\"  \">\"<span class=sf-dump-str title=\"36 characters\">&#191;C&#243;mo desarrollar el auto liderazgo?</span>\"
</pre><script>Sfdump(\"sf-dump-1298710067\", {\"maxDepth\":3,\"maxStringLength\":160})</script>
","cap":"<pre class=sf-dump id=sf-dump-2100952785 data-indent-pad=\"  \"><span class=sf-dump-num>2</span>
</pre><script>Sfdump(\"sf-dump-2100952785\", {\"maxDepth\":3,\"maxStringLength\":160})</script>
","capsiguiente":"<pre class=sf-dump id=sf-dump-1230323172 data-indent-pad=\"  \"><span class=sf-dump-num>2</span>
</pre><script>Sfdump(\"sf-dump-1230323172\", {\"maxDepth\":3,\"maxStringLength\":160})</script>
","tareaspendientes":"<pre class=sf-dump id=sf-dump-1970306651 data-indent-pad=\"  \"><span class=sf-dump-num>8</span>
</pre><script>Sfdump(\"sf-dump-1970306651\", {\"maxDepth\":3,\"maxStringLength\":160})</script>
","tareacap":"<pre class=sf-dump id=sf-dump-1412069049 data-indent-pad=\"  \"><span class=sf-dump-note>Illuminate\\Support\\Collection</span> {<a class=sf-dump-ref>#1593</a><samp data-depth=1 class=sf-dump-expanded>
  #<span class=sf-dump-protected title=\"Protected property\">items</span>: <span class=sf-dump-note>array:11</span> [<samp data-depth=2 class=sf-dump-compact>
    <span class=sf-dump-index>0</span> => {<a class=sf-dump-ref>#1608</a><samp data-depth=3 class=sf-dump-compact>
      +\"<span class=sf-dump-public title=\"Runtime added dynamic property\">cap</span>\": <span class=sf-dump-num>2</span>
      +\"<span class=sf-dump-public title=\"Runtime added dynamic property\">idt</span>\": <span class=sf-dump-num>10</span>
      +\"<span class=sf-dump-public title=\"Runtime added dynamic property\">name</span>\": \"<span class=sf-dump-str title=\"44 characters\">1.1.1  &#191;Porqu&#233; es importante auto liderazgo?</span>\"
    </samp>}
    <span class=sf-dump-index>1</span> => {<a class=sf-dump-ref>#1609</a><samp data-depth=3 class=sf-dump-compact>
      +\"<span class=sf-dump-public title=\"Runtime added dynamic property\">cap</span>\": <span class=sf-dump-num>2</span>
      +\"<span class=sf-dump-public title=\"Runtime added dynamic property\">idt</span>\": <span class=sf-dump-num>12</span>
      +\"<span class=sf-dump-public title=\"Runtime added dynamic property\">name</span>\": \"<span class=sf-dump-str title=\"26 characters\">1.1.2 Preg&#250;ntale a alguien</span>\"
    </samp>}
    <span class=sf-dump-index>2</span> => {<a class=sf-dump-ref>#1610</a><samp data-depth=3 class=sf-dump-compact>
      +\"<span class=sf-dump-public title=\"Runtime added dynamic property\">cap</span>\": <span class=sf-dump-num>2</span>
      +\"<span class=sf-dump-public title=\"Runtime added dynamic property\">idt</span>\": <span class=sf-dump-num>13</span>
      +\"<span class=sf-dump-public title=\"Runtime added dynamic property\">name</span>\": \"<span class=sf-dump-str title=\"26 characters\">1.2.1 Proactivo o Reactivo</span>\"
    </samp>}
    <span class=sf-dump-index>3</span> => {<a class=sf-dump-ref>#1613</a><samp data-depth=3 class=sf-dump-compact>
      +\"<span class=sf-dump-public title=\"Runtime added dynamic property\">cap</span>\": <span class=sf-dump-num>2</span>
      +\"<span class=sf-dump-public title=\"Runtime added dynamic property\">idt</span>\": <span class=sf-dump-num>14</span>
      +\"<span class=sf-dump-public title=\"Runtime added dynamic property\">name</span>\": \"<span class=sf-dump-str title=\"21 characters\">1.2.2 Reto - C&#237;rculos</span>\"
    </samp>}
    <span class=sf-dump-index>4</span> => {<a class=sf-dump-ref>#1611</a><samp data-depth=3 class=sf-dump-compact>
      +\"<span class=sf-dump-public title=\"Runtime added dynamic property\">cap</span>\": <span class=sf-dump-num>2</span>
      +\"<span class=sf-dump-public title=\"Runtime added dynamic property\">idt</span>\": <span class=sf-dump-num>15</span>
      +\"<span class=sf-dump-public title=\"Runtime added dynamic property\">name</span>\": \"<span class=sf-dump-str title=\"34 characters\">1.2.3 Ampliando circulo influencia</span>\"
    </samp>}
    <span class=sf-dump-index>5</span> => {<a class=sf-dump-ref>#1612</a><samp data-depth=3 class=sf-dump-compact>
      +\"<span class=sf-dump-public title=\"Runtime added dynamic property\">cap</span>\": <span class=sf-dump-num>2</span>
      +\"<span class=sf-dump-public title=\"Runtime added dynamic property\">idt</span>\": <span class=sf-dump-num>16</span>
      +\"<span class=sf-dump-public title=\"Runtime added dynamic property\">name</span>\": \"<span class=sf-dump-str title=\"42 characters\">1.2.4 Reto - Cambiar los tener por los Ser</span>\"
    </samp>}
    <span class=sf-dump-index>6</span> => {<a class=sf-dump-ref>#1614</a><samp data-depth=3 class=sf-dump-compact>
      +\"<span class=sf-dump-public title=\"Runtime added dynamic property\">cap</span>\": <span class=sf-dump-num>2</span>
      +\"<span class=sf-dump-public title=\"Runtime added dynamic property\">idt</span>\": <span class=sf-dump-num>17</span>
      +\"<span class=sf-dump-public title=\"Runtime added dynamic property\">name</span>\": \"<span class=sf-dump-str title=\"36 characters\">1.2.5 Autoconocimiento / Auto Estima</span>\"
    </samp>}
    <span class=sf-dump-index>7</span> => {<a class=sf-dump-ref>#1616</a><samp data-depth=3 class=sf-dump-compact>
      +\"<span class=sf-dump-public title=\"Runtime added dynamic property\">cap</span>\": <span class=sf-dump-num>2</span>
      +\"<span class=sf-dump-public title=\"Runtime added dynamic property\">idt</span>\": <span class=sf-dump-num>18</span>
      +\"<span class=sf-dump-public title=\"Runtime added dynamic property\">name</span>\": \"<span class=sf-dump-str title=\"42 characters\">1.2.6 Reto Auto Estima / Auto Conocimiento</span>\"
    </samp>}
    <span class=sf-dump-index>8</span> => {<a class=sf-dump-ref>#1617</a><samp data-depth=3 class=sf-dump-compact>
      +\"<span class=sf-dump-public title=\"Runtime added dynamic property\">cap</span>\": <span class=sf-dump-num>2</span>
      +\"<span class=sf-dump-public title=\"Runtime added dynamic property\">idt</span>\": <span class=sf-dump-num>19</span>
      +\"<span class=sf-dump-public title=\"Runtime added dynamic property\">name</span>\": \"<span class=sf-dump-str title=\"33 characters\">1.2.7 Autonomia / Auto motivaci&#243;n</span>\"
    </samp>}
    <span class=sf-dump-index>9</span> => {<a class=sf-dump-ref>#1615</a><samp data-depth=3 class=sf-dump-compact>
      +\"<span class=sf-dump-public title=\"Runtime added dynamic property\">cap</span>\": <span class=sf-dump-num>2</span>
      +\"<span class=sf-dump-public title=\"Runtime added dynamic property\">idt</span>\": <span class=sf-dump-num>20</span>
      +\"<span class=sf-dump-public title=\"Runtime added dynamic property\">name</span>\": \"<span class=sf-dump-str title=\"33 characters\">1.2.8 Reto Autonomia / Motivaci&#243;n</span>\"
    </samp>}
    <span class=sf-dump-index>10</span> => {<a class=sf-dump-ref>#1618</a><samp data-depth=3 class=sf-dump-compact>
      +\"<span class=sf-dump-public title=\"Runtime added dynamic property\">cap</span>\": <span class=sf-dump-num>2</span>
      +\"<span class=sf-dump-public title=\"Runtime added dynamic property\">idt</span>\": <span class=sf-dump-num>21</span>
      +\"<span class=sf-dump-public title=\"Runtime added dynamic property\">name</span>\": \"<span class=sf-dump-str title=\"32 characters\">1.3.1 &#191;C&#243;mo ponerlo en practica?</span>\"
    </samp>}
  </samp>]
  #<span class=sf-dump-protected title=\"Protected property\">escapeWhenCastingToString</span>: <span class=sf-dump-const>false</span>
</samp>}
</pre><script>Sfdump(\"sf-dump-1412069049\", {\"maxDepth\":3,\"maxStringLength\":160})</script>
"}},"userId":671,"exception":"[object] (Spatie\\LaravelIgnition\\Exceptions\\ViewException(code: 0): Undefined variable $tareasCompletadas at C:\\xampp\\htdocs\\evolucion2024\\resources\\views\\player\\capitulos.blade.php:224)
[stacktrace]
#0 C:\\xampp\\htdocs\\evolucion2024\\vendor\\laravel\\framework\\src\\Illuminate\\Foundation\\Bootstrap\\HandleExceptions.php(270): Illuminate\\Foundation\\Bootstrap\\HandleExceptions->handleError(2, 'Undefined varia...', 'C:\\\\xampp\\\\htdocs...', 159)
#1 C:\\xampp\\htdocs\\evolucion2024\\resources\\views\\player\\capitulos.blade.php(224): Illuminate\\Foundation\\Bootstrap\\HandleExceptions->Illuminate\\Foundation\\Bootstrap\\{closure}(2, 'Undefined varia...', 'C:\\\\xampp\\\\htdocs...', 159)
#2 C:\\xampp\\htdocs\\evolucion2024\\vendor\\laravel\\framework\\src\\Illuminate\\Filesystem\\Filesystem.php(109): require('C:\\\\xampp\\\\htdocs...')
#3 C:\\xampp\\htdocs\\evolucion2024\\vendor\\laravel\\framework\\src\\Illuminate\\Filesystem\\Filesystem.php(110): Illuminate\\Filesystem\\Filesystem::Illuminate\\Filesystem\\{closure}()
#4 C:\\xampp\\htdocs\\evolucion2024\\vendor\\laravel\\framework\\src\\Illuminate\\View\\Engines\\PhpEngine.php(58): Illuminate\\Filesystem\\Filesystem->getRequire('C:\\\\xampp\\\\htdocs...', Array)
#5 C:\\xampp\\htdocs\\evolucion2024\\vendor\\laravel\\framework\\src\\Illuminate\\View\\Engines\\CompilerEngine.php(70): Illuminate\\View\\Engines\\PhpEngine->evaluatePath('C:\\\\xampp\\\\htdocs...', Array)
#6 C:\\xampp\\htdocs\\evolucion2024\\vendor\\laravel\\framework\\src\\Illuminate\\View\\View.php(195): Illuminate\\View\\Engines\\CompilerEngine->get('C:\\\\xampp\\\\htdocs...', Array)
#7 C:\\xampp\\htdocs\\evolucion2024\\vendor\\laravel\\framework\\src\\Illuminate\\View\\View.php(178): Illuminate\\View\\View->getContents()
#8 C:\\xampp\\htdocs\\evolucion2024\\vendor\\laravel\\framework\\src\\Illuminate\\View\\View.php(147): Illuminate\\View\\View->renderContents()
#9 C:\\xampp\\htdocs\\evolucion2024\\vendor\\laravel\\framework\\src\\Illuminate\\Http\\Response.php(69): Illuminate\\View\\View->render()
#10 C:\\xampp\\htdocs\\evolucion2024\\vendor\\laravel\\framework\\src\\Illuminate\\Http\\Response.php(35): Illuminate\\Http\\Response->setContent(Object(Illuminate\\View\\View))
#11 C:\\xampp\\htdocs\\evolucion2024\\vendor\\laravel\\framework\\src\\Illuminate\\Routing\\Router.php(906): Illuminate\\Http\\Response->__construct(Object(Illuminate\\View\\View), 200, Array)
#12 C:\\xampp\\htdocs\\evolucion2024\\vendor\\laravel\\framework\\src\\Illuminate\\Routing\\Router.php(875): Illuminate\\Routing\\Router::toResponse(Object(Illuminate\\Http\\Request), Object(Illuminate\\View\\View))
#13 C:\\xampp\\htdocs\\evolucion2024\\vendor\\laravel\\framework\\src\\Illuminate\\Routing\\Router.php(798): Illuminate\\Routing\\Router->prepareResponse(Object(Illuminate\\Http\\Request), Object(Illuminate\\View\\View))
#14 C:\\xampp\\htdocs\\evolucion2024\\vendor\\laravel\\framework\\src\\Illuminate\\Pipeline\\Pipeline.php(141): Illuminate\\Routing\\Router->Illuminate\\Routing\\{closure}(Object(Illuminate\\Http\\Request))
#15 C:\\xampp\\htdocs\\evolucion2024\\app\\Http\\Middleware\\RedirectIfSessionExpired.php(25): Illuminate\\Pipeline\\Pipeline->Illuminate\\Pipeline\\{closure}(Object(Illuminate\\Http\\Request))
#16 C:\\xampp\\htdocs\\evolucion2024\\vendor\\laravel\\framework\\src\\Illuminate\\Pipeline\\Pipeline.php(180): App\\Http\\Middleware\\RedirectIfSessionExpired->handle(Object(Illuminate\\Http\\Request), Object(Closure))
#17 C:\\xampp\\htdocs\\evolucion2024\\vendor\\laravel\\framework\\src\\Illuminate\\Routing\\Middleware\\SubstituteBindings.php(50): Illuminate\\Pipeline\\Pipeline->Illuminate\\Pipeline\\{closure}(Object(Illuminate\\Http\\Request))
#18 C:\\xampp\\htdocs\\evolucion2024\\vendor\\laravel\\framework\\src\\Illuminate\\Pipeline\\Pipeline.php(180): Illuminate\\Routing\\Middleware\\SubstituteBindings->handle(Object(Illuminate\\Http\\Request), Object(Closure))
#19 C:\\xampp\\htdocs\\evolucion2024\\vendor\\laravel\\framework\\src\\Illuminate\\Auth\\Middleware\\Authenticate.php(44): Illuminate\\Pipeline\\Pipeline->Illuminate\\Pipeline\\{closure}(Object(Illuminate\\Http\\Request))
#20 C:\\xampp\\htdocs\\evolucion2024\\vendor\\laravel\\framework\\src\\Illuminate\\Pipeline\\Pipeline.php(180): Illuminate\\Auth\\Middleware\\Authenticate->handle(Object(Illuminate\\Http\\Request), Object(Closure))
#21 C:\\xampp\\htdocs\\evolucion2024\\vendor\\laravel\\framework\\src\\Illuminate\\Foundation\\Http\\Middleware\\VerifyCsrfToken.php(78): Illuminate\\Pipeline\\Pipeline->Illuminate\\Pipeline\\{closure}(Object(Illuminate\\Http\\Request))
#22 C:\\xampp\\htdocs\\evolucion2024\\vendor\\laravel\\framework\\src\\Illuminate\\Pipeline\\Pipeline.php(180): Illuminate\\Foundation\\Http\\Middleware\\VerifyCsrfToken->handle(Object(Illuminate\\Http\\Request), Object(Closure))
#23 C:\\xampp\\htdocs\\evolucion2024\\vendor\\laravel\\framework\\src\\Illuminate\\View\\Middleware\\ShareErrorsFromSession.php(49): Illuminate\\Pipeline\\Pipeline->Illuminate\\Pipeline\\{closure}(Object(Illuminate\\Http\\Request))
#24 C:\\xampp\\htdocs\\evolucion2024\\vendor\\laravel\\framework\\src\\Illuminate\\Pipeline\\Pipeline.php(180): Illuminate\\View\\Middleware\\ShareErrorsFromSession->handle(Object(Illuminate\\Http\\Request), Object(Closure))
#25 C:\\xampp\\htdocs\\evolucion2024\\vendor\\laravel\\framework\\src\\Illuminate\\Session\\Middleware\\StartSession.php(121): Illuminate\\Pipeline\\Pipeline->Illuminate\\Pipeline\\{closure}(Object(Illuminate\\Http\\Request))
#26 C:\\xampp\\htdocs\\evolucion2024\\vendor\\laravel\\framework\\src\\Illuminate\\Session\\Middleware\\StartSession.php(64): Illuminate\\Session\\Middleware\\StartSession->handleStatefulRequest(Object(Illuminate\\Http\\Request), Object(Illuminate\\Session\\Store), Object(Closure))
#27 C:\\xampp\\htdocs\\evolucion2024\\vendor\\laravel\\framework\\src\\Illuminate\\Pipeline\\Pipeline.php(180): Illuminate\\Session\\Middleware\\StartSession->handle(Object(Illuminate\\Http\\Request), Object(Closure))
#28 C:\\xampp\\htdocs\\evolucion2024\\vendor\\laravel\\framework\\src\\Illuminate\\Cookie\\Middleware\\AddQueuedCookiesToResponse.php(37): Illuminate\\Pipeline\\Pipeline->Illuminate\\Pipeline\\{closure}(Object(Illuminate\\Http\\Request))
#29 C:\\xampp\\htdocs\\evolucion2024\\vendor\\laravel\\framework\\src\\Illuminate\\Pipeline\\Pipeline.php(180): Illuminate\\Cookie\\Middleware\\AddQueuedCookiesToResponse->handle(Object(Illuminate\\Http\\Request), Object(Closure))
#30 C:\\xampp\\htdocs\\evolucion2024\\vendor\\laravel\\framework\\src\\Illuminate\\Cookie\\Middleware\\EncryptCookies.php(67): Illuminate\\Pipeline\\Pipeline->Illuminate\\Pipeline\\{closure}(Object(Illuminate\\Http\\Request))
#31 C:\\xampp\\htdocs\\evolucion2024\\vendor\\laravel\\framework\\src\\Illuminate\\Pipeline\\Pipeline.php(180): Illuminate\\Cookie\\Middleware\\EncryptCookies->handle(Object(Illuminate\\Http\\Request), Object(Closure))
#32 C:\\xampp\\htdocs\\evolucion2024\\vendor\\laravel\\framework\\src\\Illuminate\\Pipeline\\Pipeline.php(116): Illuminate\\Pipeline\\Pipeline->Illuminate\\Pipeline\\{closure}(Object(Illuminate\\Http\\Request))
#33 C:\\xampp\\htdocs\\evolucion2024\\vendor\\laravel\\framework\\src\\Illuminate\\Routing\\Router.php(799): Illuminate\\Pipeline\\Pipeline->then(Object(Closure))
#34 C:\\xampp\\htdocs\\evolucion2024\\vendor\\laravel\\framework\\src\\Illuminate\\Routing\\Router.php(776): Illuminate\\Routing\\Router->runRouteWithinStack(Object(Illuminate\\Routing\\Route), Object(Illuminate\\Http\\Request))
#35 C:\\xampp\\htdocs\\evolucion2024\\vendor\\laravel\\framework\\src\\Illuminate\\Routing\\Router.php(740): Illuminate\\Routing\\Router->runRoute(Object(Illuminate\\Http\\Request), Object(Illuminate\\Routing\\Route))
#36 C:\\xampp\\htdocs\\evolucion2024\\vendor\\laravel\\framework\\src\\Illuminate\\Routing\\Router.php(729): Illuminate\\Routing\\Router->dispatchToRoute(Object(Illuminate\\Http\\Request))
#37 C:\\xampp\\htdocs\\evolucion2024\\vendor\\laravel\\framework\\src\\Illuminate\\Foundation\\Http\\Kernel.php(190): Illuminate\\Routing\\Router->dispatch(Object(Illuminate\\Http\\Request))
#38 C:\\xampp\\htdocs\\evolucion2024\\vendor\\laravel\\framework\\src\\Illuminate\\Pipeline\\Pipeline.php(141): Illuminate\\Foundation\\Http\\Kernel->Illuminate\\Foundation\\Http\\{closure}(Object(Illuminate\\Http\\Request))
#39 C:\\xampp\\htdocs\\evolucion2024\\vendor\\laravel\\framework\\src\\Illuminate\\Http\\Middleware\\TrustProxies.php(39): Illuminate\\Pipeline\\Pipeline->Illuminate\\Pipeline\\{closure}(Object(Illuminate\\Http\\Request))
#40 C:\\xampp\\htdocs\\evolucion2024\\vendor\\laravel\\framework\\src\\Illuminate\\Pipeline\\Pipeline.php(180): Illuminate\\Http\\Middleware\\TrustProxies->handle(Object(Illuminate\\Http\\Request), Object(Closure))
#41 C:\\xampp\\htdocs\\evolucion2024\\vendor\\laravel\\framework\\src\\Illuminate\\Foundation\\Http\\Middleware\\TransformsRequest.php(21): Illuminate\\Pipeline\\Pipeline->Illuminate\\Pipeline\\{closure}(Object(Illuminate\\Http\\Request))
#42 C:\\xampp\\htdocs\\evolucion2024\\vendor\\laravel\\framework\\src\\Illuminate\\Foundation\\Http\\Middleware\\ConvertEmptyStringsToNull.php(31): Illuminate\\Foundation\\Http\\Middleware\\TransformsRequest->handle(Object(Illuminate\\Http\\Request), Object(Closure))
#43 C:\\xampp\\htdocs\\evolucion2024\\vendor\\laravel\\framework\\src\\Illuminate\\Pipeline\\Pipeline.php(180): Illuminate\\Foundation\\Http\\Middleware\\ConvertEmptyStringsToNull->handle(Object(Illuminate\\Http\\Request), Object(Closure))
#44 C:\\xampp\\htdocs\\evolucion2024\\vendor\\laravel\\framework\\src\\Illuminate\\Foundation\\Http\\Middleware\\TransformsRequest.php(21): Illuminate\\Pipeline\\Pipeline->Illuminate\\Pipeline\\{closure}(Object(Illuminate\\Http\\Request))
#45 C:\\xampp\\htdocs\\evolucion2024\\vendor\\laravel\\framework\\src\\Illuminate\\Foundation\\Http\\Middleware\\TrimStrings.php(40): Illuminate\\Foundation\\Http\\Middleware\\TransformsRequest->handle(Object(Illuminate\\Http\\Request), Object(Closure))
#46 C:\\xampp\\htdocs\\evolucion2024\\vendor\\laravel\\framework\\src\\Illuminate\\Pipeline\\Pipeline.php(180): Illuminate\\Foundation\\Http\\Middleware\\TrimStrings->handle(Object(Illuminate\\Http\\Request), Object(Closure))
#47 C:\\xampp\\htdocs\\evolucion2024\\vendor\\laravel\\framework\\src\\Illuminate\\Foundation\\Http\\Middleware\\ValidatePostSize.php(27): Illuminate\\Pipeline\\Pipeline->Illuminate\\Pipeline\\{closure}(Object(Illuminate\\Http\\Request))
#48 C:\\xampp\\htdocs\\evolucion2024\\vendor\\laravel\\framework\\src\\Illuminate\\Pipeline\\Pipeline.php(180): Illuminate\\Foundation\\Http\\Middleware\\ValidatePostSize->handle(Object(Illuminate\\Http\\Request), Object(Closure))
#49 C:\\xampp\\htdocs\\evolucion2024\\vendor\\laravel\\framework\\src\\Illuminate\\Foundation\\Http\\Middleware\\PreventRequestsDuringMaintenance.php(86): Illuminate\\Pipeline\\Pipeline->Illuminate\\Pipeline\\{closure}(Object(Illuminate\\Http\\Request))
#50 C:\\xampp\\htdocs\\evolucion2024\\vendor\\laravel\\framework\\src\\Illuminate\\Pipeline\\Pipeline.php(180): Illuminate\\Foundation\\Http\\Middleware\\PreventRequestsDuringMaintenance->handle(Object(Illuminate\\Http\\Request), Object(Closure))
#51 C:\\xampp\\htdocs\\evolucion2024\\vendor\\laravel\\framework\\src\\Illuminate\\Pipeline\\Pipeline.php(116): Illuminate\\Pipeline\\Pipeline->Illuminate\\Pipeline\\{closure}(Object(Illuminate\\Http\\Request))
#52 C:\\xampp\\htdocs\\evolucion2024\\vendor\\laravel\\framework\\src\\Illuminate\\Foundation\\Http\\Kernel.php(165): Illuminate\\Pipeline\\Pipeline->then(Object(Closure))
#53 C:\\xampp\\htdocs\\evolucion2024\\vendor\\laravel\\framework\\src\\Illuminate\\Foundation\\Http\\Kernel.php(134): Illuminate\\Foundation\\Http\\Kernel->sendRequestThroughRouter(Object(Illuminate\\Http\\Request))
#54 C:\\xampp\\htdocs\\evolucion2024\\public\\index.php(55): Illuminate\\Foundation\\Http\\Kernel->handle(Object(Illuminate\\Http\\Request))
#55 C:\\xampp\\htdocs\\evolucion2024\\server.php(21): require_once('C:\\\\xampp\\\\htdocs...')
#56 {main}

[previous exception] [object] (ErrorException(code: 0): Undefined variable $tareasCompletadas at C:\\xampp\\htdocs\\evolucion2024\\storage\\framework\\views\\7b81b531a2b5422499a03d9c46ed57388093c5b1.php:159)
[stacktrace]
#0 C:\\xampp\\htdocs\\evolucion2024\\vendor\\laravel\\framework\\src\\Illuminate\\Foundation\\Bootstrap\\HandleExceptions.php(270): Illuminate\\Foundation\\Bootstrap\\HandleExceptions->handleError(2, 'Undefined varia...', 'C:\\\\xampp\\\\htdocs...', 159)
#1 C:\\xampp\\htdocs\\evolucion2024\\storage\\framework\\views\\7b81b531a2b5422499a03d9c46ed57388093c5b1.php(159): Illuminate\\Foundation\\Bootstrap\\HandleExceptions->Illuminate\\Foundation\\Bootstrap\\{closure}(2, 'Undefined varia...', 'C:\\\\xampp\\\\htdocs...', 159)
#2 C:\\xampp\\htdocs\\evolucion2024\\vendor\\laravel\\framework\\src\\Illuminate\\Filesystem\\Filesystem.php(109): require('C:\\\\xampp\\\\htdocs...')
#3 C:\\xampp\\htdocs\\evolucion2024\\vendor\\laravel\\framework\\src\\Illuminate\\Filesystem\\Filesystem.php(110): Illuminate\\Filesystem\\Filesystem::Illuminate\\Filesystem\\{closure}()
#4 C:\\xampp\\htdocs\\evolucion2024\\vendor\\laravel\\framework\\src\\Illuminate\\View\\Engines\\PhpEngine.php(58): Illuminate\\Filesystem\\Filesystem->getRequire('C:\\\\xampp\\\\htdocs...', Array)
#5 C:\\xampp\\htdocs\\evolucion2024\\vendor\\laravel\\framework\\src\\Illuminate\\View\\Engines\\CompilerEngine.php(70): Illuminate\\View\\Engines\\PhpEngine->evaluatePath('C:\\\\xampp\\\\htdocs...', Array)
#6 C:\\xampp\\htdocs\\evolucion2024\\vendor\\laravel\\framework\\src\\Illuminate\\View\\View.php(195): Illuminate\\View\\Engines\\CompilerEngine->get('C:\\\\xampp\\\\htdocs...', Array)
#7 C:\\xampp\\htdocs\\evolucion2024\\vendor\\laravel\\framework\\src\\Illuminate\\View\\View.php(178): Illuminate\\View\\View->getContents()
#8 C:\\xampp\\htdocs\\evolucion2024\\vendor\\laravel\\framework\\src\\Illuminate\\View\\View.php(147): Illuminate\\View\\View->renderContents()
#9 C:\\xampp\\htdocs\\evolucion2024\\vendor\\laravel\\framework\\src\\Illuminate\\Http\\Response.php(69): Illuminate\\View\\View->render()
#10 C:\\xampp\\htdocs\\evolucion2024\\vendor\\laravel\\framework\\src\\Illuminate\\Http\\Response.php(35): Illuminate\\Http\\Response->setContent(Object(Illuminate\\View\\View))
#11 C:\\xampp\\htdocs\\evolucion2024\\vendor\\laravel\\framework\\src\\Illuminate\\Routing\\Router.php(906): Illuminate\\Http\\Response->__construct(Object(Illuminate\\View\\View), 200, Array)
#12 C:\\xampp\\htdocs\\evolucion2024\\vendor\\laravel\\framework\\src\\Illuminate\\Routing\\Router.php(875): Illuminate\\Routing\\Router::toResponse(Object(Illuminate\\Http\\Request), Object(Illuminate\\View\\View))
#13 C:\\xampp\\htdocs\\evolucion2024\\vendor\\laravel\\framework\\src\\Illuminate\\Routing\\Router.php(798): Illuminate\\Routing\\Router->prepareResponse(Object(Illuminate\\Http\\Request), Object(Illuminate\\View\\View))
#14 C:\\xampp\\htdocs\\evolucion2024\\vendor\\laravel\\framework\\src\\Illuminate\\Pipeline\\Pipeline.php(141): Illuminate\\Routing\\Router->Illuminate\\Routing\\{closure}(Object(Illuminate\\Http\\Request))
#15 C:\\xampp\\htdocs\\evolucion2024\\app\\Http\\Middleware\\RedirectIfSessionExpired.php(25): Illuminate\\Pipeline\\Pipeline->Illuminate\\Pipeline\\{closure}(Object(Illuminate\\Http\\Request))
#16 C:\\xampp\\htdocs\\evolucion2024\\vendor\\laravel\\framework\\src\\Illuminate\\Pipeline\\Pipeline.php(180): App\\Http\\Middleware\\RedirectIfSessionExpired->handle(Object(Illuminate\\Http\\Request), Object(Closure))
#17 C:\\xampp\\htdocs\\evolucion2024\\vendor\\laravel\\framework\\src\\Illuminate\\Routing\\Middleware\\SubstituteBindings.php(50): Illuminate\\Pipeline\\Pipeline->Illuminate\\Pipeline\\{closure}(Object(Illuminate\\Http\\Request))
#18 C:\\xampp\\htdocs\\evolucion2024\\vendor\\laravel\\framework\\src\\Illuminate\\Pipeline\\Pipeline.php(180): Illuminate\\Routing\\Middleware\\SubstituteBindings->handle(Object(Illuminate\\Http\\Request), Object(Closure))
#19 C:\\xampp\\htdocs\\evolucion2024\\vendor\\laravel\\framework\\src\\Illuminate\\Auth\\Middleware\\Authenticate.php(44): Illuminate\\Pipeline\\Pipeline->Illuminate\\Pipeline\\{closure}(Object(Illuminate\\Http\\Request))
#20 C:\\xampp\\htdocs\\evolucion2024\\vendor\\laravel\\framework\\src\\Illuminate\\Pipeline\\Pipeline.php(180): Illuminate\\Auth\\Middleware\\Authenticate->handle(Object(Illuminate\\Http\\Request), Object(Closure))
#21 C:\\xampp\\htdocs\\evolucion2024\\vendor\\laravel\\framework\\src\\Illuminate\\Foundation\\Http\\Middleware\\VerifyCsrfToken.php(78): Illuminate\\Pipeline\\Pipeline->Illuminate\\Pipeline\\{closure}(Object(Illuminate\\Http\\Request))
#22 C:\\xampp\\htdocs\\evolucion2024\\vendor\\laravel\\framework\\src\\Illuminate\\Pipeline\\Pipeline.php(180): Illuminate\\Foundation\\Http\\Middleware\\VerifyCsrfToken->handle(Object(Illuminate\\Http\\Request), Object(Closure))
#23 C:\\xampp\\htdocs\\evolucion2024\\vendor\\laravel\\framework\\src\\Illuminate\\View\\Middleware\\ShareErrorsFromSession.php(49): Illuminate\\Pipeline\\Pipeline->Illuminate\\Pipeline\\{closure}(Object(Illuminate\\Http\\Request))
#24 C:\\xampp\\htdocs\\evolucion2024\\vendor\\laravel\\framework\\src\\Illuminate\\Pipeline\\Pipeline.php(180): Illuminate\\View\\Middleware\\ShareErrorsFromSession->handle(Object(Illuminate\\Http\\Request), Object(Closure))
#25 C:\\xampp\\htdocs\\evolucion2024\\vendor\\laravel\\framework\\src\\Illuminate\\Session\\Middleware\\StartSession.php(121): Illuminate\\Pipeline\\Pipeline->Illuminate\\Pipeline\\{closure}(Object(Illuminate\\Http\\Request))
#26 C:\\xampp\\htdocs\\evolucion2024\\vendor\\laravel\\framework\\src\\Illuminate\\Session\\Middleware\\StartSession.php(64): Illuminate\\Session\\Middleware\\StartSession->handleStatefulRequest(Object(Illuminate\\Http\\Request), Object(Illuminate\\Session\\Store), Object(Closure))
#27 C:\\xampp\\htdocs\\evolucion2024\\vendor\\laravel\\framework\\src\\Illuminate\\Pipeline\\Pipeline.php(180): Illuminate\\Session\\Middleware\\StartSession->handle(Object(Illuminate\\Http\\Request), Object(Closure))
#28 C:\\xampp\\htdocs\\evolucion2024\\vendor\\laravel\\framework\\src\\Illuminate\\Cookie\\Middleware\\AddQueuedCookiesToResponse.php(37): Illuminate\\Pipeline\\Pipeline->Illuminate\\Pipeline\\{closure}(Object(Illuminate\\Http\\Request))
#29 C:\\xampp\\htdocs\\evolucion2024\\vendor\\laravel\\framework\\src\\Illuminate\\Pipeline\\Pipeline.php(180): Illuminate\\Cookie\\Middleware\\AddQueuedCookiesToResponse->handle(Object(Illuminate\\Http\\Request), Object(Closure))
#30 C:\\xampp\\htdocs\\evolucion2024\\vendor\\laravel\\framework\\src\\Illuminate\\Cookie\\Middleware\\EncryptCookies.php(67): Illuminate\\Pipeline\\Pipeline->Illuminate\\Pipeline\\{closure}(Object(Illuminate\\Http\\Request))
#31 C:\\xampp\\htdocs\\evolucion2024\\vendor\\laravel\\framework\\src\\Illuminate\\Pipeline\\Pipeline.php(180): Illuminate\\Cookie\\Middleware\\EncryptCookies->handle(Object(Illuminate\\Http\\Request), Object(Closure))
#32 C:\\xampp\\htdocs\\evolucion2024\\vendor\\laravel\\framework\\src\\Illuminate\\Pipeline\\Pipeline.php(116): Illuminate\\Pipeline\\Pipeline->Illuminate\\Pipeline\\{closure}(Object(Illuminate\\Http\\Request))
#33 C:\\xampp\\htdocs\\evolucion2024\\vendor\\laravel\\framework\\src\\Illuminate\\Routing\\Router.php(799): Illuminate\\Pipeline\\Pipeline->then(Object(Closure))
#34 C:\\xampp\\htdocs\\evolucion2024\\vendor\\laravel\\framework\\src\\Illuminate\\Routing\\Router.php(776): Illuminate\\Routing\\Router->runRouteWithinStack(Object(Illuminate\\Routing\\Route), Object(Illuminate\\Http\\Request))
#35 C:\\xampp\\htdocs\\evolucion2024\\vendor\\laravel\\framework\\src\\Illuminate\\Routing\\Router.php(740): Illuminate\\Routing\\Router->runRoute(Object(Illuminate\\Http\\Request), Object(Illuminate\\Routing\\Route))
#36 C:\\xampp\\htdocs\\evolucion2024\\vendor\\laravel\\framework\\src\\Illuminate\\Routing\\Router.php(729): Illuminate\\Routing\\Router->dispatchToRoute(Object(Illuminate\\Http\\Request))
#37 C:\\xampp\\htdocs\\evolucion2024\\vendor\\laravel\\framework\\src\\Illuminate\\Foundation\\Http\\Kernel.php(190): Illuminate\\Routing\\Router->dispatch(Object(Illuminate\\Http\\Request))
#38 C:\\xampp\\htdocs\\evolucion2024\\vendor\\laravel\\framework\\src\\Illuminate\\Pipeline\\Pipeline.php(141): Illuminate\\Foundation\\Http\\Kernel->Illuminate\\Foundation\\Http\\{closure}(Object(Illuminate\\Http\\Request))
#39 C:\\xampp\\htdocs\\evolucion2024\\vendor\\laravel\\framework\\src\\Illuminate\\Http\\Middleware\\TrustProxies.php(39): Illuminate\\Pipeline\\Pipeline->Illuminate\\Pipeline\\{closure}(Object(Illuminate\\Http\\Request))
#40 C:\\xampp\\htdocs\\evolucion2024\\vendor\\laravel\\framework\\src\\Illuminate\\Pipeline\\Pipeline.php(180): Illuminate\\Http\\Middleware\\TrustProxies->handle(Object(Illuminate\\Http\\Request), Object(Closure))
#41 C:\\xampp\\htdocs\\evolucion2024\\vendor\\laravel\\framework\\src\\Illuminate\\Foundation\\Http\\Middleware\\TransformsRequest.php(21): Illuminate\\Pipeline\\Pipeline->Illuminate\\Pipeline\\{closure}(Object(Illuminate\\Http\\Request))
#42 C:\\xampp\\htdocs\\evolucion2024\\vendor\\laravel\\framework\\src\\Illuminate\\Foundation\\Http\\Middleware\\ConvertEmptyStringsToNull.php(31): Illuminate\\Foundation\\Http\\Middleware\\TransformsRequest->handle(Object(Illuminate\\Http\\Request), Object(Closure))
#43 C:\\xampp\\htdocs\\evolucion2024\\vendor\\laravel\\framework\\src\\Illuminate\\Pipeline\\Pipeline.php(180): Illuminate\\Foundation\\Http\\Middleware\\ConvertEmptyStringsToNull->handle(Object(Illuminate\\Http\\Request), Object(Closure))
#44 C:\\xampp\\htdocs\\evolucion2024\\vendor\\laravel\\framework\\src\\Illuminate\\Foundation\\Http\\Middleware\\TransformsRequest.php(21): Illuminate\\Pipeline\\Pipeline->Illuminate\\Pipeline\\{closure}(Object(Illuminate\\Http\\Request))
#45 C:\\xampp\\htdocs\\evolucion2024\\vendor\\laravel\\framework\\src\\Illuminate\\Foundation\\Http\\Middleware\\TrimStrings.php(40): Illuminate\\Foundation\\Http\\Middleware\\TransformsRequest->handle(Object(Illuminate\\Http\\Request), Object(Closure))
#46 C:\\xampp\\htdocs\\evolucion2024\\vendor\\laravel\\framework\\src\\Illuminate\\Pipeline\\Pipeline.php(180): Illuminate\\Foundation\\Http\\Middleware\\TrimStrings->handle(Object(Illuminate\\Http\\Request), Object(Closure))
#47 C:\\xampp\\htdocs\\evolucion2024\\vendor\\laravel\\framework\\src\\Illuminate\\Foundation\\Http\\Middleware\\ValidatePostSize.php(27): Illuminate\\Pipeline\\Pipeline->Illuminate\\Pipeline\\{closure}(Object(Illuminate\\Http\\Request))
#48 C:\\xampp\\htdocs\\evolucion2024\\vendor\\laravel\\framework\\src\\Illuminate\\Pipeline\\Pipeline.php(180): Illuminate\\Foundation\\Http\\Middleware\\ValidatePostSize->handle(Object(Illuminate\\Http\\Request), Object(Closure))
#49 C:\\xampp\\htdocs\\evolucion2024\\vendor\\laravel\\framework\\src\\Illuminate\\Foundation\\Http\\Middleware\\PreventRequestsDuringMaintenance.php(86): Illuminate\\Pipeline\\Pipeline->Illuminate\\Pipeline\\{closure}(Object(Illuminate\\Http\\Request))
#50 C:\\xampp\\htdocs\\evolucion2024\\vendor\\laravel\\framework\\src\\Illuminate\\Pipeline\\Pipeline.php(180): Illuminate\\Foundation\\Http\\Middleware\\PreventRequestsDuringMaintenance->handle(Object(Illuminate\\Http\\Request), Object(Closure))
#51 C:\\xampp\\htdocs\\evolucion2024\\vendor\\laravel\\framework\\src\\Illuminate\\Pipeline\\Pipeline.php(116): Illuminate\\Pipeline\\Pipeline->Illuminate\\Pipeline\\{closure}(Object(Illuminate\\Http\\Request))
#52 C:\\xampp\\htdocs\\evolucion2024\\vendor\\laravel\\framework\\src\\Illuminate\\Foundation\\Http\\Kernel.php(165): Illuminate\\Pipeline\\Pipeline->then(Object(Closure))
#53 C:\\xampp\\htdocs\\evolucion2024\\vendor\\laravel\\framework\\src\\Illuminate\\Foundation\\Http\\Kernel.php(134): Illuminate\\Foundation\\Http\\Kernel->sendRequestThroughRouter(Object(Illuminate\\Http\\Request))
#54 C:\\xampp\\htdocs\\evolucion2024\\public\\index.php(55): Illuminate\\Foundation\\Http\\Kernel->handle(Object(Illuminate\\Http\\Request))
#55 C:\\xampp\\htdocs\\evolucion2024\\server.php(21): require_once('C:\\\\xampp\\\\htdocs...')
#56 {main}
"} 
[2025-02-12 19:16:07] production.ERROR: Undefined variable $activeTab {"view":{"view":"C:\\xampp\\htdocs\\evolucion2024\\resources\\views\\player\\capitulos.blade.php","data":{"errors":"<pre class=sf-dump id=sf-dump-1376238469 data-indent-pad=\"  \"><span class=sf-dump-note>Illuminate\\Support\\ViewErrorBag</span> {<a class=sf-dump-ref>#1620</a><samp data-depth=1 class=sf-dump-expanded>
  #<span class=sf-dump-protected title=\"Protected property\">bags</span>: []
</samp>}
</pre><script>Sfdump(\"sf-dump-1376238469\", {\"maxDepth\":3,\"maxStringLength\":160})</script>
","capitulos":"<pre class=sf-dump id=sf-dump-447542507 data-indent-pad=\"  \"><span class=sf-dump-note>App\\PosUsuModel\\CapituloModel</span> {<a class=sf-dump-ref>#1691</a><samp data-depth=1 class=sf-dump-expanded>
  #<span class=sf-dump-protected title=\"Protected property\">connection</span>: \"<span class=sf-dump-str title=\"5 characters\">mysql</span>\"
  #<span class=sf-dump-protected title=\"Protected property\">table</span>: \"<span class=sf-dump-str title=\"8 characters\">chapters</span>\"
  #<span class=sf-dump-protected title=\"Protected property\">primaryKey</span>: \"<span class=sf-dump-str title=\"2 characters\">id</span>\"
  #<span class=sf-dump-protected title=\"Protected property\">keyType</span>: \"<span class=sf-dump-str title=\"3 characters\">int</span>\"
  +<span class=sf-dump-public title=\"Public property\">incrementing</span>: <span class=sf-dump-const>true</span>
  #<span class=sf-dump-protected title=\"Protected property\">with</span>: []
  #<span class=sf-dump-protected title=\"Protected property\">withCount</span>: []
  +<span class=sf-dump-public title=\"Public property\">preventsLazyLoading</span>: <span class=sf-dump-const>false</span>
  #<span class=sf-dump-protected title=\"Protected property\">perPage</span>: <span class=sf-dump-num>15</span>
  +<span class=sf-dump-public title=\"Public property\">exists</span>: <span class=sf-dump-const>true</span>
  +<span class=sf-dump-public title=\"Public property\">wasRecentlyCreated</span>: <span class=sf-dump-const>false</span>
  #<span class=sf-dump-protected title=\"Protected property\">escapeWhenCastingToString</span>: <span class=sf-dump-const>false</span>
  #<span class=sf-dump-protected title=\"Protected property\">attributes</span>: <span class=sf-dump-note>array:10</span> [<samp data-depth=2 class=sf-dump-compact>
    \"<span class=sf-dump-key>id</span>\" => <span class=sf-dump-num>2</span>
    \"<span class=sf-dump-key>name</span>\" => \"<span class=sf-dump-str title=\"10 characters\">Cap&#237;tulo 2</span>\"
    \"<span class=sf-dump-key>title</span>\" => \"<span class=sf-dump-str title=\"15 characters\">Auto Liderarnos</span>\"
    \"<span class=sf-dump-key>order</span>\" => <span class=sf-dump-num>2</span>
    \"<span class=sf-dump-key>videoIntro</span>\" => \"<span class=sf-dump-str title=\"14 characters\">Capitulo_1.mp4</span>\"
    \"<span class=sf-dump-key>imgintro</span>\" => \"<span class=sf-dump-str title=\"25 characters\">dist/img/chapter02_bg.jpg</span>\"
    \"<span class=sf-dump-key>description</span>\" => \"<span class=sf-dump-str title=\"122 characters\">La nave no debe estar m&#225;s tiempo en el espacio exterior, debemos aprender a influenciar sobre lo que sucede en el espacio.</span>\"
    \"<span class=sf-dump-key>time</span>\" => <span class=sf-dump-num>15</span>
    \"<span class=sf-dump-key>created_at</span>\" => \"<span class=sf-dump-str title=\"19 characters\">2020-05-05 09:27:34</span>\"
    \"<span class=sf-dump-key>updated_at</span>\" => \"<span class=sf-dump-str title=\"19 characters\">2023-07-11 10:22:56</span>\"
  </samp>]
  #<span class=sf-dump-protected title=\"Protected property\">original</span>: <span class=sf-dump-note>array:10</span> [<samp data-depth=2 class=sf-dump-compact>
    \"<span class=sf-dump-key>id</span>\" => <span class=sf-dump-num>2</span>
    \"<span class=sf-dump-key>name</span>\" => \"<span class=sf-dump-str title=\"10 characters\">Cap&#237;tulo 2</span>\"
    \"<span class=sf-dump-key>title</span>\" => \"<span class=sf-dump-str title=\"15 characters\">Auto Liderarnos</span>\"
    \"<span class=sf-dump-key>order</span>\" => <span class=sf-dump-num>2</span>
    \"<span class=sf-dump-key>videoIntro</span>\" => \"<span class=sf-dump-str title=\"14 characters\">Capitulo_1.mp4</span>\"
    \"<span class=sf-dump-key>imgintro</span>\" => \"<span class=sf-dump-str title=\"25 characters\">dist/img/chapter02_bg.jpg</span>\"
    \"<span class=sf-dump-key>description</span>\" => \"<span class=sf-dump-str title=\"122 characters\">La nave no debe estar m&#225;s tiempo en el espacio exterior, debemos aprender a influenciar sobre lo que sucede en el espacio.</span>\"
    \"<span class=sf-dump-key>time</span>\" => <span class=sf-dump-num>15</span>
    \"<span class=sf-dump-key>created_at</span>\" => \"<span class=sf-dump-str title=\"19 characters\">2020-05-05 09:27:34</span>\"
    \"<span class=sf-dump-key>updated_at</span>\" => \"<span class=sf-dump-str title=\"19 characters\">2023-07-11 10:22:56</span>\"
  </samp>]
  #<span class=sf-dump-protected title=\"Protected property\">changes</span>: []
  #<span class=sf-dump-protected title=\"Protected property\">casts</span>: []
  #<span class=sf-dump-protected title=\"Protected property\">classCastCache</span>: []
  #<span class=sf-dump-protected title=\"Protected property\">attributeCastCache</span>: []
  #<span class=sf-dump-protected title=\"Protected property\">dates</span>: []
  #<span class=sf-dump-protected title=\"Protected property\">dateFormat</span>: <span class=sf-dump-const>null</span>
  #<span class=sf-dump-protected title=\"Protected property\">appends</span>: []
  #<span class=sf-dump-protected title=\"Protected property\">dispatchesEvents</span>: []
  #<span class=sf-dump-protected title=\"Protected property\">observables</span>: []
  #<span class=sf-dump-protected title=\"Protected property\">relations</span>: []
  #<span class=sf-dump-protected title=\"Protected property\">touches</span>: []
  +<span class=sf-dump-public title=\"Public property\">timestamps</span>: <span class=sf-dump-const>true</span>
  #<span class=sf-dump-protected title=\"Protected property\">hidden</span>: []
  #<span class=sf-dump-protected title=\"Protected property\">visible</span>: []
  #<span class=sf-dump-protected title=\"Protected property\">fillable</span>: []
  #<span class=sf-dump-protected title=\"Protected property\">guarded</span>: <span class=sf-dump-note>array:1</span> [<samp data-depth=2 class=sf-dump-compact>
    <span class=sf-dump-index>0</span> => \"<span class=sf-dump-str>*</span>\"
  </samp>]
  #<span class=sf-dump-protected title=\"Protected property\">primarykey</span>: \"<span class=sf-dump-str title=\"2 characters\">id</span>\"
</samp>}
</pre><script>Sfdump(\"sf-dump-447542507\", {\"maxDepth\":3,\"maxStringLength\":160})</script>
","mensaje":"<pre class=sf-dump id=sf-dump-926009330 data-indent-pad=\"  \"><span class=sf-dump-num>1</span>
</pre><script>Sfdump(\"sf-dump-926009330\", {\"maxDepth\":3,\"maxStringLength\":160})</script>
","retp":"<pre class=sf-dump id=sf-dump-556044450 data-indent-pad=\"  \">{<a class=sf-dump-ref>#1657</a><samp data-depth=1 class=sf-dump-expanded>
  +\"<span class=sf-dump-public title=\"Runtime added dynamic property\">id</span>\": <span class=sf-dump-num>15</span>
  +\"<span class=sf-dump-public title=\"Runtime added dynamic property\">name</span>\": \"<span class=sf-dump-str title=\"34 characters\">1.2.3 Ampliando circulo influencia</span>\"
  +\"<span class=sf-dump-public title=\"Runtime added dynamic property\">description</span>\": \"<span class=sf-dump-str title=\"153 characters\">Despu&#233;s de ver el video, responde: &#191;Qu&#233; es el circulo de la preocupaci&#243;n? &#191;Qu&#233; es el circulo de la influencia? &#191;C&#243;mo ampliar el circulo de la influencia?</span>\"
  +\"<span class=sf-dump-public title=\"Runtime added dynamic property\">time</span>\": <span class=sf-dump-num>20</span>
  +\"<span class=sf-dump-public title=\"Runtime added dynamic property\">dificult</span>\": <span class=sf-dump-num>0</span>
  +\"<span class=sf-dump-public title=\"Runtime added dynamic property\">material</span>\": \"\"
  +\"<span class=sf-dump-public title=\"Runtime added dynamic property\">urlvideo</span>\": \"<span class=sf-dump-str title=\"23 characters\">autoLiderazgo_1_2_3.mp4</span>\"
  +\"<span class=sf-dump-public title=\"Runtime added dynamic property\">params</span>\": <span class=sf-dump-const>null</span>
  +\"<span class=sf-dump-public title=\"Runtime added dynamic property\">s_point</span>\": <span class=sf-dump-num>4</span>
  +\"<span class=sf-dump-public title=\"Runtime added dynamic property\">i_point</span>\": <span class=sf-dump-num>5</span>
  +\"<span class=sf-dump-public title=\"Runtime added dynamic property\">g_point</span>\": <span class=sf-dump-num>0</span>
  +\"<span class=sf-dump-public title=\"Runtime added dynamic property\">gametype</span>\": <span class=sf-dump-num>1</span>
  +\"<span class=sf-dump-public title=\"Runtime added dynamic property\">created_at</span>\": \"<span class=sf-dump-str title=\"19 characters\">2021-02-07 11:56:04</span>\"
  +\"<span class=sf-dump-public title=\"Runtime added dynamic property\">updated_at</span>\": \"<span class=sf-dump-str title=\"19 characters\">2024-11-24 21:54:59</span>\"
  +\"<span class=sf-dump-public title=\"Runtime added dynamic property\">subchapter_id</span>\": <span class=sf-dump-num>4</span>
  +\"<span class=sf-dump-public title=\"Runtime added dynamic property\">challenge_type_id</span>\": <span class=sf-dump-num>5</span>
  +\"<span class=sf-dump-public title=\"Runtime added dynamic property\">id_grupo</span>\": <span class=sf-dump-num>1</span>
  +\"<span class=sf-dump-public title=\"Runtime added dynamic property\">id_insignia</span>\": <span class=sf-dump-num>7</span>
</samp>}
</pre><script>Sfdump(\"sf-dump-556044450\", {\"maxDepth\":3,\"maxStringLength\":160})</script>
","tareacap":"<pre class=sf-dump id=sf-dump-195196349 data-indent-pad=\"  \"><span class=sf-dump-note>Illuminate\\Support\\Collection</span> {<a class=sf-dump-ref>#1688</a><samp data-depth=1 class=sf-dump-expanded>
  #<span class=sf-dump-protected title=\"Protected property\">items</span>: <span class=sf-dump-note>array:11</span> [<samp data-depth=2 class=sf-dump-compact>
    <span class=sf-dump-index>0</span> => {<a class=sf-dump-ref>#1696</a><samp data-depth=3 class=sf-dump-compact>
      +\"<span class=sf-dump-public title=\"Runtime added dynamic property\">cap</span>\": <span class=sf-dump-num>2</span>
      +\"<span class=sf-dump-public title=\"Runtime added dynamic property\">idt</span>\": <span class=sf-dump-num>10</span>
      +\"<span class=sf-dump-public title=\"Runtime added dynamic property\">name</span>\": \"<span class=sf-dump-str title=\"44 characters\">1.1.1  &#191;Porqu&#233; es importante auto liderazgo?</span>\"
    </samp>}
    <span class=sf-dump-index>1</span> => {<a class=sf-dump-ref>#1698</a><samp data-depth=3 class=sf-dump-compact>
      +\"<span class=sf-dump-public title=\"Runtime added dynamic property\">cap</span>\": <span class=sf-dump-num>2</span>
      +\"<span class=sf-dump-public title=\"Runtime added dynamic property\">idt</span>\": <span class=sf-dump-num>12</span>
      +\"<span class=sf-dump-public title=\"Runtime added dynamic property\">name</span>\": \"<span class=sf-dump-str title=\"26 characters\">1.1.2 Preg&#250;ntale a alguien</span>\"
    </samp>}
    <span class=sf-dump-index>2</span> => {<a class=sf-dump-ref>#1701</a><samp data-depth=3 class=sf-dump-compact>
      +\"<span class=sf-dump-public title=\"Runtime added dynamic property\">cap</span>\": <span class=sf-dump-num>2</span>
      +\"<span class=sf-dump-public title=\"Runtime added dynamic property\">idt</span>\": <span class=sf-dump-num>13</span>
      +\"<span class=sf-dump-public title=\"Runtime added dynamic property\">name</span>\": \"<span class=sf-dump-str title=\"26 characters\">1.2.1 Proactivo o Reactivo</span>\"
    </samp>}
    <span class=sf-dump-index>3</span> => {<a class=sf-dump-ref>#1699</a><samp data-depth=3 class=sf-dump-compact>
      +\"<span class=sf-dump-public title=\"Runtime added dynamic property\">cap</span>\": <span class=sf-dump-num>2</span>
      +\"<span class=sf-dump-public title=\"Runtime added dynamic property\">idt</span>\": <span class=sf-dump-num>14</span>
      +\"<span class=sf-dump-public title=\"Runtime added dynamic property\">name</span>\": \"<span class=sf-dump-str title=\"21 characters\">1.2.2 Reto - C&#237;rculos</span>\"
    </samp>}
    <span class=sf-dump-index>4</span> => {<a class=sf-dump-ref>#1700</a><samp data-depth=3 class=sf-dump-compact>
      +\"<span class=sf-dump-public title=\"Runtime added dynamic property\">cap</span>\": <span class=sf-dump-num>2</span>
      +\"<span class=sf-dump-public title=\"Runtime added dynamic property\">idt</span>\": <span class=sf-dump-num>15</span>
      +\"<span class=sf-dump-public title=\"Runtime added dynamic property\">name</span>\": \"<span class=sf-dump-str title=\"34 characters\">1.2.3 Ampliando circulo influencia</span>\"
    </samp>}
    <span class=sf-dump-index>5</span> => {<a class=sf-dump-ref>#1702</a><samp data-depth=3 class=sf-dump-compact>
      +\"<span class=sf-dump-public title=\"Runtime added dynamic property\">cap</span>\": <span class=sf-dump-num>2</span>
      +\"<span class=sf-dump-public title=\"Runtime added dynamic property\">idt</span>\": <span class=sf-dump-num>16</span>
      +\"<span class=sf-dump-public title=\"Runtime added dynamic property\">name</span>\": \"<span class=sf-dump-str title=\"42 characters\">1.2.4 Reto - Cambiar los tener por los Ser</span>\"
    </samp>}
    <span class=sf-dump-index>6</span> => {<a class=sf-dump-ref>#1703</a><samp data-depth=3 class=sf-dump-compact>
      +\"<span class=sf-dump-public title=\"Runtime added dynamic property\">cap</span>\": <span class=sf-dump-num>2</span>
      +\"<span class=sf-dump-public title=\"Runtime added dynamic property\">idt</span>\": <span class=sf-dump-num>17</span>
      +\"<span class=sf-dump-public title=\"Runtime added dynamic property\">name</span>\": \"<span class=sf-dump-str title=\"36 characters\">1.2.5 Autoconocimiento / Auto Estima</span>\"
    </samp>}
    <span class=sf-dump-index>7</span> => {<a class=sf-dump-ref>#1705</a><samp data-depth=3 class=sf-dump-compact>
      +\"<span class=sf-dump-public title=\"Runtime added dynamic property\">cap</span>\": <span class=sf-dump-num>2</span>
      +\"<span class=sf-dump-public title=\"Runtime added dynamic property\">idt</span>\": <span class=sf-dump-num>18</span>
      +\"<span class=sf-dump-public title=\"Runtime added dynamic property\">name</span>\": \"<span class=sf-dump-str title=\"42 characters\">1.2.6 Reto Auto Estima / Auto Conocimiento</span>\"
    </samp>}
    <span class=sf-dump-index>8</span> => {<a class=sf-dump-ref>#1706</a><samp data-depth=3 class=sf-dump-compact>
      +\"<span class=sf-dump-public title=\"Runtime added dynamic property\">cap</span>\": <span class=sf-dump-num>2</span>
      +\"<span class=sf-dump-public title=\"Runtime added dynamic property\">idt</span>\": <span class=sf-dump-num>19</span>
      +\"<span class=sf-dump-public title=\"Runtime added dynamic property\">name</span>\": \"<span class=sf-dump-str title=\"33 characters\">1.2.7 Autonomia / Auto motivaci&#243;n</span>\"
    </samp>}
    <span class=sf-dump-index>9</span> => {<a class=sf-dump-ref>#1704</a><samp data-depth=3 class=sf-dump-compact>
      +\"<span class=sf-dump-public title=\"Runtime added dynamic property\">cap</span>\": <span class=sf-dump-num>2</span>
      +\"<span class=sf-dump-public title=\"Runtime added dynamic property\">idt</span>\": <span class=sf-dump-num>20</span>
      +\"<span class=sf-dump-public title=\"Runtime added dynamic property\">name</span>\": \"<span class=sf-dump-str title=\"33 characters\">1.2.8 Reto Autonomia / Motivaci&#243;n</span>\"
    </samp>}
    <span class=sf-dump-index>10</span> => {<a class=sf-dump-ref>#1707</a><samp data-depth=3 class=sf-dump-compact>
      +\"<span class=sf-dump-public title=\"Runtime added dynamic property\">cap</span>\": <span class=sf-dump-num>2</span>
      +\"<span class=sf-dump-public title=\"Runtime added dynamic property\">idt</span>\": <span class=sf-dump-num>21</span>
      +\"<span class=sf-dump-public title=\"Runtime added dynamic property\">name</span>\": \"<span class=sf-dump-str title=\"32 characters\">1.3.1 &#191;C&#243;mo ponerlo en practica?</span>\"
    </samp>}
  </samp>]
  #<span class=sf-dump-protected title=\"Protected property\">escapeWhenCastingToString</span>: <span class=sf-dump-const>false</span>
</samp>}
</pre><script>Sfdump(\"sf-dump-195196349\", {\"maxDepth\":3,\"maxStringLength\":160})</script>
","tareasusu":"<pre class=sf-dump id=sf-dump-9231559 data-indent-pad=\"  \"><span class=sf-dump-note>Illuminate\\Support\\Collection</span> {<a class=sf-dump-ref>#1689</a><samp data-depth=1 class=sf-dump-expanded>
  #<span class=sf-dump-protected title=\"Protected property\">items</span>: <span class=sf-dump-note>array:4</span> [<samp data-depth=2 class=sf-dump-compact>
    <span class=sf-dump-index>0</span> => {<a class=sf-dump-ref>#1658</a><samp data-depth=3 class=sf-dump-compact>
      +\"<span class=sf-dump-public title=\"Runtime added dynamic property\">cap</span>\": <span class=sf-dump-num>2</span>
      +\"<span class=sf-dump-public title=\"Runtime added dynamic property\">ids</span>\": <span class=sf-dump-num>3</span>
      +\"<span class=sf-dump-public title=\"Runtime added dynamic property\">idt</span>\": <span class=sf-dump-num>10</span>
      +\"<span class=sf-dump-public title=\"Runtime added dynamic property\">name</span>\": \"<span class=sf-dump-str title=\"44 characters\">1.1.1  &#191;Porqu&#233; es importante auto liderazgo?</span>\"
    </samp>}
    <span class=sf-dump-index>1</span> => {<a class=sf-dump-ref>#1695</a><samp data-depth=3 class=sf-dump-compact>
      +\"<span class=sf-dump-public title=\"Runtime added dynamic property\">cap</span>\": <span class=sf-dump-num>2</span>
      +\"<span class=sf-dump-public title=\"Runtime added dynamic property\">ids</span>\": <span class=sf-dump-num>3</span>
      +\"<span class=sf-dump-public title=\"Runtime added dynamic property\">idt</span>\": <span class=sf-dump-num>12</span>
      +\"<span class=sf-dump-public title=\"Runtime added dynamic property\">name</span>\": \"<span class=sf-dump-str title=\"26 characters\">1.1.2 Preg&#250;ntale a alguien</span>\"
    </samp>}
    <span class=sf-dump-index>2</span> => {<a class=sf-dump-ref>#1693</a><samp data-depth=3 class=sf-dump-compact>
      +\"<span class=sf-dump-public title=\"Runtime added dynamic property\">cap</span>\": <span class=sf-dump-num>2</span>
      +\"<span class=sf-dump-public title=\"Runtime added dynamic property\">ids</span>\": <span class=sf-dump-num>4</span>
      +\"<span class=sf-dump-public title=\"Runtime added dynamic property\">idt</span>\": <span class=sf-dump-num>13</span>
      +\"<span class=sf-dump-public title=\"Runtime added dynamic property\">name</span>\": \"<span class=sf-dump-str title=\"26 characters\">1.2.1 Proactivo o Reactivo</span>\"
    </samp>}
    <span class=sf-dump-index>3</span> => {<a class=sf-dump-ref>#1694</a><samp data-depth=3 class=sf-dump-compact>
      +\"<span class=sf-dump-public title=\"Runtime added dynamic property\">cap</span>\": <span class=sf-dump-num>2</span>
      +\"<span class=sf-dump-public title=\"Runtime added dynamic property\">ids</span>\": <span class=sf-dump-num>4</span>
      +\"<span class=sf-dump-public title=\"Runtime added dynamic property\">idt</span>\": <span class=sf-dump-num>14</span>
      +\"<span class=sf-dump-public title=\"Runtime added dynamic property\">name</span>\": \"<span class=sf-dump-str title=\"21 characters\">1.2.2 Reto - C&#237;rculos</span>\"
    </samp>}
  </samp>]
  #<span class=sf-dump-protected title=\"Protected property\">escapeWhenCastingToString</span>: <span class=sf-dump-const>false</span>
</samp>}
</pre><script>Sfdump(\"sf-dump-9231559\", {\"maxDepth\":3,\"maxStringLength\":160})</script>
","tem":"<pre class=sf-dump id=sf-dump-1715988256 data-indent-pad=\"  \"><span class=sf-dump-num>1</span>
</pre><script>Sfdump(\"sf-dump-1715988256\", {\"maxDepth\":3,\"maxStringLength\":160})</script>
","cap":"<pre class=sf-dump id=sf-dump-1840462115 data-indent-pad=\"  \">\"<span class=sf-dump-str>2</span>\"
</pre><script>Sfdump(\"sf-dump-1840462115\", {\"maxDepth\":3,\"maxStringLength\":160})</script>
","tareasCompletadas":"<pre class=sf-dump id=sf-dump-76906172 data-indent-pad=\"  \"><span class=sf-dump-note>array:4</span> [<samp data-depth=1 class=sf-dump-expanded>
  <span class=sf-dump-index>0</span> => <span class=sf-dump-num>10</span>
  <span class=sf-dump-index>1</span> => <span class=sf-dump-num>12</span>
  <span class=sf-dump-index>2</span> => <span class=sf-dump-num>13</span>
  <span class=sf-dump-index>3</span> => <span class=sf-dump-num>14</span>
</samp>]
</pre><script>Sfdump(\"sf-dump-76906172\", {\"maxDepth\":3,\"maxStringLength\":160})</script>
"}},"userId":671,"exception":"[object] (Spatie\\LaravelIgnition\\Exceptions\\ViewException(code: 0): Undefined variable $activeTab at C:\\xampp\\htdocs\\evolucion2024\\resources\\views\\player\\capitulos.blade.php:143)
[stacktrace]
#0 C:\\xampp\\htdocs\\evolucion2024\\vendor\\laravel\\framework\\src\\Illuminate\\Foundation\\Bootstrap\\HandleExceptions.php(270): Illuminate\\Foundation\\Bootstrap\\HandleExceptions->handleError(2, 'Undefined varia...', 'C:\\\\xampp\\\\htdocs...', 142)
#1 C:\\xampp\\htdocs\\evolucion2024\\resources\\views\\player\\capitulos.blade.php(143): Illuminate\\Foundation\\Bootstrap\\HandleExceptions->Illuminate\\Foundation\\Bootstrap\\{closure}(2, 'Undefined varia...', 'C:\\\\xampp\\\\htdocs...', 142)
#2 C:\\xampp\\htdocs\\evolucion2024\\vendor\\laravel\\framework\\src\\Illuminate\\Filesystem\\Filesystem.php(109): require('C:\\\\xampp\\\\htdocs...')
#3 C:\\xampp\\htdocs\\evolucion2024\\vendor\\laravel\\framework\\src\\Illuminate\\Filesystem\\Filesystem.php(110): Illuminate\\Filesystem\\Filesystem::Illuminate\\Filesystem\\{closure}()
#4 C:\\xampp\\htdocs\\evolucion2024\\vendor\\laravel\\framework\\src\\Illuminate\\View\\Engines\\PhpEngine.php(58): Illuminate\\Filesystem\\Filesystem->getRequire('C:\\\\xampp\\\\htdocs...', Array)
#5 C:\\xampp\\htdocs\\evolucion2024\\vendor\\laravel\\framework\\src\\Illuminate\\View\\Engines\\CompilerEngine.php(70): Illuminate\\View\\Engines\\PhpEngine->evaluatePath('C:\\\\xampp\\\\htdocs...', Array)
#6 C:\\xampp\\htdocs\\evolucion2024\\vendor\\laravel\\framework\\src\\Illuminate\\View\\View.php(195): Illuminate\\View\\Engines\\CompilerEngine->get('C:\\\\xampp\\\\htdocs...', Array)
#7 C:\\xampp\\htdocs\\evolucion2024\\vendor\\laravel\\framework\\src\\Illuminate\\View\\View.php(178): Illuminate\\View\\View->getContents()
#8 C:\\xampp\\htdocs\\evolucion2024\\vendor\\laravel\\framework\\src\\Illuminate\\View\\View.php(147): Illuminate\\View\\View->renderContents()
#9 C:\\xampp\\htdocs\\evolucion2024\\vendor\\laravel\\framework\\src\\Illuminate\\Http\\Response.php(69): Illuminate\\View\\View->render()
#10 C:\\xampp\\htdocs\\evolucion2024\\vendor\\laravel\\framework\\src\\Illuminate\\Http\\Response.php(35): Illuminate\\Http\\Response->setContent(Object(Illuminate\\View\\View))
#11 C:\\xampp\\htdocs\\evolucion2024\\vendor\\laravel\\framework\\src\\Illuminate\\Routing\\Router.php(906): Illuminate\\Http\\Response->__construct(Object(Illuminate\\View\\View), 200, Array)
#12 C:\\xampp\\htdocs\\evolucion2024\\vendor\\laravel\\framework\\src\\Illuminate\\Routing\\Router.php(875): Illuminate\\Routing\\Router::toResponse(Object(Illuminate\\Http\\Request), Object(Illuminate\\View\\View))
#13 C:\\xampp\\htdocs\\evolucion2024\\vendor\\laravel\\framework\\src\\Illuminate\\Routing\\Router.php(798): Illuminate\\Routing\\Router->prepareResponse(Object(Illuminate\\Http\\Request), Object(Illuminate\\View\\View))
#14 C:\\xampp\\htdocs\\evolucion2024\\vendor\\laravel\\framework\\src\\Illuminate\\Pipeline\\Pipeline.php(141): Illuminate\\Routing\\Router->Illuminate\\Routing\\{closure}(Object(Illuminate\\Http\\Request))
#15 C:\\xampp\\htdocs\\evolucion2024\\app\\Http\\Middleware\\RedirectIfSessionExpired.php(25): Illuminate\\Pipeline\\Pipeline->Illuminate\\Pipeline\\{closure}(Object(Illuminate\\Http\\Request))
#16 C:\\xampp\\htdocs\\evolucion2024\\vendor\\laravel\\framework\\src\\Illuminate\\Pipeline\\Pipeline.php(180): App\\Http\\Middleware\\RedirectIfSessionExpired->handle(Object(Illuminate\\Http\\Request), Object(Closure))
#17 C:\\xampp\\htdocs\\evolucion2024\\vendor\\laravel\\framework\\src\\Illuminate\\Routing\\Middleware\\SubstituteBindings.php(50): Illuminate\\Pipeline\\Pipeline->Illuminate\\Pipeline\\{closure}(Object(Illuminate\\Http\\Request))
#18 C:\\xampp\\htdocs\\evolucion2024\\vendor\\laravel\\framework\\src\\Illuminate\\Pipeline\\Pipeline.php(180): Illuminate\\Routing\\Middleware\\SubstituteBindings->handle(Object(Illuminate\\Http\\Request), Object(Closure))
#19 C:\\xampp\\htdocs\\evolucion2024\\vendor\\laravel\\framework\\src\\Illuminate\\Foundation\\Http\\Middleware\\VerifyCsrfToken.php(78): Illuminate\\Pipeline\\Pipeline->Illuminate\\Pipeline\\{closure}(Object(Illuminate\\Http\\Request))
#20 C:\\xampp\\htdocs\\evolucion2024\\vendor\\laravel\\framework\\src\\Illuminate\\Pipeline\\Pipeline.php(180): Illuminate\\Foundation\\Http\\Middleware\\VerifyCsrfToken->handle(Object(Illuminate\\Http\\Request), Object(Closure))
#21 C:\\xampp\\htdocs\\evolucion2024\\vendor\\laravel\\framework\\src\\Illuminate\\View\\Middleware\\ShareErrorsFromSession.php(49): Illuminate\\Pipeline\\Pipeline->Illuminate\\Pipeline\\{closure}(Object(Illuminate\\Http\\Request))
#22 C:\\xampp\\htdocs\\evolucion2024\\vendor\\laravel\\framework\\src\\Illuminate\\Pipeline\\Pipeline.php(180): Illuminate\\View\\Middleware\\ShareErrorsFromSession->handle(Object(Illuminate\\Http\\Request), Object(Closure))
#23 C:\\xampp\\htdocs\\evolucion2024\\vendor\\laravel\\framework\\src\\Illuminate\\Session\\Middleware\\StartSession.php(121): Illuminate\\Pipeline\\Pipeline->Illuminate\\Pipeline\\{closure}(Object(Illuminate\\Http\\Request))
#24 C:\\xampp\\htdocs\\evolucion2024\\vendor\\laravel\\framework\\src\\Illuminate\\Session\\Middleware\\StartSession.php(64): Illuminate\\Session\\Middleware\\StartSession->handleStatefulRequest(Object(Illuminate\\Http\\Request), Object(Illuminate\\Session\\Store), Object(Closure))
#25 C:\\xampp\\htdocs\\evolucion2024\\vendor\\laravel\\framework\\src\\Illuminate\\Pipeline\\Pipeline.php(180): Illuminate\\Session\\Middleware\\StartSession->handle(Object(Illuminate\\Http\\Request), Object(Closure))
#26 C:\\xampp\\htdocs\\evolucion2024\\vendor\\laravel\\framework\\src\\Illuminate\\Cookie\\Middleware\\AddQueuedCookiesToResponse.php(37): Illuminate\\Pipeline\\Pipeline->Illuminate\\Pipeline\\{closure}(Object(Illuminate\\Http\\Request))
#27 C:\\xampp\\htdocs\\evolucion2024\\vendor\\laravel\\framework\\src\\Illuminate\\Pipeline\\Pipeline.php(180): Illuminate\\Cookie\\Middleware\\AddQueuedCookiesToResponse->handle(Object(Illuminate\\Http\\Request), Object(Closure))
#28 C:\\xampp\\htdocs\\evolucion2024\\vendor\\laravel\\framework\\src\\Illuminate\\Cookie\\Middleware\\EncryptCookies.php(67): Illuminate\\Pipeline\\Pipeline->Illuminate\\Pipeline\\{closure}(Object(Illuminate\\Http\\Request))
#29 C:\\xampp\\htdocs\\evolucion2024\\vendor\\laravel\\framework\\src\\Illuminate\\Pipeline\\Pipeline.php(180): Illuminate\\Cookie\\Middleware\\EncryptCookies->handle(Object(Illuminate\\Http\\Request), Object(Closure))
#30 C:\\xampp\\htdocs\\evolucion2024\\vendor\\laravel\\framework\\src\\Illuminate\\Pipeline\\Pipeline.php(116): Illuminate\\Pipeline\\Pipeline->Illuminate\\Pipeline\\{closure}(Object(Illuminate\\Http\\Request))
#31 C:\\xampp\\htdocs\\evolucion2024\\vendor\\laravel\\framework\\src\\Illuminate\\Routing\\Router.php(799): Illuminate\\Pipeline\\Pipeline->then(Object(Closure))
#32 C:\\xampp\\htdocs\\evolucion2024\\vendor\\laravel\\framework\\src\\Illuminate\\Routing\\Router.php(776): Illuminate\\Routing\\Router->runRouteWithinStack(Object(Illuminate\\Routing\\Route), Object(Illuminate\\Http\\Request))
#33 C:\\xampp\\htdocs\\evolucion2024\\vendor\\laravel\\framework\\src\\Illuminate\\Routing\\Router.php(740): Illuminate\\Routing\\Router->runRoute(Object(Illuminate\\Http\\Request), Object(Illuminate\\Routing\\Route))
#34 C:\\xampp\\htdocs\\evolucion2024\\vendor\\laravel\\framework\\src\\Illuminate\\Routing\\Router.php(729): Illuminate\\Routing\\Router->dispatchToRoute(Object(Illuminate\\Http\\Request))
#35 C:\\xampp\\htdocs\\evolucion2024\\vendor\\laravel\\framework\\src\\Illuminate\\Foundation\\Http\\Kernel.php(190): Illuminate\\Routing\\Router->dispatch(Object(Illuminate\\Http\\Request))
#36 C:\\xampp\\htdocs\\evolucion2024\\vendor\\laravel\\framework\\src\\Illuminate\\Pipeline\\Pipeline.php(141): Illuminate\\Foundation\\Http\\Kernel->Illuminate\\Foundation\\Http\\{closure}(Object(Illuminate\\Http\\Request))
#37 C:\\xampp\\htdocs\\evolucion2024\\vendor\\laravel\\framework\\src\\Illuminate\\Http\\Middleware\\TrustProxies.php(39): Illuminate\\Pipeline\\Pipeline->Illuminate\\Pipeline\\{closure}(Object(Illuminate\\Http\\Request))
#38 C:\\xampp\\htdocs\\evolucion2024\\vendor\\laravel\\framework\\src\\Illuminate\\Pipeline\\Pipeline.php(180): Illuminate\\Http\\Middleware\\TrustProxies->handle(Object(Illuminate\\Http\\Request), Object(Closure))
#39 C:\\xampp\\htdocs\\evolucion2024\\vendor\\laravel\\framework\\src\\Illuminate\\Foundation\\Http\\Middleware\\TransformsRequest.php(21): Illuminate\\Pipeline\\Pipeline->Illuminate\\Pipeline\\{closure}(Object(Illuminate\\Http\\Request))
#40 C:\\xampp\\htdocs\\evolucion2024\\vendor\\laravel\\framework\\src\\Illuminate\\Foundation\\Http\\Middleware\\ConvertEmptyStringsToNull.php(31): Illuminate\\Foundation\\Http\\Middleware\\TransformsRequest->handle(Object(Illuminate\\Http\\Request), Object(Closure))
#41 C:\\xampp\\htdocs\\evolucion2024\\vendor\\laravel\\framework\\src\\Illuminate\\Pipeline\\Pipeline.php(180): Illuminate\\Foundation\\Http\\Middleware\\ConvertEmptyStringsToNull->handle(Object(Illuminate\\Http\\Request), Object(Closure))
#42 C:\\xampp\\htdocs\\evolucion2024\\vendor\\laravel\\framework\\src\\Illuminate\\Foundation\\Http\\Middleware\\TransformsRequest.php(21): Illuminate\\Pipeline\\Pipeline->Illuminate\\Pipeline\\{closure}(Object(Illuminate\\Http\\Request))
#43 C:\\xampp\\htdocs\\evolucion2024\\vendor\\laravel\\framework\\src\\Illuminate\\Foundation\\Http\\Middleware\\TrimStrings.php(40): Illuminate\\Foundation\\Http\\Middleware\\TransformsRequest->handle(Object(Illuminate\\Http\\Request), Object(Closure))
#44 C:\\xampp\\htdocs\\evolucion2024\\vendor\\laravel\\framework\\src\\Illuminate\\Pipeline\\Pipeline.php(180): Illuminate\\Foundation\\Http\\Middleware\\TrimStrings->handle(Object(Illuminate\\Http\\Request), Object(Closure))
#45 C:\\xampp\\htdocs\\evolucion2024\\vendor\\laravel\\framework\\src\\Illuminate\\Foundation\\Http\\Middleware\\ValidatePostSize.php(27): Illuminate\\Pipeline\\Pipeline->Illuminate\\Pipeline\\{closure}(Object(Illuminate\\Http\\Request))
#46 C:\\xampp\\htdocs\\evolucion2024\\vendor\\laravel\\framework\\src\\Illuminate\\Pipeline\\Pipeline.php(180): Illuminate\\Foundation\\Http\\Middleware\\ValidatePostSize->handle(Object(Illuminate\\Http\\Request), Object(Closure))
#47 C:\\xampp\\htdocs\\evolucion2024\\vendor\\laravel\\framework\\src\\Illuminate\\Foundation\\Http\\Middleware\\PreventRequestsDuringMaintenance.php(86): Illuminate\\Pipeline\\Pipeline->Illuminate\\Pipeline\\{closure}(Object(Illuminate\\Http\\Request))
#48 C:\\xampp\\htdocs\\evolucion2024\\vendor\\laravel\\framework\\src\\Illuminate\\Pipeline\\Pipeline.php(180): Illuminate\\Foundation\\Http\\Middleware\\PreventRequestsDuringMaintenance->handle(Object(Illuminate\\Http\\Request), Object(Closure))
#49 C:\\xampp\\htdocs\\evolucion2024\\vendor\\laravel\\framework\\src\\Illuminate\\Pipeline\\Pipeline.php(116): Illuminate\\Pipeline\\Pipeline->Illuminate\\Pipeline\\{closure}(Object(Illuminate\\Http\\Request))
#50 C:\\xampp\\htdocs\\evolucion2024\\vendor\\laravel\\framework\\src\\Illuminate\\Foundation\\Http\\Kernel.php(165): Illuminate\\Pipeline\\Pipeline->then(Object(Closure))
#51 C:\\xampp\\htdocs\\evolucion2024\\vendor\\laravel\\framework\\src\\Illuminate\\Foundation\\Http\\Kernel.php(134): Illuminate\\Foundation\\Http\\Kernel->sendRequestThroughRouter(Object(Illuminate\\Http\\Request))
#52 C:\\xampp\\htdocs\\evolucion2024\\public\\index.php(55): Illuminate\\Foundation\\Http\\Kernel->handle(Object(Illuminate\\Http\\Request))
#53 C:\\xampp\\htdocs\\evolucion2024\\server.php(21): require_once('C:\\\\xampp\\\\htdocs...')
#54 {main}

[previous exception] [object] (ErrorException(code: 0): Undefined variable $activeTab at C:\\xampp\\htdocs\\evolucion2024\\storage\\framework\\views\\7b81b531a2b5422499a03d9c46ed57388093c5b1.php:142)
[stacktrace]
#0 C:\\xampp\\htdocs\\evolucion2024\\vendor\\laravel\\framework\\src\\Illuminate\\Foundation\\Bootstrap\\HandleExceptions.php(270): Illuminate\\Foundation\\Bootstrap\\HandleExceptions->handleError(2, 'Undefined varia...', 'C:\\\\xampp\\\\htdocs...', 142)
#1 C:\\xampp\\htdocs\\evolucion2024\\storage\\framework\\views\\7b81b531a2b5422499a03d9c46ed57388093c5b1.php(142): Illuminate\\Foundation\\Bootstrap\\HandleExceptions->Illuminate\\Foundation\\Bootstrap\\{closure}(2, 'Undefined varia...', 'C:\\\\xampp\\\\htdocs...', 142)
#2 C:\\xampp\\htdocs\\evolucion2024\\vendor\\laravel\\framework\\src\\Illuminate\\Filesystem\\Filesystem.php(109): require('C:\\\\xampp\\\\htdocs...')
#3 C:\\xampp\\htdocs\\evolucion2024\\vendor\\laravel\\framework\\src\\Illuminate\\Filesystem\\Filesystem.php(110): Illuminate\\Filesystem\\Filesystem::Illuminate\\Filesystem\\{closure}()
#4 C:\\xampp\\htdocs\\evolucion2024\\vendor\\laravel\\framework\\src\\Illuminate\\View\\Engines\\PhpEngine.php(58): Illuminate\\Filesystem\\Filesystem->getRequire('C:\\\\xampp\\\\htdocs...', Array)
#5 C:\\xampp\\htdocs\\evolucion2024\\vendor\\laravel\\framework\\src\\Illuminate\\View\\Engines\\CompilerEngine.php(70): Illuminate\\View\\Engines\\PhpEngine->evaluatePath('C:\\\\xampp\\\\htdocs...', Array)
#6 C:\\xampp\\htdocs\\evolucion2024\\vendor\\laravel\\framework\\src\\Illuminate\\View\\View.php(195): Illuminate\\View\\Engines\\CompilerEngine->get('C:\\\\xampp\\\\htdocs...', Array)
#7 C:\\xampp\\htdocs\\evolucion2024\\vendor\\laravel\\framework\\src\\Illuminate\\View\\View.php(178): Illuminate\\View\\View->getContents()
#8 C:\\xampp\\htdocs\\evolucion2024\\vendor\\laravel\\framework\\src\\Illuminate\\View\\View.php(147): Illuminate\\View\\View->renderContents()
#9 C:\\xampp\\htdocs\\evolucion2024\\vendor\\laravel\\framework\\src\\Illuminate\\Http\\Response.php(69): Illuminate\\View\\View->render()
#10 C:\\xampp\\htdocs\\evolucion2024\\vendor\\laravel\\framework\\src\\Illuminate\\Http\\Response.php(35): Illuminate\\Http\\Response->setContent(Object(Illuminate\\View\\View))
#11 C:\\xampp\\htdocs\\evolucion2024\\vendor\\laravel\\framework\\src\\Illuminate\\Routing\\Router.php(906): Illuminate\\Http\\Response->__construct(Object(Illuminate\\View\\View), 200, Array)
#12 C:\\xampp\\htdocs\\evolucion2024\\vendor\\laravel\\framework\\src\\Illuminate\\Routing\\Router.php(875): Illuminate\\Routing\\Router::toResponse(Object(Illuminate\\Http\\Request), Object(Illuminate\\View\\View))
#13 C:\\xampp\\htdocs\\evolucion2024\\vendor\\laravel\\framework\\src\\Illuminate\\Routing\\Router.php(798): Illuminate\\Routing\\Router->prepareResponse(Object(Illuminate\\Http\\Request), Object(Illuminate\\View\\View))
#14 C:\\xampp\\htdocs\\evolucion2024\\vendor\\laravel\\framework\\src\\Illuminate\\Pipeline\\Pipeline.php(141): Illuminate\\Routing\\Router->Illuminate\\Routing\\{closure}(Object(Illuminate\\Http\\Request))
#15 C:\\xampp\\htdocs\\evolucion2024\\app\\Http\\Middleware\\RedirectIfSessionExpired.php(25): Illuminate\\Pipeline\\Pipeline->Illuminate\\Pipeline\\{closure}(Object(Illuminate\\Http\\Request))
#16 C:\\xampp\\htdocs\\evolucion2024\\vendor\\laravel\\framework\\src\\Illuminate\\Pipeline\\Pipeline.php(180): App\\Http\\Middleware\\RedirectIfSessionExpired->handle(Object(Illuminate\\Http\\Request), Object(Closure))
#17 C:\\xampp\\htdocs\\evolucion2024\\vendor\\laravel\\framework\\src\\Illuminate\\Routing\\Middleware\\SubstituteBindings.php(50): Illuminate\\Pipeline\\Pipeline->Illuminate\\Pipeline\\{closure}(Object(Illuminate\\Http\\Request))
#18 C:\\xampp\\htdocs\\evolucion2024\\vendor\\laravel\\framework\\src\\Illuminate\\Pipeline\\Pipeline.php(180): Illuminate\\Routing\\Middleware\\SubstituteBindings->handle(Object(Illuminate\\Http\\Request), Object(Closure))
#19 C:\\xampp\\htdocs\\evolucion2024\\vendor\\laravel\\framework\\src\\Illuminate\\Foundation\\Http\\Middleware\\VerifyCsrfToken.php(78): Illuminate\\Pipeline\\Pipeline->Illuminate\\Pipeline\\{closure}(Object(Illuminate\\Http\\Request))
#20 C:\\xampp\\htdocs\\evolucion2024\\vendor\\laravel\\framework\\src\\Illuminate\\Pipeline\\Pipeline.php(180): Illuminate\\Foundation\\Http\\Middleware\\VerifyCsrfToken->handle(Object(Illuminate\\Http\\Request), Object(Closure))
#21 C:\\xampp\\htdocs\\evolucion2024\\vendor\\laravel\\framework\\src\\Illuminate\\View\\Middleware\\ShareErrorsFromSession.php(49): Illuminate\\Pipeline\\Pipeline->Illuminate\\Pipeline\\{closure}(Object(Illuminate\\Http\\Request))
#22 C:\\xampp\\htdocs\\evolucion2024\\vendor\\laravel\\framework\\src\\Illuminate\\Pipeline\\Pipeline.php(180): Illuminate\\View\\Middleware\\ShareErrorsFromSession->handle(Object(Illuminate\\Http\\Request), Object(Closure))
#23 C:\\xampp\\htdocs\\evolucion2024\\vendor\\laravel\\framework\\src\\Illuminate\\Session\\Middleware\\StartSession.php(121): Illuminate\\Pipeline\\Pipeline->Illuminate\\Pipeline\\{closure}(Object(Illuminate\\Http\\Request))
#24 C:\\xampp\\htdocs\\evolucion2024\\vendor\\laravel\\framework\\src\\Illuminate\\Session\\Middleware\\StartSession.php(64): Illuminate\\Session\\Middleware\\StartSession->handleStatefulRequest(Object(Illuminate\\Http\\Request), Object(Illuminate\\Session\\Store), Object(Closure))
#25 C:\\xampp\\htdocs\\evolucion2024\\vendor\\laravel\\framework\\src\\Illuminate\\Pipeline\\Pipeline.php(180): Illuminate\\Session\\Middleware\\StartSession->handle(Object(Illuminate\\Http\\Request), Object(Closure))
#26 C:\\xampp\\htdocs\\evolucion2024\\vendor\\laravel\\framework\\src\\Illuminate\\Cookie\\Middleware\\AddQueuedCookiesToResponse.php(37): Illuminate\\Pipeline\\Pipeline->Illuminate\\Pipeline\\{closure}(Object(Illuminate\\Http\\Request))
#27 C:\\xampp\\htdocs\\evolucion2024\\vendor\\laravel\\framework\\src\\Illuminate\\Pipeline\\Pipeline.php(180): Illuminate\\Cookie\\Middleware\\AddQueuedCookiesToResponse->handle(Object(Illuminate\\Http\\Request), Object(Closure))
#28 C:\\xampp\\htdocs\\evolucion2024\\vendor\\laravel\\framework\\src\\Illuminate\\Cookie\\Middleware\\EncryptCookies.php(67): Illuminate\\Pipeline\\Pipeline->Illuminate\\Pipeline\\{closure}(Object(Illuminate\\Http\\Request))
#29 C:\\xampp\\htdocs\\evolucion2024\\vendor\\laravel\\framework\\src\\Illuminate\\Pipeline\\Pipeline.php(180): Illuminate\\Cookie\\Middleware\\EncryptCookies->handle(Object(Illuminate\\Http\\Request), Object(Closure))
#30 C:\\xampp\\htdocs\\evolucion2024\\vendor\\laravel\\framework\\src\\Illuminate\\Pipeline\\Pipeline.php(116): Illuminate\\Pipeline\\Pipeline->Illuminate\\Pipeline\\{closure}(Object(Illuminate\\Http\\Request))
#31 C:\\xampp\\htdocs\\evolucion2024\\vendor\\laravel\\framework\\src\\Illuminate\\Routing\\Router.php(799): Illuminate\\Pipeline\\Pipeline->then(Object(Closure))
#32 C:\\xampp\\htdocs\\evolucion2024\\vendor\\laravel\\framework\\src\\Illuminate\\Routing\\Router.php(776): Illuminate\\Routing\\Router->runRouteWithinStack(Object(Illuminate\\Routing\\Route), Object(Illuminate\\Http\\Request))
#33 C:\\xampp\\htdocs\\evolucion2024\\vendor\\laravel\\framework\\src\\Illuminate\\Routing\\Router.php(740): Illuminate\\Routing\\Router->runRoute(Object(Illuminate\\Http\\Request), Object(Illuminate\\Routing\\Route))
#34 C:\\xampp\\htdocs\\evolucion2024\\vendor\\laravel\\framework\\src\\Illuminate\\Routing\\Router.php(729): Illuminate\\Routing\\Router->dispatchToRoute(Object(Illuminate\\Http\\Request))
#35 C:\\xampp\\htdocs\\evolucion2024\\vendor\\laravel\\framework\\src\\Illuminate\\Foundation\\Http\\Kernel.php(190): Illuminate\\Routing\\Router->dispatch(Object(Illuminate\\Http\\Request))
#36 C:\\xampp\\htdocs\\evolucion2024\\vendor\\laravel\\framework\\src\\Illuminate\\Pipeline\\Pipeline.php(141): Illuminate\\Foundation\\Http\\Kernel->Illuminate\\Foundation\\Http\\{closure}(Object(Illuminate\\Http\\Request))
#37 C:\\xampp\\htdocs\\evolucion2024\\vendor\\laravel\\framework\\src\\Illuminate\\Http\\Middleware\\TrustProxies.php(39): Illuminate\\Pipeline\\Pipeline->Illuminate\\Pipeline\\{closure}(Object(Illuminate\\Http\\Request))
#38 C:\\xampp\\htdocs\\evolucion2024\\vendor\\laravel\\framework\\src\\Illuminate\\Pipeline\\Pipeline.php(180): Illuminate\\Http\\Middleware\\TrustProxies->handle(Object(Illuminate\\Http\\Request), Object(Closure))
#39 C:\\xampp\\htdocs\\evolucion2024\\vendor\\laravel\\framework\\src\\Illuminate\\Foundation\\Http\\Middleware\\TransformsRequest.php(21): Illuminate\\Pipeline\\Pipeline->Illuminate\\Pipeline\\{closure}(Object(Illuminate\\Http\\Request))
#40 C:\\xampp\\htdocs\\evolucion2024\\vendor\\laravel\\framework\\src\\Illuminate\\Foundation\\Http\\Middleware\\ConvertEmptyStringsToNull.php(31): Illuminate\\Foundation\\Http\\Middleware\\TransformsRequest->handle(Object(Illuminate\\Http\\Request), Object(Closure))
#41 C:\\xampp\\htdocs\\evolucion2024\\vendor\\laravel\\framework\\src\\Illuminate\\Pipeline\\Pipeline.php(180): Illuminate\\Foundation\\Http\\Middleware\\ConvertEmptyStringsToNull->handle(Object(Illuminate\\Http\\Request), Object(Closure))
#42 C:\\xampp\\htdocs\\evolucion2024\\vendor\\laravel\\framework\\src\\Illuminate\\Foundation\\Http\\Middleware\\TransformsRequest.php(21): Illuminate\\Pipeline\\Pipeline->Illuminate\\Pipeline\\{closure}(Object(Illuminate\\Http\\Request))
#43 C:\\xampp\\htdocs\\evolucion2024\\vendor\\laravel\\framework\\src\\Illuminate\\Foundation\\Http\\Middleware\\TrimStrings.php(40): Illuminate\\Foundation\\Http\\Middleware\\TransformsRequest->handle(Object(Illuminate\\Http\\Request), Object(Closure))
#44 C:\\xampp\\htdocs\\evolucion2024\\vendor\\laravel\\framework\\src\\Illuminate\\Pipeline\\Pipeline.php(180): Illuminate\\Foundation\\Http\\Middleware\\TrimStrings->handle(Object(Illuminate\\Http\\Request), Object(Closure))
#45 C:\\xampp\\htdocs\\evolucion2024\\vendor\\laravel\\framework\\src\\Illuminate\\Foundation\\Http\\Middleware\\ValidatePostSize.php(27): Illuminate\\Pipeline\\Pipeline->Illuminate\\Pipeline\\{closure}(Object(Illuminate\\Http\\Request))
#46 C:\\xampp\\htdocs\\evolucion2024\\vendor\\laravel\\framework\\src\\Illuminate\\Pipeline\\Pipeline.php(180): Illuminate\\Foundation\\Http\\Middleware\\ValidatePostSize->handle(Object(Illuminate\\Http\\Request), Object(Closure))
#47 C:\\xampp\\htdocs\\evolucion2024\\vendor\\laravel\\framework\\src\\Illuminate\\Foundation\\Http\\Middleware\\PreventRequestsDuringMaintenance.php(86): Illuminate\\Pipeline\\Pipeline->Illuminate\\Pipeline\\{closure}(Object(Illuminate\\Http\\Request))
#48 C:\\xampp\\htdocs\\evolucion2024\\vendor\\laravel\\framework\\src\\Illuminate\\Pipeline\\Pipeline.php(180): Illuminate\\Foundation\\Http\\Middleware\\PreventRequestsDuringMaintenance->handle(Object(Illuminate\\Http\\Request), Object(Closure))
#49 C:\\xampp\\htdocs\\evolucion2024\\vendor\\laravel\\framework\\src\\Illuminate\\Pipeline\\Pipeline.php(116): Illuminate\\Pipeline\\Pipeline->Illuminate\\Pipeline\\{closure}(Object(Illuminate\\Http\\Request))
#50 C:\\xampp\\htdocs\\evolucion2024\\vendor\\laravel\\framework\\src\\Illuminate\\Foundation\\Http\\Kernel.php(165): Illuminate\\Pipeline\\Pipeline->then(Object(Closure))
#51 C:\\xampp\\htdocs\\evolucion2024\\vendor\\laravel\\framework\\src\\Illuminate\\Foundation\\Http\\Kernel.php(134): Illuminate\\Foundation\\Http\\Kernel->sendRequestThroughRouter(Object(Illuminate\\Http\\Request))
#52 C:\\xampp\\htdocs\\evolucion2024\\public\\index.php(55): Illuminate\\Foundation\\Http\\Kernel->handle(Object(Illuminate\\Http\\Request))
#53 C:\\xampp\\htdocs\\evolucion2024\\server.php(21): require_once('C:\\\\xampp\\\\htdocs...')
#54 {main}
"} 
