[2024-12-20 14:45:24] production.ERROR: Attempt to read property "expires_at" on null {"exception":"[object] (ErrorException(code: 0): Attempt to read property \"expires_at\" on null at C:\\xampp\\htdocs\\evolucion2024\\app\\Services\\MicrosoftGraphService.php:90)
[stacktrace]
#0 C:\\xampp\\htdocs\\evolucion2024\\vendor\\laravel\\framework\\src\\Illuminate\\Foundation\\Bootstrap\\HandleExceptions.php(270): Illuminate\\Foundation\\Bootstrap\\HandleExceptions->handleError(2, 'Attempt to read...', 'C:\\\\xampp\\\\htdocs...', 90)
#1 C:\\xampp\\htdocs\\evolucion2024\\app\\Services\\MicrosoftGraphService.php(90): Illuminate\\Foundation\\Bootstrap\\HandleExceptions->Illuminate\\Foundation\\Bootstrap\\{closure}(2, 'Attempt to read...', 'C:\\\\xampp\\\\htdocs...', 90)
#2 C:\\xampp\\htdocs\\evolucion2024\\app\\Services\\MicrosoftGraphService.php(46): App\\Services\\MicrosoftGraphService->hasTokenExpired(NULL)
#3 C:\\xampp\\htdocs\\evolucion2024\\app\\Services\\MicrosoftGraphService.php(16): App\\Services\\MicrosoftGraphService->refreshTokenIfNeeded()
#4 C:\\xampp\\htdocs\\evolucion2024\\app\\Jobs\\SendMailJob.php(40): App\\Services\\MicrosoftGraphService->sendMail('Notificaci\\xC3\\xB3n d...', '<!DOCTYPE html>...', 'pedro@evolucion...')
#5 C:\\xampp\\htdocs\\evolucion2024\\vendor\\laravel\\framework\\src\\Illuminate\\Container\\BoundMethod.php(36): App\\Jobs\\SendMailJob->handle(Object(App\\Services\\MicrosoftGraphService))
#6 C:\\xampp\\htdocs\\evolucion2024\\vendor\\laravel\\framework\\src\\Illuminate\\Container\\Util.php(41): Illuminate\\Container\\BoundMethod::Illuminate\\Container\\{closure}()
#7 C:\\xampp\\htdocs\\evolucion2024\\vendor\\laravel\\framework\\src\\Illuminate\\Container\\BoundMethod.php(93): Illuminate\\Container\\Util::unwrapIfClosure(Object(Closure))
#8 C:\\xampp\\htdocs\\evolucion2024\\vendor\\laravel\\framework\\src\\Illuminate\\Container\\BoundMethod.php(37): Illuminate\\Container\\BoundMethod::callBoundMethod(Object(Illuminate\\Foundation\\Application), Array, Object(Closure))
#9 C:\\xampp\\htdocs\\evolucion2024\\vendor\\laravel\\framework\\src\\Illuminate\\Container\\Container.php(661): Illuminate\\Container\\BoundMethod::call(Object(Illuminate\\Foundation\\Application), Array, Array, NULL)
#10 C:\\xampp\\htdocs\\evolucion2024\\vendor\\laravel\\framework\\src\\Illuminate\\Bus\\Dispatcher.php(128): Illuminate\\Container\\Container->call(Array)
#11 C:\\xampp\\htdocs\\evolucion2024\\vendor\\laravel\\framework\\src\\Illuminate\\Pipeline\\Pipeline.php(141): Illuminate\\Bus\\Dispatcher->Illuminate\\Bus\\{closure}(Object(App\\Jobs\\SendMailJob))
#12 C:\\xampp\\htdocs\\evolucion2024\\vendor\\laravel\\framework\\src\\Illuminate\\Pipeline\\Pipeline.php(116): Illuminate\\Pipeline\\Pipeline->Illuminate\\Pipeline\\{closure}(Object(App\\Jobs\\SendMailJob))
#13 C:\\xampp\\htdocs\\evolucion2024\\vendor\\laravel\\framework\\src\\Illuminate\\Bus\\Dispatcher.php(132): Illuminate\\Pipeline\\Pipeline->then(Object(Closure))
#14 C:\\xampp\\htdocs\\evolucion2024\\vendor\\laravel\\framework\\src\\Illuminate\\Queue\\CallQueuedHandler.php(124): Illuminate\\Bus\\Dispatcher->dispatchNow(Object(App\\Jobs\\SendMailJob), false)
#15 C:\\xampp\\htdocs\\evolucion2024\\vendor\\laravel\\framework\\src\\Illuminate\\Pipeline\\Pipeline.php(141): Illuminate\\Queue\\CallQueuedHandler->Illuminate\\Queue\\{closure}(Object(App\\Jobs\\SendMailJob))
#16 C:\\xampp\\htdocs\\evolucion2024\\vendor\\laravel\\framework\\src\\Illuminate\\Pipeline\\Pipeline.php(116): Illuminate\\Pipeline\\Pipeline->Illuminate\\Pipeline\\{closure}(Object(App\\Jobs\\SendMailJob))
#17 C:\\xampp\\htdocs\\evolucion2024\\vendor\\laravel\\framework\\src\\Illuminate\\Queue\\CallQueuedHandler.php(126): Illuminate\\Pipeline\\Pipeline->then(Object(Closure))
#18 C:\\xampp\\htdocs\\evolucion2024\\vendor\\laravel\\framework\\src\\Illuminate\\Queue\\CallQueuedHandler.php(70): Illuminate\\Queue\\CallQueuedHandler->dispatchThroughMiddleware(Object(Illuminate\\Queue\\Jobs\\DatabaseJob), Object(App\\Jobs\\SendMailJob))
#19 C:\\xampp\\htdocs\\evolucion2024\\vendor\\laravel\\framework\\src\\Illuminate\\Queue\\Jobs\\Job.php(98): Illuminate\\Queue\\CallQueuedHandler->call(Object(Illuminate\\Queue\\Jobs\\DatabaseJob), Array)
#20 C:\\xampp\\htdocs\\evolucion2024\\vendor\\laravel\\framework\\src\\Illuminate\\Queue\\Worker.php(425): Illuminate\\Queue\\Jobs\\Job->fire()
#21 C:\\xampp\\htdocs\\evolucion2024\\vendor\\laravel\\framework\\src\\Illuminate\\Queue\\Worker.php(375): Illuminate\\Queue\\Worker->process('database', Object(Illuminate\\Queue\\Jobs\\DatabaseJob), Object(Illuminate\\Queue\\WorkerOptions))
#22 C:\\xampp\\htdocs\\evolucion2024\\vendor\\laravel\\framework\\src\\Illuminate\\Queue\\Worker.php(173): Illuminate\\Queue\\Worker->runJob(Object(Illuminate\\Queue\\Jobs\\DatabaseJob), 'database', Object(Illuminate\\Queue\\WorkerOptions))
#23 C:\\xampp\\htdocs\\evolucion2024\\vendor\\laravel\\framework\\src\\Illuminate\\Queue\\Console\\WorkCommand.php(148): Illuminate\\Queue\\Worker->daemon('database', 'default', Object(Illuminate\\Queue\\WorkerOptions))
#24 C:\\xampp\\htdocs\\evolucion2024\\vendor\\laravel\\framework\\src\\Illuminate\\Queue\\Console\\WorkCommand.php(131): Illuminate\\Queue\\Console\\WorkCommand->runWorker('database', 'default')
#25 C:\\xampp\\htdocs\\evolucion2024\\vendor\\laravel\\framework\\src\\Illuminate\\Container\\BoundMethod.php(36): Illuminate\\Queue\\Console\\WorkCommand->handle()
#26 C:\\xampp\\htdocs\\evolucion2024\\vendor\\laravel\\framework\\src\\Illuminate\\Container\\Util.php(41): Illuminate\\Container\\BoundMethod::Illuminate\\Container\\{closure}()
#27 C:\\xampp\\htdocs\\evolucion2024\\vendor\\laravel\\framework\\src\\Illuminate\\Container\\BoundMethod.php(93): Illuminate\\Container\\Util::unwrapIfClosure(Object(Closure))
#28 C:\\xampp\\htdocs\\evolucion2024\\vendor\\laravel\\framework\\src\\Illuminate\\Container\\BoundMethod.php(37): Illuminate\\Container\\BoundMethod::callBoundMethod(Object(Illuminate\\Foundation\\Application), Array, Object(Closure))
#29 C:\\xampp\\htdocs\\evolucion2024\\vendor\\laravel\\framework\\src\\Illuminate\\Container\\Container.php(661): Illuminate\\Container\\BoundMethod::call(Object(Illuminate\\Foundation\\Application), Array, Array, NULL)
#30 C:\\xampp\\htdocs\\evolucion2024\\vendor\\laravel\\framework\\src\\Illuminate\\Console\\Command.php(183): Illuminate\\Container\\Container->call(Array)
#31 C:\\xampp\\htdocs\\evolucion2024\\vendor\\symfony\\console\\Command\\Command.php(326): Illuminate\\Console\\Command->execute(Object(Symfony\\Component\\Console\\Input\\ArgvInput), Object(Illuminate\\Console\\OutputStyle))
#32 C:\\xampp\\htdocs\\evolucion2024\\vendor\\laravel\\framework\\src\\Illuminate\\Console\\Command.php(153): Symfony\\Component\\Console\\Command\\Command->run(Object(Symfony\\Component\\Console\\Input\\ArgvInput), Object(Illuminate\\Console\\OutputStyle))
#33 C:\\xampp\\htdocs\\evolucion2024\\vendor\\symfony\\console\\Application.php(1078): Illuminate\\Console\\Command->run(Object(Symfony\\Component\\Console\\Input\\ArgvInput), Object(Symfony\\Component\\Console\\Output\\ConsoleOutput))
#34 C:\\xampp\\htdocs\\evolucion2024\\vendor\\symfony\\console\\Application.php(324): Symfony\\Component\\Console\\Application->doRunCommand(Object(Illuminate\\Queue\\Console\\WorkCommand), Object(Symfony\\Component\\Console\\Input\\ArgvInput), Object(Symfony\\Component\\Console\\Output\\ConsoleOutput))
#35 C:\\xampp\\htdocs\\evolucion2024\\vendor\\symfony\\console\\Application.php(175): Symfony\\Component\\Console\\Application->doRun(Object(Symfony\\Component\\Console\\Input\\ArgvInput), Object(Symfony\\Component\\Console\\Output\\ConsoleOutput))
#36 C:\\xampp\\htdocs\\evolucion2024\\vendor\\laravel\\framework\\src\\Illuminate\\Console\\Application.php(102): Symfony\\Component\\Console\\Application->run(Object(Symfony\\Component\\Console\\Input\\ArgvInput), Object(Symfony\\Component\\Console\\Output\\ConsoleOutput))
#37 C:\\xampp\\htdocs\\evolucion2024\\vendor\\laravel\\framework\\src\\Illuminate\\Foundation\\Console\\Kernel.php(155): Illuminate\\Console\\Application->run(Object(Symfony\\Component\\Console\\Input\\ArgvInput), Object(Symfony\\Component\\Console\\Output\\ConsoleOutput))
#38 C:\\xampp\\htdocs\\evolucion2024\\artisan(37): Illuminate\\Foundation\\Console\\Kernel->handle(Object(Symfony\\Component\\Console\\Input\\ArgvInput), Object(Symfony\\Component\\Console\\Output\\ConsoleOutput))
#39 {main}
"} 
[2024-12-20 14:45:24] production.ERROR: Attempt to read property "expires_at" on null {"exception":"[object] (ErrorException(code: 0): Attempt to read property \"expires_at\" on null at C:\\xampp\\htdocs\\evolucion2024\\app\\Services\\MicrosoftGraphService.php:90)
[stacktrace]
#0 C:\\xampp\\htdocs\\evolucion2024\\vendor\\laravel\\framework\\src\\Illuminate\\Foundation\\Bootstrap\\HandleExceptions.php(270): Illuminate\\Foundation\\Bootstrap\\HandleExceptions->handleError(2, 'Attempt to read...', 'C:\\\\xampp\\\\htdocs...', 90)
#1 C:\\xampp\\htdocs\\evolucion2024\\app\\Services\\MicrosoftGraphService.php(90): Illuminate\\Foundation\\Bootstrap\\HandleExceptions->Illuminate\\Foundation\\Bootstrap\\{closure}(2, 'Attempt to read...', 'C:\\\\xampp\\\\htdocs...', 90)
#2 C:\\xampp\\htdocs\\evolucion2024\\app\\Services\\MicrosoftGraphService.php(46): App\\Services\\MicrosoftGraphService->hasTokenExpired(NULL)
#3 C:\\xampp\\htdocs\\evolucion2024\\app\\Services\\MicrosoftGraphService.php(16): App\\Services\\MicrosoftGraphService->refreshTokenIfNeeded()
#4 C:\\xampp\\htdocs\\evolucion2024\\app\\Jobs\\SendMailJob.php(40): App\\Services\\MicrosoftGraphService->sendMail('Notificaci\\xC3\\xB3n d...', '<!DOCTYPE html>...', 'pedrocuasquer21...')
#5 C:\\xampp\\htdocs\\evolucion2024\\vendor\\laravel\\framework\\src\\Illuminate\\Container\\BoundMethod.php(36): App\\Jobs\\SendMailJob->handle(Object(App\\Services\\MicrosoftGraphService))
#6 C:\\xampp\\htdocs\\evolucion2024\\vendor\\laravel\\framework\\src\\Illuminate\\Container\\Util.php(41): Illuminate\\Container\\BoundMethod::Illuminate\\Container\\{closure}()
#7 C:\\xampp\\htdocs\\evolucion2024\\vendor\\laravel\\framework\\src\\Illuminate\\Container\\BoundMethod.php(93): Illuminate\\Container\\Util::unwrapIfClosure(Object(Closure))
#8 C:\\xampp\\htdocs\\evolucion2024\\vendor\\laravel\\framework\\src\\Illuminate\\Container\\BoundMethod.php(37): Illuminate\\Container\\BoundMethod::callBoundMethod(Object(Illuminate\\Foundation\\Application), Array, Object(Closure))
#9 C:\\xampp\\htdocs\\evolucion2024\\vendor\\laravel\\framework\\src\\Illuminate\\Container\\Container.php(661): Illuminate\\Container\\BoundMethod::call(Object(Illuminate\\Foundation\\Application), Array, Array, NULL)
#10 C:\\xampp\\htdocs\\evolucion2024\\vendor\\laravel\\framework\\src\\Illuminate\\Bus\\Dispatcher.php(128): Illuminate\\Container\\Container->call(Array)
#11 C:\\xampp\\htdocs\\evolucion2024\\vendor\\laravel\\framework\\src\\Illuminate\\Pipeline\\Pipeline.php(141): Illuminate\\Bus\\Dispatcher->Illuminate\\Bus\\{closure}(Object(App\\Jobs\\SendMailJob))
#12 C:\\xampp\\htdocs\\evolucion2024\\vendor\\laravel\\framework\\src\\Illuminate\\Pipeline\\Pipeline.php(116): Illuminate\\Pipeline\\Pipeline->Illuminate\\Pipeline\\{closure}(Object(App\\Jobs\\SendMailJob))
#13 C:\\xampp\\htdocs\\evolucion2024\\vendor\\laravel\\framework\\src\\Illuminate\\Bus\\Dispatcher.php(132): Illuminate\\Pipeline\\Pipeline->then(Object(Closure))
#14 C:\\xampp\\htdocs\\evolucion2024\\vendor\\laravel\\framework\\src\\Illuminate\\Queue\\CallQueuedHandler.php(124): Illuminate\\Bus\\Dispatcher->dispatchNow(Object(App\\Jobs\\SendMailJob), false)
#15 C:\\xampp\\htdocs\\evolucion2024\\vendor\\laravel\\framework\\src\\Illuminate\\Pipeline\\Pipeline.php(141): Illuminate\\Queue\\CallQueuedHandler->Illuminate\\Queue\\{closure}(Object(App\\Jobs\\SendMailJob))
#16 C:\\xampp\\htdocs\\evolucion2024\\vendor\\laravel\\framework\\src\\Illuminate\\Pipeline\\Pipeline.php(116): Illuminate\\Pipeline\\Pipeline->Illuminate\\Pipeline\\{closure}(Object(App\\Jobs\\SendMailJob))
#17 C:\\xampp\\htdocs\\evolucion2024\\vendor\\laravel\\framework\\src\\Illuminate\\Queue\\CallQueuedHandler.php(126): Illuminate\\Pipeline\\Pipeline->then(Object(Closure))
#18 C:\\xampp\\htdocs\\evolucion2024\\vendor\\laravel\\framework\\src\\Illuminate\\Queue\\CallQueuedHandler.php(70): Illuminate\\Queue\\CallQueuedHandler->dispatchThroughMiddleware(Object(Illuminate\\Queue\\Jobs\\DatabaseJob), Object(App\\Jobs\\SendMailJob))
#19 C:\\xampp\\htdocs\\evolucion2024\\vendor\\laravel\\framework\\src\\Illuminate\\Queue\\Jobs\\Job.php(98): Illuminate\\Queue\\CallQueuedHandler->call(Object(Illuminate\\Queue\\Jobs\\DatabaseJob), Array)
#20 C:\\xampp\\htdocs\\evolucion2024\\vendor\\laravel\\framework\\src\\Illuminate\\Queue\\Worker.php(425): Illuminate\\Queue\\Jobs\\Job->fire()
#21 C:\\xampp\\htdocs\\evolucion2024\\vendor\\laravel\\framework\\src\\Illuminate\\Queue\\Worker.php(375): Illuminate\\Queue\\Worker->process('database', Object(Illuminate\\Queue\\Jobs\\DatabaseJob), Object(Illuminate\\Queue\\WorkerOptions))
#22 C:\\xampp\\htdocs\\evolucion2024\\vendor\\laravel\\framework\\src\\Illuminate\\Queue\\Worker.php(173): Illuminate\\Queue\\Worker->runJob(Object(Illuminate\\Queue\\Jobs\\DatabaseJob), 'database', Object(Illuminate\\Queue\\WorkerOptions))
#23 C:\\xampp\\htdocs\\evolucion2024\\vendor\\laravel\\framework\\src\\Illuminate\\Queue\\Console\\WorkCommand.php(148): Illuminate\\Queue\\Worker->daemon('database', 'default', Object(Illuminate\\Queue\\WorkerOptions))
#24 C:\\xampp\\htdocs\\evolucion2024\\vendor\\laravel\\framework\\src\\Illuminate\\Queue\\Console\\WorkCommand.php(131): Illuminate\\Queue\\Console\\WorkCommand->runWorker('database', 'default')
#25 C:\\xampp\\htdocs\\evolucion2024\\vendor\\laravel\\framework\\src\\Illuminate\\Container\\BoundMethod.php(36): Illuminate\\Queue\\Console\\WorkCommand->handle()
#26 C:\\xampp\\htdocs\\evolucion2024\\vendor\\laravel\\framework\\src\\Illuminate\\Container\\Util.php(41): Illuminate\\Container\\BoundMethod::Illuminate\\Container\\{closure}()
#27 C:\\xampp\\htdocs\\evolucion2024\\vendor\\laravel\\framework\\src\\Illuminate\\Container\\BoundMethod.php(93): Illuminate\\Container\\Util::unwrapIfClosure(Object(Closure))
#28 C:\\xampp\\htdocs\\evolucion2024\\vendor\\laravel\\framework\\src\\Illuminate\\Container\\BoundMethod.php(37): Illuminate\\Container\\BoundMethod::callBoundMethod(Object(Illuminate\\Foundation\\Application), Array, Object(Closure))
#29 C:\\xampp\\htdocs\\evolucion2024\\vendor\\laravel\\framework\\src\\Illuminate\\Container\\Container.php(661): Illuminate\\Container\\BoundMethod::call(Object(Illuminate\\Foundation\\Application), Array, Array, NULL)
#30 C:\\xampp\\htdocs\\evolucion2024\\vendor\\laravel\\framework\\src\\Illuminate\\Console\\Command.php(183): Illuminate\\Container\\Container->call(Array)
#31 C:\\xampp\\htdocs\\evolucion2024\\vendor\\symfony\\console\\Command\\Command.php(326): Illuminate\\Console\\Command->execute(Object(Symfony\\Component\\Console\\Input\\ArgvInput), Object(Illuminate\\Console\\OutputStyle))
#32 C:\\xampp\\htdocs\\evolucion2024\\vendor\\laravel\\framework\\src\\Illuminate\\Console\\Command.php(153): Symfony\\Component\\Console\\Command\\Command->run(Object(Symfony\\Component\\Console\\Input\\ArgvInput), Object(Illuminate\\Console\\OutputStyle))
#33 C:\\xampp\\htdocs\\evolucion2024\\vendor\\symfony\\console\\Application.php(1078): Illuminate\\Console\\Command->run(Object(Symfony\\Component\\Console\\Input\\ArgvInput), Object(Symfony\\Component\\Console\\Output\\ConsoleOutput))
#34 C:\\xampp\\htdocs\\evolucion2024\\vendor\\symfony\\console\\Application.php(324): Symfony\\Component\\Console\\Application->doRunCommand(Object(Illuminate\\Queue\\Console\\WorkCommand), Object(Symfony\\Component\\Console\\Input\\ArgvInput), Object(Symfony\\Component\\Console\\Output\\ConsoleOutput))
#35 C:\\xampp\\htdocs\\evolucion2024\\vendor\\symfony\\console\\Application.php(175): Symfony\\Component\\Console\\Application->doRun(Object(Symfony\\Component\\Console\\Input\\ArgvInput), Object(Symfony\\Component\\Console\\Output\\ConsoleOutput))
#36 C:\\xampp\\htdocs\\evolucion2024\\vendor\\laravel\\framework\\src\\Illuminate\\Console\\Application.php(102): Symfony\\Component\\Console\\Application->run(Object(Symfony\\Component\\Console\\Input\\ArgvInput), Object(Symfony\\Component\\Console\\Output\\ConsoleOutput))
#37 C:\\xampp\\htdocs\\evolucion2024\\vendor\\laravel\\framework\\src\\Illuminate\\Foundation\\Console\\Kernel.php(155): Illuminate\\Console\\Application->run(Object(Symfony\\Component\\Console\\Input\\ArgvInput), Object(Symfony\\Component\\Console\\Output\\ConsoleOutput))
#38 C:\\xampp\\htdocs\\evolucion2024\\artisan(37): Illuminate\\Foundation\\Console\\Kernel->handle(Object(Symfony\\Component\\Console\\Input\\ArgvInput), Object(Symfony\\Component\\Console\\Output\\ConsoleOutput))
#39 {main}
"} 
[2024-12-20 14:50:15] production.ERROR: cURL error 28: Operation timed out after 30009 milliseconds with 0 bytes received (see https://curl.haxx.se/libcurl/c/libcurl-errors.html) for https://login.microsoftonline.com/6a44d83e-4990-45c8-b708-a5613d9e1acc/oauth2/v2.0/token {"exception":"[object] (Illuminate\\Http\\Client\\ConnectionException(code: 0): cURL error 28: Operation timed out after 30009 milliseconds with 0 bytes received (see https://curl.haxx.se/libcurl/c/libcurl-errors.html) for https://login.microsoftonline.com/6a44d83e-4990-45c8-b708-a5613d9e1acc/oauth2/v2.0/token at C:\\xampp\\htdocs\\evolucion2024\\vendor\\laravel\\framework\\src\\Illuminate\\Http\\Client\\PendingRequest.php:855)
[stacktrace]
#0 C:\\xampp\\htdocs\\evolucion2024\\vendor\\laravel\\framework\\src\\Illuminate\\Support\\helpers.php(247): Illuminate\\Http\\Client\\PendingRequest->Illuminate\\Http\\Client\\{closure}(1)
#1 C:\\xampp\\htdocs\\evolucion2024\\vendor\\laravel\\framework\\src\\Illuminate\\Http\\Client\\PendingRequest.php(863): retry(0, Object(Closure), 100, Object(Closure))
#2 C:\\xampp\\htdocs\\evolucion2024\\vendor\\laravel\\framework\\src\\Illuminate\\Http\\Client\\PendingRequest.php(728): Illuminate\\Http\\Client\\PendingRequest->send('POST', 'https://login.m...', Array)
#3 C:\\xampp\\htdocs\\evolucion2024\\app\\Http\\Controllers\\MailController.php(52): Illuminate\\Http\\Client\\PendingRequest->post('https://login.m...', Array)
#4 C:\\xampp\\htdocs\\evolucion2024\\vendor\\laravel\\framework\\src\\Illuminate\\Routing\\Controller.php(54): App\\Http\\Controllers\\MailController->handleMicrosoftCallback(Object(Illuminate\\Http\\Request))
#5 C:\\xampp\\htdocs\\evolucion2024\\vendor\\laravel\\framework\\src\\Illuminate\\Routing\\ControllerDispatcher.php(43): Illuminate\\Routing\\Controller->callAction('handleMicrosoft...', Array)
#6 C:\\xampp\\htdocs\\evolucion2024\\vendor\\laravel\\framework\\src\\Illuminate\\Routing\\Route.php(260): Illuminate\\Routing\\ControllerDispatcher->dispatch(Object(Illuminate\\Routing\\Route), Object(App\\Http\\Controllers\\MailController), 'handleMicrosoft...')
#7 C:\\xampp\\htdocs\\evolucion2024\\vendor\\laravel\\framework\\src\\Illuminate\\Routing\\Route.php(205): Illuminate\\Routing\\Route->runController()
#8 C:\\xampp\\htdocs\\evolucion2024\\vendor\\laravel\\framework\\src\\Illuminate\\Routing\\Router.php(798): Illuminate\\Routing\\Route->run()
#9 C:\\xampp\\htdocs\\evolucion2024\\vendor\\laravel\\framework\\src\\Illuminate\\Pipeline\\Pipeline.php(141): Illuminate\\Routing\\Router->Illuminate\\Routing\\{closure}(Object(Illuminate\\Http\\Request))
#10 C:\\xampp\\htdocs\\evolucion2024\\vendor\\laravel\\framework\\src\\Illuminate\\Routing\\Middleware\\SubstituteBindings.php(50): Illuminate\\Pipeline\\Pipeline->Illuminate\\Pipeline\\{closure}(Object(Illuminate\\Http\\Request))
#11 C:\\xampp\\htdocs\\evolucion2024\\vendor\\laravel\\framework\\src\\Illuminate\\Pipeline\\Pipeline.php(180): Illuminate\\Routing\\Middleware\\SubstituteBindings->handle(Object(Illuminate\\Http\\Request), Object(Closure))
#12 C:\\xampp\\htdocs\\evolucion2024\\vendor\\laravel\\framework\\src\\Illuminate\\Foundation\\Http\\Middleware\\VerifyCsrfToken.php(78): Illuminate\\Pipeline\\Pipeline->Illuminate\\Pipeline\\{closure}(Object(Illuminate\\Http\\Request))
#13 C:\\xampp\\htdocs\\evolucion2024\\vendor\\laravel\\framework\\src\\Illuminate\\Pipeline\\Pipeline.php(180): Illuminate\\Foundation\\Http\\Middleware\\VerifyCsrfToken->handle(Object(Illuminate\\Http\\Request), Object(Closure))
#14 C:\\xampp\\htdocs\\evolucion2024\\vendor\\laravel\\framework\\src\\Illuminate\\View\\Middleware\\ShareErrorsFromSession.php(49): Illuminate\\Pipeline\\Pipeline->Illuminate\\Pipeline\\{closure}(Object(Illuminate\\Http\\Request))
#15 C:\\xampp\\htdocs\\evolucion2024\\vendor\\laravel\\framework\\src\\Illuminate\\Pipeline\\Pipeline.php(180): Illuminate\\View\\Middleware\\ShareErrorsFromSession->handle(Object(Illuminate\\Http\\Request), Object(Closure))
#16 C:\\xampp\\htdocs\\evolucion2024\\vendor\\laravel\\framework\\src\\Illuminate\\Session\\Middleware\\StartSession.php(121): Illuminate\\Pipeline\\Pipeline->Illuminate\\Pipeline\\{closure}(Object(Illuminate\\Http\\Request))
#17 C:\\xampp\\htdocs\\evolucion2024\\vendor\\laravel\\framework\\src\\Illuminate\\Session\\Middleware\\StartSession.php(64): Illuminate\\Session\\Middleware\\StartSession->handleStatefulRequest(Object(Illuminate\\Http\\Request), Object(Illuminate\\Session\\Store), Object(Closure))
#18 C:\\xampp\\htdocs\\evolucion2024\\vendor\\laravel\\framework\\src\\Illuminate\\Pipeline\\Pipeline.php(180): Illuminate\\Session\\Middleware\\StartSession->handle(Object(Illuminate\\Http\\Request), Object(Closure))
#19 C:\\xampp\\htdocs\\evolucion2024\\vendor\\laravel\\framework\\src\\Illuminate\\Cookie\\Middleware\\AddQueuedCookiesToResponse.php(37): Illuminate\\Pipeline\\Pipeline->Illuminate\\Pipeline\\{closure}(Object(Illuminate\\Http\\Request))
#20 C:\\xampp\\htdocs\\evolucion2024\\vendor\\laravel\\framework\\src\\Illuminate\\Pipeline\\Pipeline.php(180): Illuminate\\Cookie\\Middleware\\AddQueuedCookiesToResponse->handle(Object(Illuminate\\Http\\Request), Object(Closure))
#21 C:\\xampp\\htdocs\\evolucion2024\\vendor\\laravel\\framework\\src\\Illuminate\\Cookie\\Middleware\\EncryptCookies.php(67): Illuminate\\Pipeline\\Pipeline->Illuminate\\Pipeline\\{closure}(Object(Illuminate\\Http\\Request))
#22 C:\\xampp\\htdocs\\evolucion2024\\vendor\\laravel\\framework\\src\\Illuminate\\Pipeline\\Pipeline.php(180): Illuminate\\Cookie\\Middleware\\EncryptCookies->handle(Object(Illuminate\\Http\\Request), Object(Closure))
#23 C:\\xampp\\htdocs\\evolucion2024\\vendor\\laravel\\framework\\src\\Illuminate\\Pipeline\\Pipeline.php(116): Illuminate\\Pipeline\\Pipeline->Illuminate\\Pipeline\\{closure}(Object(Illuminate\\Http\\Request))
#24 C:\\xampp\\htdocs\\evolucion2024\\vendor\\laravel\\framework\\src\\Illuminate\\Routing\\Router.php(799): Illuminate\\Pipeline\\Pipeline->then(Object(Closure))
#25 C:\\xampp\\htdocs\\evolucion2024\\vendor\\laravel\\framework\\src\\Illuminate\\Routing\\Router.php(776): Illuminate\\Routing\\Router->runRouteWithinStack(Object(Illuminate\\Routing\\Route), Object(Illuminate\\Http\\Request))
#26 C:\\xampp\\htdocs\\evolucion2024\\vendor\\laravel\\framework\\src\\Illuminate\\Routing\\Router.php(740): Illuminate\\Routing\\Router->runRoute(Object(Illuminate\\Http\\Request), Object(Illuminate\\Routing\\Route))
#27 C:\\xampp\\htdocs\\evolucion2024\\vendor\\laravel\\framework\\src\\Illuminate\\Routing\\Router.php(729): Illuminate\\Routing\\Router->dispatchToRoute(Object(Illuminate\\Http\\Request))
#28 C:\\xampp\\htdocs\\evolucion2024\\vendor\\laravel\\framework\\src\\Illuminate\\Foundation\\Http\\Kernel.php(190): Illuminate\\Routing\\Router->dispatch(Object(Illuminate\\Http\\Request))
#29 C:\\xampp\\htdocs\\evolucion2024\\vendor\\laravel\\framework\\src\\Illuminate\\Pipeline\\Pipeline.php(141): Illuminate\\Foundation\\Http\\Kernel->Illuminate\\Foundation\\Http\\{closure}(Object(Illuminate\\Http\\Request))
#30 C:\\xampp\\htdocs\\evolucion2024\\vendor\\laravel\\framework\\src\\Illuminate\\Http\\Middleware\\TrustProxies.php(39): Illuminate\\Pipeline\\Pipeline->Illuminate\\Pipeline\\{closure}(Object(Illuminate\\Http\\Request))
#31 C:\\xampp\\htdocs\\evolucion2024\\vendor\\laravel\\framework\\src\\Illuminate\\Pipeline\\Pipeline.php(180): Illuminate\\Http\\Middleware\\TrustProxies->handle(Object(Illuminate\\Http\\Request), Object(Closure))
#32 C:\\xampp\\htdocs\\evolucion2024\\vendor\\laravel\\framework\\src\\Illuminate\\Foundation\\Http\\Middleware\\TransformsRequest.php(21): Illuminate\\Pipeline\\Pipeline->Illuminate\\Pipeline\\{closure}(Object(Illuminate\\Http\\Request))
#33 C:\\xampp\\htdocs\\evolucion2024\\vendor\\laravel\\framework\\src\\Illuminate\\Foundation\\Http\\Middleware\\ConvertEmptyStringsToNull.php(31): Illuminate\\Foundation\\Http\\Middleware\\TransformsRequest->handle(Object(Illuminate\\Http\\Request), Object(Closure))
#34 C:\\xampp\\htdocs\\evolucion2024\\vendor\\laravel\\framework\\src\\Illuminate\\Pipeline\\Pipeline.php(180): Illuminate\\Foundation\\Http\\Middleware\\ConvertEmptyStringsToNull->handle(Object(Illuminate\\Http\\Request), Object(Closure))
#35 C:\\xampp\\htdocs\\evolucion2024\\vendor\\laravel\\framework\\src\\Illuminate\\Foundation\\Http\\Middleware\\TransformsRequest.php(21): Illuminate\\Pipeline\\Pipeline->Illuminate\\Pipeline\\{closure}(Object(Illuminate\\Http\\Request))
#36 C:\\xampp\\htdocs\\evolucion2024\\vendor\\laravel\\framework\\src\\Illuminate\\Foundation\\Http\\Middleware\\TrimStrings.php(40): Illuminate\\Foundation\\Http\\Middleware\\TransformsRequest->handle(Object(Illuminate\\Http\\Request), Object(Closure))
#37 C:\\xampp\\htdocs\\evolucion2024\\vendor\\laravel\\framework\\src\\Illuminate\\Pipeline\\Pipeline.php(180): Illuminate\\Foundation\\Http\\Middleware\\TrimStrings->handle(Object(Illuminate\\Http\\Request), Object(Closure))
#38 C:\\xampp\\htdocs\\evolucion2024\\vendor\\laravel\\framework\\src\\Illuminate\\Foundation\\Http\\Middleware\\ValidatePostSize.php(27): Illuminate\\Pipeline\\Pipeline->Illuminate\\Pipeline\\{closure}(Object(Illuminate\\Http\\Request))
#39 C:\\xampp\\htdocs\\evolucion2024\\vendor\\laravel\\framework\\src\\Illuminate\\Pipeline\\Pipeline.php(180): Illuminate\\Foundation\\Http\\Middleware\\ValidatePostSize->handle(Object(Illuminate\\Http\\Request), Object(Closure))
#40 C:\\xampp\\htdocs\\evolucion2024\\vendor\\laravel\\framework\\src\\Illuminate\\Foundation\\Http\\Middleware\\PreventRequestsDuringMaintenance.php(86): Illuminate\\Pipeline\\Pipeline->Illuminate\\Pipeline\\{closure}(Object(Illuminate\\Http\\Request))
#41 C:\\xampp\\htdocs\\evolucion2024\\vendor\\laravel\\framework\\src\\Illuminate\\Pipeline\\Pipeline.php(180): Illuminate\\Foundation\\Http\\Middleware\\PreventRequestsDuringMaintenance->handle(Object(Illuminate\\Http\\Request), Object(Closure))
#42 C:\\xampp\\htdocs\\evolucion2024\\vendor\\laravel\\framework\\src\\Illuminate\\Pipeline\\Pipeline.php(116): Illuminate\\Pipeline\\Pipeline->Illuminate\\Pipeline\\{closure}(Object(Illuminate\\Http\\Request))
#43 C:\\xampp\\htdocs\\evolucion2024\\vendor\\laravel\\framework\\src\\Illuminate\\Foundation\\Http\\Kernel.php(165): Illuminate\\Pipeline\\Pipeline->then(Object(Closure))
#44 C:\\xampp\\htdocs\\evolucion2024\\vendor\\laravel\\framework\\src\\Illuminate\\Foundation\\Http\\Kernel.php(134): Illuminate\\Foundation\\Http\\Kernel->sendRequestThroughRouter(Object(Illuminate\\Http\\Request))
#45 C:\\xampp\\htdocs\\evolucion2024\\public\\index.php(55): Illuminate\\Foundation\\Http\\Kernel->handle(Object(Illuminate\\Http\\Request))
#46 C:\\xampp\\htdocs\\evolucion2024\\server.php(21): require_once('C:\\\\xampp\\\\htdocs...')
#47 {main}

[previous exception] [object] (GuzzleHttp\\Exception\\ConnectException(code: 0): cURL error 28: Operation timed out after 30009 milliseconds with 0 bytes received (see https://curl.haxx.se/libcurl/c/libcurl-errors.html) for https://login.microsoftonline.com/6a44d83e-4990-45c8-b708-a5613d9e1acc/oauth2/v2.0/token at C:\\xampp\\htdocs\\evolucion2024\\vendor\\guzzlehttp\\guzzle\\src\\Handler\\CurlFactory.php:275)
[stacktrace]
#0 C:\\xampp\\htdocs\\evolucion2024\\vendor\\guzzlehttp\\guzzle\\src\\Handler\\CurlFactory.php(205): GuzzleHttp\\Handler\\CurlFactory::createRejection(Object(GuzzleHttp\\Handler\\EasyHandle), Array)
#1 C:\\xampp\\htdocs\\evolucion2024\\vendor\\guzzlehttp\\guzzle\\src\\Handler\\CurlFactory.php(157): GuzzleHttp\\Handler\\CurlFactory::finishError(Object(GuzzleHttp\\Handler\\CurlHandler), Object(GuzzleHttp\\Handler\\EasyHandle), Object(GuzzleHttp\\Handler\\CurlFactory))
#2 C:\\xampp\\htdocs\\evolucion2024\\vendor\\guzzlehttp\\guzzle\\src\\Handler\\CurlHandler.php(47): GuzzleHttp\\Handler\\CurlFactory::finish(Object(GuzzleHttp\\Handler\\CurlHandler), Object(GuzzleHttp\\Handler\\EasyHandle), Object(GuzzleHttp\\Handler\\CurlFactory))
#3 C:\\xampp\\htdocs\\evolucion2024\\vendor\\guzzlehttp\\guzzle\\src\\Handler\\Proxy.php(28): GuzzleHttp\\Handler\\CurlHandler->__invoke(Object(GuzzleHttp\\Psr7\\Request), Array)
#4 C:\\xampp\\htdocs\\evolucion2024\\vendor\\guzzlehttp\\guzzle\\src\\Handler\\Proxy.php(48): GuzzleHttp\\Handler\\Proxy::GuzzleHttp\\Handler\\{closure}(Object(GuzzleHttp\\Psr7\\Request), Array)
#5 C:\\xampp\\htdocs\\evolucion2024\\vendor\\laravel\\framework\\src\\Illuminate\\Http\\Client\\PendingRequest.php(1150): GuzzleHttp\\Handler\\Proxy::GuzzleHttp\\Handler\\{closure}(Object(GuzzleHttp\\Psr7\\Request), Array)
#6 C:\\xampp\\htdocs\\evolucion2024\\vendor\\laravel\\framework\\src\\Illuminate\\Http\\Client\\PendingRequest.php(1116): Illuminate\\Http\\Client\\PendingRequest->Illuminate\\Http\\Client\\{closure}(Object(GuzzleHttp\\Psr7\\Request), Array)
#7 C:\\xampp\\htdocs\\evolucion2024\\vendor\\laravel\\framework\\src\\Illuminate\\Http\\Client\\PendingRequest.php(1102): Illuminate\\Http\\Client\\PendingRequest->Illuminate\\Http\\Client\\{closure}(Object(GuzzleHttp\\Psr7\\Request), Array)
#8 C:\\xampp\\htdocs\\evolucion2024\\vendor\\guzzlehttp\\guzzle\\src\\PrepareBodyMiddleware.php(64): Illuminate\\Http\\Client\\PendingRequest->Illuminate\\Http\\Client\\{closure}(Object(GuzzleHttp\\Psr7\\Request), Array)
#9 C:\\xampp\\htdocs\\evolucion2024\\vendor\\guzzlehttp\\guzzle\\src\\Middleware.php(38): GuzzleHttp\\PrepareBodyMiddleware->__invoke(Object(GuzzleHttp\\Psr7\\Request), Array)
#10 C:\\xampp\\htdocs\\evolucion2024\\vendor\\guzzlehttp\\guzzle\\src\\RedirectMiddleware.php(71): GuzzleHttp\\Middleware::GuzzleHttp\\{closure}(Object(GuzzleHttp\\Psr7\\Request), Array)
#11 C:\\xampp\\htdocs\\evolucion2024\\vendor\\guzzlehttp\\guzzle\\src\\Middleware.php(63): GuzzleHttp\\RedirectMiddleware->__invoke(Object(GuzzleHttp\\Psr7\\Request), Array)
#12 C:\\xampp\\htdocs\\evolucion2024\\vendor\\guzzlehttp\\guzzle\\src\\HandlerStack.php(75): GuzzleHttp\\Middleware::GuzzleHttp\\{closure}(Object(GuzzleHttp\\Psr7\\Request), Array)
#13 C:\\xampp\\htdocs\\evolucion2024\\vendor\\guzzlehttp\\guzzle\\src\\Client.php(333): GuzzleHttp\\HandlerStack->__invoke(Object(GuzzleHttp\\Psr7\\Request), Array)
#14 C:\\xampp\\htdocs\\evolucion2024\\vendor\\guzzlehttp\\guzzle\\src\\Client.php(169): GuzzleHttp\\Client->transfer(Object(GuzzleHttp\\Psr7\\Request), Array)
#15 C:\\xampp\\htdocs\\evolucion2024\\vendor\\guzzlehttp\\guzzle\\src\\Client.php(189): GuzzleHttp\\Client->requestAsync('POST', Object(GuzzleHttp\\Psr7\\Uri), Array)
#16 C:\\xampp\\htdocs\\evolucion2024\\vendor\\laravel\\framework\\src\\Illuminate\\Http\\Client\\PendingRequest.php(962): GuzzleHttp\\Client->request('POST', 'https://login.m...', Array)
#17 C:\\xampp\\htdocs\\evolucion2024\\vendor\\laravel\\framework\\src\\Illuminate\\Http\\Client\\PendingRequest.php(823): Illuminate\\Http\\Client\\PendingRequest->sendRequest('POST', 'https://login.m...', Array)
#18 C:\\xampp\\htdocs\\evolucion2024\\vendor\\laravel\\framework\\src\\Illuminate\\Support\\helpers.php(247): Illuminate\\Http\\Client\\PendingRequest->Illuminate\\Http\\Client\\{closure}(1)
#19 C:\\xampp\\htdocs\\evolucion2024\\vendor\\laravel\\framework\\src\\Illuminate\\Http\\Client\\PendingRequest.php(863): retry(0, Object(Closure), 100, Object(Closure))
#20 C:\\xampp\\htdocs\\evolucion2024\\vendor\\laravel\\framework\\src\\Illuminate\\Http\\Client\\PendingRequest.php(728): Illuminate\\Http\\Client\\PendingRequest->send('POST', 'https://login.m...', Array)
#21 C:\\xampp\\htdocs\\evolucion2024\\app\\Http\\Controllers\\MailController.php(52): Illuminate\\Http\\Client\\PendingRequest->post('https://login.m...', Array)
#22 C:\\xampp\\htdocs\\evolucion2024\\vendor\\laravel\\framework\\src\\Illuminate\\Routing\\Controller.php(54): App\\Http\\Controllers\\MailController->handleMicrosoftCallback(Object(Illuminate\\Http\\Request))
#23 C:\\xampp\\htdocs\\evolucion2024\\vendor\\laravel\\framework\\src\\Illuminate\\Routing\\ControllerDispatcher.php(43): Illuminate\\Routing\\Controller->callAction('handleMicrosoft...', Array)
#24 C:\\xampp\\htdocs\\evolucion2024\\vendor\\laravel\\framework\\src\\Illuminate\\Routing\\Route.php(260): Illuminate\\Routing\\ControllerDispatcher->dispatch(Object(Illuminate\\Routing\\Route), Object(App\\Http\\Controllers\\MailController), 'handleMicrosoft...')
#25 C:\\xampp\\htdocs\\evolucion2024\\vendor\\laravel\\framework\\src\\Illuminate\\Routing\\Route.php(205): Illuminate\\Routing\\Route->runController()
#26 C:\\xampp\\htdocs\\evolucion2024\\vendor\\laravel\\framework\\src\\Illuminate\\Routing\\Router.php(798): Illuminate\\Routing\\Route->run()
#27 C:\\xampp\\htdocs\\evolucion2024\\vendor\\laravel\\framework\\src\\Illuminate\\Pipeline\\Pipeline.php(141): Illuminate\\Routing\\Router->Illuminate\\Routing\\{closure}(Object(Illuminate\\Http\\Request))
#28 C:\\xampp\\htdocs\\evolucion2024\\vendor\\laravel\\framework\\src\\Illuminate\\Routing\\Middleware\\SubstituteBindings.php(50): Illuminate\\Pipeline\\Pipeline->Illuminate\\Pipeline\\{closure}(Object(Illuminate\\Http\\Request))
#29 C:\\xampp\\htdocs\\evolucion2024\\vendor\\laravel\\framework\\src\\Illuminate\\Pipeline\\Pipeline.php(180): Illuminate\\Routing\\Middleware\\SubstituteBindings->handle(Object(Illuminate\\Http\\Request), Object(Closure))
#30 C:\\xampp\\htdocs\\evolucion2024\\vendor\\laravel\\framework\\src\\Illuminate\\Foundation\\Http\\Middleware\\VerifyCsrfToken.php(78): Illuminate\\Pipeline\\Pipeline->Illuminate\\Pipeline\\{closure}(Object(Illuminate\\Http\\Request))
#31 C:\\xampp\\htdocs\\evolucion2024\\vendor\\laravel\\framework\\src\\Illuminate\\Pipeline\\Pipeline.php(180): Illuminate\\Foundation\\Http\\Middleware\\VerifyCsrfToken->handle(Object(Illuminate\\Http\\Request), Object(Closure))
#32 C:\\xampp\\htdocs\\evolucion2024\\vendor\\laravel\\framework\\src\\Illuminate\\View\\Middleware\\ShareErrorsFromSession.php(49): Illuminate\\Pipeline\\Pipeline->Illuminate\\Pipeline\\{closure}(Object(Illuminate\\Http\\Request))
#33 C:\\xampp\\htdocs\\evolucion2024\\vendor\\laravel\\framework\\src\\Illuminate\\Pipeline\\Pipeline.php(180): Illuminate\\View\\Middleware\\ShareErrorsFromSession->handle(Object(Illuminate\\Http\\Request), Object(Closure))
#34 C:\\xampp\\htdocs\\evolucion2024\\vendor\\laravel\\framework\\src\\Illuminate\\Session\\Middleware\\StartSession.php(121): Illuminate\\Pipeline\\Pipeline->Illuminate\\Pipeline\\{closure}(Object(Illuminate\\Http\\Request))
#35 C:\\xampp\\htdocs\\evolucion2024\\vendor\\laravel\\framework\\src\\Illuminate\\Session\\Middleware\\StartSession.php(64): Illuminate\\Session\\Middleware\\StartSession->handleStatefulRequest(Object(Illuminate\\Http\\Request), Object(Illuminate\\Session\\Store), Object(Closure))
#36 C:\\xampp\\htdocs\\evolucion2024\\vendor\\laravel\\framework\\src\\Illuminate\\Pipeline\\Pipeline.php(180): Illuminate\\Session\\Middleware\\StartSession->handle(Object(Illuminate\\Http\\Request), Object(Closure))
#37 C:\\xampp\\htdocs\\evolucion2024\\vendor\\laravel\\framework\\src\\Illuminate\\Cookie\\Middleware\\AddQueuedCookiesToResponse.php(37): Illuminate\\Pipeline\\Pipeline->Illuminate\\Pipeline\\{closure}(Object(Illuminate\\Http\\Request))
#38 C:\\xampp\\htdocs\\evolucion2024\\vendor\\laravel\\framework\\src\\Illuminate\\Pipeline\\Pipeline.php(180): Illuminate\\Cookie\\Middleware\\AddQueuedCookiesToResponse->handle(Object(Illuminate\\Http\\Request), Object(Closure))
#39 C:\\xampp\\htdocs\\evolucion2024\\vendor\\laravel\\framework\\src\\Illuminate\\Cookie\\Middleware\\EncryptCookies.php(67): Illuminate\\Pipeline\\Pipeline->Illuminate\\Pipeline\\{closure}(Object(Illuminate\\Http\\Request))
#40 C:\\xampp\\htdocs\\evolucion2024\\vendor\\laravel\\framework\\src\\Illuminate\\Pipeline\\Pipeline.php(180): Illuminate\\Cookie\\Middleware\\EncryptCookies->handle(Object(Illuminate\\Http\\Request), Object(Closure))
#41 C:\\xampp\\htdocs\\evolucion2024\\vendor\\laravel\\framework\\src\\Illuminate\\Pipeline\\Pipeline.php(116): Illuminate\\Pipeline\\Pipeline->Illuminate\\Pipeline\\{closure}(Object(Illuminate\\Http\\Request))
#42 C:\\xampp\\htdocs\\evolucion2024\\vendor\\laravel\\framework\\src\\Illuminate\\Routing\\Router.php(799): Illuminate\\Pipeline\\Pipeline->then(Object(Closure))
#43 C:\\xampp\\htdocs\\evolucion2024\\vendor\\laravel\\framework\\src\\Illuminate\\Routing\\Router.php(776): Illuminate\\Routing\\Router->runRouteWithinStack(Object(Illuminate\\Routing\\Route), Object(Illuminate\\Http\\Request))
#44 C:\\xampp\\htdocs\\evolucion2024\\vendor\\laravel\\framework\\src\\Illuminate\\Routing\\Router.php(740): Illuminate\\Routing\\Router->runRoute(Object(Illuminate\\Http\\Request), Object(Illuminate\\Routing\\Route))
#45 C:\\xampp\\htdocs\\evolucion2024\\vendor\\laravel\\framework\\src\\Illuminate\\Routing\\Router.php(729): Illuminate\\Routing\\Router->dispatchToRoute(Object(Illuminate\\Http\\Request))
#46 C:\\xampp\\htdocs\\evolucion2024\\vendor\\laravel\\framework\\src\\Illuminate\\Foundation\\Http\\Kernel.php(190): Illuminate\\Routing\\Router->dispatch(Object(Illuminate\\Http\\Request))
#47 C:\\xampp\\htdocs\\evolucion2024\\vendor\\laravel\\framework\\src\\Illuminate\\Pipeline\\Pipeline.php(141): Illuminate\\Foundation\\Http\\Kernel->Illuminate\\Foundation\\Http\\{closure}(Object(Illuminate\\Http\\Request))
#48 C:\\xampp\\htdocs\\evolucion2024\\vendor\\laravel\\framework\\src\\Illuminate\\Http\\Middleware\\TrustProxies.php(39): Illuminate\\Pipeline\\Pipeline->Illuminate\\Pipeline\\{closure}(Object(Illuminate\\Http\\Request))
#49 C:\\xampp\\htdocs\\evolucion2024\\vendor\\laravel\\framework\\src\\Illuminate\\Pipeline\\Pipeline.php(180): Illuminate\\Http\\Middleware\\TrustProxies->handle(Object(Illuminate\\Http\\Request), Object(Closure))
#50 C:\\xampp\\htdocs\\evolucion2024\\vendor\\laravel\\framework\\src\\Illuminate\\Foundation\\Http\\Middleware\\TransformsRequest.php(21): Illuminate\\Pipeline\\Pipeline->Illuminate\\Pipeline\\{closure}(Object(Illuminate\\Http\\Request))
#51 C:\\xampp\\htdocs\\evolucion2024\\vendor\\laravel\\framework\\src\\Illuminate\\Foundation\\Http\\Middleware\\ConvertEmptyStringsToNull.php(31): Illuminate\\Foundation\\Http\\Middleware\\TransformsRequest->handle(Object(Illuminate\\Http\\Request), Object(Closure))
#52 C:\\xampp\\htdocs\\evolucion2024\\vendor\\laravel\\framework\\src\\Illuminate\\Pipeline\\Pipeline.php(180): Illuminate\\Foundation\\Http\\Middleware\\ConvertEmptyStringsToNull->handle(Object(Illuminate\\Http\\Request), Object(Closure))
#53 C:\\xampp\\htdocs\\evolucion2024\\vendor\\laravel\\framework\\src\\Illuminate\\Foundation\\Http\\Middleware\\TransformsRequest.php(21): Illuminate\\Pipeline\\Pipeline->Illuminate\\Pipeline\\{closure}(Object(Illuminate\\Http\\Request))
#54 C:\\xampp\\htdocs\\evolucion2024\\vendor\\laravel\\framework\\src\\Illuminate\\Foundation\\Http\\Middleware\\TrimStrings.php(40): Illuminate\\Foundation\\Http\\Middleware\\TransformsRequest->handle(Object(Illuminate\\Http\\Request), Object(Closure))
#55 C:\\xampp\\htdocs\\evolucion2024\\vendor\\laravel\\framework\\src\\Illuminate\\Pipeline\\Pipeline.php(180): Illuminate\\Foundation\\Http\\Middleware\\TrimStrings->handle(Object(Illuminate\\Http\\Request), Object(Closure))
#56 C:\\xampp\\htdocs\\evolucion2024\\vendor\\laravel\\framework\\src\\Illuminate\\Foundation\\Http\\Middleware\\ValidatePostSize.php(27): Illuminate\\Pipeline\\Pipeline->Illuminate\\Pipeline\\{closure}(Object(Illuminate\\Http\\Request))
#57 C:\\xampp\\htdocs\\evolucion2024\\vendor\\laravel\\framework\\src\\Illuminate\\Pipeline\\Pipeline.php(180): Illuminate\\Foundation\\Http\\Middleware\\ValidatePostSize->handle(Object(Illuminate\\Http\\Request), Object(Closure))
#58 C:\\xampp\\htdocs\\evolucion2024\\vendor\\laravel\\framework\\src\\Illuminate\\Foundation\\Http\\Middleware\\PreventRequestsDuringMaintenance.php(86): Illuminate\\Pipeline\\Pipeline->Illuminate\\Pipeline\\{closure}(Object(Illuminate\\Http\\Request))
#59 C:\\xampp\\htdocs\\evolucion2024\\vendor\\laravel\\framework\\src\\Illuminate\\Pipeline\\Pipeline.php(180): Illuminate\\Foundation\\Http\\Middleware\\PreventRequestsDuringMaintenance->handle(Object(Illuminate\\Http\\Request), Object(Closure))
#60 C:\\xampp\\htdocs\\evolucion2024\\vendor\\laravel\\framework\\src\\Illuminate\\Pipeline\\Pipeline.php(116): Illuminate\\Pipeline\\Pipeline->Illuminate\\Pipeline\\{closure}(Object(Illuminate\\Http\\Request))
#61 C:\\xampp\\htdocs\\evolucion2024\\vendor\\laravel\\framework\\src\\Illuminate\\Foundation\\Http\\Kernel.php(165): Illuminate\\Pipeline\\Pipeline->then(Object(Closure))
#62 C:\\xampp\\htdocs\\evolucion2024\\vendor\\laravel\\framework\\src\\Illuminate\\Foundation\\Http\\Kernel.php(134): Illuminate\\Foundation\\Http\\Kernel->sendRequestThroughRouter(Object(Illuminate\\Http\\Request))
#63 C:\\xampp\\htdocs\\evolucion2024\\public\\index.php(55): Illuminate\\Foundation\\Http\\Kernel->handle(Object(Illuminate\\Http\\Request))
#64 C:\\xampp\\htdocs\\evolucion2024\\server.php(21): require_once('C:\\\\xampp\\\\htdocs...')
#65 {main}
"} 
[2024-12-20 14:53:05] production.ERROR: cURL error 28: Operation timed out after 10009 milliseconds with 0 out of 0 bytes received (see https://curl.haxx.se/libcurl/c/libcurl-errors.html) for https://login.microsoftonline.com/6a44d83e-4990-45c8-b708-a5613d9e1acc/oauth2/v2.0/token {"exception":"[object] (Illuminate\\Http\\Client\\ConnectionException(code: 0): cURL error 28: Operation timed out after 10009 milliseconds with 0 out of 0 bytes received (see https://curl.haxx.se/libcurl/c/libcurl-errors.html) for https://login.microsoftonline.com/6a44d83e-4990-45c8-b708-a5613d9e1acc/oauth2/v2.0/token at C:\\xampp\\htdocs\\evolucion2024\\vendor\\laravel\\framework\\src\\Illuminate\\Http\\Client\\PendingRequest.php:855)
[stacktrace]
#0 C:\\xampp\\htdocs\\evolucion2024\\vendor\\laravel\\framework\\src\\Illuminate\\Support\\helpers.php(247): Illuminate\\Http\\Client\\PendingRequest->Illuminate\\Http\\Client\\{closure}(1)
#1 C:\\xampp\\htdocs\\evolucion2024\\vendor\\laravel\\framework\\src\\Illuminate\\Http\\Client\\PendingRequest.php(863): retry(0, Object(Closure), 100, Object(Closure))
#2 C:\\xampp\\htdocs\\evolucion2024\\vendor\\laravel\\framework\\src\\Illuminate\\Http\\Client\\PendingRequest.php(728): Illuminate\\Http\\Client\\PendingRequest->send('POST', 'https://login.m...', Array)
#3 C:\\xampp\\htdocs\\evolucion2024\\app\\Http\\Controllers\\MailController.php(52): Illuminate\\Http\\Client\\PendingRequest->post('https://login.m...', Array)
#4 C:\\xampp\\htdocs\\evolucion2024\\vendor\\laravel\\framework\\src\\Illuminate\\Routing\\Controller.php(54): App\\Http\\Controllers\\MailController->handleMicrosoftCallback(Object(Illuminate\\Http\\Request))
#5 C:\\xampp\\htdocs\\evolucion2024\\vendor\\laravel\\framework\\src\\Illuminate\\Routing\\ControllerDispatcher.php(43): Illuminate\\Routing\\Controller->callAction('handleMicrosoft...', Array)
#6 C:\\xampp\\htdocs\\evolucion2024\\vendor\\laravel\\framework\\src\\Illuminate\\Routing\\Route.php(260): Illuminate\\Routing\\ControllerDispatcher->dispatch(Object(Illuminate\\Routing\\Route), Object(App\\Http\\Controllers\\MailController), 'handleMicrosoft...')
#7 C:\\xampp\\htdocs\\evolucion2024\\vendor\\laravel\\framework\\src\\Illuminate\\Routing\\Route.php(205): Illuminate\\Routing\\Route->runController()
#8 C:\\xampp\\htdocs\\evolucion2024\\vendor\\laravel\\framework\\src\\Illuminate\\Routing\\Router.php(798): Illuminate\\Routing\\Route->run()
#9 C:\\xampp\\htdocs\\evolucion2024\\vendor\\laravel\\framework\\src\\Illuminate\\Pipeline\\Pipeline.php(141): Illuminate\\Routing\\Router->Illuminate\\Routing\\{closure}(Object(Illuminate\\Http\\Request))
#10 C:\\xampp\\htdocs\\evolucion2024\\vendor\\laravel\\framework\\src\\Illuminate\\Routing\\Middleware\\SubstituteBindings.php(50): Illuminate\\Pipeline\\Pipeline->Illuminate\\Pipeline\\{closure}(Object(Illuminate\\Http\\Request))
#11 C:\\xampp\\htdocs\\evolucion2024\\vendor\\laravel\\framework\\src\\Illuminate\\Pipeline\\Pipeline.php(180): Illuminate\\Routing\\Middleware\\SubstituteBindings->handle(Object(Illuminate\\Http\\Request), Object(Closure))
#12 C:\\xampp\\htdocs\\evolucion2024\\vendor\\laravel\\framework\\src\\Illuminate\\Foundation\\Http\\Middleware\\VerifyCsrfToken.php(78): Illuminate\\Pipeline\\Pipeline->Illuminate\\Pipeline\\{closure}(Object(Illuminate\\Http\\Request))
#13 C:\\xampp\\htdocs\\evolucion2024\\vendor\\laravel\\framework\\src\\Illuminate\\Pipeline\\Pipeline.php(180): Illuminate\\Foundation\\Http\\Middleware\\VerifyCsrfToken->handle(Object(Illuminate\\Http\\Request), Object(Closure))
#14 C:\\xampp\\htdocs\\evolucion2024\\vendor\\laravel\\framework\\src\\Illuminate\\View\\Middleware\\ShareErrorsFromSession.php(49): Illuminate\\Pipeline\\Pipeline->Illuminate\\Pipeline\\{closure}(Object(Illuminate\\Http\\Request))
#15 C:\\xampp\\htdocs\\evolucion2024\\vendor\\laravel\\framework\\src\\Illuminate\\Pipeline\\Pipeline.php(180): Illuminate\\View\\Middleware\\ShareErrorsFromSession->handle(Object(Illuminate\\Http\\Request), Object(Closure))
#16 C:\\xampp\\htdocs\\evolucion2024\\vendor\\laravel\\framework\\src\\Illuminate\\Session\\Middleware\\StartSession.php(121): Illuminate\\Pipeline\\Pipeline->Illuminate\\Pipeline\\{closure}(Object(Illuminate\\Http\\Request))
#17 C:\\xampp\\htdocs\\evolucion2024\\vendor\\laravel\\framework\\src\\Illuminate\\Session\\Middleware\\StartSession.php(64): Illuminate\\Session\\Middleware\\StartSession->handleStatefulRequest(Object(Illuminate\\Http\\Request), Object(Illuminate\\Session\\Store), Object(Closure))
#18 C:\\xampp\\htdocs\\evolucion2024\\vendor\\laravel\\framework\\src\\Illuminate\\Pipeline\\Pipeline.php(180): Illuminate\\Session\\Middleware\\StartSession->handle(Object(Illuminate\\Http\\Request), Object(Closure))
#19 C:\\xampp\\htdocs\\evolucion2024\\vendor\\laravel\\framework\\src\\Illuminate\\Cookie\\Middleware\\AddQueuedCookiesToResponse.php(37): Illuminate\\Pipeline\\Pipeline->Illuminate\\Pipeline\\{closure}(Object(Illuminate\\Http\\Request))
#20 C:\\xampp\\htdocs\\evolucion2024\\vendor\\laravel\\framework\\src\\Illuminate\\Pipeline\\Pipeline.php(180): Illuminate\\Cookie\\Middleware\\AddQueuedCookiesToResponse->handle(Object(Illuminate\\Http\\Request), Object(Closure))
#21 C:\\xampp\\htdocs\\evolucion2024\\vendor\\laravel\\framework\\src\\Illuminate\\Cookie\\Middleware\\EncryptCookies.php(67): Illuminate\\Pipeline\\Pipeline->Illuminate\\Pipeline\\{closure}(Object(Illuminate\\Http\\Request))
#22 C:\\xampp\\htdocs\\evolucion2024\\vendor\\laravel\\framework\\src\\Illuminate\\Pipeline\\Pipeline.php(180): Illuminate\\Cookie\\Middleware\\EncryptCookies->handle(Object(Illuminate\\Http\\Request), Object(Closure))
#23 C:\\xampp\\htdocs\\evolucion2024\\vendor\\laravel\\framework\\src\\Illuminate\\Pipeline\\Pipeline.php(116): Illuminate\\Pipeline\\Pipeline->Illuminate\\Pipeline\\{closure}(Object(Illuminate\\Http\\Request))
#24 C:\\xampp\\htdocs\\evolucion2024\\vendor\\laravel\\framework\\src\\Illuminate\\Routing\\Router.php(799): Illuminate\\Pipeline\\Pipeline->then(Object(Closure))
#25 C:\\xampp\\htdocs\\evolucion2024\\vendor\\laravel\\framework\\src\\Illuminate\\Routing\\Router.php(776): Illuminate\\Routing\\Router->runRouteWithinStack(Object(Illuminate\\Routing\\Route), Object(Illuminate\\Http\\Request))
#26 C:\\xampp\\htdocs\\evolucion2024\\vendor\\laravel\\framework\\src\\Illuminate\\Routing\\Router.php(740): Illuminate\\Routing\\Router->runRoute(Object(Illuminate\\Http\\Request), Object(Illuminate\\Routing\\Route))
#27 C:\\xampp\\htdocs\\evolucion2024\\vendor\\laravel\\framework\\src\\Illuminate\\Routing\\Router.php(729): Illuminate\\Routing\\Router->dispatchToRoute(Object(Illuminate\\Http\\Request))
#28 C:\\xampp\\htdocs\\evolucion2024\\vendor\\laravel\\framework\\src\\Illuminate\\Foundation\\Http\\Kernel.php(190): Illuminate\\Routing\\Router->dispatch(Object(Illuminate\\Http\\Request))
#29 C:\\xampp\\htdocs\\evolucion2024\\vendor\\laravel\\framework\\src\\Illuminate\\Pipeline\\Pipeline.php(141): Illuminate\\Foundation\\Http\\Kernel->Illuminate\\Foundation\\Http\\{closure}(Object(Illuminate\\Http\\Request))
#30 C:\\xampp\\htdocs\\evolucion2024\\vendor\\laravel\\framework\\src\\Illuminate\\Http\\Middleware\\TrustProxies.php(39): Illuminate\\Pipeline\\Pipeline->Illuminate\\Pipeline\\{closure}(Object(Illuminate\\Http\\Request))
#31 C:\\xampp\\htdocs\\evolucion2024\\vendor\\laravel\\framework\\src\\Illuminate\\Pipeline\\Pipeline.php(180): Illuminate\\Http\\Middleware\\TrustProxies->handle(Object(Illuminate\\Http\\Request), Object(Closure))
#32 C:\\xampp\\htdocs\\evolucion2024\\vendor\\laravel\\framework\\src\\Illuminate\\Foundation\\Http\\Middleware\\TransformsRequest.php(21): Illuminate\\Pipeline\\Pipeline->Illuminate\\Pipeline\\{closure}(Object(Illuminate\\Http\\Request))
#33 C:\\xampp\\htdocs\\evolucion2024\\vendor\\laravel\\framework\\src\\Illuminate\\Foundation\\Http\\Middleware\\ConvertEmptyStringsToNull.php(31): Illuminate\\Foundation\\Http\\Middleware\\TransformsRequest->handle(Object(Illuminate\\Http\\Request), Object(Closure))
#34 C:\\xampp\\htdocs\\evolucion2024\\vendor\\laravel\\framework\\src\\Illuminate\\Pipeline\\Pipeline.php(180): Illuminate\\Foundation\\Http\\Middleware\\ConvertEmptyStringsToNull->handle(Object(Illuminate\\Http\\Request), Object(Closure))
#35 C:\\xampp\\htdocs\\evolucion2024\\vendor\\laravel\\framework\\src\\Illuminate\\Foundation\\Http\\Middleware\\TransformsRequest.php(21): Illuminate\\Pipeline\\Pipeline->Illuminate\\Pipeline\\{closure}(Object(Illuminate\\Http\\Request))
#36 C:\\xampp\\htdocs\\evolucion2024\\vendor\\laravel\\framework\\src\\Illuminate\\Foundation\\Http\\Middleware\\TrimStrings.php(40): Illuminate\\Foundation\\Http\\Middleware\\TransformsRequest->handle(Object(Illuminate\\Http\\Request), Object(Closure))
#37 C:\\xampp\\htdocs\\evolucion2024\\vendor\\laravel\\framework\\src\\Illuminate\\Pipeline\\Pipeline.php(180): Illuminate\\Foundation\\Http\\Middleware\\TrimStrings->handle(Object(Illuminate\\Http\\Request), Object(Closure))
#38 C:\\xampp\\htdocs\\evolucion2024\\vendor\\laravel\\framework\\src\\Illuminate\\Foundation\\Http\\Middleware\\ValidatePostSize.php(27): Illuminate\\Pipeline\\Pipeline->Illuminate\\Pipeline\\{closure}(Object(Illuminate\\Http\\Request))
#39 C:\\xampp\\htdocs\\evolucion2024\\vendor\\laravel\\framework\\src\\Illuminate\\Pipeline\\Pipeline.php(180): Illuminate\\Foundation\\Http\\Middleware\\ValidatePostSize->handle(Object(Illuminate\\Http\\Request), Object(Closure))
#40 C:\\xampp\\htdocs\\evolucion2024\\vendor\\laravel\\framework\\src\\Illuminate\\Foundation\\Http\\Middleware\\PreventRequestsDuringMaintenance.php(86): Illuminate\\Pipeline\\Pipeline->Illuminate\\Pipeline\\{closure}(Object(Illuminate\\Http\\Request))
#41 C:\\xampp\\htdocs\\evolucion2024\\vendor\\laravel\\framework\\src\\Illuminate\\Pipeline\\Pipeline.php(180): Illuminate\\Foundation\\Http\\Middleware\\PreventRequestsDuringMaintenance->handle(Object(Illuminate\\Http\\Request), Object(Closure))
#42 C:\\xampp\\htdocs\\evolucion2024\\vendor\\laravel\\framework\\src\\Illuminate\\Pipeline\\Pipeline.php(116): Illuminate\\Pipeline\\Pipeline->Illuminate\\Pipeline\\{closure}(Object(Illuminate\\Http\\Request))
#43 C:\\xampp\\htdocs\\evolucion2024\\vendor\\laravel\\framework\\src\\Illuminate\\Foundation\\Http\\Kernel.php(165): Illuminate\\Pipeline\\Pipeline->then(Object(Closure))
#44 C:\\xampp\\htdocs\\evolucion2024\\vendor\\laravel\\framework\\src\\Illuminate\\Foundation\\Http\\Kernel.php(134): Illuminate\\Foundation\\Http\\Kernel->sendRequestThroughRouter(Object(Illuminate\\Http\\Request))
#45 C:\\xampp\\htdocs\\evolucion2024\\public\\index.php(55): Illuminate\\Foundation\\Http\\Kernel->handle(Object(Illuminate\\Http\\Request))
#46 C:\\xampp\\htdocs\\evolucion2024\\server.php(21): require_once('C:\\\\xampp\\\\htdocs...')
#47 {main}

[previous exception] [object] (GuzzleHttp\\Exception\\ConnectException(code: 0): cURL error 28: Operation timed out after 10009 milliseconds with 0 out of 0 bytes received (see https://curl.haxx.se/libcurl/c/libcurl-errors.html) for https://login.microsoftonline.com/6a44d83e-4990-45c8-b708-a5613d9e1acc/oauth2/v2.0/token at C:\\xampp\\htdocs\\evolucion2024\\vendor\\guzzlehttp\\guzzle\\src\\Handler\\CurlFactory.php:275)
[stacktrace]
#0 C:\\xampp\\htdocs\\evolucion2024\\vendor\\guzzlehttp\\guzzle\\src\\Handler\\CurlFactory.php(205): GuzzleHttp\\Handler\\CurlFactory::createRejection(Object(GuzzleHttp\\Handler\\EasyHandle), Array)
#1 C:\\xampp\\htdocs\\evolucion2024\\vendor\\guzzlehttp\\guzzle\\src\\Handler\\CurlFactory.php(157): GuzzleHttp\\Handler\\CurlFactory::finishError(Object(GuzzleHttp\\Handler\\CurlHandler), Object(GuzzleHttp\\Handler\\EasyHandle), Object(GuzzleHttp\\Handler\\CurlFactory))
#2 C:\\xampp\\htdocs\\evolucion2024\\vendor\\guzzlehttp\\guzzle\\src\\Handler\\CurlHandler.php(47): GuzzleHttp\\Handler\\CurlFactory::finish(Object(GuzzleHttp\\Handler\\CurlHandler), Object(GuzzleHttp\\Handler\\EasyHandle), Object(GuzzleHttp\\Handler\\CurlFactory))
#3 C:\\xampp\\htdocs\\evolucion2024\\vendor\\guzzlehttp\\guzzle\\src\\Handler\\Proxy.php(28): GuzzleHttp\\Handler\\CurlHandler->__invoke(Object(GuzzleHttp\\Psr7\\Request), Array)
#4 C:\\xampp\\htdocs\\evolucion2024\\vendor\\guzzlehttp\\guzzle\\src\\Handler\\Proxy.php(48): GuzzleHttp\\Handler\\Proxy::GuzzleHttp\\Handler\\{closure}(Object(GuzzleHttp\\Psr7\\Request), Array)
#5 C:\\xampp\\htdocs\\evolucion2024\\vendor\\laravel\\framework\\src\\Illuminate\\Http\\Client\\PendingRequest.php(1150): GuzzleHttp\\Handler\\Proxy::GuzzleHttp\\Handler\\{closure}(Object(GuzzleHttp\\Psr7\\Request), Array)
#6 C:\\xampp\\htdocs\\evolucion2024\\vendor\\laravel\\framework\\src\\Illuminate\\Http\\Client\\PendingRequest.php(1116): Illuminate\\Http\\Client\\PendingRequest->Illuminate\\Http\\Client\\{closure}(Object(GuzzleHttp\\Psr7\\Request), Array)
#7 C:\\xampp\\htdocs\\evolucion2024\\vendor\\laravel\\framework\\src\\Illuminate\\Http\\Client\\PendingRequest.php(1102): Illuminate\\Http\\Client\\PendingRequest->Illuminate\\Http\\Client\\{closure}(Object(GuzzleHttp\\Psr7\\Request), Array)
#8 C:\\xampp\\htdocs\\evolucion2024\\vendor\\guzzlehttp\\guzzle\\src\\PrepareBodyMiddleware.php(64): Illuminate\\Http\\Client\\PendingRequest->Illuminate\\Http\\Client\\{closure}(Object(GuzzleHttp\\Psr7\\Request), Array)
#9 C:\\xampp\\htdocs\\evolucion2024\\vendor\\guzzlehttp\\guzzle\\src\\Middleware.php(38): GuzzleHttp\\PrepareBodyMiddleware->__invoke(Object(GuzzleHttp\\Psr7\\Request), Array)
#10 C:\\xampp\\htdocs\\evolucion2024\\vendor\\guzzlehttp\\guzzle\\src\\RedirectMiddleware.php(71): GuzzleHttp\\Middleware::GuzzleHttp\\{closure}(Object(GuzzleHttp\\Psr7\\Request), Array)
#11 C:\\xampp\\htdocs\\evolucion2024\\vendor\\guzzlehttp\\guzzle\\src\\Middleware.php(63): GuzzleHttp\\RedirectMiddleware->__invoke(Object(GuzzleHttp\\Psr7\\Request), Array)
#12 C:\\xampp\\htdocs\\evolucion2024\\vendor\\guzzlehttp\\guzzle\\src\\HandlerStack.php(75): GuzzleHttp\\Middleware::GuzzleHttp\\{closure}(Object(GuzzleHttp\\Psr7\\Request), Array)
#13 C:\\xampp\\htdocs\\evolucion2024\\vendor\\guzzlehttp\\guzzle\\src\\Client.php(333): GuzzleHttp\\HandlerStack->__invoke(Object(GuzzleHttp\\Psr7\\Request), Array)
#14 C:\\xampp\\htdocs\\evolucion2024\\vendor\\guzzlehttp\\guzzle\\src\\Client.php(169): GuzzleHttp\\Client->transfer(Object(GuzzleHttp\\Psr7\\Request), Array)
#15 C:\\xampp\\htdocs\\evolucion2024\\vendor\\guzzlehttp\\guzzle\\src\\Client.php(189): GuzzleHttp\\Client->requestAsync('POST', Object(GuzzleHttp\\Psr7\\Uri), Array)
#16 C:\\xampp\\htdocs\\evolucion2024\\vendor\\laravel\\framework\\src\\Illuminate\\Http\\Client\\PendingRequest.php(962): GuzzleHttp\\Client->request('POST', 'https://login.m...', Array)
#17 C:\\xampp\\htdocs\\evolucion2024\\vendor\\laravel\\framework\\src\\Illuminate\\Http\\Client\\PendingRequest.php(823): Illuminate\\Http\\Client\\PendingRequest->sendRequest('POST', 'https://login.m...', Array)
#18 C:\\xampp\\htdocs\\evolucion2024\\vendor\\laravel\\framework\\src\\Illuminate\\Support\\helpers.php(247): Illuminate\\Http\\Client\\PendingRequest->Illuminate\\Http\\Client\\{closure}(1)
#19 C:\\xampp\\htdocs\\evolucion2024\\vendor\\laravel\\framework\\src\\Illuminate\\Http\\Client\\PendingRequest.php(863): retry(0, Object(Closure), 100, Object(Closure))
#20 C:\\xampp\\htdocs\\evolucion2024\\vendor\\laravel\\framework\\src\\Illuminate\\Http\\Client\\PendingRequest.php(728): Illuminate\\Http\\Client\\PendingRequest->send('POST', 'https://login.m...', Array)
#21 C:\\xampp\\htdocs\\evolucion2024\\app\\Http\\Controllers\\MailController.php(52): Illuminate\\Http\\Client\\PendingRequest->post('https://login.m...', Array)
#22 C:\\xampp\\htdocs\\evolucion2024\\vendor\\laravel\\framework\\src\\Illuminate\\Routing\\Controller.php(54): App\\Http\\Controllers\\MailController->handleMicrosoftCallback(Object(Illuminate\\Http\\Request))
#23 C:\\xampp\\htdocs\\evolucion2024\\vendor\\laravel\\framework\\src\\Illuminate\\Routing\\ControllerDispatcher.php(43): Illuminate\\Routing\\Controller->callAction('handleMicrosoft...', Array)
#24 C:\\xampp\\htdocs\\evolucion2024\\vendor\\laravel\\framework\\src\\Illuminate\\Routing\\Route.php(260): Illuminate\\Routing\\ControllerDispatcher->dispatch(Object(Illuminate\\Routing\\Route), Object(App\\Http\\Controllers\\MailController), 'handleMicrosoft...')
#25 C:\\xampp\\htdocs\\evolucion2024\\vendor\\laravel\\framework\\src\\Illuminate\\Routing\\Route.php(205): Illuminate\\Routing\\Route->runController()
#26 C:\\xampp\\htdocs\\evolucion2024\\vendor\\laravel\\framework\\src\\Illuminate\\Routing\\Router.php(798): Illuminate\\Routing\\Route->run()
#27 C:\\xampp\\htdocs\\evolucion2024\\vendor\\laravel\\framework\\src\\Illuminate\\Pipeline\\Pipeline.php(141): Illuminate\\Routing\\Router->Illuminate\\Routing\\{closure}(Object(Illuminate\\Http\\Request))
#28 C:\\xampp\\htdocs\\evolucion2024\\vendor\\laravel\\framework\\src\\Illuminate\\Routing\\Middleware\\SubstituteBindings.php(50): Illuminate\\Pipeline\\Pipeline->Illuminate\\Pipeline\\{closure}(Object(Illuminate\\Http\\Request))
#29 C:\\xampp\\htdocs\\evolucion2024\\vendor\\laravel\\framework\\src\\Illuminate\\Pipeline\\Pipeline.php(180): Illuminate\\Routing\\Middleware\\SubstituteBindings->handle(Object(Illuminate\\Http\\Request), Object(Closure))
#30 C:\\xampp\\htdocs\\evolucion2024\\vendor\\laravel\\framework\\src\\Illuminate\\Foundation\\Http\\Middleware\\VerifyCsrfToken.php(78): Illuminate\\Pipeline\\Pipeline->Illuminate\\Pipeline\\{closure}(Object(Illuminate\\Http\\Request))
#31 C:\\xampp\\htdocs\\evolucion2024\\vendor\\laravel\\framework\\src\\Illuminate\\Pipeline\\Pipeline.php(180): Illuminate\\Foundation\\Http\\Middleware\\VerifyCsrfToken->handle(Object(Illuminate\\Http\\Request), Object(Closure))
#32 C:\\xampp\\htdocs\\evolucion2024\\vendor\\laravel\\framework\\src\\Illuminate\\View\\Middleware\\ShareErrorsFromSession.php(49): Illuminate\\Pipeline\\Pipeline->Illuminate\\Pipeline\\{closure}(Object(Illuminate\\Http\\Request))
#33 C:\\xampp\\htdocs\\evolucion2024\\vendor\\laravel\\framework\\src\\Illuminate\\Pipeline\\Pipeline.php(180): Illuminate\\View\\Middleware\\ShareErrorsFromSession->handle(Object(Illuminate\\Http\\Request), Object(Closure))
#34 C:\\xampp\\htdocs\\evolucion2024\\vendor\\laravel\\framework\\src\\Illuminate\\Session\\Middleware\\StartSession.php(121): Illuminate\\Pipeline\\Pipeline->Illuminate\\Pipeline\\{closure}(Object(Illuminate\\Http\\Request))
#35 C:\\xampp\\htdocs\\evolucion2024\\vendor\\laravel\\framework\\src\\Illuminate\\Session\\Middleware\\StartSession.php(64): Illuminate\\Session\\Middleware\\StartSession->handleStatefulRequest(Object(Illuminate\\Http\\Request), Object(Illuminate\\Session\\Store), Object(Closure))
#36 C:\\xampp\\htdocs\\evolucion2024\\vendor\\laravel\\framework\\src\\Illuminate\\Pipeline\\Pipeline.php(180): Illuminate\\Session\\Middleware\\StartSession->handle(Object(Illuminate\\Http\\Request), Object(Closure))
#37 C:\\xampp\\htdocs\\evolucion2024\\vendor\\laravel\\framework\\src\\Illuminate\\Cookie\\Middleware\\AddQueuedCookiesToResponse.php(37): Illuminate\\Pipeline\\Pipeline->Illuminate\\Pipeline\\{closure}(Object(Illuminate\\Http\\Request))
#38 C:\\xampp\\htdocs\\evolucion2024\\vendor\\laravel\\framework\\src\\Illuminate\\Pipeline\\Pipeline.php(180): Illuminate\\Cookie\\Middleware\\AddQueuedCookiesToResponse->handle(Object(Illuminate\\Http\\Request), Object(Closure))
#39 C:\\xampp\\htdocs\\evolucion2024\\vendor\\laravel\\framework\\src\\Illuminate\\Cookie\\Middleware\\EncryptCookies.php(67): Illuminate\\Pipeline\\Pipeline->Illuminate\\Pipeline\\{closure}(Object(Illuminate\\Http\\Request))
#40 C:\\xampp\\htdocs\\evolucion2024\\vendor\\laravel\\framework\\src\\Illuminate\\Pipeline\\Pipeline.php(180): Illuminate\\Cookie\\Middleware\\EncryptCookies->handle(Object(Illuminate\\Http\\Request), Object(Closure))
#41 C:\\xampp\\htdocs\\evolucion2024\\vendor\\laravel\\framework\\src\\Illuminate\\Pipeline\\Pipeline.php(116): Illuminate\\Pipeline\\Pipeline->Illuminate\\Pipeline\\{closure}(Object(Illuminate\\Http\\Request))
#42 C:\\xampp\\htdocs\\evolucion2024\\vendor\\laravel\\framework\\src\\Illuminate\\Routing\\Router.php(799): Illuminate\\Pipeline\\Pipeline->then(Object(Closure))
#43 C:\\xampp\\htdocs\\evolucion2024\\vendor\\laravel\\framework\\src\\Illuminate\\Routing\\Router.php(776): Illuminate\\Routing\\Router->runRouteWithinStack(Object(Illuminate\\Routing\\Route), Object(Illuminate\\Http\\Request))
#44 C:\\xampp\\htdocs\\evolucion2024\\vendor\\laravel\\framework\\src\\Illuminate\\Routing\\Router.php(740): Illuminate\\Routing\\Router->runRoute(Object(Illuminate\\Http\\Request), Object(Illuminate\\Routing\\Route))
#45 C:\\xampp\\htdocs\\evolucion2024\\vendor\\laravel\\framework\\src\\Illuminate\\Routing\\Router.php(729): Illuminate\\Routing\\Router->dispatchToRoute(Object(Illuminate\\Http\\Request))
#46 C:\\xampp\\htdocs\\evolucion2024\\vendor\\laravel\\framework\\src\\Illuminate\\Foundation\\Http\\Kernel.php(190): Illuminate\\Routing\\Router->dispatch(Object(Illuminate\\Http\\Request))
#47 C:\\xampp\\htdocs\\evolucion2024\\vendor\\laravel\\framework\\src\\Illuminate\\Pipeline\\Pipeline.php(141): Illuminate\\Foundation\\Http\\Kernel->Illuminate\\Foundation\\Http\\{closure}(Object(Illuminate\\Http\\Request))
#48 C:\\xampp\\htdocs\\evolucion2024\\vendor\\laravel\\framework\\src\\Illuminate\\Http\\Middleware\\TrustProxies.php(39): Illuminate\\Pipeline\\Pipeline->Illuminate\\Pipeline\\{closure}(Object(Illuminate\\Http\\Request))
#49 C:\\xampp\\htdocs\\evolucion2024\\vendor\\laravel\\framework\\src\\Illuminate\\Pipeline\\Pipeline.php(180): Illuminate\\Http\\Middleware\\TrustProxies->handle(Object(Illuminate\\Http\\Request), Object(Closure))
#50 C:\\xampp\\htdocs\\evolucion2024\\vendor\\laravel\\framework\\src\\Illuminate\\Foundation\\Http\\Middleware\\TransformsRequest.php(21): Illuminate\\Pipeline\\Pipeline->Illuminate\\Pipeline\\{closure}(Object(Illuminate\\Http\\Request))
#51 C:\\xampp\\htdocs\\evolucion2024\\vendor\\laravel\\framework\\src\\Illuminate\\Foundation\\Http\\Middleware\\ConvertEmptyStringsToNull.php(31): Illuminate\\Foundation\\Http\\Middleware\\TransformsRequest->handle(Object(Illuminate\\Http\\Request), Object(Closure))
#52 C:\\xampp\\htdocs\\evolucion2024\\vendor\\laravel\\framework\\src\\Illuminate\\Pipeline\\Pipeline.php(180): Illuminate\\Foundation\\Http\\Middleware\\ConvertEmptyStringsToNull->handle(Object(Illuminate\\Http\\Request), Object(Closure))
#53 C:\\xampp\\htdocs\\evolucion2024\\vendor\\laravel\\framework\\src\\Illuminate\\Foundation\\Http\\Middleware\\TransformsRequest.php(21): Illuminate\\Pipeline\\Pipeline->Illuminate\\Pipeline\\{closure}(Object(Illuminate\\Http\\Request))
#54 C:\\xampp\\htdocs\\evolucion2024\\vendor\\laravel\\framework\\src\\Illuminate\\Foundation\\Http\\Middleware\\TrimStrings.php(40): Illuminate\\Foundation\\Http\\Middleware\\TransformsRequest->handle(Object(Illuminate\\Http\\Request), Object(Closure))
#55 C:\\xampp\\htdocs\\evolucion2024\\vendor\\laravel\\framework\\src\\Illuminate\\Pipeline\\Pipeline.php(180): Illuminate\\Foundation\\Http\\Middleware\\TrimStrings->handle(Object(Illuminate\\Http\\Request), Object(Closure))
#56 C:\\xampp\\htdocs\\evolucion2024\\vendor\\laravel\\framework\\src\\Illuminate\\Foundation\\Http\\Middleware\\ValidatePostSize.php(27): Illuminate\\Pipeline\\Pipeline->Illuminate\\Pipeline\\{closure}(Object(Illuminate\\Http\\Request))
#57 C:\\xampp\\htdocs\\evolucion2024\\vendor\\laravel\\framework\\src\\Illuminate\\Pipeline\\Pipeline.php(180): Illuminate\\Foundation\\Http\\Middleware\\ValidatePostSize->handle(Object(Illuminate\\Http\\Request), Object(Closure))
#58 C:\\xampp\\htdocs\\evolucion2024\\vendor\\laravel\\framework\\src\\Illuminate\\Foundation\\Http\\Middleware\\PreventRequestsDuringMaintenance.php(86): Illuminate\\Pipeline\\Pipeline->Illuminate\\Pipeline\\{closure}(Object(Illuminate\\Http\\Request))
#59 C:\\xampp\\htdocs\\evolucion2024\\vendor\\laravel\\framework\\src\\Illuminate\\Pipeline\\Pipeline.php(180): Illuminate\\Foundation\\Http\\Middleware\\PreventRequestsDuringMaintenance->handle(Object(Illuminate\\Http\\Request), Object(Closure))
#60 C:\\xampp\\htdocs\\evolucion2024\\vendor\\laravel\\framework\\src\\Illuminate\\Pipeline\\Pipeline.php(116): Illuminate\\Pipeline\\Pipeline->Illuminate\\Pipeline\\{closure}(Object(Illuminate\\Http\\Request))
#61 C:\\xampp\\htdocs\\evolucion2024\\vendor\\laravel\\framework\\src\\Illuminate\\Foundation\\Http\\Kernel.php(165): Illuminate\\Pipeline\\Pipeline->then(Object(Closure))
#62 C:\\xampp\\htdocs\\evolucion2024\\vendor\\laravel\\framework\\src\\Illuminate\\Foundation\\Http\\Kernel.php(134): Illuminate\\Foundation\\Http\\Kernel->sendRequestThroughRouter(Object(Illuminate\\Http\\Request))
#63 C:\\xampp\\htdocs\\evolucion2024\\public\\index.php(55): Illuminate\\Foundation\\Http\\Kernel->handle(Object(Illuminate\\Http\\Request))
#64 C:\\xampp\\htdocs\\evolucion2024\\server.php(21): require_once('C:\\\\xampp\\\\htdocs...')
#65 {main}
"} 
[2024-12-20 14:55:44] production.ERROR: cURL error 28: Operation timed out after 10003 milliseconds with 0 out of 0 bytes received (see https://curl.haxx.se/libcurl/c/libcurl-errors.html) for https://login.microsoftonline.com/6a44d83e-4990-45c8-b708-a5613d9e1acc/oauth2/v2.0/token {"exception":"[object] (Illuminate\\Http\\Client\\ConnectionException(code: 0): cURL error 28: Operation timed out after 10003 milliseconds with 0 out of 0 bytes received (see https://curl.haxx.se/libcurl/c/libcurl-errors.html) for https://login.microsoftonline.com/6a44d83e-4990-45c8-b708-a5613d9e1acc/oauth2/v2.0/token at C:\\xampp\\htdocs\\evolucion2024\\vendor\\laravel\\framework\\src\\Illuminate\\Http\\Client\\PendingRequest.php:855)
[stacktrace]
#0 C:\\xampp\\htdocs\\evolucion2024\\vendor\\laravel\\framework\\src\\Illuminate\\Support\\helpers.php(247): Illuminate\\Http\\Client\\PendingRequest->Illuminate\\Http\\Client\\{closure}(1)
#1 C:\\xampp\\htdocs\\evolucion2024\\vendor\\laravel\\framework\\src\\Illuminate\\Http\\Client\\PendingRequest.php(863): retry(0, Object(Closure), 100, Object(Closure))
#2 C:\\xampp\\htdocs\\evolucion2024\\vendor\\laravel\\framework\\src\\Illuminate\\Http\\Client\\PendingRequest.php(728): Illuminate\\Http\\Client\\PendingRequest->send('POST', 'https://login.m...', Array)
#3 C:\\xampp\\htdocs\\evolucion2024\\app\\Http\\Controllers\\MailController.php(52): Illuminate\\Http\\Client\\PendingRequest->post('https://login.m...', Array)
#4 C:\\xampp\\htdocs\\evolucion2024\\vendor\\laravel\\framework\\src\\Illuminate\\Routing\\Controller.php(54): App\\Http\\Controllers\\MailController->handleMicrosoftCallback(Object(Illuminate\\Http\\Request))
#5 C:\\xampp\\htdocs\\evolucion2024\\vendor\\laravel\\framework\\src\\Illuminate\\Routing\\ControllerDispatcher.php(43): Illuminate\\Routing\\Controller->callAction('handleMicrosoft...', Array)
#6 C:\\xampp\\htdocs\\evolucion2024\\vendor\\laravel\\framework\\src\\Illuminate\\Routing\\Route.php(260): Illuminate\\Routing\\ControllerDispatcher->dispatch(Object(Illuminate\\Routing\\Route), Object(App\\Http\\Controllers\\MailController), 'handleMicrosoft...')
#7 C:\\xampp\\htdocs\\evolucion2024\\vendor\\laravel\\framework\\src\\Illuminate\\Routing\\Route.php(205): Illuminate\\Routing\\Route->runController()
#8 C:\\xampp\\htdocs\\evolucion2024\\vendor\\laravel\\framework\\src\\Illuminate\\Routing\\Router.php(798): Illuminate\\Routing\\Route->run()
#9 C:\\xampp\\htdocs\\evolucion2024\\vendor\\laravel\\framework\\src\\Illuminate\\Pipeline\\Pipeline.php(141): Illuminate\\Routing\\Router->Illuminate\\Routing\\{closure}(Object(Illuminate\\Http\\Request))
#10 C:\\xampp\\htdocs\\evolucion2024\\vendor\\laravel\\framework\\src\\Illuminate\\Routing\\Middleware\\SubstituteBindings.php(50): Illuminate\\Pipeline\\Pipeline->Illuminate\\Pipeline\\{closure}(Object(Illuminate\\Http\\Request))
#11 C:\\xampp\\htdocs\\evolucion2024\\vendor\\laravel\\framework\\src\\Illuminate\\Pipeline\\Pipeline.php(180): Illuminate\\Routing\\Middleware\\SubstituteBindings->handle(Object(Illuminate\\Http\\Request), Object(Closure))
#12 C:\\xampp\\htdocs\\evolucion2024\\vendor\\laravel\\framework\\src\\Illuminate\\Foundation\\Http\\Middleware\\VerifyCsrfToken.php(78): Illuminate\\Pipeline\\Pipeline->Illuminate\\Pipeline\\{closure}(Object(Illuminate\\Http\\Request))
#13 C:\\xampp\\htdocs\\evolucion2024\\vendor\\laravel\\framework\\src\\Illuminate\\Pipeline\\Pipeline.php(180): Illuminate\\Foundation\\Http\\Middleware\\VerifyCsrfToken->handle(Object(Illuminate\\Http\\Request), Object(Closure))
#14 C:\\xampp\\htdocs\\evolucion2024\\vendor\\laravel\\framework\\src\\Illuminate\\View\\Middleware\\ShareErrorsFromSession.php(49): Illuminate\\Pipeline\\Pipeline->Illuminate\\Pipeline\\{closure}(Object(Illuminate\\Http\\Request))
#15 C:\\xampp\\htdocs\\evolucion2024\\vendor\\laravel\\framework\\src\\Illuminate\\Pipeline\\Pipeline.php(180): Illuminate\\View\\Middleware\\ShareErrorsFromSession->handle(Object(Illuminate\\Http\\Request), Object(Closure))
#16 C:\\xampp\\htdocs\\evolucion2024\\vendor\\laravel\\framework\\src\\Illuminate\\Session\\Middleware\\StartSession.php(121): Illuminate\\Pipeline\\Pipeline->Illuminate\\Pipeline\\{closure}(Object(Illuminate\\Http\\Request))
#17 C:\\xampp\\htdocs\\evolucion2024\\vendor\\laravel\\framework\\src\\Illuminate\\Session\\Middleware\\StartSession.php(64): Illuminate\\Session\\Middleware\\StartSession->handleStatefulRequest(Object(Illuminate\\Http\\Request), Object(Illuminate\\Session\\Store), Object(Closure))
#18 C:\\xampp\\htdocs\\evolucion2024\\vendor\\laravel\\framework\\src\\Illuminate\\Pipeline\\Pipeline.php(180): Illuminate\\Session\\Middleware\\StartSession->handle(Object(Illuminate\\Http\\Request), Object(Closure))
#19 C:\\xampp\\htdocs\\evolucion2024\\vendor\\laravel\\framework\\src\\Illuminate\\Cookie\\Middleware\\AddQueuedCookiesToResponse.php(37): Illuminate\\Pipeline\\Pipeline->Illuminate\\Pipeline\\{closure}(Object(Illuminate\\Http\\Request))
#20 C:\\xampp\\htdocs\\evolucion2024\\vendor\\laravel\\framework\\src\\Illuminate\\Pipeline\\Pipeline.php(180): Illuminate\\Cookie\\Middleware\\AddQueuedCookiesToResponse->handle(Object(Illuminate\\Http\\Request), Object(Closure))
#21 C:\\xampp\\htdocs\\evolucion2024\\vendor\\laravel\\framework\\src\\Illuminate\\Cookie\\Middleware\\EncryptCookies.php(67): Illuminate\\Pipeline\\Pipeline->Illuminate\\Pipeline\\{closure}(Object(Illuminate\\Http\\Request))
#22 C:\\xampp\\htdocs\\evolucion2024\\vendor\\laravel\\framework\\src\\Illuminate\\Pipeline\\Pipeline.php(180): Illuminate\\Cookie\\Middleware\\EncryptCookies->handle(Object(Illuminate\\Http\\Request), Object(Closure))
#23 C:\\xampp\\htdocs\\evolucion2024\\vendor\\laravel\\framework\\src\\Illuminate\\Pipeline\\Pipeline.php(116): Illuminate\\Pipeline\\Pipeline->Illuminate\\Pipeline\\{closure}(Object(Illuminate\\Http\\Request))
#24 C:\\xampp\\htdocs\\evolucion2024\\vendor\\laravel\\framework\\src\\Illuminate\\Routing\\Router.php(799): Illuminate\\Pipeline\\Pipeline->then(Object(Closure))
#25 C:\\xampp\\htdocs\\evolucion2024\\vendor\\laravel\\framework\\src\\Illuminate\\Routing\\Router.php(776): Illuminate\\Routing\\Router->runRouteWithinStack(Object(Illuminate\\Routing\\Route), Object(Illuminate\\Http\\Request))
#26 C:\\xampp\\htdocs\\evolucion2024\\vendor\\laravel\\framework\\src\\Illuminate\\Routing\\Router.php(740): Illuminate\\Routing\\Router->runRoute(Object(Illuminate\\Http\\Request), Object(Illuminate\\Routing\\Route))
#27 C:\\xampp\\htdocs\\evolucion2024\\vendor\\laravel\\framework\\src\\Illuminate\\Routing\\Router.php(729): Illuminate\\Routing\\Router->dispatchToRoute(Object(Illuminate\\Http\\Request))
#28 C:\\xampp\\htdocs\\evolucion2024\\vendor\\laravel\\framework\\src\\Illuminate\\Foundation\\Http\\Kernel.php(190): Illuminate\\Routing\\Router->dispatch(Object(Illuminate\\Http\\Request))
#29 C:\\xampp\\htdocs\\evolucion2024\\vendor\\laravel\\framework\\src\\Illuminate\\Pipeline\\Pipeline.php(141): Illuminate\\Foundation\\Http\\Kernel->Illuminate\\Foundation\\Http\\{closure}(Object(Illuminate\\Http\\Request))
#30 C:\\xampp\\htdocs\\evolucion2024\\vendor\\laravel\\framework\\src\\Illuminate\\Http\\Middleware\\TrustProxies.php(39): Illuminate\\Pipeline\\Pipeline->Illuminate\\Pipeline\\{closure}(Object(Illuminate\\Http\\Request))
#31 C:\\xampp\\htdocs\\evolucion2024\\vendor\\laravel\\framework\\src\\Illuminate\\Pipeline\\Pipeline.php(180): Illuminate\\Http\\Middleware\\TrustProxies->handle(Object(Illuminate\\Http\\Request), Object(Closure))
#32 C:\\xampp\\htdocs\\evolucion2024\\vendor\\laravel\\framework\\src\\Illuminate\\Foundation\\Http\\Middleware\\TransformsRequest.php(21): Illuminate\\Pipeline\\Pipeline->Illuminate\\Pipeline\\{closure}(Object(Illuminate\\Http\\Request))
#33 C:\\xampp\\htdocs\\evolucion2024\\vendor\\laravel\\framework\\src\\Illuminate\\Foundation\\Http\\Middleware\\ConvertEmptyStringsToNull.php(31): Illuminate\\Foundation\\Http\\Middleware\\TransformsRequest->handle(Object(Illuminate\\Http\\Request), Object(Closure))
#34 C:\\xampp\\htdocs\\evolucion2024\\vendor\\laravel\\framework\\src\\Illuminate\\Pipeline\\Pipeline.php(180): Illuminate\\Foundation\\Http\\Middleware\\ConvertEmptyStringsToNull->handle(Object(Illuminate\\Http\\Request), Object(Closure))
#35 C:\\xampp\\htdocs\\evolucion2024\\vendor\\laravel\\framework\\src\\Illuminate\\Foundation\\Http\\Middleware\\TransformsRequest.php(21): Illuminate\\Pipeline\\Pipeline->Illuminate\\Pipeline\\{closure}(Object(Illuminate\\Http\\Request))
#36 C:\\xampp\\htdocs\\evolucion2024\\vendor\\laravel\\framework\\src\\Illuminate\\Foundation\\Http\\Middleware\\TrimStrings.php(40): Illuminate\\Foundation\\Http\\Middleware\\TransformsRequest->handle(Object(Illuminate\\Http\\Request), Object(Closure))
#37 C:\\xampp\\htdocs\\evolucion2024\\vendor\\laravel\\framework\\src\\Illuminate\\Pipeline\\Pipeline.php(180): Illuminate\\Foundation\\Http\\Middleware\\TrimStrings->handle(Object(Illuminate\\Http\\Request), Object(Closure))
#38 C:\\xampp\\htdocs\\evolucion2024\\vendor\\laravel\\framework\\src\\Illuminate\\Foundation\\Http\\Middleware\\ValidatePostSize.php(27): Illuminate\\Pipeline\\Pipeline->Illuminate\\Pipeline\\{closure}(Object(Illuminate\\Http\\Request))
#39 C:\\xampp\\htdocs\\evolucion2024\\vendor\\laravel\\framework\\src\\Illuminate\\Pipeline\\Pipeline.php(180): Illuminate\\Foundation\\Http\\Middleware\\ValidatePostSize->handle(Object(Illuminate\\Http\\Request), Object(Closure))
#40 C:\\xampp\\htdocs\\evolucion2024\\vendor\\laravel\\framework\\src\\Illuminate\\Foundation\\Http\\Middleware\\PreventRequestsDuringMaintenance.php(86): Illuminate\\Pipeline\\Pipeline->Illuminate\\Pipeline\\{closure}(Object(Illuminate\\Http\\Request))
#41 C:\\xampp\\htdocs\\evolucion2024\\vendor\\laravel\\framework\\src\\Illuminate\\Pipeline\\Pipeline.php(180): Illuminate\\Foundation\\Http\\Middleware\\PreventRequestsDuringMaintenance->handle(Object(Illuminate\\Http\\Request), Object(Closure))
#42 C:\\xampp\\htdocs\\evolucion2024\\vendor\\laravel\\framework\\src\\Illuminate\\Pipeline\\Pipeline.php(116): Illuminate\\Pipeline\\Pipeline->Illuminate\\Pipeline\\{closure}(Object(Illuminate\\Http\\Request))
#43 C:\\xampp\\htdocs\\evolucion2024\\vendor\\laravel\\framework\\src\\Illuminate\\Foundation\\Http\\Kernel.php(165): Illuminate\\Pipeline\\Pipeline->then(Object(Closure))
#44 C:\\xampp\\htdocs\\evolucion2024\\vendor\\laravel\\framework\\src\\Illuminate\\Foundation\\Http\\Kernel.php(134): Illuminate\\Foundation\\Http\\Kernel->sendRequestThroughRouter(Object(Illuminate\\Http\\Request))
#45 C:\\xampp\\htdocs\\evolucion2024\\public\\index.php(55): Illuminate\\Foundation\\Http\\Kernel->handle(Object(Illuminate\\Http\\Request))
#46 C:\\xampp\\htdocs\\evolucion2024\\server.php(21): require_once('C:\\\\xampp\\\\htdocs...')
#47 {main}

[previous exception] [object] (GuzzleHttp\\Exception\\ConnectException(code: 0): cURL error 28: Operation timed out after 10003 milliseconds with 0 out of 0 bytes received (see https://curl.haxx.se/libcurl/c/libcurl-errors.html) for https://login.microsoftonline.com/6a44d83e-4990-45c8-b708-a5613d9e1acc/oauth2/v2.0/token at C:\\xampp\\htdocs\\evolucion2024\\vendor\\guzzlehttp\\guzzle\\src\\Handler\\CurlFactory.php:275)
[stacktrace]
#0 C:\\xampp\\htdocs\\evolucion2024\\vendor\\guzzlehttp\\guzzle\\src\\Handler\\CurlFactory.php(205): GuzzleHttp\\Handler\\CurlFactory::createRejection(Object(GuzzleHttp\\Handler\\EasyHandle), Array)
#1 C:\\xampp\\htdocs\\evolucion2024\\vendor\\guzzlehttp\\guzzle\\src\\Handler\\CurlFactory.php(157): GuzzleHttp\\Handler\\CurlFactory::finishError(Object(GuzzleHttp\\Handler\\CurlHandler), Object(GuzzleHttp\\Handler\\EasyHandle), Object(GuzzleHttp\\Handler\\CurlFactory))
#2 C:\\xampp\\htdocs\\evolucion2024\\vendor\\guzzlehttp\\guzzle\\src\\Handler\\CurlHandler.php(47): GuzzleHttp\\Handler\\CurlFactory::finish(Object(GuzzleHttp\\Handler\\CurlHandler), Object(GuzzleHttp\\Handler\\EasyHandle), Object(GuzzleHttp\\Handler\\CurlFactory))
#3 C:\\xampp\\htdocs\\evolucion2024\\vendor\\guzzlehttp\\guzzle\\src\\Handler\\Proxy.php(28): GuzzleHttp\\Handler\\CurlHandler->__invoke(Object(GuzzleHttp\\Psr7\\Request), Array)
#4 C:\\xampp\\htdocs\\evolucion2024\\vendor\\guzzlehttp\\guzzle\\src\\Handler\\Proxy.php(48): GuzzleHttp\\Handler\\Proxy::GuzzleHttp\\Handler\\{closure}(Object(GuzzleHttp\\Psr7\\Request), Array)
#5 C:\\xampp\\htdocs\\evolucion2024\\vendor\\laravel\\framework\\src\\Illuminate\\Http\\Client\\PendingRequest.php(1150): GuzzleHttp\\Handler\\Proxy::GuzzleHttp\\Handler\\{closure}(Object(GuzzleHttp\\Psr7\\Request), Array)
#6 C:\\xampp\\htdocs\\evolucion2024\\vendor\\laravel\\framework\\src\\Illuminate\\Http\\Client\\PendingRequest.php(1116): Illuminate\\Http\\Client\\PendingRequest->Illuminate\\Http\\Client\\{closure}(Object(GuzzleHttp\\Psr7\\Request), Array)
#7 C:\\xampp\\htdocs\\evolucion2024\\vendor\\laravel\\framework\\src\\Illuminate\\Http\\Client\\PendingRequest.php(1102): Illuminate\\Http\\Client\\PendingRequest->Illuminate\\Http\\Client\\{closure}(Object(GuzzleHttp\\Psr7\\Request), Array)
#8 C:\\xampp\\htdocs\\evolucion2024\\vendor\\guzzlehttp\\guzzle\\src\\PrepareBodyMiddleware.php(64): Illuminate\\Http\\Client\\PendingRequest->Illuminate\\Http\\Client\\{closure}(Object(GuzzleHttp\\Psr7\\Request), Array)
#9 C:\\xampp\\htdocs\\evolucion2024\\vendor\\guzzlehttp\\guzzle\\src\\Middleware.php(38): GuzzleHttp\\PrepareBodyMiddleware->__invoke(Object(GuzzleHttp\\Psr7\\Request), Array)
#10 C:\\xampp\\htdocs\\evolucion2024\\vendor\\guzzlehttp\\guzzle\\src\\RedirectMiddleware.php(71): GuzzleHttp\\Middleware::GuzzleHttp\\{closure}(Object(GuzzleHttp\\Psr7\\Request), Array)
#11 C:\\xampp\\htdocs\\evolucion2024\\vendor\\guzzlehttp\\guzzle\\src\\Middleware.php(63): GuzzleHttp\\RedirectMiddleware->__invoke(Object(GuzzleHttp\\Psr7\\Request), Array)
#12 C:\\xampp\\htdocs\\evolucion2024\\vendor\\guzzlehttp\\guzzle\\src\\HandlerStack.php(75): GuzzleHttp\\Middleware::GuzzleHttp\\{closure}(Object(GuzzleHttp\\Psr7\\Request), Array)
#13 C:\\xampp\\htdocs\\evolucion2024\\vendor\\guzzlehttp\\guzzle\\src\\Client.php(333): GuzzleHttp\\HandlerStack->__invoke(Object(GuzzleHttp\\Psr7\\Request), Array)
#14 C:\\xampp\\htdocs\\evolucion2024\\vendor\\guzzlehttp\\guzzle\\src\\Client.php(169): GuzzleHttp\\Client->transfer(Object(GuzzleHttp\\Psr7\\Request), Array)
#15 C:\\xampp\\htdocs\\evolucion2024\\vendor\\guzzlehttp\\guzzle\\src\\Client.php(189): GuzzleHttp\\Client->requestAsync('POST', Object(GuzzleHttp\\Psr7\\Uri), Array)
#16 C:\\xampp\\htdocs\\evolucion2024\\vendor\\laravel\\framework\\src\\Illuminate\\Http\\Client\\PendingRequest.php(962): GuzzleHttp\\Client->request('POST', 'https://login.m...', Array)
#17 C:\\xampp\\htdocs\\evolucion2024\\vendor\\laravel\\framework\\src\\Illuminate\\Http\\Client\\PendingRequest.php(823): Illuminate\\Http\\Client\\PendingRequest->sendRequest('POST', 'https://login.m...', Array)
#18 C:\\xampp\\htdocs\\evolucion2024\\vendor\\laravel\\framework\\src\\Illuminate\\Support\\helpers.php(247): Illuminate\\Http\\Client\\PendingRequest->Illuminate\\Http\\Client\\{closure}(1)
#19 C:\\xampp\\htdocs\\evolucion2024\\vendor\\laravel\\framework\\src\\Illuminate\\Http\\Client\\PendingRequest.php(863): retry(0, Object(Closure), 100, Object(Closure))
#20 C:\\xampp\\htdocs\\evolucion2024\\vendor\\laravel\\framework\\src\\Illuminate\\Http\\Client\\PendingRequest.php(728): Illuminate\\Http\\Client\\PendingRequest->send('POST', 'https://login.m...', Array)
#21 C:\\xampp\\htdocs\\evolucion2024\\app\\Http\\Controllers\\MailController.php(52): Illuminate\\Http\\Client\\PendingRequest->post('https://login.m...', Array)
#22 C:\\xampp\\htdocs\\evolucion2024\\vendor\\laravel\\framework\\src\\Illuminate\\Routing\\Controller.php(54): App\\Http\\Controllers\\MailController->handleMicrosoftCallback(Object(Illuminate\\Http\\Request))
#23 C:\\xampp\\htdocs\\evolucion2024\\vendor\\laravel\\framework\\src\\Illuminate\\Routing\\ControllerDispatcher.php(43): Illuminate\\Routing\\Controller->callAction('handleMicrosoft...', Array)
#24 C:\\xampp\\htdocs\\evolucion2024\\vendor\\laravel\\framework\\src\\Illuminate\\Routing\\Route.php(260): Illuminate\\Routing\\ControllerDispatcher->dispatch(Object(Illuminate\\Routing\\Route), Object(App\\Http\\Controllers\\MailController), 'handleMicrosoft...')
#25 C:\\xampp\\htdocs\\evolucion2024\\vendor\\laravel\\framework\\src\\Illuminate\\Routing\\Route.php(205): Illuminate\\Routing\\Route->runController()
#26 C:\\xampp\\htdocs\\evolucion2024\\vendor\\laravel\\framework\\src\\Illuminate\\Routing\\Router.php(798): Illuminate\\Routing\\Route->run()
#27 C:\\xampp\\htdocs\\evolucion2024\\vendor\\laravel\\framework\\src\\Illuminate\\Pipeline\\Pipeline.php(141): Illuminate\\Routing\\Router->Illuminate\\Routing\\{closure}(Object(Illuminate\\Http\\Request))
#28 C:\\xampp\\htdocs\\evolucion2024\\vendor\\laravel\\framework\\src\\Illuminate\\Routing\\Middleware\\SubstituteBindings.php(50): Illuminate\\Pipeline\\Pipeline->Illuminate\\Pipeline\\{closure}(Object(Illuminate\\Http\\Request))
#29 C:\\xampp\\htdocs\\evolucion2024\\vendor\\laravel\\framework\\src\\Illuminate\\Pipeline\\Pipeline.php(180): Illuminate\\Routing\\Middleware\\SubstituteBindings->handle(Object(Illuminate\\Http\\Request), Object(Closure))
#30 C:\\xampp\\htdocs\\evolucion2024\\vendor\\laravel\\framework\\src\\Illuminate\\Foundation\\Http\\Middleware\\VerifyCsrfToken.php(78): Illuminate\\Pipeline\\Pipeline->Illuminate\\Pipeline\\{closure}(Object(Illuminate\\Http\\Request))
#31 C:\\xampp\\htdocs\\evolucion2024\\vendor\\laravel\\framework\\src\\Illuminate\\Pipeline\\Pipeline.php(180): Illuminate\\Foundation\\Http\\Middleware\\VerifyCsrfToken->handle(Object(Illuminate\\Http\\Request), Object(Closure))
#32 C:\\xampp\\htdocs\\evolucion2024\\vendor\\laravel\\framework\\src\\Illuminate\\View\\Middleware\\ShareErrorsFromSession.php(49): Illuminate\\Pipeline\\Pipeline->Illuminate\\Pipeline\\{closure}(Object(Illuminate\\Http\\Request))
#33 C:\\xampp\\htdocs\\evolucion2024\\vendor\\laravel\\framework\\src\\Illuminate\\Pipeline\\Pipeline.php(180): Illuminate\\View\\Middleware\\ShareErrorsFromSession->handle(Object(Illuminate\\Http\\Request), Object(Closure))
#34 C:\\xampp\\htdocs\\evolucion2024\\vendor\\laravel\\framework\\src\\Illuminate\\Session\\Middleware\\StartSession.php(121): Illuminate\\Pipeline\\Pipeline->Illuminate\\Pipeline\\{closure}(Object(Illuminate\\Http\\Request))
#35 C:\\xampp\\htdocs\\evolucion2024\\vendor\\laravel\\framework\\src\\Illuminate\\Session\\Middleware\\StartSession.php(64): Illuminate\\Session\\Middleware\\StartSession->handleStatefulRequest(Object(Illuminate\\Http\\Request), Object(Illuminate\\Session\\Store), Object(Closure))
#36 C:\\xampp\\htdocs\\evolucion2024\\vendor\\laravel\\framework\\src\\Illuminate\\Pipeline\\Pipeline.php(180): Illuminate\\Session\\Middleware\\StartSession->handle(Object(Illuminate\\Http\\Request), Object(Closure))
#37 C:\\xampp\\htdocs\\evolucion2024\\vendor\\laravel\\framework\\src\\Illuminate\\Cookie\\Middleware\\AddQueuedCookiesToResponse.php(37): Illuminate\\Pipeline\\Pipeline->Illuminate\\Pipeline\\{closure}(Object(Illuminate\\Http\\Request))
#38 C:\\xampp\\htdocs\\evolucion2024\\vendor\\laravel\\framework\\src\\Illuminate\\Pipeline\\Pipeline.php(180): Illuminate\\Cookie\\Middleware\\AddQueuedCookiesToResponse->handle(Object(Illuminate\\Http\\Request), Object(Closure))
#39 C:\\xampp\\htdocs\\evolucion2024\\vendor\\laravel\\framework\\src\\Illuminate\\Cookie\\Middleware\\EncryptCookies.php(67): Illuminate\\Pipeline\\Pipeline->Illuminate\\Pipeline\\{closure}(Object(Illuminate\\Http\\Request))
#40 C:\\xampp\\htdocs\\evolucion2024\\vendor\\laravel\\framework\\src\\Illuminate\\Pipeline\\Pipeline.php(180): Illuminate\\Cookie\\Middleware\\EncryptCookies->handle(Object(Illuminate\\Http\\Request), Object(Closure))
#41 C:\\xampp\\htdocs\\evolucion2024\\vendor\\laravel\\framework\\src\\Illuminate\\Pipeline\\Pipeline.php(116): Illuminate\\Pipeline\\Pipeline->Illuminate\\Pipeline\\{closure}(Object(Illuminate\\Http\\Request))
#42 C:\\xampp\\htdocs\\evolucion2024\\vendor\\laravel\\framework\\src\\Illuminate\\Routing\\Router.php(799): Illuminate\\Pipeline\\Pipeline->then(Object(Closure))
#43 C:\\xampp\\htdocs\\evolucion2024\\vendor\\laravel\\framework\\src\\Illuminate\\Routing\\Router.php(776): Illuminate\\Routing\\Router->runRouteWithinStack(Object(Illuminate\\Routing\\Route), Object(Illuminate\\Http\\Request))
#44 C:\\xampp\\htdocs\\evolucion2024\\vendor\\laravel\\framework\\src\\Illuminate\\Routing\\Router.php(740): Illuminate\\Routing\\Router->runRoute(Object(Illuminate\\Http\\Request), Object(Illuminate\\Routing\\Route))
#45 C:\\xampp\\htdocs\\evolucion2024\\vendor\\laravel\\framework\\src\\Illuminate\\Routing\\Router.php(729): Illuminate\\Routing\\Router->dispatchToRoute(Object(Illuminate\\Http\\Request))
#46 C:\\xampp\\htdocs\\evolucion2024\\vendor\\laravel\\framework\\src\\Illuminate\\Foundation\\Http\\Kernel.php(190): Illuminate\\Routing\\Router->dispatch(Object(Illuminate\\Http\\Request))
#47 C:\\xampp\\htdocs\\evolucion2024\\vendor\\laravel\\framework\\src\\Illuminate\\Pipeline\\Pipeline.php(141): Illuminate\\Foundation\\Http\\Kernel->Illuminate\\Foundation\\Http\\{closure}(Object(Illuminate\\Http\\Request))
#48 C:\\xampp\\htdocs\\evolucion2024\\vendor\\laravel\\framework\\src\\Illuminate\\Http\\Middleware\\TrustProxies.php(39): Illuminate\\Pipeline\\Pipeline->Illuminate\\Pipeline\\{closure}(Object(Illuminate\\Http\\Request))
#49 C:\\xampp\\htdocs\\evolucion2024\\vendor\\laravel\\framework\\src\\Illuminate\\Pipeline\\Pipeline.php(180): Illuminate\\Http\\Middleware\\TrustProxies->handle(Object(Illuminate\\Http\\Request), Object(Closure))
#50 C:\\xampp\\htdocs\\evolucion2024\\vendor\\laravel\\framework\\src\\Illuminate\\Foundation\\Http\\Middleware\\TransformsRequest.php(21): Illuminate\\Pipeline\\Pipeline->Illuminate\\Pipeline\\{closure}(Object(Illuminate\\Http\\Request))
#51 C:\\xampp\\htdocs\\evolucion2024\\vendor\\laravel\\framework\\src\\Illuminate\\Foundation\\Http\\Middleware\\ConvertEmptyStringsToNull.php(31): Illuminate\\Foundation\\Http\\Middleware\\TransformsRequest->handle(Object(Illuminate\\Http\\Request), Object(Closure))
#52 C:\\xampp\\htdocs\\evolucion2024\\vendor\\laravel\\framework\\src\\Illuminate\\Pipeline\\Pipeline.php(180): Illuminate\\Foundation\\Http\\Middleware\\ConvertEmptyStringsToNull->handle(Object(Illuminate\\Http\\Request), Object(Closure))
#53 C:\\xampp\\htdocs\\evolucion2024\\vendor\\laravel\\framework\\src\\Illuminate\\Foundation\\Http\\Middleware\\TransformsRequest.php(21): Illuminate\\Pipeline\\Pipeline->Illuminate\\Pipeline\\{closure}(Object(Illuminate\\Http\\Request))
#54 C:\\xampp\\htdocs\\evolucion2024\\vendor\\laravel\\framework\\src\\Illuminate\\Foundation\\Http\\Middleware\\TrimStrings.php(40): Illuminate\\Foundation\\Http\\Middleware\\TransformsRequest->handle(Object(Illuminate\\Http\\Request), Object(Closure))
#55 C:\\xampp\\htdocs\\evolucion2024\\vendor\\laravel\\framework\\src\\Illuminate\\Pipeline\\Pipeline.php(180): Illuminate\\Foundation\\Http\\Middleware\\TrimStrings->handle(Object(Illuminate\\Http\\Request), Object(Closure))
#56 C:\\xampp\\htdocs\\evolucion2024\\vendor\\laravel\\framework\\src\\Illuminate\\Foundation\\Http\\Middleware\\ValidatePostSize.php(27): Illuminate\\Pipeline\\Pipeline->Illuminate\\Pipeline\\{closure}(Object(Illuminate\\Http\\Request))
#57 C:\\xampp\\htdocs\\evolucion2024\\vendor\\laravel\\framework\\src\\Illuminate\\Pipeline\\Pipeline.php(180): Illuminate\\Foundation\\Http\\Middleware\\ValidatePostSize->handle(Object(Illuminate\\Http\\Request), Object(Closure))
#58 C:\\xampp\\htdocs\\evolucion2024\\vendor\\laravel\\framework\\src\\Illuminate\\Foundation\\Http\\Middleware\\PreventRequestsDuringMaintenance.php(86): Illuminate\\Pipeline\\Pipeline->Illuminate\\Pipeline\\{closure}(Object(Illuminate\\Http\\Request))
#59 C:\\xampp\\htdocs\\evolucion2024\\vendor\\laravel\\framework\\src\\Illuminate\\Pipeline\\Pipeline.php(180): Illuminate\\Foundation\\Http\\Middleware\\PreventRequestsDuringMaintenance->handle(Object(Illuminate\\Http\\Request), Object(Closure))
#60 C:\\xampp\\htdocs\\evolucion2024\\vendor\\laravel\\framework\\src\\Illuminate\\Pipeline\\Pipeline.php(116): Illuminate\\Pipeline\\Pipeline->Illuminate\\Pipeline\\{closure}(Object(Illuminate\\Http\\Request))
#61 C:\\xampp\\htdocs\\evolucion2024\\vendor\\laravel\\framework\\src\\Illuminate\\Foundation\\Http\\Kernel.php(165): Illuminate\\Pipeline\\Pipeline->then(Object(Closure))
#62 C:\\xampp\\htdocs\\evolucion2024\\vendor\\laravel\\framework\\src\\Illuminate\\Foundation\\Http\\Kernel.php(134): Illuminate\\Foundation\\Http\\Kernel->sendRequestThroughRouter(Object(Illuminate\\Http\\Request))
#63 C:\\xampp\\htdocs\\evolucion2024\\public\\index.php(55): Illuminate\\Foundation\\Http\\Kernel->handle(Object(Illuminate\\Http\\Request))
#64 C:\\xampp\\htdocs\\evolucion2024\\server.php(21): require_once('C:\\\\xampp\\\\htdocs...')
#65 {main}
"} 
[2024-12-20 15:31:24] production.ERROR: The file "informe/nuevoarchivo.txt" does not exist {"userId":1,"exception":"[object] (Symfony\\Component\\HttpFoundation\\File\\Exception\\FileNotFoundException(code: 0): The file \"informe/nuevoarchivo.txt\" does not exist at C:\\xampp\\htdocs\\evolucion2024\\vendor\\symfony\\http-foundation\\File\\File.php:36)
[stacktrace]
#0 C:\\xampp\\htdocs\\evolucion2024\\vendor\\symfony\\http-foundation\\BinaryFileResponse.php(72): Symfony\\Component\\HttpFoundation\\File\\File->__construct('informe/nuevoar...')
#1 C:\\xampp\\htdocs\\evolucion2024\\vendor\\symfony\\http-foundation\\BinaryFileResponse.php(52): Symfony\\Component\\HttpFoundation\\BinaryFileResponse->setFile('informe/nuevoar...', 'attachment', false, true)
#2 C:\\xampp\\htdocs\\evolucion2024\\vendor\\laravel\\framework\\src\\Illuminate\\Routing\\ResponseFactory.php(175): Symfony\\Component\\HttpFoundation\\BinaryFileResponse->__construct('informe/nuevoar...', 200, Array, true, 'attachment')
#3 C:\\xampp\\htdocs\\evolucion2024\\app\\Http\\Controllers\\ReportcompletosController.php(572): Illuminate\\Routing\\ResponseFactory->download('informe/nuevoar...')
#4 C:\\xampp\\htdocs\\evolucion2024\\vendor\\laravel\\framework\\src\\Illuminate\\Routing\\Controller.php(54): App\\Http\\Controllers\\ReportcompletosController->nuevoid(Object(Illuminate\\Http\\Request))
#5 C:\\xampp\\htdocs\\evolucion2024\\vendor\\laravel\\framework\\src\\Illuminate\\Routing\\ControllerDispatcher.php(43): Illuminate\\Routing\\Controller->callAction('nuevoid', Array)
#6 C:\\xampp\\htdocs\\evolucion2024\\vendor\\laravel\\framework\\src\\Illuminate\\Routing\\Route.php(260): Illuminate\\Routing\\ControllerDispatcher->dispatch(Object(Illuminate\\Routing\\Route), Object(App\\Http\\Controllers\\ReportcompletosController), 'nuevoid')
#7 C:\\xampp\\htdocs\\evolucion2024\\vendor\\laravel\\framework\\src\\Illuminate\\Routing\\Route.php(205): Illuminate\\Routing\\Route->runController()
#8 C:\\xampp\\htdocs\\evolucion2024\\vendor\\laravel\\framework\\src\\Illuminate\\Routing\\Router.php(798): Illuminate\\Routing\\Route->run()
#9 C:\\xampp\\htdocs\\evolucion2024\\vendor\\laravel\\framework\\src\\Illuminate\\Pipeline\\Pipeline.php(141): Illuminate\\Routing\\Router->Illuminate\\Routing\\{closure}(Object(Illuminate\\Http\\Request))
#10 C:\\xampp\\htdocs\\evolucion2024\\app\\Http\\Middleware\\RedirectIfSessionExpired.php(25): Illuminate\\Pipeline\\Pipeline->Illuminate\\Pipeline\\{closure}(Object(Illuminate\\Http\\Request))
#11 C:\\xampp\\htdocs\\evolucion2024\\vendor\\laravel\\framework\\src\\Illuminate\\Pipeline\\Pipeline.php(180): App\\Http\\Middleware\\RedirectIfSessionExpired->handle(Object(Illuminate\\Http\\Request), Object(Closure))
#12 C:\\xampp\\htdocs\\evolucion2024\\vendor\\laravel\\framework\\src\\Illuminate\\Routing\\Middleware\\SubstituteBindings.php(50): Illuminate\\Pipeline\\Pipeline->Illuminate\\Pipeline\\{closure}(Object(Illuminate\\Http\\Request))
#13 C:\\xampp\\htdocs\\evolucion2024\\vendor\\laravel\\framework\\src\\Illuminate\\Pipeline\\Pipeline.php(180): Illuminate\\Routing\\Middleware\\SubstituteBindings->handle(Object(Illuminate\\Http\\Request), Object(Closure))
#14 C:\\xampp\\htdocs\\evolucion2024\\vendor\\laravel\\framework\\src\\Illuminate\\Foundation\\Http\\Middleware\\VerifyCsrfToken.php(78): Illuminate\\Pipeline\\Pipeline->Illuminate\\Pipeline\\{closure}(Object(Illuminate\\Http\\Request))
#15 C:\\xampp\\htdocs\\evolucion2024\\vendor\\laravel\\framework\\src\\Illuminate\\Pipeline\\Pipeline.php(180): Illuminate\\Foundation\\Http\\Middleware\\VerifyCsrfToken->handle(Object(Illuminate\\Http\\Request), Object(Closure))
#16 C:\\xampp\\htdocs\\evolucion2024\\vendor\\laravel\\framework\\src\\Illuminate\\View\\Middleware\\ShareErrorsFromSession.php(49): Illuminate\\Pipeline\\Pipeline->Illuminate\\Pipeline\\{closure}(Object(Illuminate\\Http\\Request))
#17 C:\\xampp\\htdocs\\evolucion2024\\vendor\\laravel\\framework\\src\\Illuminate\\Pipeline\\Pipeline.php(180): Illuminate\\View\\Middleware\\ShareErrorsFromSession->handle(Object(Illuminate\\Http\\Request), Object(Closure))
#18 C:\\xampp\\htdocs\\evolucion2024\\vendor\\laravel\\framework\\src\\Illuminate\\Session\\Middleware\\StartSession.php(121): Illuminate\\Pipeline\\Pipeline->Illuminate\\Pipeline\\{closure}(Object(Illuminate\\Http\\Request))
#19 C:\\xampp\\htdocs\\evolucion2024\\vendor\\laravel\\framework\\src\\Illuminate\\Session\\Middleware\\StartSession.php(64): Illuminate\\Session\\Middleware\\StartSession->handleStatefulRequest(Object(Illuminate\\Http\\Request), Object(Illuminate\\Session\\Store), Object(Closure))
#20 C:\\xampp\\htdocs\\evolucion2024\\vendor\\laravel\\framework\\src\\Illuminate\\Pipeline\\Pipeline.php(180): Illuminate\\Session\\Middleware\\StartSession->handle(Object(Illuminate\\Http\\Request), Object(Closure))
#21 C:\\xampp\\htdocs\\evolucion2024\\vendor\\laravel\\framework\\src\\Illuminate\\Cookie\\Middleware\\AddQueuedCookiesToResponse.php(37): Illuminate\\Pipeline\\Pipeline->Illuminate\\Pipeline\\{closure}(Object(Illuminate\\Http\\Request))
#22 C:\\xampp\\htdocs\\evolucion2024\\vendor\\laravel\\framework\\src\\Illuminate\\Pipeline\\Pipeline.php(180): Illuminate\\Cookie\\Middleware\\AddQueuedCookiesToResponse->handle(Object(Illuminate\\Http\\Request), Object(Closure))
#23 C:\\xampp\\htdocs\\evolucion2024\\vendor\\laravel\\framework\\src\\Illuminate\\Cookie\\Middleware\\EncryptCookies.php(67): Illuminate\\Pipeline\\Pipeline->Illuminate\\Pipeline\\{closure}(Object(Illuminate\\Http\\Request))
#24 C:\\xampp\\htdocs\\evolucion2024\\vendor\\laravel\\framework\\src\\Illuminate\\Pipeline\\Pipeline.php(180): Illuminate\\Cookie\\Middleware\\EncryptCookies->handle(Object(Illuminate\\Http\\Request), Object(Closure))
#25 C:\\xampp\\htdocs\\evolucion2024\\vendor\\laravel\\framework\\src\\Illuminate\\Pipeline\\Pipeline.php(116): Illuminate\\Pipeline\\Pipeline->Illuminate\\Pipeline\\{closure}(Object(Illuminate\\Http\\Request))
#26 C:\\xampp\\htdocs\\evolucion2024\\vendor\\laravel\\framework\\src\\Illuminate\\Routing\\Router.php(799): Illuminate\\Pipeline\\Pipeline->then(Object(Closure))
#27 C:\\xampp\\htdocs\\evolucion2024\\vendor\\laravel\\framework\\src\\Illuminate\\Routing\\Router.php(776): Illuminate\\Routing\\Router->runRouteWithinStack(Object(Illuminate\\Routing\\Route), Object(Illuminate\\Http\\Request))
#28 C:\\xampp\\htdocs\\evolucion2024\\vendor\\laravel\\framework\\src\\Illuminate\\Routing\\Router.php(740): Illuminate\\Routing\\Router->runRoute(Object(Illuminate\\Http\\Request), Object(Illuminate\\Routing\\Route))
#29 C:\\xampp\\htdocs\\evolucion2024\\vendor\\laravel\\framework\\src\\Illuminate\\Routing\\Router.php(729): Illuminate\\Routing\\Router->dispatchToRoute(Object(Illuminate\\Http\\Request))
#30 C:\\xampp\\htdocs\\evolucion2024\\vendor\\laravel\\framework\\src\\Illuminate\\Foundation\\Http\\Kernel.php(190): Illuminate\\Routing\\Router->dispatch(Object(Illuminate\\Http\\Request))
#31 C:\\xampp\\htdocs\\evolucion2024\\vendor\\laravel\\framework\\src\\Illuminate\\Pipeline\\Pipeline.php(141): Illuminate\\Foundation\\Http\\Kernel->Illuminate\\Foundation\\Http\\{closure}(Object(Illuminate\\Http\\Request))
#32 C:\\xampp\\htdocs\\evolucion2024\\vendor\\laravel\\framework\\src\\Illuminate\\Http\\Middleware\\TrustProxies.php(39): Illuminate\\Pipeline\\Pipeline->Illuminate\\Pipeline\\{closure}(Object(Illuminate\\Http\\Request))
#33 C:\\xampp\\htdocs\\evolucion2024\\vendor\\laravel\\framework\\src\\Illuminate\\Pipeline\\Pipeline.php(180): Illuminate\\Http\\Middleware\\TrustProxies->handle(Object(Illuminate\\Http\\Request), Object(Closure))
#34 C:\\xampp\\htdocs\\evolucion2024\\vendor\\laravel\\framework\\src\\Illuminate\\Foundation\\Http\\Middleware\\TransformsRequest.php(21): Illuminate\\Pipeline\\Pipeline->Illuminate\\Pipeline\\{closure}(Object(Illuminate\\Http\\Request))
#35 C:\\xampp\\htdocs\\evolucion2024\\vendor\\laravel\\framework\\src\\Illuminate\\Foundation\\Http\\Middleware\\ConvertEmptyStringsToNull.php(31): Illuminate\\Foundation\\Http\\Middleware\\TransformsRequest->handle(Object(Illuminate\\Http\\Request), Object(Closure))
#36 C:\\xampp\\htdocs\\evolucion2024\\vendor\\laravel\\framework\\src\\Illuminate\\Pipeline\\Pipeline.php(180): Illuminate\\Foundation\\Http\\Middleware\\ConvertEmptyStringsToNull->handle(Object(Illuminate\\Http\\Request), Object(Closure))
#37 C:\\xampp\\htdocs\\evolucion2024\\vendor\\laravel\\framework\\src\\Illuminate\\Foundation\\Http\\Middleware\\TransformsRequest.php(21): Illuminate\\Pipeline\\Pipeline->Illuminate\\Pipeline\\{closure}(Object(Illuminate\\Http\\Request))
#38 C:\\xampp\\htdocs\\evolucion2024\\vendor\\laravel\\framework\\src\\Illuminate\\Foundation\\Http\\Middleware\\TrimStrings.php(40): Illuminate\\Foundation\\Http\\Middleware\\TransformsRequest->handle(Object(Illuminate\\Http\\Request), Object(Closure))
#39 C:\\xampp\\htdocs\\evolucion2024\\vendor\\laravel\\framework\\src\\Illuminate\\Pipeline\\Pipeline.php(180): Illuminate\\Foundation\\Http\\Middleware\\TrimStrings->handle(Object(Illuminate\\Http\\Request), Object(Closure))
#40 C:\\xampp\\htdocs\\evolucion2024\\vendor\\laravel\\framework\\src\\Illuminate\\Foundation\\Http\\Middleware\\ValidatePostSize.php(27): Illuminate\\Pipeline\\Pipeline->Illuminate\\Pipeline\\{closure}(Object(Illuminate\\Http\\Request))
#41 C:\\xampp\\htdocs\\evolucion2024\\vendor\\laravel\\framework\\src\\Illuminate\\Pipeline\\Pipeline.php(180): Illuminate\\Foundation\\Http\\Middleware\\ValidatePostSize->handle(Object(Illuminate\\Http\\Request), Object(Closure))
#42 C:\\xampp\\htdocs\\evolucion2024\\vendor\\laravel\\framework\\src\\Illuminate\\Foundation\\Http\\Middleware\\PreventRequestsDuringMaintenance.php(86): Illuminate\\Pipeline\\Pipeline->Illuminate\\Pipeline\\{closure}(Object(Illuminate\\Http\\Request))
#43 C:\\xampp\\htdocs\\evolucion2024\\vendor\\laravel\\framework\\src\\Illuminate\\Pipeline\\Pipeline.php(180): Illuminate\\Foundation\\Http\\Middleware\\PreventRequestsDuringMaintenance->handle(Object(Illuminate\\Http\\Request), Object(Closure))
#44 C:\\xampp\\htdocs\\evolucion2024\\vendor\\laravel\\framework\\src\\Illuminate\\Pipeline\\Pipeline.php(116): Illuminate\\Pipeline\\Pipeline->Illuminate\\Pipeline\\{closure}(Object(Illuminate\\Http\\Request))
#45 C:\\xampp\\htdocs\\evolucion2024\\vendor\\laravel\\framework\\src\\Illuminate\\Foundation\\Http\\Kernel.php(165): Illuminate\\Pipeline\\Pipeline->then(Object(Closure))
#46 C:\\xampp\\htdocs\\evolucion2024\\vendor\\laravel\\framework\\src\\Illuminate\\Foundation\\Http\\Kernel.php(134): Illuminate\\Foundation\\Http\\Kernel->sendRequestThroughRouter(Object(Illuminate\\Http\\Request))
#47 C:\\xampp\\htdocs\\evolucion2024\\public\\index.php(55): Illuminate\\Foundation\\Http\\Kernel->handle(Object(Illuminate\\Http\\Request))
#48 C:\\xampp\\htdocs\\evolucion2024\\server.php(21): require_once('C:\\\\xampp\\\\htdocs...')
#49 {main}
"} 
